,prompt,answer,logs
0,"You are a log anomaly classifier.

        You will be given a list of log entries, each with a unique index.  
        Your task is to determine whether each log is **abnormal (1)** or **normal (0)**.  
        Only output in the following format, without any extra explanation or comments.

        ## Output Format:
        (log_idx, status)

        ## Output Rules:
        - status must be 1 if the log entry indicates an error, failure, crash, or unusual behavior.
        - status must be 0 if the log entry is a normal operation or informational message.
        - Output **only** a list of tuples. No extra text or explanation.

        ## Input Logs:
         (1) 2025-04-23 14:56:20.749 [ERROR] database P0000010414 T0000000000000015354  Reached the max session limit. (2) 2025-04-23 15:02:26.865 [ERROR] database P0000010414 T0000000000000015341  Reached the max session limit. (3) 2025-04-23 15:00:04.475 [ERROR] database P0000010414 T0000000000000015299  Reached the max session limit. (4) 2025-04-23 15:10:32.834 [ERROR] database P0000010414 T0000000000000015308  Reached the max session limit. (5) 2025-04-23 15:35:44.844 [INFO] database P0000059105 T0000000000000059105  os_asm_env_init success(dest host:localhost, dest port:9351), conn info: comm port:9351, host:localhost, port:9351 (6) 2025-04-23 15:23:53.898 [INFO] database P0000041615 T0000000000000041615  os_asm_env_init success(dest host:localhost, dest port:9351), conn info: comm port:9351, host:localhost, port:9351 (7) 2025-04-23 15:35:44.514 [INFO] database P0000059105 T0000000000000059105  INI parameter DPC_2PC changed, the original value 1, new value 0 (8) 2025-04-23 15:25:05.008 [INFO] database P0000043419 T0000000000000043419  version info: enterprise (9) 2025-04-23 15:41:40.698 [INFO] database P0000067641 T0000000000000067641  INI parameter DW_PORT changed, the original value 0, new value 4566 (10) 2025-04-23 15:11:18.428 [ERROR] database P0000010414 T0000000000000015345  Reached the max session limit. (11) 2025-04-23 15:34:33.795 [INFO] database P0000057373 T0000000000000057373  info get from dcr disk, asm_host = localhost, asm_port = 24652992, global_dcr_ep_host = , global_dcr_ep_port = 5236, global_dcr_css_host = 192.168.9.22, global_dcr_css_port = 91362752 (12) 2025-04-23 15:08:04.426 [ERROR] database P0000010414 T0000000000000015317  Reached the max session limit. (13) 2025-04-23 15:10:32.742 [WARNING] database P0000010414 T0000000000000127206  socket_err_should_retry errno:104 (14) 2025-04-23 14:57:56.527 [ERROR] database P0000010414 T0000000000000015344  Reached the max session limit. (15) 2025-04-23 15:44:02.229 [INFO] database P0000070934 T0000000000000070934  INI parameter DW_PORT changed, the original value 0, new value 4566 (16) 2025-04-23 15:04:26.022 [WARNING] database P0000010414 T0000000000000079443  socket_err_should_retry errno:104 (17) 2025-04-23 15:00:22.300 [ERROR] database P0000010414 T0000000000000015312  Reached the max session limit. (18) 2025-04-23 14:55:48.356 [ERROR] database P0000010414 T0000000000000015297  Reached the max session limit. (19) 2025-04-23 15:10:54.994 [ERROR] database P0000010414 T0000000000000015331  Reached the max session limit. (20) 2025-04-23 15:13:15.903 [ERROR] database P0000010414 T0000000000000015295  Reached the max session limit. (21) 2025-04-23 15:40:28.868 [INFO] database P0000066033 T0000000000000066033  INI parameter DPC_2PC changed, the original value 1, new value 0 (22) 2025-04-23 15:02:30.311 [ERROR] database P0000010414 T0000000000000015357  Reached the max session limit. (23) 2025-04-23 15:26:15.979 [INFO] database P0000045167 T0000000000000045167  info get from dcr disk, asm_host = localhost, asm_port = 368678048, global_dcr_ep_host = , global_dcr_ep_port = 5236, global_dcr_css_host = 192.168.9.22, global_dcr_css_port = 91362752 (24) 2025-04-23 14:53:17.223 [ERROR] database P0000010414 T0000000000000015318  Reached the max session limit. (25) 2025-04-23 15:41:42.829 [INFO] database P0000067641 T0000000000000067641  info get from dcr disk, asm_host = localhost, asm_port = -1636733808, global_dcr_ep_host = , global_dcr_ep_port = 5236, global_dcr_css_host = 192.168.9.22, global_dcr_css_port = 91362752 (26) 2025-04-23 15:03:13.279 [ERROR] database P0000010414 T0000000000000015343  Reached the max session limit. (27) 2025-04-23 15:26:15.742 [INFO] database P0000045167 T0000000000000045167  INI parameter DW_PORT changed, the original value 0, new value 4566 (28) 2025-04-23 15:38:06.697 [INFO] database P0000062613 T0000000000000062613  INI parameter DPC_2PC changed, the original value 1, new value 0 (29) 2025-04-23 14:43:31.161 [INFO] database P0000010414 T0000000000000015201  utsk_get_dw_svr_info used 31 seconds (30) 2025-04-23 15:06:41.321 [ERROR] database P0000010414 T0000000000000015337  Reached the max session limit. (31) 2025-04-23 15:00:47.959 [ERROR] database P0000010414 T0000000000000015351  Reached the max session limit. (32) 2025-04-23 15:04:26.022 [WARNING] database P0000010414 T0000000000000081300  socket_err_should_retry errno:104 (33) 2025-04-23 15:35:44.843 [INFO] database P0000059105 T0000000000000059105  dmshm2_attach, success, shm id 294913 (34) 2025-04-23 15:00:02.184 [ERROR] database P0000010414 T0000000000000015336  Reached the max session limit. (35) 2025-04-23 15:34:33.418 [INFO] database P0000057373 T0000000000000057373  INI parameter DW_PORT changed, the original value 0, new value 4566 (36) 2025-04-23 14:56:26.674 [ERROR] database P0000010414 T0000000000000015340  Reached the max session limit. (37) 2025-04-23 15:08:29.745 [WARNING] database P0000010414 T0000000000000020558  socket_err_should_retry errno:104 (38) 2025-04-23 15:00:22.246 [WARNING] database P0000010414 T0000000000000038860  socket_err_should_retry errno:104 (39) 2025-04-23 15:12:06.304 [ERROR] database P0000010414 T0000000000000015308  Reached the max session limit. (40) 2025-04-23 14:57:05.371 [ERROR] database P0000010414 T0000000000000015356  Reached the max session limit. (41) 2025-04-23 15:00:41.280 [ERROR] database P0000010414 T0000000000000015348  Reached the max session limit. (42) 2025-04-23 15:06:18.387 [ERROR] database P0000010414 T0000000000000015299  Reached the max session limit. (43) 2025-04-23 14:55:26.228 [ERROR] database P0000010414 T0000000000000015300  Reached the max session limit. (44) 2025-04-23 14:59:26.781 [ERROR] database P0000010414 T0000000000000015334  Reached the max session limit. (45) 2025-04-23 15:10:30.019 [ERROR] database P0000010414 T0000000000000015354  Reached the max session limit. (46) 2025-04-23 14:57:05.371 [ERROR] database P0000010414 T0000000000000015355  Reached the max session limit. (47) 2025-04-23 15:39:18.029 [INFO] database P0000064327 T0000000000000064327  os_asm_env_init success(dest host:localhost, dest port:9351), conn info: comm port:9351, host:localhost, port:9351 (48) 2025-04-23 15:31:00.468 [INFO] database P0000052077 T0000000000000052077  dmshm2_attach, success, shm id 294913 (49) 2025-04-23 15:08:29.746 [WARNING] database P0000010414 T0000000000000020550  socket_err_should_retry errno:104 (50) 2025-04-23 15:11:43.274 [ERROR] database P0000010414 T0000000000000015345  Reached the max session limit. (51) 2025-04-23 15:11:51.960 [ERROR] database P0000010414 T0000000000000015334  Reached the max session limit. (52) 2025-04-23 15:34:33.817 [INFO] database P0000057373 T0000000000000057373  version info: enterprise (53) 2025-04-23 15:33:22.310 [INFO] database P0000055615 T0000000000000055615  INI parameter DW_PORT changed, the original value 0, new value 4566 (54) 2025-04-23 14:48:45.628 [WARNING] database P0000010414 T0000000000000132706  socket_err_should_retry errno:38 (55) 2025-04-23 15:11:12.952 [WARNING] database P0000010414 T0000000000000069170  socket_err_should_retry errno:104 (56) 2025-04-23 14:42:59.176 [INFO] database P0000010414 T0000000000000015201  utsk_dw_udp_bro used 11s, cur_bro_time = 1745390579, last_bro_time = 1745390568 (57) 2025-04-23 15:21:31.595 [INFO] database P0000038061 T0000000000000038061  info get from dcr disk, asm_host = localhost, asm_port = 669194080, global_dcr_ep_host = , global_dcr_ep_port = 5236, global_dcr_css_host = 192.168.9.22, global_dcr_css_port = 91362752 (58) 2025-04-23 14:58:55.554 [ERROR] database P0000010414 T0000000000000015308  Reached the max session limit. (59) 2025-04-23 15:14:49.167 [ERROR] database P0000010414 T0000000000000015338  Reached the max session limit. (60) 2025-04-23 15:40:29.247 [INFO] database P0000066033 T0000000000000066033  dmshm2_attach, success, shm id 294913 (61) 2025-04-23 14:58:55.211 [ERROR] database P0000010414 T0000000000000015304  Reached the max session limit. (62) 2025-04-23 15:39:18.015 [INFO] database P0000064327 T0000000000000064327  info get from dcr disk, asm_host = localhost, asm_port = 1547395440, global_dcr_ep_host = , global_dcr_ep_port = 5236, global_dcr_css_host = 192.168.9.22, global_dcr_css_port = 91362752 (63) 2025-04-23 14:42:48.023 [INFO] database P0000010414 T0000000000000013572  checkpoint begin, used_space[37070336], free_space[8552856064]... (64) 2025-04-23 15:27:27.309 [INFO] database P0000046902 T0000000000000046902  os_asm_env_init success(dest host:localhost, dest port:9351), conn info: comm port:9351, host:localhost, port:9351 (65) 2025-04-23 15:44:02.232 [INFO] database P0000070934 T0000000000000070934  INI parameter DPC_2PC changed, the original value 1, new value 0 (66) 2025-04-23 15:14:59.739 [ERROR] database P0000010414 T0000000000000015356  Reached the max session limit. (67) 2025-04-23 14:58:22.627 [ERROR] database P0000010414 T0000000000000015303  Reached the max session limit. (68) 2025-04-23 15:04:16.013 [ERROR] database P0000010414 T0000000000000015329  Reached the max session limit. (69) 2025-04-23 15:04:57.200 [ERROR] database P0000010414 T0000000000000015325  Reached the max session limit. (70) 2025-04-23 15:55:54.131 [INFO] database P0000088185 T0000000000000088185  dmshm2_attach, success, shm id 294913","
(136, 0)
(137, 1)
(138, 1)
(139, 0)
(140, 0)
(141, 1)
(142, 1)
(143, 0)
(144, 1)
(145, 1)
(146, 0)
(147, 0)
(148, 1)
(149, 0)
(150, 1)
(151, 0)
(152, 0)
(153, 0)
(154, 1)
(155, 1)
(156, 1)
(157, 0)
(158, 0)
(159, 0)
(160, 1)
(161, 1)
(162, 1)
(163, 0)
(164, 0)
(165, 0)
(166, 1)
(167, 1)
(168, 1)
(169, 0)
(170, 0)
(171, 1)
(172, 0)
(173, 1)
(174, 0)
(175, 1)
(176, 1)
(177, 1)
(178, 0)
(179, 1)
(180, 1)
(181, 1)
(182, 0)
(183, 1)
(184, 0)
(185, 0)
(186, 1)
(187, 1)
(188, 0)
(189, 0)
(190, 0)
(191, 1)
(192, 1)
(193, 1)
(194, 0)
(195, 0)
(196, 0)
(197, 0)
(198, 1)","['(1) 2025-04-23 14:56:20.749 [ERROR] database P0000010414 T0000000000000015354  Reached the max session limit.', '(2) 2025-04-23 15:02:26.865 [ERROR] database P0000010414 T0000000000000015341  Reached the max session limit.', '(3) 2025-04-23 15:00:04.475 [ERROR] database P0000010414 T0000000000000015299  Reached the max session limit.', '(4) 2025-04-23 15:10:32.834 [ERROR] database P0000010414 T0000000000000015308  Reached the max session limit.', '(5) 2025-04-23 15:35:44.844 [INFO] database P0000059105 T0000000000000059105  os_asm_env_init success(dest host:localhost, dest port:9351), conn info: comm port:9351, host:localhost, port:9351', '(6) 2025-04-23 15:23:53.898 [INFO] database P0000041615 T0000000000000041615  os_asm_env_init success(dest host:localhost, dest port:9351), conn info: comm port:9351, host:localhost, port:9351', '(7) 2025-04-23 15:35:44.514 [INFO] database P0000059105 T0000000000000059105  INI parameter DPC_2PC changed, the original value 1, new value 0', '(8) 2025-04-23 15:25:05.008 [INFO] database P0000043419 T0000000000000043419  version info: enterprise', '(9) 2025-04-23 15:41:40.698 [INFO] database P0000067641 T0000000000000067641  INI parameter DW_PORT changed, the original value 0, new value 4566', '(10) 2025-04-23 15:11:18.428 [ERROR] database P0000010414 T0000000000000015345  Reached the max session limit.', '(11) 2025-04-23 15:34:33.795 [INFO] database P0000057373 T0000000000000057373  info get from dcr disk, asm_host = localhost, asm_port = 24652992, global_dcr_ep_host = , global_dcr_ep_port = 5236, global_dcr_css_host = 192.168.9.22, global_dcr_css_port = 91362752', '(12) 2025-04-23 15:08:04.426 [ERROR] database P0000010414 T0000000000000015317  Reached the max session limit.', '(13) 2025-04-23 15:10:32.742 [WARNING] database P0000010414 T0000000000000127206  socket_err_should_retry errno:104', '(14) 2025-04-23 14:57:56.527 [ERROR] database P0000010414 T0000000000000015344  Reached the max session limit.', '(15) 2025-04-23 15:44:02.229 [INFO] database P0000070934 T0000000000000070934  INI parameter DW_PORT changed, the original value 0, new value 4566', '(16) 2025-04-23 15:04:26.022 [WARNING] database P0000010414 T0000000000000079443  socket_err_should_retry errno:104', '(17) 2025-04-23 15:00:22.300 [ERROR] database P0000010414 T0000000000000015312  Reached the max session limit.', '(18) 2025-04-23 14:55:48.356 [ERROR] database P0000010414 T0000000000000015297  Reached the max session limit.', '(19) 2025-04-23 15:10:54.994 [ERROR] database P0000010414 T0000000000000015331  Reached the max session limit.', '(20) 2025-04-23 15:13:15.903 [ERROR] database P0000010414 T0000000000000015295  Reached the max session limit.', '(21) 2025-04-23 15:40:28.868 [INFO] database P0000066033 T0000000000000066033  INI parameter DPC_2PC changed, the original value 1, new value 0', '(22) 2025-04-23 15:02:30.311 [ERROR] database P0000010414 T0000000000000015357  Reached the max session limit.', '(23) 2025-04-23 15:26:15.979 [INFO] database P0000045167 T0000000000000045167  info get from dcr disk, asm_host = localhost, asm_port = 368678048, global_dcr_ep_host = , global_dcr_ep_port = 5236, global_dcr_css_host = 192.168.9.22, global_dcr_css_port = 91362752', '(24) 2025-04-23 14:53:17.223 [ERROR] database P0000010414 T0000000000000015318  Reached the max session limit.', '(25) 2025-04-23 15:41:42.829 [INFO] database P0000067641 T0000000000000067641  info get from dcr disk, asm_host = localhost, asm_port = -1636733808, global_dcr_ep_host = , global_dcr_ep_port = 5236, global_dcr_css_host = 192.168.9.22, global_dcr_css_port = 91362752', '(26) 2025-04-23 15:03:13.279 [ERROR] database P0000010414 T0000000000000015343  Reached the max session limit.', '(27) 2025-04-23 15:26:15.742 [INFO] database P0000045167 T0000000000000045167  INI parameter DW_PORT changed, the original value 0, new value 4566', '(28) 2025-04-23 15:38:06.697 [INFO] database P0000062613 T0000000000000062613  INI parameter DPC_2PC changed, the original value 1, new value 0', '(29) 2025-04-23 14:43:31.161 [INFO] database P0000010414 T0000000000000015201  utsk_get_dw_svr_info used 31 seconds', '(30) 2025-04-23 15:06:41.321 [ERROR] database P0000010414 T0000000000000015337  Reached the max session limit.', '(31) 2025-04-23 15:00:47.959 [ERROR] database P0000010414 T0000000000000015351  Reached the max session limit.', '(32) 2025-04-23 15:04:26.022 [WARNING] database P0000010414 T0000000000000081300  socket_err_should_retry errno:104', '(33) 2025-04-23 15:35:44.843 [INFO] database P0000059105 T0000000000000059105  dmshm2_attach, success, shm id 294913', '(34) 2025-04-23 15:00:02.184 [ERROR] database P0000010414 T0000000000000015336  Reached the max session limit.', '(35) 2025-04-23 15:34:33.418 [INFO] database P0000057373 T0000000000000057373  INI parameter DW_PORT changed, the original value 0, new value 4566', '(36) 2025-04-23 14:56:26.674 [ERROR] database P0000010414 T0000000000000015340  Reached the max session limit.', '(37) 2025-04-23 15:08:29.745 [WARNING] database P0000010414 T0000000000000020558  socket_err_should_retry errno:104', '(38) 2025-04-23 15:00:22.246 [WARNING] database P0000010414 T0000000000000038860  socket_err_should_retry errno:104', '(39) 2025-04-23 15:12:06.304 [ERROR] database P0000010414 T0000000000000015308  Reached the max session limit.', '(40) 2025-04-23 14:57:05.371 [ERROR] database P0000010414 T0000000000000015356  Reached the max session limit.', '(41) 2025-04-23 15:00:41.280 [ERROR] database P0000010414 T0000000000000015348  Reached the max session limit.', '(42) 2025-04-23 15:06:18.387 [ERROR] database P0000010414 T0000000000000015299  Reached the max session limit.', '(43) 2025-04-23 14:55:26.228 [ERROR] database P0000010414 T0000000000000015300  Reached the max session limit.', '(44) 2025-04-23 14:59:26.781 [ERROR] database P0000010414 T0000000000000015334  Reached the max session limit.', '(45) 2025-04-23 15:10:30.019 [ERROR] database P0000010414 T0000000000000015354  Reached the max session limit.', '(46) 2025-04-23 14:57:05.371 [ERROR] database P0000010414 T0000000000000015355  Reached the max session limit.', '(47) 2025-04-23 15:39:18.029 [INFO] database P0000064327 T0000000000000064327  os_asm_env_init success(dest host:localhost, dest port:9351), conn info: comm port:9351, host:localhost, port:9351', '(48) 2025-04-23 15:31:00.468 [INFO] database P0000052077 T0000000000000052077  dmshm2_attach, success, shm id 294913', '(49) 2025-04-23 15:08:29.746 [WARNING] database P0000010414 T0000000000000020550  socket_err_should_retry errno:104', '(50) 2025-04-23 15:11:43.274 [ERROR] database P0000010414 T0000000000000015345  Reached the max session limit.', '(51) 2025-04-23 15:11:51.960 [ERROR] database P0000010414 T0000000000000015334  Reached the max session limit.', '(52) 2025-04-23 15:34:33.817 [INFO] database P0000057373 T0000000000000057373  version info: enterprise', '(53) 2025-04-23 15:33:22.310 [INFO] database P0000055615 T0000000000000055615  INI parameter DW_PORT changed, the original value 0, new value 4566', '(54) 2025-04-23 14:48:45.628 [WARNING] database P0000010414 T0000000000000132706  socket_err_should_retry errno:38', '(55) 2025-04-23 15:11:12.952 [WARNING] database P0000010414 T0000000000000069170  socket_err_should_retry errno:104', '(56) 2025-04-23 14:42:59.176 [INFO] database P0000010414 T0000000000000015201  utsk_dw_udp_bro used 11s, cur_bro_time = 1745390579, last_bro_time = 1745390568', '(57) 2025-04-23 15:21:31.595 [INFO] database P0000038061 T0000000000000038061  info get from dcr disk, asm_host = localhost, asm_port = 669194080, global_dcr_ep_host = , global_dcr_ep_port = 5236, global_dcr_css_host = 192.168.9.22, global_dcr_css_port = 91362752', '(58) 2025-04-23 14:58:55.554 [ERROR] database P0000010414 T0000000000000015308  Reached the max session limit.', '(59) 2025-04-23 15:14:49.167 [ERROR] database P0000010414 T0000000000000015338  Reached the max session limit.', '(60) 2025-04-23 15:40:29.247 [INFO] database P0000066033 T0000000000000066033  dmshm2_attach, success, shm id 294913', '(61) 2025-04-23 14:58:55.211 [ERROR] database P0000010414 T0000000000000015304  Reached the max session limit.', '(62) 2025-04-23 15:39:18.015 [INFO] database P0000064327 T0000000000000064327  info get from dcr disk, asm_host = localhost, asm_port = 1547395440, global_dcr_ep_host = , global_dcr_ep_port = 5236, global_dcr_css_host = 192.168.9.22, global_dcr_css_port = 91362752', '(63) 2025-04-23 14:42:48.023 [INFO] database P0000010414 T0000000000000013572  checkpoint begin, used_space[37070336], free_space[8552856064]...', '(64) 2025-04-23 15:27:27.309 [INFO] database P0000046902 T0000000000000046902  os_asm_env_init success(dest host:localhost, dest port:9351), conn info: comm port:9351, host:localhost, port:9351', '(65) 2025-04-23 15:44:02.232 [INFO] database P0000070934 T0000000000000070934  INI parameter DPC_2PC changed, the original value 1, new value 0', '(66) 2025-04-23 15:14:59.739 [ERROR] database P0000010414 T0000000000000015356  Reached the max session limit.', '(67) 2025-04-23 14:58:22.627 [ERROR] database P0000010414 T0000000000000015303  Reached the max session limit.', '(68) 2025-04-23 15:04:16.013 [ERROR] database P0000010414 T0000000000000015329  Reached the max session limit.', '(69) 2025-04-23 15:04:57.200 [ERROR] database P0000010414 T0000000000000015325  Reached the max session limit.', '(70) 2025-04-23 15:55:54.131 [INFO] database P0000088185 T0000000000000088185  dmshm2_attach, success, shm id 294913']"
1,"You are a log anomaly classifier.

        You will be given a list of log entries, each with a unique index.  
        Your task is to determine whether each log is **abnormal (1)** or **normal (0)**.  
        Only output in the following format, without any extra explanation or comments.

        ## Output Format:
        (log_idx, status)

        ## Output Rules:
        - status must be 1 if the log entry indicates an error, failure, crash, or unusual behavior.
        - status must be 0 if the log entry is a normal operation or informational message.
        - Output **only** a list of tuples. No extra text or explanation.

        ## Input Logs:
         (71) 2025-04-23 15:10:32.743 [WARNING] database P0000010414 T0000000000000123369  socket_err_should_retry errno:104 (72) 2025-04-23 14:43:01.309 [WARNING] database P0000010414 T0000000000000122737  socket_err_should_retry errno:104 (73) 2025-04-23 15:51:09.099 [INFO] database P0000081263 T0000000000000081263  os_asm_env_init success(dest host:localhost, dest port:9351), conn info: comm port:9351, host:localhost, port:9351 (74) 2025-04-23 14:56:08.344 [ERROR] database P0000010414 T0000000000000015329  Reached the max session limit. (75) 2025-04-23 15:51:08.696 [INFO] database P0000081263 T0000000000000081263  INI parameter DPC_2PC changed, the original value 1, new value 0 (76) 2025-04-23 15:11:26.366 [ERROR] database P0000010414 T0000000000000015312  Reached the max session limit. (77) 2025-04-23 14:43:00.184 [INFO] database P0000010414 T0000000000000013572  ckpt2_log_adjust: ckpt_lsn(2826942205832), ckpt_fil(1), ckpt_off(227897856), cur_lsn(2826942349077), l_next_seq(46659482376), g_next_seq(46630685113), cur_free(260072448), total_space(8589926400), used_space(32174592), free_space(8557751808), n_ep(1) (78) 2025-04-23 15:00:47.833 [WARNING] database P0000010414 T0000000000000038260  socket_err_should_retry errno:104 (79) 2025-04-23 15:46:24.354 [INFO] database P0000074366 T0000000000000074366  INI parameter DW_PORT changed, the original value 0, new value 4566 (80) 2025-04-23 15:04:26.022 [WARNING] database P0000010414 T0000000000000081572  socket_err_should_retry errno:104 (81) 2025-04-23 14:49:01.955 [WARNING] database P0000010414 T0000000000000133224  socket_err_should_retry errno:104 (82) 2025-04-23 15:40:29.234 [INFO] database P0000066033 T0000000000000066033  info get from dcr disk, asm_host = localhost, asm_port = -32346592, global_dcr_ep_host = , global_dcr_ep_port = 5236, global_dcr_css_host = 192.168.9.22, global_dcr_css_port = 91362752 (83) 2025-04-23 14:54:12.745 [ERROR] database P0000010414 T0000000000000015326  Reached the max session limit. (84) 2025-04-23 15:11:09.163 [WARNING] database P0000010414 T0000000000000051265  socket_err_should_retry errno:38 (85) 2025-04-23 15:29:49.025 [INFO] database P0000050345 T0000000000000050345  INI parameter DPC_2PC changed, the original value 1, new value 0 (86) 2025-04-23 14:55:51.055 [ERROR] database P0000010414 T0000000000000015314  Reached the max session limit. (87) 2025-04-23 14:43:00.176 [INFO] database P0000010414 T0000000000000013572  ckpt2_log_adjust: ckpt_lsn(2826942203301), ckpt_fil(1), ckpt_off(227524608), cur_lsn(2826942348090), l_next_seq(46659482375), g_next_seq(46630685112), cur_free(260068352), total_space(8589926400), used_space(32543744), free_space(8557382656), n_ep(1) (88) 2025-04-23 15:02:18.311 [ERROR] database P0000010414 T0000000000000015310  Reached the max session limit. (89) 2025-04-23 15:10:32.744 [WARNING] database P0000010414 T0000000000000126806  socket_err_should_retry errno:104 (90) 2025-04-23 15:20:20.641 [INFO] database P0000036263 T0000000000000036263  version info: enterprise (91) 2025-04-23 15:04:26.019 [WARNING] database P0000010414 T0000000000000081894  socket_err_should_retry errno:104 (92) 2025-04-23 15:42:51.061 [INFO] database P0000069304 T0000000000000069304  INI parameter DW_PORT changed, the original value 0, new value 4566 (93) 2025-04-23 15:17:58.480 [INFO] database P0000032706 T0000000000000032706  os_asm_env_init success(dest host:localhost, dest port:9351), conn info: comm port:9351, host:localhost, port:9351 (94) 2025-04-23 15:07:52.608 [ERROR] database P0000010414 T0000000000000015319  Reached the max session limit. (95) 2025-04-23 15:05:44.344 [ERROR] database P0000010414 T0000000000000015351  Reached the max session limit. (96) 2025-04-23 15:28:37.938 [INFO] database P0000048633 T0000000000000048633  INI parameter DPC_2PC changed, the original value 1, new value 0 (97) 2025-04-23 15:33:22.314 [INFO] database P0000055615 T0000000000000055615  INI parameter DPC_2PC changed, the original value 1, new value 0 (98) 2025-04-23 14:42:59.186 [INFO] database P0000010414 T0000000000000013572  ckpt2_log_adjust: full_status: 160, ptx_reserved: 0 (99) 2025-04-23 15:34:33.808 [INFO] database P0000057373 T0000000000000057373  dmshm2_attach, success, shm id 294913 (100) 2025-04-23 15:16:45.084 [FATAL] database P0000010414 T0000000000000010414  sigterm_handler receive signal 11 (101) 2025-04-23 15:11:12.947 [WARNING] database P0000010414 T0000000000000070502  socket_err_should_retry errno:104 (102) 2025-04-23 15:04:51.975 [ERROR] database P0000010414 T0000000000000015318  Reached the max session limit. (103) 2025-04-23 15:19:09.183 [INFO] database P0000034512 T0000000000000034512  INI parameter DPC_2PC changed, the original value 1, new value 0 (104) 2025-04-23 15:45:14.253 [INFO] database P0000072676 T0000000000000072676  os_asm_env_init success(dest host:localhost, dest port:9351), conn info: comm port:9351, host:localhost, port:9351 (105) 2025-04-23 15:22:42.696 [INFO] database P0000039800 T0000000000000039800  os_asm_env_init success(dest host:localhost, dest port:9351), conn info: comm port:9351, host:localhost, port:9351 (106) 2025-04-23 15:08:29.851 [ERROR] database P0000010414 T0000000000000015306  Reached the max session limit. (107) 2025-04-23 14:56:41.297 [ERROR] database P0000010414 T0000000000000015306  Reached the max session limit. (108) 2025-04-23 14:48:01.025 [WARNING] database P0000010414 T0000000000000131281  socket_err_should_retry errno:104 (109) 2025-04-23 14:43:31.161 [INFO] database P0000010414 T0000000000000015201  utsk_dw_udp_bro used 31s, cur_bro_time = 1745390611, last_bro_time = 1745390580 (110) 2025-04-23 15:41:42.842 [INFO] database P0000067641 T0000000000000067641  dmshm2_attach, success, shm id 294913 (111) 2025-04-23 15:13:29.661 [ERROR] database P0000010414 T0000000000000015356  Reached the max session limit. (112) 2025-04-23 14:54:30.615 [ERROR] database P0000010414 T0000000000000015308  Reached the max session limit. (113) 2025-04-23 15:36:55.604 [INFO] database P0000060808 T0000000000000060808  INI parameter DW_PORT changed, the original value 0, new value 4566 (114) 2025-04-23 15:16:40.755 [ERROR] database P0000010414 T0000000000000015334  Reached the max session limit. (115) 2025-04-23 15:31:00.122 [INFO] database P0000052077 T0000000000000052077  INI parameter DPC_2PC changed, the original value 1, new value 0 (116) 2025-04-23 14:50:04.170 [WARNING] database P0000010414 T0000000000000133070  socket_err_should_retry errno:104 (117) 2025-04-23 14:42:59.198 [INFO] database P0000010414 T0000000000000013572  ckpt2_log_adjust: ckpt_lsn(2826942199188), ckpt_fil(1), ckpt_off(226743296), cur_lsn(2826942345656), l_next_seq(46659482251), g_next_seq(46630684988), cur_free(259518464), total_space(8589926400), used_space(32775168), free_space(8557151232), n_ep(1) (118) 2025-04-23 14:53:19.229 [ERROR] database P0000010414 T0000000000000015299  Reached the max session limit. (119) 2025-04-23 15:04:17.585 [ERROR] database P0000010414 T0000000000000015345  Reached the max session limit. (120) 2025-04-23 15:54:42.270 [INFO] database P0000086447 T0000000000000086447  dmshm2_attach, success, shm id 294913 (121) 2025-04-23 15:25:04.653 [INFO] database P0000043419 T0000000000000043419  INI parameter DW_PORT changed, the original value 0, new value 4566 (122) 2025-04-23 15:31:00.119 [INFO] database P0000052077 T0000000000000052077  INI parameter DW_PORT changed, the original value 0, new value 4566 (123) 2025-04-23 15:55:53.060 [INFO] database P0000088185 T0000000000000088185  INI parameter DPC_2PC changed, the original value 1, new value 0 (124) 2025-04-23 15:00:47.828 [WARNING] database P0000010414 T0000000000000054087  socket_err_should_retry errno:104 (125) 2025-04-23 15:58:15.724 [INFO] database P0000091708 T0000000000000091708  version info: enterprise (126) 2025-04-23 15:10:32.742 [WARNING] database P0000010414 T0000000000000123096  socket_err_should_retry errno:104 (127) 2025-04-23 15:29:49.022 [INFO] database P0000050345 T0000000000000050345  INI parameter DW_PORT changed, the original value 0, new value 4566 (128) 2025-04-23 15:35:44.511 [INFO] database P0000059105 T0000000000000059105  INI parameter DW_PORT changed, the original value 0, new value 4566 (129) 2025-04-23 15:20:20.620 [INFO] database P0000036263 T0000000000000036263  info get from dcr disk, asm_host = localhost, asm_port = -1771569040, global_dcr_ep_host = , global_dcr_ep_port = 5236, global_dcr_css_host = 192.168.9.22, global_dcr_css_port = 91362752 (130) 2025-04-23 15:29:49.321 [INFO] database P0000050345 T0000000000000050345  dmshm2_attach, success, shm id 294913 (131) 2025-04-23 15:51:08.693 [INFO] database P0000081263 T0000000000000081263  INI parameter DW_PORT changed, the original value 0, new value 4566 (132) 2025-04-23 15:11:12.952 [WARNING] database P0000010414 T0000000000000076024  socket_err_should_retry errno:104 (133) 2025-04-23 15:10:41.779 [ERROR] database P0000010414 T0000000000000015294  Reached the max session limit. (134) 2025-04-23 15:57:04.515 [INFO] database P0000089970 T0000000000000089970  os_asm_env_init success(dest host:localhost, dest port:9351), conn info: comm port:9351, host:localhost, port:9351 (135) 2025-04-23 15:21:31.617 [INFO] database P0000038061 T0000000000000038061  version info: enterprise","
(71, 1)
(72, 1)
(73, 0)
(74, 1)
(75, 0)
(76, 1)
(77, 0)
(78, 1)
(79, 0)
(80, 1)
(81, 1)
(82, 0)
(83, 1)
(84, 1)
(85, 0)
(86, 1)
(87, 0)
(88, 1)
(89, 1)
(90, 0)
(91, 0)
(92, 0)
(93, 0)
(94, 1)
(95, 1)
(96, 0)
(97, 0)
(98, 0)
(99, 0)
(100, 0)
(101, 1)
(102, 1)
(103, 0)
(104, 0)
(105, 0)
(106, 1)
(107, 1)
(108, 1)
(109, 0)
(110, 0)
(111, 0)
(112, 1)
(113, 0)
(114, 1)
(115, 0)
(116, 1)
(117, 0)
(118, 1)
(119, 1)
(120, 0)
(121, 0)
(122, 0)
(123, 0)
(124, 1)
(125, 0)
(126, 1)
(127, 1)
(128, 0)
(129, 0)
(130, 0)
(131, 0)
(132, 0)
(133, 1)
(134, 0)
(135, 0)","['(71) 2025-04-23 15:10:32.743 [WARNING] database P0000010414 T0000000000000123369  socket_err_should_retry errno:104', '(72) 2025-04-23 14:43:01.309 [WARNING] database P0000010414 T0000000000000122737  socket_err_should_retry errno:104', '(73) 2025-04-23 15:51:09.099 [INFO] database P0000081263 T0000000000000081263  os_asm_env_init success(dest host:localhost, dest port:9351), conn info: comm port:9351, host:localhost, port:9351', '(74) 2025-04-23 14:56:08.344 [ERROR] database P0000010414 T0000000000000015329  Reached the max session limit.', '(75) 2025-04-23 15:51:08.696 [INFO] database P0000081263 T0000000000000081263  INI parameter DPC_2PC changed, the original value 1, new value 0', '(76) 2025-04-23 15:11:26.366 [ERROR] database P0000010414 T0000000000000015312  Reached the max session limit.', '(77) 2025-04-23 14:43:00.184 [INFO] database P0000010414 T0000000000000013572  ckpt2_log_adjust: ckpt_lsn(2826942205832), ckpt_fil(1), ckpt_off(227897856), cur_lsn(2826942349077), l_next_seq(46659482376), g_next_seq(46630685113), cur_free(260072448), total_space(8589926400), used_space(32174592), free_space(8557751808), n_ep(1)', '(78) 2025-04-23 15:00:47.833 [WARNING] database P0000010414 T0000000000000038260  socket_err_should_retry errno:104', '(79) 2025-04-23 15:46:24.354 [INFO] database P0000074366 T0000000000000074366  INI parameter DW_PORT changed, the original value 0, new value 4566', '(80) 2025-04-23 15:04:26.022 [WARNING] database P0000010414 T0000000000000081572  socket_err_should_retry errno:104', '(81) 2025-04-23 14:49:01.955 [WARNING] database P0000010414 T0000000000000133224  socket_err_should_retry errno:104', '(82) 2025-04-23 15:40:29.234 [INFO] database P0000066033 T0000000000000066033  info get from dcr disk, asm_host = localhost, asm_port = -32346592, global_dcr_ep_host = , global_dcr_ep_port = 5236, global_dcr_css_host = 192.168.9.22, global_dcr_css_port = 91362752', '(83) 2025-04-23 14:54:12.745 [ERROR] database P0000010414 T0000000000000015326  Reached the max session limit.', '(84) 2025-04-23 15:11:09.163 [WARNING] database P0000010414 T0000000000000051265  socket_err_should_retry errno:38', '(85) 2025-04-23 15:29:49.025 [INFO] database P0000050345 T0000000000000050345  INI parameter DPC_2PC changed, the original value 1, new value 0', '(86) 2025-04-23 14:55:51.055 [ERROR] database P0000010414 T0000000000000015314  Reached the max session limit.', '(87) 2025-04-23 14:43:00.176 [INFO] database P0000010414 T0000000000000013572  ckpt2_log_adjust: ckpt_lsn(2826942203301), ckpt_fil(1), ckpt_off(227524608), cur_lsn(2826942348090), l_next_seq(46659482375), g_next_seq(46630685112), cur_free(260068352), total_space(8589926400), used_space(32543744), free_space(8557382656), n_ep(1)', '(88) 2025-04-23 15:02:18.311 [ERROR] database P0000010414 T0000000000000015310  Reached the max session limit.', '(89) 2025-04-23 15:10:32.744 [WARNING] database P0000010414 T0000000000000126806  socket_err_should_retry errno:104', '(90) 2025-04-23 15:20:20.641 [INFO] database P0000036263 T0000000000000036263  version info: enterprise', '(91) 2025-04-23 15:04:26.019 [WARNING] database P0000010414 T0000000000000081894  socket_err_should_retry errno:104', '(92) 2025-04-23 15:42:51.061 [INFO] database P0000069304 T0000000000000069304  INI parameter DW_PORT changed, the original value 0, new value 4566', '(93) 2025-04-23 15:17:58.480 [INFO] database P0000032706 T0000000000000032706  os_asm_env_init success(dest host:localhost, dest port:9351), conn info: comm port:9351, host:localhost, port:9351', '(94) 2025-04-23 15:07:52.608 [ERROR] database P0000010414 T0000000000000015319  Reached the max session limit.', '(95) 2025-04-23 15:05:44.344 [ERROR] database P0000010414 T0000000000000015351  Reached the max session limit.', '(96) 2025-04-23 15:28:37.938 [INFO] database P0000048633 T0000000000000048633  INI parameter DPC_2PC changed, the original value 1, new value 0', '(97) 2025-04-23 15:33:22.314 [INFO] database P0000055615 T0000000000000055615  INI parameter DPC_2PC changed, the original value 1, new value 0', '(98) 2025-04-23 14:42:59.186 [INFO] database P0000010414 T0000000000000013572  ckpt2_log_adjust: full_status: 160, ptx_reserved: 0', '(99) 2025-04-23 15:34:33.808 [INFO] database P0000057373 T0000000000000057373  dmshm2_attach, success, shm id 294913', '(100) 2025-04-23 15:16:45.084 [FATAL] database P0000010414 T0000000000000010414  sigterm_handler receive signal 11', '(101) 2025-04-23 15:11:12.947 [WARNING] database P0000010414 T0000000000000070502  socket_err_should_retry errno:104', '(102) 2025-04-23 15:04:51.975 [ERROR] database P0000010414 T0000000000000015318  Reached the max session limit.', '(103) 2025-04-23 15:19:09.183 [INFO] database P0000034512 T0000000000000034512  INI parameter DPC_2PC changed, the original value 1, new value 0', '(104) 2025-04-23 15:45:14.253 [INFO] database P0000072676 T0000000000000072676  os_asm_env_init success(dest host:localhost, dest port:9351), conn info: comm port:9351, host:localhost, port:9351', '(105) 2025-04-23 15:22:42.696 [INFO] database P0000039800 T0000000000000039800  os_asm_env_init success(dest host:localhost, dest port:9351), conn info: comm port:9351, host:localhost, port:9351', '(106) 2025-04-23 15:08:29.851 [ERROR] database P0000010414 T0000000000000015306  Reached the max session limit.', '(107) 2025-04-23 14:56:41.297 [ERROR] database P0000010414 T0000000000000015306  Reached the max session limit.', '(108) 2025-04-23 14:48:01.025 [WARNING] database P0000010414 T0000000000000131281  socket_err_should_retry errno:104', '(109) 2025-04-23 14:43:31.161 [INFO] database P0000010414 T0000000000000015201  utsk_dw_udp_bro used 31s, cur_bro_time = 1745390611, last_bro_time = 1745390580', '(110) 2025-04-23 15:41:42.842 [INFO] database P0000067641 T0000000000000067641  dmshm2_attach, success, shm id 294913', '(111) 2025-04-23 15:13:29.661 [ERROR] database P0000010414 T0000000000000015356  Reached the max session limit.', '(112) 2025-04-23 14:54:30.615 [ERROR] database P0000010414 T0000000000000015308  Reached the max session limit.', '(113) 2025-04-23 15:36:55.604 [INFO] database P0000060808 T0000000000000060808  INI parameter DW_PORT changed, the original value 0, new value 4566', '(114) 2025-04-23 15:16:40.755 [ERROR] database P0000010414 T0000000000000015334  Reached the max session limit.', '(115) 2025-04-23 15:31:00.122 [INFO] database P0000052077 T0000000000000052077  INI parameter DPC_2PC changed, the original value 1, new value 0', '(116) 2025-04-23 14:50:04.170 [WARNING] database P0000010414 T0000000000000133070  socket_err_should_retry errno:104', '(117) 2025-04-23 14:42:59.198 [INFO] database P0000010414 T0000000000000013572  ckpt2_log_adjust: ckpt_lsn(2826942199188), ckpt_fil(1), ckpt_off(226743296), cur_lsn(2826942345656), l_next_seq(46659482251), g_next_seq(46630684988), cur_free(259518464), total_space(8589926400), used_space(32775168), free_space(8557151232), n_ep(1)', '(118) 2025-04-23 14:53:19.229 [ERROR] database P0000010414 T0000000000000015299  Reached the max session limit.', '(119) 2025-04-23 15:04:17.585 [ERROR] database P0000010414 T0000000000000015345  Reached the max session limit.', '(120) 2025-04-23 15:54:42.270 [INFO] database P0000086447 T0000000000000086447  dmshm2_attach, success, shm id 294913', '(121) 2025-04-23 15:25:04.653 [INFO] database P0000043419 T0000000000000043419  INI parameter DW_PORT changed, the original value 0, new value 4566', '(122) 2025-04-23 15:31:00.119 [INFO] database P0000052077 T0000000000000052077  INI parameter DW_PORT changed, the original value 0, new value 4566', '(123) 2025-04-23 15:55:53.060 [INFO] database P0000088185 T0000000000000088185  INI parameter DPC_2PC changed, the original value 1, new value 0', '(124) 2025-04-23 15:00:47.828 [WARNING] database P0000010414 T0000000000000054087  socket_err_should_retry errno:104', '(125) 2025-04-23 15:58:15.724 [INFO] database P0000091708 T0000000000000091708  version info: enterprise', '(126) 2025-04-23 15:10:32.742 [WARNING] database P0000010414 T0000000000000123096  socket_err_should_retry errno:104', '(127) 2025-04-23 15:29:49.022 [INFO] database P0000050345 T0000000000000050345  INI parameter DW_PORT changed, the original value 0, new value 4566', '(128) 2025-04-23 15:35:44.511 [INFO] database P0000059105 T0000000000000059105  INI parameter DW_PORT changed, the original value 0, new value 4566', '(129) 2025-04-23 15:20:20.620 [INFO] database P0000036263 T0000000000000036263  info get from dcr disk, asm_host = localhost, asm_port = -1771569040, global_dcr_ep_host = , global_dcr_ep_port = 5236, global_dcr_css_host = 192.168.9.22, global_dcr_css_port = 91362752', '(130) 2025-04-23 15:29:49.321 [INFO] database P0000050345 T0000000000000050345  dmshm2_attach, success, shm id 294913', '(131) 2025-04-23 15:51:08.693 [INFO] database P0000081263 T0000000000000081263  INI parameter DW_PORT changed, the original value 0, new value 4566', '(132) 2025-04-23 15:11:12.952 [WARNING] database P0000010414 T0000000000000076024  socket_err_should_retry errno:104', '(133) 2025-04-23 15:10:41.779 [ERROR] database P0000010414 T0000000000000015294  Reached the max session limit.', '(134) 2025-04-23 15:57:04.515 [INFO] database P0000089970 T0000000000000089970  os_asm_env_init success(dest host:localhost, dest port:9351), conn info: comm port:9351, host:localhost, port:9351', '(135) 2025-04-23 15:21:31.617 [INFO] database P0000038061 T0000000000000038061  version info: enterprise']"
2,"You are a log anomaly classifier.

        You will be given a list of log entries, each with a unique index.  
        Your task is to determine whether each log is **abnormal (1)** or **normal (0)**.  
        Only output in the following format, without any extra explanation or comments.

        ## Output Format:
        (log_idx, status)

        ## Output Rules:
        - status must be 1 if the log entry indicates an error, failure, crash, or unusual behavior.
        - status must be 0 if the log entry is a normal operation or informational message.
        - Output **only** a list of tuples. No extra text or explanation.

        ## Input Logs:
         (136) 2025-04-23 14:43:00.198 [INFO] database P0000010414 T0000000000000013572  ckpt2_log_adjust: ckpt_lsn(2826942206388), ckpt_fil(1), ckpt_off(228001792), cur_lsn(2826942354102), l_next_seq(46659482378), g_next_seq(46630685115), cur_free(260492800), total_space(8589926400), used_space(32491008), free_space(8557435392), n_ep(1) (137) 2025-04-23 15:10:32.742 [WARNING] database P0000010414 T0000000000000125099  socket_err_should_retry errno:104 (138) 2025-04-23 15:04:26.020 [WARNING] database P0000010414 T0000000000000083247  socket_err_should_retry errno:104 (139) 2025-04-23 15:48:47.056 [INFO] database P0000077779 T0000000000000077779  version info: enterprise (140) 2025-04-23 15:20:20.266 [INFO] database P0000036263 T0000000000000036263  INI parameter DPC_2PC changed, the original value 1, new value 0 (141) 2025-04-23 14:58:47.494 [ERROR] database P0000010414 T0000000000000015328  Reached the max session limit. (142) 2025-04-23 15:00:18.038 [ERROR] database P0000010414 T0000000000000015351  Reached the max session limit. (143) 2025-04-23 15:47:35.743 [INFO] database P0000076042 T0000000000000076042  info get from dcr disk, asm_host = localhost, asm_port = -951173008, global_dcr_ep_host = , global_dcr_ep_port = 5236, global_dcr_css_host = 192.168.9.22, global_dcr_css_port = 91362752 (144) 2025-04-23 15:10:32.743 [WARNING] database P0000010414 T0000000000000123810  socket_err_should_retry errno:104 (145) 2025-04-23 15:11:12.952 [WARNING] database P0000010414 T0000000000000078503  socket_err_should_retry errno:104 (146) 2025-04-23 15:40:29.248 [INFO] database P0000066033 T0000000000000066033  os_asm_env_init success(dest host:localhost, dest port:9351), conn info: comm port:9351, host:localhost, port:9351 (147) 2025-04-23 14:43:00.157 [INFO] database P0000010414 T0000000000000015248  checkpoint requested by CKPT_DIRTY_PAGES, rlog free space[8556843520], used space[33082880] (148) 2025-04-23 14:47:01.095 [WARNING] database P0000010414 T0000000000000129525  socket_err_should_retry errno:104 (149) 2025-04-23 15:36:55.922 [INFO] database P0000060808 T0000000000000060808  info get from dcr disk, asm_host = localhost, asm_port = -1069127248, global_dcr_ep_host = , global_dcr_ep_port = 5236, global_dcr_css_host = 192.168.9.22, global_dcr_css_port = 91362752 (150) 2025-04-23 15:10:03.790 [ERROR] database P0000010414 T0000000000000015336  Reached the max session limit. (151) 2025-04-23 15:35:44.830 [INFO] database P0000059105 T0000000000000059105  info get from dcr disk, asm_host = localhost, asm_port = 1096376560, global_dcr_ep_host = , global_dcr_ep_port = 5236, global_dcr_css_host = 192.168.9.22, global_dcr_css_port = 91362752 (152) 2025-04-23 15:44:02.637 [INFO] database P0000070934 T0000000000000070934  version info: enterprise (153) 2025-04-23 15:58:15.716 [INFO] database P0000091708 T0000000000000091708  os_asm_env_init success(dest host:localhost, dest port:9351), conn info: comm port:9351, host:localhost, port:9351 (154) 2025-04-23 15:08:59.204 [ERROR] database P0000010414 T0000000000000015314  Reached the max session limit. (155) 2025-04-23 15:16:45.085 [FATAL] database P0000010414 T0000000000000010873  hpc_heart_beat_dsk_thread halt, sys_status:OPEN, vtd_status:SYSHALT (156) 2025-04-23 15:54:41.967 [INFO] database P0000086447 T0000000000000086447  INI parameter DPC_2PC changed, the original value 1, new value 0 (157) 2025-04-23 14:42:59.193 [INFO] database P0000010414 T0000000000000013572  ckpt2_log_adjust: full_status: 160, ptx_reserved: 0 (158) 2025-04-23 15:53:32.130 [INFO] database P0000084718 T0000000000000084718  info get from dcr disk, asm_host = localhost, asm_port = -1557384896, global_dcr_ep_host = , global_dcr_ep_port = 5236, global_dcr_css_host = 192.168.9.22, global_dcr_css_port = 91362752 (159) 2025-04-23 15:28:38.273 [INFO] database P0000048633 T0000000000000048633  os_asm_env_init success(dest host:localhost, dest port:9351), conn info: comm port:9351, host:localhost, port:9351 (160) 2025-04-23 15:11:12.951 [WARNING] database P0000010414 T0000000000000068749  socket_err_should_retry errno:104 (161) 2025-04-23 14:45:21.121 [WARNING] database P0000010414 T0000000000000126757  socket_err_should_retry errno:38 (162) 2025-04-23 15:14:43.968 [ERROR] database P0000010414 T0000000000000015341  Reached the max session limit. (163) 2025-04-23 15:32:11.556 [INFO] database P0000053877 T0000000000000053877  version info: enterprise (164) 2025-04-23 15:15:37.478 [ERROR] database P0000010414 T0000000000000015322  Reached the max session limit. (165) 2025-04-23 15:51:09.085 [INFO] database P0000081263 T0000000000000081263  info get from dcr disk, asm_host = localhost, asm_port = 765973808, global_dcr_ep_host = , global_dcr_ep_port = 5236, global_dcr_css_host = 192.168.9.22, global_dcr_css_port = 91362752 (166) 2025-04-23 15:11:12.952 [WARNING] database P0000010414 T0000000000000084497  socket_err_should_retry errno:104 (167) 2025-04-23 15:07:05.076 [ERROR] database P0000010414 T0000000000000015318  Reached the max session limit. (168) 2025-04-23 14:59:05.111 [ERROR] database P0000010414 T0000000000000015299  Reached the max session limit. (169) 2025-04-23 15:22:42.447 [INFO] database P0000039800 T0000000000000039800  INI parameter DPC_2PC changed, the original value 1, new value 0 (170) 2025-04-23 14:42:59.156 [INFO] database P0000010414 T0000000000000015201  utsk_get_dw_svr_info used 11 seconds (171) 2025-04-23 15:02:23.613 [ERROR] database P0000010414 T0000000000000015347  Reached the max session limit. (172) 2025-04-23 15:54:42.279 [INFO] database P0000086447 T0000000000000086447  version info: enterprise (173) 2025-04-23 15:10:52.473 [ERROR] database P0000010414 T0000000000000015294  Reached the max session limit. (174) 2025-04-23 15:46:24.357 [INFO] database P0000074366 T0000000000000074366  INI parameter DPC_2PC changed, the original value 1, new value 0 (175) 2025-04-23 15:04:26.020 [WARNING] database P0000010414 T0000000000000083470  socket_err_should_retry errno:104 (176) 2025-04-23 14:59:50.202 [ERROR] database P0000010414 T0000000000000015341  Reached the max session limit. (177) 2025-04-23 15:11:12.948 [WARNING] database P0000010414 T0000000000000077762  socket_err_should_retry errno:104 (178) 2025-04-23 15:23:53.884 [INFO] database P0000041615 T0000000000000041615  info get from dcr disk, asm_host = localhost, asm_port = -1294140448, global_dcr_ep_host = , global_dcr_ep_port = 5236, global_dcr_css_host = 192.168.9.22, global_dcr_css_port = 91362752 (179) 2025-04-23 14:42:59.175 [WARNING] database P0000010414 T0000000000000015201  Get svr info time used:11 (180) 2025-04-23 14:57:31.702 [ERROR] database P0000010414 T0000000000000015307  Reached the max session limit. (181) 2025-04-23 15:02:38.521 [ERROR] database P0000010414 T0000000000000015319  Reached the max session limit. (182) 2025-04-23 15:38:06.694 [INFO] database P0000062613 T0000000000000062613  INI parameter DW_PORT changed, the original value 0, new value 4566 (183) 2025-04-23 14:59:25.790 [ERROR] database P0000010414 T0000000000000015301  Reached the max session limit. (184) 2025-04-23 15:59:26.330 [INFO] database P0000093438 T0000000000000093438  INI parameter DW_PORT changed, the original value 0, new value 4566 (185) 2025-04-23 15:47:35.454 [INFO] database P0000076042 T0000000000000076042  INI parameter DPC_2PC changed, the original value 1, new value 0 (186) 2025-04-23 14:59:21.918 [ERROR] database P0000010414 T0000000000000015306  Reached the max session limit. (187) 2025-04-23 14:59:07.322 [ERROR] database P0000010414 T0000000000000015303  Reached the max session limit. (188) 2025-04-23 14:42:48.023 [INFO] database P0000010414 T0000000000000015249  checkpoint generate by dirty_pages[10536] > ckpt_dirty_pages[10000] (189) 2025-04-23 14:42:36.073 [INFO] database P0000010414 T0000000000000013572  checkpoint end, 969 pages flushed, used_space[32018944], free_space[8557907456]. (190) 2025-04-23 15:39:18.028 [INFO] database P0000064327 T0000000000000064327  dmshm2_attach, success, shm id 294913 (191) 2025-04-23 14:49:59.226 [WARNING] database P0000010414 T0000000000000134960  socket_err_should_retry errno:38 (192) 2025-04-23 14:58:09.329 [ERROR] database P0000010414 T0000000000000015296  Reached the max session limit. (193) 2025-04-23 14:58:58.024 [ERROR] database P0000010414 T0000000000000015317  Reached the max session limit. (194) 2025-04-23 15:58:15.715 [INFO] database P0000091708 T0000000000000091708  dmshm2_attach, success, shm id 294913 (195) 2025-04-23 15:31:00.456 [INFO] database P0000052077 T0000000000000052077  info get from dcr disk, asm_host = localhost, asm_port = 1325557600, global_dcr_ep_host = , global_dcr_ep_port = 5236, global_dcr_css_host = 192.168.9.22, global_dcr_css_port = 91362752 (196) 2025-04-23 15:29:49.330 [INFO] database P0000050345 T0000000000000050345  version info: enterprise (197) 2025-04-23 15:46:24.892 [INFO] database P0000074366 T0000000000000074366  info get from dcr disk, asm_host = localhost, asm_port = -982684112, global_dcr_ep_host = , global_dcr_ep_port = 5236, global_dcr_css_host = 192.168.9.22, global_dcr_css_port = 91362752 (198) 2025-04-23 15:01:41.293 [ERROR] database P0000010414 T0000000000000015319  Reached the max session limit.","
(266, 0)
(267, 1)
(268, 0)
(269, 0)
(270, 1)
(271, 0)
(272, 1)
(273, 0)
(274, 0)
(275, 0)
(276, 0)
(277, 0)
(278, 0)
(279, 1)
(280, 0)
(281, 1)
(282, 0)
(283, 0)
(284, 0)
(285, 0)
(286, 0)
(287, 0)
(288, 0)
(289, 1)
(290, 1)
(291, 1)
(292, 1)
(293, 0)
(294, 0)
(295, 1)
(296, 1)
(297, 1)
(298, 1)
(299, 1)
(300, 0)
(301, 0)
(302, 0)
(303, 1)
(304, 0)
(305, 0)
(306, 1)
(307, 0)
(308, 0)
(309, 1)
(310, 0)
(311, 0)
(312, 1)
(313, 1)
(314, 1)
(315, 0)
(316, 0)
(317, 0)
(318, 0)
(319, 0)
(320, 0)
(321, 0)
(322, 1)
(323, 1)
(324, 0)
(325, 0)
(326, 1)
(327, 1)","['(136) 2025-04-23 14:43:00.198 [INFO] database P0000010414 T0000000000000013572  ckpt2_log_adjust: ckpt_lsn(2826942206388), ckpt_fil(1), ckpt_off(228001792), cur_lsn(2826942354102), l_next_seq(46659482378), g_next_seq(46630685115), cur_free(260492800), total_space(8589926400), used_space(32491008), free_space(8557435392), n_ep(1)', '(137) 2025-04-23 15:10:32.742 [WARNING] database P0000010414 T0000000000000125099  socket_err_should_retry errno:104', '(138) 2025-04-23 15:04:26.020 [WARNING] database P0000010414 T0000000000000083247  socket_err_should_retry errno:104', '(139) 2025-04-23 15:48:47.056 [INFO] database P0000077779 T0000000000000077779  version info: enterprise', '(140) 2025-04-23 15:20:20.266 [INFO] database P0000036263 T0000000000000036263  INI parameter DPC_2PC changed, the original value 1, new value 0', '(141) 2025-04-23 14:58:47.494 [ERROR] database P0000010414 T0000000000000015328  Reached the max session limit.', '(142) 2025-04-23 15:00:18.038 [ERROR] database P0000010414 T0000000000000015351  Reached the max session limit.', '(143) 2025-04-23 15:47:35.743 [INFO] database P0000076042 T0000000000000076042  info get from dcr disk, asm_host = localhost, asm_port = -951173008, global_dcr_ep_host = , global_dcr_ep_port = 5236, global_dcr_css_host = 192.168.9.22, global_dcr_css_port = 91362752', '(144) 2025-04-23 15:10:32.743 [WARNING] database P0000010414 T0000000000000123810  socket_err_should_retry errno:104', '(145) 2025-04-23 15:11:12.952 [WARNING] database P0000010414 T0000000000000078503  socket_err_should_retry errno:104', '(146) 2025-04-23 15:40:29.248 [INFO] database P0000066033 T0000000000000066033  os_asm_env_init success(dest host:localhost, dest port:9351), conn info: comm port:9351, host:localhost, port:9351', '(147) 2025-04-23 14:43:00.157 [INFO] database P0000010414 T0000000000000015248  checkpoint requested by CKPT_DIRTY_PAGES, rlog free space[8556843520], used space[33082880]', '(148) 2025-04-23 14:47:01.095 [WARNING] database P0000010414 T0000000000000129525  socket_err_should_retry errno:104', '(149) 2025-04-23 15:36:55.922 [INFO] database P0000060808 T0000000000000060808  info get from dcr disk, asm_host = localhost, asm_port = -1069127248, global_dcr_ep_host = , global_dcr_ep_port = 5236, global_dcr_css_host = 192.168.9.22, global_dcr_css_port = 91362752', '(150) 2025-04-23 15:10:03.790 [ERROR] database P0000010414 T0000000000000015336  Reached the max session limit.', '(151) 2025-04-23 15:35:44.830 [INFO] database P0000059105 T0000000000000059105  info get from dcr disk, asm_host = localhost, asm_port = 1096376560, global_dcr_ep_host = , global_dcr_ep_port = 5236, global_dcr_css_host = 192.168.9.22, global_dcr_css_port = 91362752', '(152) 2025-04-23 15:44:02.637 [INFO] database P0000070934 T0000000000000070934  version info: enterprise', '(153) 2025-04-23 15:58:15.716 [INFO] database P0000091708 T0000000000000091708  os_asm_env_init success(dest host:localhost, dest port:9351), conn info: comm port:9351, host:localhost, port:9351', '(154) 2025-04-23 15:08:59.204 [ERROR] database P0000010414 T0000000000000015314  Reached the max session limit.', '(155) 2025-04-23 15:16:45.085 [FATAL] database P0000010414 T0000000000000010873  hpc_heart_beat_dsk_thread halt, sys_status:OPEN, vtd_status:SYSHALT', '(156) 2025-04-23 15:54:41.967 [INFO] database P0000086447 T0000000000000086447  INI parameter DPC_2PC changed, the original value 1, new value 0', '(157) 2025-04-23 14:42:59.193 [INFO] database P0000010414 T0000000000000013572  ckpt2_log_adjust: full_status: 160, ptx_reserved: 0', '(158) 2025-04-23 15:53:32.130 [INFO] database P0000084718 T0000000000000084718  info get from dcr disk, asm_host = localhost, asm_port = -1557384896, global_dcr_ep_host = , global_dcr_ep_port = 5236, global_dcr_css_host = 192.168.9.22, global_dcr_css_port = 91362752', '(159) 2025-04-23 15:28:38.273 [INFO] database P0000048633 T0000000000000048633  os_asm_env_init success(dest host:localhost, dest port:9351), conn info: comm port:9351, host:localhost, port:9351', '(160) 2025-04-23 15:11:12.951 [WARNING] database P0000010414 T0000000000000068749  socket_err_should_retry errno:104', '(161) 2025-04-23 14:45:21.121 [WARNING] database P0000010414 T0000000000000126757  socket_err_should_retry errno:38', '(162) 2025-04-23 15:14:43.968 [ERROR] database P0000010414 T0000000000000015341  Reached the max session limit.', '(163) 2025-04-23 15:32:11.556 [INFO] database P0000053877 T0000000000000053877  version info: enterprise', '(164) 2025-04-23 15:15:37.478 [ERROR] database P0000010414 T0000000000000015322  Reached the max session limit.', '(165) 2025-04-23 15:51:09.085 [INFO] database P0000081263 T0000000000000081263  info get from dcr disk, asm_host = localhost, asm_port = 765973808, global_dcr_ep_host = , global_dcr_ep_port = 5236, global_dcr_css_host = 192.168.9.22, global_dcr_css_port = 91362752', '(166) 2025-04-23 15:11:12.952 [WARNING] database P0000010414 T0000000000000084497  socket_err_should_retry errno:104', '(167) 2025-04-23 15:07:05.076 [ERROR] database P0000010414 T0000000000000015318  Reached the max session limit.', '(168) 2025-04-23 14:59:05.111 [ERROR] database P0000010414 T0000000000000015299  Reached the max session limit.', '(169) 2025-04-23 15:22:42.447 [INFO] database P0000039800 T0000000000000039800  INI parameter DPC_2PC changed, the original value 1, new value 0', '(170) 2025-04-23 14:42:59.156 [INFO] database P0000010414 T0000000000000015201  utsk_get_dw_svr_info used 11 seconds', '(171) 2025-04-23 15:02:23.613 [ERROR] database P0000010414 T0000000000000015347  Reached the max session limit.', '(172) 2025-04-23 15:54:42.279 [INFO] database P0000086447 T0000000000000086447  version info: enterprise', '(173) 2025-04-23 15:10:52.473 [ERROR] database P0000010414 T0000000000000015294  Reached the max session limit.', '(174) 2025-04-23 15:46:24.357 [INFO] database P0000074366 T0000000000000074366  INI parameter DPC_2PC changed, the original value 1, new value 0', '(175) 2025-04-23 15:04:26.020 [WARNING] database P0000010414 T0000000000000083470  socket_err_should_retry errno:104', '(176) 2025-04-23 14:59:50.202 [ERROR] database P0000010414 T0000000000000015341  Reached the max session limit.', '(177) 2025-04-23 15:11:12.948 [WARNING] database P0000010414 T0000000000000077762  socket_err_should_retry errno:104', '(178) 2025-04-23 15:23:53.884 [INFO] database P0000041615 T0000000000000041615  info get from dcr disk, asm_host = localhost, asm_port = -1294140448, global_dcr_ep_host = , global_dcr_ep_port = 5236, global_dcr_css_host = 192.168.9.22, global_dcr_css_port = 91362752', '(179) 2025-04-23 14:42:59.175 [WARNING] database P0000010414 T0000000000000015201  Get svr info time used:11', '(180) 2025-04-23 14:57:31.702 [ERROR] database P0000010414 T0000000000000015307  Reached the max session limit.', '(181) 2025-04-23 15:02:38.521 [ERROR] database P0000010414 T0000000000000015319  Reached the max session limit.', '(182) 2025-04-23 15:38:06.694 [INFO] database P0000062613 T0000000000000062613  INI parameter DW_PORT changed, the original value 0, new value 4566', '(183) 2025-04-23 14:59:25.790 [ERROR] database P0000010414 T0000000000000015301  Reached the max session limit.', '(184) 2025-04-23 15:59:26.330 [INFO] database P0000093438 T0000000000000093438  INI parameter DW_PORT changed, the original value 0, new value 4566', '(185) 2025-04-23 15:47:35.454 [INFO] database P0000076042 T0000000000000076042  INI parameter DPC_2PC changed, the original value 1, new value 0', '(186) 2025-04-23 14:59:21.918 [ERROR] database P0000010414 T0000000000000015306  Reached the max session limit.', '(187) 2025-04-23 14:59:07.322 [ERROR] database P0000010414 T0000000000000015303  Reached the max session limit.', '(188) 2025-04-23 14:42:48.023 [INFO] database P0000010414 T0000000000000015249  checkpoint generate by dirty_pages[10536] > ckpt_dirty_pages[10000]', '(189) 2025-04-23 14:42:36.073 [INFO] database P0000010414 T0000000000000013572  checkpoint end, 969 pages flushed, used_space[32018944], free_space[8557907456].', '(190) 2025-04-23 15:39:18.028 [INFO] database P0000064327 T0000000000000064327  dmshm2_attach, success, shm id 294913', '(191) 2025-04-23 14:49:59.226 [WARNING] database P0000010414 T0000000000000134960  socket_err_should_retry errno:38', '(192) 2025-04-23 14:58:09.329 [ERROR] database P0000010414 T0000000000000015296  Reached the max session limit.', '(193) 2025-04-23 14:58:58.024 [ERROR] database P0000010414 T0000000000000015317  Reached the max session limit.', '(194) 2025-04-23 15:58:15.715 [INFO] database P0000091708 T0000000000000091708  dmshm2_attach, success, shm id 294913', '(195) 2025-04-23 15:31:00.456 [INFO] database P0000052077 T0000000000000052077  info get from dcr disk, asm_host = localhost, asm_port = 1325557600, global_dcr_ep_host = , global_dcr_ep_port = 5236, global_dcr_css_host = 192.168.9.22, global_dcr_css_port = 91362752', '(196) 2025-04-23 15:29:49.330 [INFO] database P0000050345 T0000000000000050345  version info: enterprise', '(197) 2025-04-23 15:46:24.892 [INFO] database P0000074366 T0000000000000074366  info get from dcr disk, asm_host = localhost, asm_port = -982684112, global_dcr_ep_host = , global_dcr_ep_port = 5236, global_dcr_css_host = 192.168.9.22, global_dcr_css_port = 91362752', '(198) 2025-04-23 15:01:41.293 [ERROR] database P0000010414 T0000000000000015319  Reached the max session limit.']"
3,"You are a log anomaly classifier.

        You will be given a list of log entries, each with a unique index.  
        Your task is to determine whether each log is **abnormal (1)** or **normal (0)**.  
        Only output in the following format, without any extra explanation or comments.

        ## Output Format:
        (log_idx, status)

        ## Output Rules:
        - status must be 1 if the log entry indicates an error, failure, crash, or unusual behavior.
        - status must be 0 if the log entry is a normal operation or informational message.
        - Output **only** a list of tuples. No extra text or explanation.

        ## Input Logs:
         (199) 2025-04-23 14:58:19.573 [ERROR] database P0000010414 T0000000000000015333  Reached the max session limit. (200) 2025-04-23 14:56:58.772 [ERROR] database P0000010414 T0000000000000015296  Reached the max session limit. (201) 2025-04-23 15:23:53.563 [INFO] database P0000041615 T0000000000000041615  INI parameter DW_PORT changed, the original value 0, new value 4566 (202) 2025-04-23 15:38:06.944 [INFO] database P0000062613 T0000000000000062613  dmshm2_attach, success, shm id 294913 (203) 2025-04-23 15:11:12.952 [WARNING] database P0000010414 T0000000000000075932  socket_err_should_retry errno:104 (204) 2025-04-23 15:57:04.523 [INFO] database P0000089970 T0000000000000089970  version info: enterprise (205) 2025-04-23 15:00:36.506 [ERROR] database P0000010414 T0000000000000015317  Reached the max session limit. (206) 2025-04-23 15:04:26.024 [WARNING] database P0000010414 T0000000000000083672  socket_err_should_retry errno:104 (207) 2025-04-23 15:59:26.750 [INFO] database P0000093438 T0000000000000093438  info get from dcr disk, asm_host = localhost, asm_port = -1724178496, global_dcr_ep_host = , global_dcr_ep_port = 5236, global_dcr_css_host = 192.168.9.22, global_dcr_css_port = 91362752 (208) 2025-04-23 15:55:54.118 [INFO] database P0000088185 T0000000000000088185  info get from dcr disk, asm_host = localhost, asm_port = -667439056, global_dcr_ep_host = , global_dcr_ep_port = 5236, global_dcr_css_host = 192.168.9.22, global_dcr_css_port = 91362752 (209) 2025-04-23 15:39:17.777 [INFO] database P0000064327 T0000000000000064327  INI parameter DW_PORT changed, the original value 0, new value 4566 (210) 2025-04-23 15:23:53.568 [INFO] database P0000041615 T0000000000000041615  INI parameter DPC_2PC changed, the original value 1, new value 0 (211) 2025-04-23 15:53:30.940 [INFO] database P0000084718 T0000000000000084718  INI parameter DPC_2PC changed, the original value 1, new value 0 (212) 2025-04-23 15:16:45.084 [INFO] database P0000010414 T0000000000000010414  hpc_heart_beat_halt_and_wait change hdisk flag from 221 to 221 (213) 2025-04-23 14:43:00.198 [INFO] database P0000010414 T0000000000000013572  ckpt2_log_adjust: full_status: 160, ptx_reserved: 0 (214) 2025-04-23 15:54:42.271 [INFO] database P0000086447 T0000000000000086447  os_asm_env_init success(dest host:localhost, dest port:9351), conn info: comm port:9351, host:localhost, port:9351 (215) 2025-04-23 15:07:01.182 [ERROR] database P0000010414 T0000000000000015315  Reached the max session limit. (216) 2025-04-23 15:26:16.000 [INFO] database P0000045167 T0000000000000045167  version info: enterprise (217) 2025-04-23 15:41:42.852 [INFO] database P0000067641 T0000000000000067641  version info: enterprise (218) 2025-04-23 15:17:58.211 [INFO] database P0000032706 T0000000000000032706  INI parameter DPC_2PC changed, the original value 1, new value 0 (219) 2025-04-23 15:48:47.048 [INFO] database P0000077779 T0000000000000077779  dmshm2_attach, success, shm id 294913 (220) 2025-04-23 14:57:54.970 [ERROR] database P0000010414 T0000000000000015299  Reached the max session limit. (221) 2025-04-23 15:47:35.757 [INFO] database P0000076042 T0000000000000076042  os_asm_env_init success(dest host:localhost, dest port:9351), conn info: comm port:9351, host:localhost, port:9351 (222) 2025-04-23 15:26:15.993 [INFO] database P0000045167 T0000000000000045167  os_asm_env_init success(dest host:localhost, dest port:9351), conn info: comm port:9351, host:localhost, port:9351 (223) 2025-04-23 15:06:35.720 [ERROR] database P0000010414 T0000000000000015342  Reached the max session limit. (224) 2025-04-23 15:35:44.851 [INFO] database P0000059105 T0000000000000059105  version info: enterprise (225) 2025-04-23 15:28:38.260 [INFO] database P0000048633 T0000000000000048633  info get from dcr disk, asm_host = localhost, asm_port = 2039617136, global_dcr_ep_host = , global_dcr_ep_port = 5236, global_dcr_css_host = 192.168.9.22, global_dcr_css_port = 91362752 (226) 2025-04-23 15:11:12.952 [WARNING] database P0000010414 T0000000000000081132  socket_err_should_retry errno:104 (227) 2025-04-23 15:57:04.142 [INFO] database P0000089970 T0000000000000089970  INI parameter DW_PORT changed, the original value 0, new value 4566 (228) 2025-04-23 15:04:39.595 [ERROR] database P0000010414 T0000000000000015355  Reached the max session limit. (229) 2025-04-23 15:07:02.002 [ERROR] database P0000010414 T0000000000000015295  Reached the max session limit. (230) 2025-04-23 15:11:12.952 [WARNING] database P0000010414 T0000000000000074212  socket_err_should_retry errno:104 (231) 2025-04-23 15:52:22.119 [INFO] database P0000082963 T0000000000000082963  info get from dcr disk, asm_host = localhost, asm_port = -919864256, global_dcr_ep_host = , global_dcr_ep_port = 5236, global_dcr_css_host = 192.168.9.22, global_dcr_css_port = 91362752 (232) 2025-04-23 15:32:11.549 [INFO] database P0000053877 T0000000000000053877  os_asm_env_init success(dest host:localhost, dest port:9351), conn info: comm port:9351, host:localhost, port:9351 (233) 2025-04-23 15:46:24.906 [INFO] database P0000074366 T0000000000000074366  dmshm2_attach, success, shm id 294913 (234) 2025-04-23 15:36:55.944 [INFO] database P0000060808 T0000000000000060808  version info: enterprise (235) 2025-04-23 14:55:11.699 [ERROR] database P0000010414 T0000000000000015307  Reached the max session limit. (236) 2025-04-23 15:26:15.744 [INFO] database P0000045167 T0000000000000045167  INI parameter DPC_2PC changed, the original value 1, new value 0 (237) 2025-04-23 15:11:12.950 [WARNING] database P0000010414 T0000000000000067645  socket_err_should_retry errno:104 (238) 2025-04-23 15:19:09.585 [INFO] database P0000034512 T0000000000000034512  dmshm2_attach, success, shm id 294913 (239) 2025-04-23 15:23:53.906 [INFO] database P0000041615 T0000000000000041615  version info: enterprise (240) 2025-04-23 14:43:00.157 [INFO] database P0000010414 T0000000000000015248  checkpoint generate by dirty_pages[10999] > ckpt_dirty_pages[10000] (241) 2025-04-23 15:00:52.245 [ERROR] database P0000010414 T0000000000000015321  Reached the max session limit. (242) 2025-04-23 15:34:33.421 [INFO] database P0000057373 T0000000000000057373  INI parameter DPC_2PC changed, the original value 1, new value 0 (243) 2025-04-23 14:48:46.033 [WARNING] database P0000010414 T0000000000000132713  socket_err_should_retry errno:104 (244) 2025-04-23 14:55:38.427 [ERROR] database P0000010414 T0000000000000015317  Reached the max session limit. (245) 2025-04-23 15:42:51.687 [INFO] database P0000069304 T0000000000000069304  version info: enterprise (246) 2025-04-23 14:59:19.366 [ERROR] database P0000010414 T0000000000000015338  Reached the max session limit. (247) 2025-04-23 15:10:29.512 [ERROR] database P0000010414 T0000000000000015325  Reached the max session limit. (248) 2025-04-23 15:59:26.334 [INFO] database P0000093438 T0000000000000093438  INI parameter DPC_2PC changed, the original value 1, new value 0 (249) 2025-04-23 15:57:04.514 [INFO] database P0000089970 T0000000000000089970  dmshm2_attach, success, shm id 294913 (250) 2025-04-23 15:32:11.548 [INFO] database P0000053877 T0000000000000053877  dmshm2_attach, success, shm id 294913 (251) 2025-04-23 14:55:52.796 [ERROR] database P0000010414 T0000000000000015308  Reached the max session limit. (252) 2025-04-23 14:42:59.198 [INFO] database P0000010414 T0000000000000013572  ckpt2_log_adjust: full_status: 160, ptx_reserved: 0 (253) 2025-04-23 15:49:57.600 [INFO] database P0000079472 T0000000000000079472  INI parameter DPC_2PC changed, the original value 1, new value 0 (254) 2025-04-23 15:11:12.952 [WARNING] database P0000010414 T0000000000000079466  socket_err_should_retry errno:104 (255) 2025-04-23 14:55:10.806 [WARNING] database P0000010414 T0000000000000131695  socket_err_should_retry errno:104 (256) 2025-04-23 14:54:19.302 [ERROR] database P0000010414 T0000000000000015311  Reached the max session limit. (257) 2025-04-23 15:08:30.713 [ERROR] database P0000010414 T0000000000000015323  Reached the max session limit. (258) 2025-04-23 15:11:01.386 [ERROR] database P0000010414 T0000000000000015316  Reached the max session limit. (259) 2025-04-23 15:13:09.229 [ERROR] database P0000010414 T0000000000000015351  Reached the max session limit. (260) 2025-04-23 15:38:06.931 [INFO] database P0000062613 T0000000000000062613  info get from dcr disk, asm_host = localhost, asm_port = 417008448, global_dcr_ep_host = , global_dcr_ep_port = 5236, global_dcr_css_host = 192.168.9.22, global_dcr_css_port = 91362752 (261) 2025-04-23 15:57:04.501 [INFO] database P0000089970 T0000000000000089970  info get from dcr disk, asm_host = localhost, asm_port = -1193106144, global_dcr_ep_host = , global_dcr_ep_port = 5236, global_dcr_css_host = 192.168.9.22, global_dcr_css_port = 91362752 (262) 2025-04-23 15:00:04.220 [ERROR] database P0000010414 T0000000000000015345  Reached the max session limit. (263) 2025-04-23 15:23:53.897 [INFO] database P0000041615 T0000000000000041615  dmshm2_attach, success, shm id 294913 (264) 2025-04-23 15:14:28.745 [ERROR] database P0000010414 T0000000000000015295  Reached the max session limit. (265) 2025-04-23 15:53:30.936 [INFO] database P0000084718 T0000000000000084718  INI parameter DW_PORT changed, the original value 0, new value 4566","
(1, 1)
(2, 1)
(3, 1)
(4, 1)
(5, 0)
(6, 0)
(7, 0)
(8, 0)
(9, 0)
(10, 1)
(11, 0)
(12, 1)
(13, 1)
(14, 1)
(15, 0)
(16, 1)
(17, 1)
(18, 1)
(19, 1)
(20, 1)
(21, 0)
(22, 1)
(23, 0)
(24, 1)
(25, 0)
(26, 1)
(27, 0)
(28, 0)
(29, 0)
(30, 1)
(31, 1)
(32, 1)
(33, 0)
(34, 1)
(35, 0)
(36, 1)
(37, 1)
(38, 1)
(39, 1)
(40, 1)
(41, 1)
(42, 1)
(43, 1)
(44, 1)
(45, 1)
(46, 1)
(47, 0)
(48, 0)
(49, 1)
(50, 1)
(51, 1)
(52, 0)
(53, 0)
(54, 1)
(55, 1)
(56, 0)
(57, 0)
(58, 1)
(59, 1)
(60, 0)
(61, 1)
(62, 0)
(63, 0)
(64, 0)
(65, 0)
(66, 1)
(67, 1)
(68, 1)
(69, 1)
(70, 0)","['(199) 2025-04-23 14:58:19.573 [ERROR] database P0000010414 T0000000000000015333  Reached the max session limit.', '(200) 2025-04-23 14:56:58.772 [ERROR] database P0000010414 T0000000000000015296  Reached the max session limit.', '(201) 2025-04-23 15:23:53.563 [INFO] database P0000041615 T0000000000000041615  INI parameter DW_PORT changed, the original value 0, new value 4566', '(202) 2025-04-23 15:38:06.944 [INFO] database P0000062613 T0000000000000062613  dmshm2_attach, success, shm id 294913', '(203) 2025-04-23 15:11:12.952 [WARNING] database P0000010414 T0000000000000075932  socket_err_should_retry errno:104', '(204) 2025-04-23 15:57:04.523 [INFO] database P0000089970 T0000000000000089970  version info: enterprise', '(205) 2025-04-23 15:00:36.506 [ERROR] database P0000010414 T0000000000000015317  Reached the max session limit.', '(206) 2025-04-23 15:04:26.024 [WARNING] database P0000010414 T0000000000000083672  socket_err_should_retry errno:104', '(207) 2025-04-23 15:59:26.750 [INFO] database P0000093438 T0000000000000093438  info get from dcr disk, asm_host = localhost, asm_port = -1724178496, global_dcr_ep_host = , global_dcr_ep_port = 5236, global_dcr_css_host = 192.168.9.22, global_dcr_css_port = 91362752', '(208) 2025-04-23 15:55:54.118 [INFO] database P0000088185 T0000000000000088185  info get from dcr disk, asm_host = localhost, asm_port = -667439056, global_dcr_ep_host = , global_dcr_ep_port = 5236, global_dcr_css_host = 192.168.9.22, global_dcr_css_port = 91362752', '(209) 2025-04-23 15:39:17.777 [INFO] database P0000064327 T0000000000000064327  INI parameter DW_PORT changed, the original value 0, new value 4566', '(210) 2025-04-23 15:23:53.568 [INFO] database P0000041615 T0000000000000041615  INI parameter DPC_2PC changed, the original value 1, new value 0', '(211) 2025-04-23 15:53:30.940 [INFO] database P0000084718 T0000000000000084718  INI parameter DPC_2PC changed, the original value 1, new value 0', '(212) 2025-04-23 15:16:45.084 [INFO] database P0000010414 T0000000000000010414  hpc_heart_beat_halt_and_wait change hdisk flag from 221 to 221', '(213) 2025-04-23 14:43:00.198 [INFO] database P0000010414 T0000000000000013572  ckpt2_log_adjust: full_status: 160, ptx_reserved: 0', '(214) 2025-04-23 15:54:42.271 [INFO] database P0000086447 T0000000000000086447  os_asm_env_init success(dest host:localhost, dest port:9351), conn info: comm port:9351, host:localhost, port:9351', '(215) 2025-04-23 15:07:01.182 [ERROR] database P0000010414 T0000000000000015315  Reached the max session limit.', '(216) 2025-04-23 15:26:16.000 [INFO] database P0000045167 T0000000000000045167  version info: enterprise', '(217) 2025-04-23 15:41:42.852 [INFO] database P0000067641 T0000000000000067641  version info: enterprise', '(218) 2025-04-23 15:17:58.211 [INFO] database P0000032706 T0000000000000032706  INI parameter DPC_2PC changed, the original value 1, new value 0', '(219) 2025-04-23 15:48:47.048 [INFO] database P0000077779 T0000000000000077779  dmshm2_attach, success, shm id 294913', '(220) 2025-04-23 14:57:54.970 [ERROR] database P0000010414 T0000000000000015299  Reached the max session limit.', '(221) 2025-04-23 15:47:35.757 [INFO] database P0000076042 T0000000000000076042  os_asm_env_init success(dest host:localhost, dest port:9351), conn info: comm port:9351, host:localhost, port:9351', '(222) 2025-04-23 15:26:15.993 [INFO] database P0000045167 T0000000000000045167  os_asm_env_init success(dest host:localhost, dest port:9351), conn info: comm port:9351, host:localhost, port:9351', '(223) 2025-04-23 15:06:35.720 [ERROR] database P0000010414 T0000000000000015342  Reached the max session limit.', '(224) 2025-04-23 15:35:44.851 [INFO] database P0000059105 T0000000000000059105  version info: enterprise', '(225) 2025-04-23 15:28:38.260 [INFO] database P0000048633 T0000000000000048633  info get from dcr disk, asm_host = localhost, asm_port = 2039617136, global_dcr_ep_host = , global_dcr_ep_port = 5236, global_dcr_css_host = 192.168.9.22, global_dcr_css_port = 91362752', '(226) 2025-04-23 15:11:12.952 [WARNING] database P0000010414 T0000000000000081132  socket_err_should_retry errno:104', '(227) 2025-04-23 15:57:04.142 [INFO] database P0000089970 T0000000000000089970  INI parameter DW_PORT changed, the original value 0, new value 4566', '(228) 2025-04-23 15:04:39.595 [ERROR] database P0000010414 T0000000000000015355  Reached the max session limit.', '(229) 2025-04-23 15:07:02.002 [ERROR] database P0000010414 T0000000000000015295  Reached the max session limit.', '(230) 2025-04-23 15:11:12.952 [WARNING] database P0000010414 T0000000000000074212  socket_err_should_retry errno:104', '(231) 2025-04-23 15:52:22.119 [INFO] database P0000082963 T0000000000000082963  info get from dcr disk, asm_host = localhost, asm_port = -919864256, global_dcr_ep_host = , global_dcr_ep_port = 5236, global_dcr_css_host = 192.168.9.22, global_dcr_css_port = 91362752', '(232) 2025-04-23 15:32:11.549 [INFO] database P0000053877 T0000000000000053877  os_asm_env_init success(dest host:localhost, dest port:9351), conn info: comm port:9351, host:localhost, port:9351', '(233) 2025-04-23 15:46:24.906 [INFO] database P0000074366 T0000000000000074366  dmshm2_attach, success, shm id 294913', '(234) 2025-04-23 15:36:55.944 [INFO] database P0000060808 T0000000000000060808  version info: enterprise', '(235) 2025-04-23 14:55:11.699 [ERROR] database P0000010414 T0000000000000015307  Reached the max session limit.', '(236) 2025-04-23 15:26:15.744 [INFO] database P0000045167 T0000000000000045167  INI parameter DPC_2PC changed, the original value 1, new value 0', '(237) 2025-04-23 15:11:12.950 [WARNING] database P0000010414 T0000000000000067645  socket_err_should_retry errno:104', '(238) 2025-04-23 15:19:09.585 [INFO] database P0000034512 T0000000000000034512  dmshm2_attach, success, shm id 294913', '(239) 2025-04-23 15:23:53.906 [INFO] database P0000041615 T0000000000000041615  version info: enterprise', '(240) 2025-04-23 14:43:00.157 [INFO] database P0000010414 T0000000000000015248  checkpoint generate by dirty_pages[10999] > ckpt_dirty_pages[10000]', '(241) 2025-04-23 15:00:52.245 [ERROR] database P0000010414 T0000000000000015321  Reached the max session limit.', '(242) 2025-04-23 15:34:33.421 [INFO] database P0000057373 T0000000000000057373  INI parameter DPC_2PC changed, the original value 1, new value 0', '(243) 2025-04-23 14:48:46.033 [WARNING] database P0000010414 T0000000000000132713  socket_err_should_retry errno:104', '(244) 2025-04-23 14:55:38.427 [ERROR] database P0000010414 T0000000000000015317  Reached the max session limit.', '(245) 2025-04-23 15:42:51.687 [INFO] database P0000069304 T0000000000000069304  version info: enterprise', '(246) 2025-04-23 14:59:19.366 [ERROR] database P0000010414 T0000000000000015338  Reached the max session limit.', '(247) 2025-04-23 15:10:29.512 [ERROR] database P0000010414 T0000000000000015325  Reached the max session limit.', '(248) 2025-04-23 15:59:26.334 [INFO] database P0000093438 T0000000000000093438  INI parameter DPC_2PC changed, the original value 1, new value 0', '(249) 2025-04-23 15:57:04.514 [INFO] database P0000089970 T0000000000000089970  dmshm2_attach, success, shm id 294913', '(250) 2025-04-23 15:32:11.548 [INFO] database P0000053877 T0000000000000053877  dmshm2_attach, success, shm id 294913', '(251) 2025-04-23 14:55:52.796 [ERROR] database P0000010414 T0000000000000015308  Reached the max session limit.', '(252) 2025-04-23 14:42:59.198 [INFO] database P0000010414 T0000000000000013572  ckpt2_log_adjust: full_status: 160, ptx_reserved: 0', '(253) 2025-04-23 15:49:57.600 [INFO] database P0000079472 T0000000000000079472  INI parameter DPC_2PC changed, the original value 1, new value 0', '(254) 2025-04-23 15:11:12.952 [WARNING] database P0000010414 T0000000000000079466  socket_err_should_retry errno:104', '(255) 2025-04-23 14:55:10.806 [WARNING] database P0000010414 T0000000000000131695  socket_err_should_retry errno:104', '(256) 2025-04-23 14:54:19.302 [ERROR] database P0000010414 T0000000000000015311  Reached the max session limit.', '(257) 2025-04-23 15:08:30.713 [ERROR] database P0000010414 T0000000000000015323  Reached the max session limit.', '(258) 2025-04-23 15:11:01.386 [ERROR] database P0000010414 T0000000000000015316  Reached the max session limit.', '(259) 2025-04-23 15:13:09.229 [ERROR] database P0000010414 T0000000000000015351  Reached the max session limit.', '(260) 2025-04-23 15:38:06.931 [INFO] database P0000062613 T0000000000000062613  info get from dcr disk, asm_host = localhost, asm_port = 417008448, global_dcr_ep_host = , global_dcr_ep_port = 5236, global_dcr_css_host = 192.168.9.22, global_dcr_css_port = 91362752', '(261) 2025-04-23 15:57:04.501 [INFO] database P0000089970 T0000000000000089970  info get from dcr disk, asm_host = localhost, asm_port = -1193106144, global_dcr_ep_host = , global_dcr_ep_port = 5236, global_dcr_css_host = 192.168.9.22, global_dcr_css_port = 91362752', '(262) 2025-04-23 15:00:04.220 [ERROR] database P0000010414 T0000000000000015345  Reached the max session limit.', '(263) 2025-04-23 15:23:53.897 [INFO] database P0000041615 T0000000000000041615  dmshm2_attach, success, shm id 294913', '(264) 2025-04-23 15:14:28.745 [ERROR] database P0000010414 T0000000000000015295  Reached the max session limit.', '(265) 2025-04-23 15:53:30.936 [INFO] database P0000084718 T0000000000000084718  INI parameter DW_PORT changed, the original value 0, new value 4566']"
4,"You are a log anomaly classifier.

        You will be given a list of log entries, each with a unique index.  
        Your task is to determine whether each log is **abnormal (1)** or **normal (0)**.  
        Only output in the following format, without any extra explanation or comments.

        ## Output Format:
        (log_idx, status)

        ## Output Rules:
        - status must be 1 if the log entry indicates an error, failure, crash, or unusual behavior.
        - status must be 0 if the log entry is a normal operation or informational message.
        - Output **only** a list of tuples. No extra text or explanation.

        ## Input Logs:
         (266) 2025-04-23 15:25:05.000 [INFO] database P0000043419 T0000000000000043419  os_asm_env_init success(dest host:localhost, dest port:9351), conn info: comm port:9351, host:localhost, port:9351 (267) 2025-04-23 14:50:01.882 [WARNING] database P0000010414 T0000000000000135098  socket_err_should_retry errno:104 (268) 2025-04-23 14:43:00.157 [INFO] database P0000010414 T0000000000000013572  checkpoint begin, used_space[33082880], free_space[8556843520]... (269) 2025-04-23 15:39:17.780 [INFO] database P0000064327 T0000000000000064327  INI parameter DPC_2PC changed, the original value 1, new value 0 (270) 2025-04-23 14:57:52.311 [ERROR] database P0000010414 T0000000000000015346  Reached the max session limit. (271) 2025-04-23 15:29:49.309 [INFO] database P0000050345 T0000000000000050345  info get from dcr disk, asm_host = localhost, asm_port = 785222400, global_dcr_ep_host = , global_dcr_ep_port = 5236, global_dcr_css_host = 192.168.9.22, global_dcr_css_port = 91362752 (272) 2025-04-23 15:15:31.463 [ERROR] database P0000010414 T0000000000000015336  Reached the max session limit. (273) 2025-04-23 15:45:14.261 [INFO] database P0000072676 T0000000000000072676  version info: enterprise (274) 2025-04-23 15:29:49.322 [INFO] database P0000050345 T0000000000000050345  os_asm_env_init success(dest host:localhost, dest port:9351), conn info: comm port:9351, host:localhost, port:9351 (275) 2025-04-23 14:43:00.183 [INFO] database P0000010414 T0000000000000013572  ckpt2_log_adjust: full_status: 160, ptx_reserved: 0 (276) 2025-04-23 15:33:22.586 [INFO] database P0000055615 T0000000000000055615  dmshm2_attach, success, shm id 294913 (277) 2025-04-23 14:42:48.023 [INFO] database P0000010414 T0000000000000015249  checkpoint requested by CKPT_DIRTY_PAGES, rlog free space[8552856064], used space[37070336] (278) 2025-04-23 14:42:36.060 [INFO] database P0000010414 T0000000000000013572  ckpt2_log_adjust: ckpt_lsn(2826942164226), ckpt_fil(1), ckpt_off(219097600), cur_lsn(2826942313022), l_next_seq(46659481498), g_next_seq(46630684235), cur_free(251105792), total_space(8589926400), used_space(32008192), free_space(8557918208), n_ep(1) (279) 2025-04-23 15:04:26.150 [ERROR] database P0000010414 T0000000000000015343  Reached the max session limit. (280) 2025-04-23 14:42:59.204 [INFO] database P0000010414 T0000000000000013572  ckpt2_log_adjust: ckpt_lsn(2826942200438), ckpt_fil(1), ckpt_off(226969088), cur_lsn(2826942346072), l_next_seq(46659482256), g_next_seq(46630684993), cur_free(259532800), total_space(8589926400), used_space(32563712), free_space(8557362688), n_ep(1) (281) 2025-04-23 14:58:42.689 [ERROR] database P0000010414 T0000000000000015328  Reached the max session limit. (282) 2025-04-23 15:20:20.262 [INFO] database P0000036263 T0000000000000036263  INI parameter DW_PORT changed, the original value 0, new value 4566 (283) 2025-04-23 15:59:26.765 [INFO] database P0000093438 T0000000000000093438  os_asm_env_init success(dest host:localhost, dest port:9351), conn info: comm port:9351, host:localhost, port:9351 (284) 2025-04-23 15:58:15.233 [INFO] database P0000091708 T0000000000000091708  INI parameter DW_PORT changed, the original value 0, new value 4566 (285) 2025-04-23 14:42:48.038 [INFO] database P0000010414 T0000000000000013572  ckpt2_log_adjust: full_status: 160, ptx_reserved: 0 (286) 2025-04-23 14:42:59.186 [INFO] database P0000010414 T0000000000000013572  ckpt2_log_adjust: ckpt_lsn(2826942181083), ckpt_fil(1), ckpt_off(222162944), cur_lsn(2826942345304), l_next_seq(46659482240), g_next_seq(46630684977), cur_free(259026944), total_space(8589926400), used_space(37253120), free_space(8552673280), n_ep(1) (287) 2025-04-23 15:47:35.756 [INFO] database P0000076042 T0000000000000076042  dmshm2_attach, success, shm id 294913 (288) 2025-04-23 15:33:22.587 [INFO] database P0000055615 T0000000000000055615  os_asm_env_init success(dest host:localhost, dest port:9351), conn info: comm port:9351, host:localhost, port:9351 (289) 2025-04-23 15:07:10.257 [ERROR] database P0000010414 T0000000000000015352  Reached the max session limit. (290) 2025-04-23 14:45:01.185 [WARNING] database P0000010414 T0000000000000126115  socket_err_should_retry errno:104 (291) 2025-04-23 15:16:45.092 [FATAL] database P0000010414 T0000000000000010873  VTD_CMD_SYS_HALT (292) 2025-04-23 15:49:58.307 [INFO] database P0000079472 T0000000000000079472  info get from dcr disk, asm_host = localhost, asm_port = 1055164720, global_dcr_ep_host = , global_dcr_ep_port = 5236, global_dcr_css_host = 192.168.9.22, global_dcr_css_port = 91362752 (293) 2025-04-23 15:36:55.937 [INFO] database P0000060808 T0000000000000060808  os_asm_env_init success(dest host:localhost, dest port:9351), conn info: comm port:9351, host:localhost, port:9351 (294) 2025-04-23 15:27:27.308 [INFO] database P0000046902 T0000000000000046902  dmshm2_attach, success, shm id 294913 (295) 2025-04-23 15:11:12.952 [WARNING] database P0000010414 T0000000000000072352  socket_err_should_retry errno:104 (296) 2025-04-23 15:00:20.825 [ERROR] database P0000010414 T0000000000000015332  Reached the max session limit. (297) 2025-04-23 15:04:26.020 [WARNING] database P0000010414 T0000000000000080165  socket_err_should_retry errno:104 (298) 2025-04-23 14:53:03.044 [ERROR] database P0000010414 T0000000000000015308  Reached the max session limit. (299) 2025-04-23 15:04:25.545 [ERROR] database P0000010414 T0000000000000015312  Reached the max session limit. (300) 2025-04-23 15:28:37.935 [INFO] database P0000048633 T0000000000000048633  INI parameter DW_PORT changed, the original value 0, new value 4566 (301) 2025-04-23 15:32:11.222 [INFO] database P0000053877 T0000000000000053877  INI parameter DPC_2PC changed, the original value 1, new value 0 (302) 2025-04-23 15:53:32.152 [INFO] database P0000084718 T0000000000000084718  version info: enterprise (303) 2025-04-23 14:53:59.516 [ERROR] database P0000010414 T0000000000000015353  Reached the max session limit. (304) 2025-04-23 15:17:58.457 [INFO] database P0000032706 T0000000000000032706  info get from dcr disk, asm_host = localhost, asm_port = 1167375216, global_dcr_ep_host = , global_dcr_ep_port = 5236, global_dcr_css_host = 192.168.9.22, global_dcr_css_port = 91362752 (305) 2025-04-23 15:52:22.132 [INFO] database P0000082963 T0000000000000082963  dmshm2_attach, success, shm id 294913 (306) 2025-04-23 14:53:17.651 [ERROR] database P0000010414 T0000000000000015337  Reached the max session limit. (307) 2025-04-23 15:52:22.141 [INFO] database P0000082963 T0000000000000082963  version info: enterprise (308) 2025-04-23 14:50:04.170 [WARNING] database P0000010414 T0000000000000133540  socket_err_should_retry errno:104 (309) 2025-04-23 15:11:12.952 [WARNING] database P0000010414 T0000000000000069168  socket_err_should_retry errno:104 (310) 2025-04-23 15:25:04.999 [INFO] database P0000043419 T0000000000000043419  dmshm2_attach, success, shm id 294913 (311) 2025-04-23 15:47:35.765 [INFO] database P0000076042 T0000000000000076042  version info: enterprise (312) 2025-04-23 14:53:13.964 [ERROR] database P0000010414 T0000000000000015302  Reached the max session limit. (313) 2025-04-23 14:54:45.620 [ERROR] database P0000010414 T0000000000000015351  Reached the max session limit. (314) 2025-04-23 15:00:16.241 [ERROR] database P0000010414 T0000000000000015339  Reached the max session limit. (315) 2025-04-23 15:20:20.633 [INFO] database P0000036263 T0000000000000036263  os_asm_env_init success(dest host:localhost, dest port:9351), conn info: comm port:9351, host:localhost, port:9351 (316) 2025-04-23 15:32:11.535 [INFO] database P0000053877 T0000000000000053877  info get from dcr disk, asm_host = localhost, asm_port = -1909819136, global_dcr_ep_host = , global_dcr_ep_port = 5236, global_dcr_css_host = 192.168.9.22, global_dcr_css_port = 91362752 (317) 2025-04-23 15:31:00.469 [INFO] database P0000052077 T0000000000000052077  os_asm_env_init success(dest host:localhost, dest port:9351), conn info: comm port:9351, host:localhost, port:9351 (318) 2025-04-23 15:17:58.204 [INFO] database P0000032706 T0000000000000032706  INI parameter DW_PORT changed, the original value 0, new value 4566 (319) 2025-04-23 15:51:09.106 [INFO] database P0000081263 T0000000000000081263  version info: enterprise (320) 2025-04-23 15:47:35.450 [INFO] database P0000076042 T0000000000000076042  INI parameter DW_PORT changed, the original value 0, new value 4566 (321) 2025-04-23 14:54:20.919 [ERROR] database P0000010414 T0000000000000015346  Reached the max session limit. (322) 2025-04-23 15:12:29.704 [ERROR] database P0000010414 T0000000000000015326  Reached the max session limit. (323) 2025-04-23 15:06:41.873 [ERROR] database P0000010414 T0000000000000015301  Reached the max session limit. (324) 2025-04-23 15:36:55.936 [INFO] database P0000060808 T0000000000000060808  dmshm2_attach, success, shm id 294913 (325) 2025-04-23 15:52:22.133 [INFO] database P0000082963 T0000000000000082963  os_asm_env_init success(dest host:localhost, dest port:9351), conn info: comm port:9351, host:localhost, port:9351 (326) 2025-04-23 15:11:13.082 [ERROR] database P0000010414 T0000000000000015350  Reached the max session limit. (327) 2025-04-23 15:10:32.744 [WARNING] database P0000010414 T0000000000000126573  socket_err_should_retry errno:104","
(199, 1)
(200, 1)
(201, 0)
(202, 0)
(203, 1)
(204, 0)
(205, 1)
(206, 1)
(207, 0)
(208, 0)
(209, 0)
(210, 0)
(211, 0)
(212, 0)
(213, 0)
(214, 0)
(215, 1)
(216, 0)
(217, 0)
(218, 0)
(219, 0)
(220, 1)
(221, 0)
(222, 0)
(223, 1)
(224, 0)
(225, 0)
(226, 1)
(227, 0)
(228, 1)
(229, 1)
(230, 1)
(231, 0)
(232, 0)
(233, 0)
(234, 0)
(235, 1)
(236, 0)
(237, 1)
(238, 0)
(239, 0)
(240, 0)
(241, 1)
(242, 0)
(243, 1)
(244, 1)
(245, 0)
(246, 1)
(247, 1)
(248, 0)
(249, 0)
(250, 0)
(251, 1)
(252, 0)
(253, 0)
(254, 1)
(255, 1)
(256, 1)
(257, 1)
(258, 1)
(259, 1)
(260, 0)
(261, 0)
(262, 1)
(263, 0)
(264, 1)
(265, 0)","['(266) 2025-04-23 15:25:05.000 [INFO] database P0000043419 T0000000000000043419  os_asm_env_init success(dest host:localhost, dest port:9351), conn info: comm port:9351, host:localhost, port:9351', '(267) 2025-04-23 14:50:01.882 [WARNING] database P0000010414 T0000000000000135098  socket_err_should_retry errno:104', '(268) 2025-04-23 14:43:00.157 [INFO] database P0000010414 T0000000000000013572  checkpoint begin, used_space[33082880], free_space[8556843520]...', '(269) 2025-04-23 15:39:17.780 [INFO] database P0000064327 T0000000000000064327  INI parameter DPC_2PC changed, the original value 1, new value 0', '(270) 2025-04-23 14:57:52.311 [ERROR] database P0000010414 T0000000000000015346  Reached the max session limit.', '(271) 2025-04-23 15:29:49.309 [INFO] database P0000050345 T0000000000000050345  info get from dcr disk, asm_host = localhost, asm_port = 785222400, global_dcr_ep_host = , global_dcr_ep_port = 5236, global_dcr_css_host = 192.168.9.22, global_dcr_css_port = 91362752', '(272) 2025-04-23 15:15:31.463 [ERROR] database P0000010414 T0000000000000015336  Reached the max session limit.', '(273) 2025-04-23 15:45:14.261 [INFO] database P0000072676 T0000000000000072676  version info: enterprise', '(274) 2025-04-23 15:29:49.322 [INFO] database P0000050345 T0000000000000050345  os_asm_env_init success(dest host:localhost, dest port:9351), conn info: comm port:9351, host:localhost, port:9351', '(275) 2025-04-23 14:43:00.183 [INFO] database P0000010414 T0000000000000013572  ckpt2_log_adjust: full_status: 160, ptx_reserved: 0', '(276) 2025-04-23 15:33:22.586 [INFO] database P0000055615 T0000000000000055615  dmshm2_attach, success, shm id 294913', '(277) 2025-04-23 14:42:48.023 [INFO] database P0000010414 T0000000000000015249  checkpoint requested by CKPT_DIRTY_PAGES, rlog free space[8552856064], used space[37070336]', '(278) 2025-04-23 14:42:36.060 [INFO] database P0000010414 T0000000000000013572  ckpt2_log_adjust: ckpt_lsn(2826942164226), ckpt_fil(1), ckpt_off(219097600), cur_lsn(2826942313022), l_next_seq(46659481498), g_next_seq(46630684235), cur_free(251105792), total_space(8589926400), used_space(32008192), free_space(8557918208), n_ep(1)', '(279) 2025-04-23 15:04:26.150 [ERROR] database P0000010414 T0000000000000015343  Reached the max session limit.', '(280) 2025-04-23 14:42:59.204 [INFO] database P0000010414 T0000000000000013572  ckpt2_log_adjust: ckpt_lsn(2826942200438), ckpt_fil(1), ckpt_off(226969088), cur_lsn(2826942346072), l_next_seq(46659482256), g_next_seq(46630684993), cur_free(259532800), total_space(8589926400), used_space(32563712), free_space(8557362688), n_ep(1)', '(281) 2025-04-23 14:58:42.689 [ERROR] database P0000010414 T0000000000000015328  Reached the max session limit.', '(282) 2025-04-23 15:20:20.262 [INFO] database P0000036263 T0000000000000036263  INI parameter DW_PORT changed, the original value 0, new value 4566', '(283) 2025-04-23 15:59:26.765 [INFO] database P0000093438 T0000000000000093438  os_asm_env_init success(dest host:localhost, dest port:9351), conn info: comm port:9351, host:localhost, port:9351', '(284) 2025-04-23 15:58:15.233 [INFO] database P0000091708 T0000000000000091708  INI parameter DW_PORT changed, the original value 0, new value 4566', '(285) 2025-04-23 14:42:48.038 [INFO] database P0000010414 T0000000000000013572  ckpt2_log_adjust: full_status: 160, ptx_reserved: 0', '(286) 2025-04-23 14:42:59.186 [INFO] database P0000010414 T0000000000000013572  ckpt2_log_adjust: ckpt_lsn(2826942181083), ckpt_fil(1), ckpt_off(222162944), cur_lsn(2826942345304), l_next_seq(46659482240), g_next_seq(46630684977), cur_free(259026944), total_space(8589926400), used_space(37253120), free_space(8552673280), n_ep(1)', '(287) 2025-04-23 15:47:35.756 [INFO] database P0000076042 T0000000000000076042  dmshm2_attach, success, shm id 294913', '(288) 2025-04-23 15:33:22.587 [INFO] database P0000055615 T0000000000000055615  os_asm_env_init success(dest host:localhost, dest port:9351), conn info: comm port:9351, host:localhost, port:9351', '(289) 2025-04-23 15:07:10.257 [ERROR] database P0000010414 T0000000000000015352  Reached the max session limit.', '(290) 2025-04-23 14:45:01.185 [WARNING] database P0000010414 T0000000000000126115  socket_err_should_retry errno:104', '(291) 2025-04-23 15:16:45.092 [FATAL] database P0000010414 T0000000000000010873  VTD_CMD_SYS_HALT', '(292) 2025-04-23 15:49:58.307 [INFO] database P0000079472 T0000000000000079472  info get from dcr disk, asm_host = localhost, asm_port = 1055164720, global_dcr_ep_host = , global_dcr_ep_port = 5236, global_dcr_css_host = 192.168.9.22, global_dcr_css_port = 91362752', '(293) 2025-04-23 15:36:55.937 [INFO] database P0000060808 T0000000000000060808  os_asm_env_init success(dest host:localhost, dest port:9351), conn info: comm port:9351, host:localhost, port:9351', '(294) 2025-04-23 15:27:27.308 [INFO] database P0000046902 T0000000000000046902  dmshm2_attach, success, shm id 294913', '(295) 2025-04-23 15:11:12.952 [WARNING] database P0000010414 T0000000000000072352  socket_err_should_retry errno:104', '(296) 2025-04-23 15:00:20.825 [ERROR] database P0000010414 T0000000000000015332  Reached the max session limit.', '(297) 2025-04-23 15:04:26.020 [WARNING] database P0000010414 T0000000000000080165  socket_err_should_retry errno:104', '(298) 2025-04-23 14:53:03.044 [ERROR] database P0000010414 T0000000000000015308  Reached the max session limit.', '(299) 2025-04-23 15:04:25.545 [ERROR] database P0000010414 T0000000000000015312  Reached the max session limit.', '(300) 2025-04-23 15:28:37.935 [INFO] database P0000048633 T0000000000000048633  INI parameter DW_PORT changed, the original value 0, new value 4566', '(301) 2025-04-23 15:32:11.222 [INFO] database P0000053877 T0000000000000053877  INI parameter DPC_2PC changed, the original value 1, new value 0', '(302) 2025-04-23 15:53:32.152 [INFO] database P0000084718 T0000000000000084718  version info: enterprise', '(303) 2025-04-23 14:53:59.516 [ERROR] database P0000010414 T0000000000000015353  Reached the max session limit.', '(304) 2025-04-23 15:17:58.457 [INFO] database P0000032706 T0000000000000032706  info get from dcr disk, asm_host = localhost, asm_port = 1167375216, global_dcr_ep_host = , global_dcr_ep_port = 5236, global_dcr_css_host = 192.168.9.22, global_dcr_css_port = 91362752', '(305) 2025-04-23 15:52:22.132 [INFO] database P0000082963 T0000000000000082963  dmshm2_attach, success, shm id 294913', '(306) 2025-04-23 14:53:17.651 [ERROR] database P0000010414 T0000000000000015337  Reached the max session limit.', '(307) 2025-04-23 15:52:22.141 [INFO] database P0000082963 T0000000000000082963  version info: enterprise', '(308) 2025-04-23 14:50:04.170 [WARNING] database P0000010414 T0000000000000133540  socket_err_should_retry errno:104', '(309) 2025-04-23 15:11:12.952 [WARNING] database P0000010414 T0000000000000069168  socket_err_should_retry errno:104', '(310) 2025-04-23 15:25:04.999 [INFO] database P0000043419 T0000000000000043419  dmshm2_attach, success, shm id 294913', '(311) 2025-04-23 15:47:35.765 [INFO] database P0000076042 T0000000000000076042  version info: enterprise', '(312) 2025-04-23 14:53:13.964 [ERROR] database P0000010414 T0000000000000015302  Reached the max session limit.', '(313) 2025-04-23 14:54:45.620 [ERROR] database P0000010414 T0000000000000015351  Reached the max session limit.', '(314) 2025-04-23 15:00:16.241 [ERROR] database P0000010414 T0000000000000015339  Reached the max session limit.', '(315) 2025-04-23 15:20:20.633 [INFO] database P0000036263 T0000000000000036263  os_asm_env_init success(dest host:localhost, dest port:9351), conn info: comm port:9351, host:localhost, port:9351', '(316) 2025-04-23 15:32:11.535 [INFO] database P0000053877 T0000000000000053877  info get from dcr disk, asm_host = localhost, asm_port = -1909819136, global_dcr_ep_host = , global_dcr_ep_port = 5236, global_dcr_css_host = 192.168.9.22, global_dcr_css_port = 91362752', '(317) 2025-04-23 15:31:00.469 [INFO] database P0000052077 T0000000000000052077  os_asm_env_init success(dest host:localhost, dest port:9351), conn info: comm port:9351, host:localhost, port:9351', '(318) 2025-04-23 15:17:58.204 [INFO] database P0000032706 T0000000000000032706  INI parameter DW_PORT changed, the original value 0, new value 4566', '(319) 2025-04-23 15:51:09.106 [INFO] database P0000081263 T0000000000000081263  version info: enterprise', '(320) 2025-04-23 15:47:35.450 [INFO] database P0000076042 T0000000000000076042  INI parameter DW_PORT changed, the original value 0, new value 4566', '(321) 2025-04-23 14:54:20.919 [ERROR] database P0000010414 T0000000000000015346  Reached the max session limit.', '(322) 2025-04-23 15:12:29.704 [ERROR] database P0000010414 T0000000000000015326  Reached the max session limit.', '(323) 2025-04-23 15:06:41.873 [ERROR] database P0000010414 T0000000000000015301  Reached the max session limit.', '(324) 2025-04-23 15:36:55.936 [INFO] database P0000060808 T0000000000000060808  dmshm2_attach, success, shm id 294913', '(325) 2025-04-23 15:52:22.133 [INFO] database P0000082963 T0000000000000082963  os_asm_env_init success(dest host:localhost, dest port:9351), conn info: comm port:9351, host:localhost, port:9351', '(326) 2025-04-23 15:11:13.082 [ERROR] database P0000010414 T0000000000000015350  Reached the max session limit.', '(327) 2025-04-23 15:10:32.744 [WARNING] database P0000010414 T0000000000000126573  socket_err_should_retry errno:104']"
5,"You are a log anomaly classifier.

        You will be given a list of log entries, each with a unique index.  
        Your task is to determine whether each log is **abnormal (1)** or **normal (0)**.  
        Only output in the following format, without any extra explanation or comments.

        ## Output Format:
        (log_idx, status)

        ## Output Rules:
        - status must be 1 if the log entry indicates an error, failure, crash, or unusual behavior.
        - status must be 0 if the log entry is a normal operation or informational message.
        - Output **only** a list of tuples. No extra text or explanation.

        ## Input Logs:
         (328) 2025-04-23 15:22:42.694 [INFO] database P0000039800 T0000000000000039800  dmshm2_attach, success, shm id 294913 (329) 2025-04-23 15:57:04.145 [INFO] database P0000089970 T0000000000000089970  INI parameter DPC_2PC changed, the original value 1, new value 0 (330) 2025-04-23 15:42:51.680 [INFO] database P0000069304 T0000000000000069304  os_asm_env_init success(dest host:localhost, dest port:9351), conn info: comm port:9351, host:localhost, port:9351 (331) 2025-04-23 15:42:51.679 [INFO] database P0000069304 T0000000000000069304  dmshm2_attach, success, shm id 294913 (332) 2025-04-23 14:58:51.943 [ERROR] database P0000010414 T0000000000000015336  Reached the max session limit. (333) 2025-04-23 14:43:00.176 [INFO] database P0000010414 T0000000000000013572  ckpt2_log_adjust: full_status: 160, ptx_reserved: 0 (334) 2025-04-23 15:40:28.865 [INFO] database P0000066033 T0000000000000066033  INI parameter DW_PORT changed, the original value 0, new value 4566 (335) 2025-04-23 15:54:41.964 [INFO] database P0000086447 T0000000000000086447  INI parameter DW_PORT changed, the original value 0, new value 4566 (336) 2025-04-23 15:25:04.971 [INFO] database P0000043419 T0000000000000043419  info get from dcr disk, asm_host = localhost, asm_port = -495345360, global_dcr_ep_host = , global_dcr_ep_port = 5236, global_dcr_css_host = 192.168.9.22, global_dcr_css_port = 91362752 (337) 2025-04-23 15:55:53.057 [INFO] database P0000088185 T0000000000000088185  INI parameter DW_PORT changed, the original value 0, new value 4566 (338) 2025-04-23 14:59:25.388 [ERROR] database P0000010414 T0000000000000015346  Reached the max session limit. (339) 2025-04-23 14:57:44.007 [WARNING] database P0000010414 T0000000000000067486  socket_err_should_retry errno:104 (340) 2025-04-23 15:26:15.992 [INFO] database P0000045167 T0000000000000045167  dmshm2_attach, success, shm id 294913 (341) 2025-04-23 15:49:58.321 [INFO] database P0000079472 T0000000000000079472  os_asm_env_init success(dest host:localhost, dest port:9351), conn info: comm port:9351, host:localhost, port:9351 (342) 2025-04-23 15:36:55.607 [INFO] database P0000060808 T0000000000000060808  INI parameter DPC_2PC changed, the original value 1, new value 0 (343) 2025-04-23 15:46:24.907 [INFO] database P0000074366 T0000000000000074366  os_asm_env_init success(dest host:localhost, dest port:9351), conn info: comm port:9351, host:localhost, port:9351 (344) 2025-04-23 14:57:44.004 [WARNING] database P0000010414 T0000000000000067469  socket_err_should_retry errno:104 (345) 2025-04-23 15:04:26.022 [WARNING] database P0000010414 T0000000000000079836  socket_err_should_retry errno:104 (346) 2025-04-23 15:00:00.181 [ERROR] database P0000010414 T0000000000000015302  Reached the max session limit. (347) 2025-04-23 15:06:53.695 [ERROR] database P0000010414 T0000000000000015328  Reached the max session limit. (348) 2025-04-23 15:22:42.682 [INFO] database P0000039800 T0000000000000039800  info get from dcr disk, asm_host = localhost, asm_port = 115568496, global_dcr_ep_host = , global_dcr_ep_port = 5236, global_dcr_css_host = 192.168.9.22, global_dcr_css_port = 91362752 (349) 2025-04-23 15:27:27.317 [INFO] database P0000046902 T0000000000000046902  version info: enterprise (350) 2025-04-23 15:21:31.353 [INFO] database P0000038061 T0000000000000038061  INI parameter DW_PORT changed, the original value 0, new value 4566 (351) 2025-04-23 14:52:56.353 [ERROR] database P0000010414 T0000000000000015341  Reached the max session limit. (352) 2025-04-23 15:49:58.329 [INFO] database P0000079472 T0000000000000079472  version info: enterprise (353) 2025-04-23 15:51:09.098 [INFO] database P0000081263 T0000000000000081263  dmshm2_attach, success, shm id 294913 (354) 2025-04-23 15:04:51.975 [ERROR] database P0000010414 T0000000000000015319  Reached the max session limit. (355) 2025-04-23 14:57:44.135 [ERROR] database P0000010414 T0000000000000015299  Reached the max session limit. (356) 2025-04-23 15:38:06.953 [INFO] database P0000062613 T0000000000000062613  version info: enterprise (357) 2025-04-23 15:14:02.347 [ERROR] database P0000010414 T0000000000000015342  Reached the max session limit. (358) 2025-04-23 14:58:46.207 [ERROR] database P0000010414 T0000000000000015298  Reached the max session limit. (359) 2025-04-23 15:33:22.573 [INFO] database P0000055615 T0000000000000055615  info get from dcr disk, asm_host = localhost, asm_port = 57414032, global_dcr_ep_host = , global_dcr_ep_port = 5236, global_dcr_css_host = 192.168.9.22, global_dcr_css_port = 91362752 (360) 2025-04-23 15:19:09.586 [INFO] database P0000034512 T0000000000000034512  os_asm_env_init success(dest host:localhost, dest port:9351), conn info: comm port:9351, host:localhost, port:9351 (361) 2025-04-23 15:27:27.295 [INFO] database P0000046902 T0000000000000046902  info get from dcr disk, asm_host = localhost, asm_port = -1499177952, global_dcr_ep_host = , global_dcr_ep_port = 5236, global_dcr_css_host = 192.168.9.22, global_dcr_css_port = 91362752 (362) 2025-04-23 15:02:45.814 [ERROR] database P0000010414 T0000000000000015329  Reached the max session limit. (363) 2025-04-23 15:31:00.477 [INFO] database P0000052077 T0000000000000052077  version info: enterprise (364) 2025-04-23 15:19:09.593 [INFO] database P0000034512 T0000000000000034512  version info: enterprise (365) 2025-04-23 14:53:41.354 [ERROR] database P0000010414 T0000000000000015312  Reached the max session limit. (366) 2025-04-23 14:43:00.189 [INFO] database P0000010414 T0000000000000013572  ckpt2_log_adjust: full_status: 160, ptx_reserved: 0 (367) 2025-04-23 14:55:41.259 [ERROR] database P0000010414 T0000000000000015347  Reached the max session limit. (368) 2025-04-23 15:53:32.143 [INFO] database P0000084718 T0000000000000084718  dmshm2_attach, success, shm id 294913 (369) 2025-04-23 14:44:01.236 [WARNING] database P0000010414 T0000000000000124418  socket_err_should_retry errno:104 (370) 2025-04-23 14:55:10.864 [ERROR] database P0000010414 T0000000000000015348  Reached the max session limit. (371) 2025-04-23 15:48:47.049 [INFO] database P0000077779 T0000000000000077779  os_asm_env_init success(dest host:localhost, dest port:9351), conn info: comm port:9351, host:localhost, port:9351 (372) 2025-04-23 15:15:01.381 [ERROR] database P0000010414 T0000000000000015294  Reached the max session limit. (373) 2025-04-23 15:20:20.632 [INFO] database P0000036263 T0000000000000036263  dmshm2_attach, success, shm id 294913 (374) 2025-04-23 15:03:16.011 [ERROR] database P0000010414 T0000000000000015350  Reached the max session limit. (375) 2025-04-23 15:19:09.178 [INFO] database P0000034512 T0000000000000034512  INI parameter DW_PORT changed, the original value 0, new value 4566 (376) 2025-04-23 14:55:03.685 [ERROR] database P0000010414 T0000000000000015307  Reached the max session limit. (377) 2025-04-23 14:54:31.535 [ERROR] database P0000010414 T0000000000000015347  Reached the max session limit. (378) 2025-04-23 15:59:26.764 [INFO] database P0000093438 T0000000000000093438  dmshm2_attach, success, shm id 294913 (379) 2025-04-23 15:52:19.789 [INFO] database P0000082963 T0000000000000082963  INI parameter DPC_2PC changed, the original value 1, new value 0 (380) 2025-04-23 14:59:22.916 [ERROR] database P0000010414 T0000000000000015337  Reached the max session limit. (381) 2025-04-23 14:54:41.604 [ERROR] database P0000010414 T0000000000000015326  Reached the max session limit. (382) 2025-04-23 14:59:10.811 [ERROR] database P0000010414 T0000000000000015347  Reached the max session limit. (383) 2025-04-23 15:19:09.572 [INFO] database P0000034512 T0000000000000034512  info get from dcr disk, asm_host = localhost, asm_port = 934125424, global_dcr_ep_host = , global_dcr_ep_port = 5236, global_dcr_css_host = 192.168.9.22, global_dcr_css_port = 91362752 (384) 2025-04-23 14:42:48.038 [INFO] database P0000010414 T0000000000000013572  ckpt2_log_adjust: ckpt_lsn(2826942175456), ckpt_fil(1), ckpt_off(221043200), cur_lsn(2826942334025), l_next_seq(46659482236), g_next_seq(46630684973), cur_free(256176128), total_space(8589926400), used_space(35134464), free_space(8554791936), n_ep(1) (385) 2025-04-23 15:41:42.843 [INFO] database P0000067641 T0000000000000067641  os_asm_env_init success(dest host:localhost, dest port:9351), conn info: comm port:9351, host:localhost, port:9351 (386) 2025-04-23 15:22:42.703 [INFO] database P0000039800 T0000000000000039800  version info: enterprise (387) 2025-04-23 15:06:32.787 [ERROR] database P0000010414 T0000000000000015311  Reached the max session limit. (388) 2025-04-23 14:42:59.204 [INFO] database P0000010414 T0000000000000013572  ckpt2_log_adjust: full_status: 160, ptx_reserved: 0 (389) 2025-04-23 15:17:58.487 [INFO] database P0000032706 T0000000000000032706  version info: enterprise (390) 2025-04-23 15:45:14.239 [INFO] database P0000072676 T0000000000000072676  info get from dcr disk, asm_host = localhost, asm_port = -1605455696, global_dcr_ep_host = , global_dcr_ep_port = 5236, global_dcr_css_host = 192.168.9.22, global_dcr_css_port = 91362752 (391) 2025-04-23 15:09:09.182 [ERROR] database P0000010414 T0000000000000015302  Reached the max session limit. (392) 2025-04-23 15:10:16.604 [ERROR] database P0000010414 T0000000000000015310  Reached the max session limit.","
(456, 0)
(457, 0)
(458, 1)
(459, 0)
(460, 1)
(461, 0)
(462, 1)
(463, 0)
(464, 0)","['(328) 2025-04-23 15:22:42.694 [INFO] database P0000039800 T0000000000000039800  dmshm2_attach, success, shm id 294913', '(329) 2025-04-23 15:57:04.145 [INFO] database P0000089970 T0000000000000089970  INI parameter DPC_2PC changed, the original value 1, new value 0', '(330) 2025-04-23 15:42:51.680 [INFO] database P0000069304 T0000000000000069304  os_asm_env_init success(dest host:localhost, dest port:9351), conn info: comm port:9351, host:localhost, port:9351', '(331) 2025-04-23 15:42:51.679 [INFO] database P0000069304 T0000000000000069304  dmshm2_attach, success, shm id 294913', '(332) 2025-04-23 14:58:51.943 [ERROR] database P0000010414 T0000000000000015336  Reached the max session limit.', '(333) 2025-04-23 14:43:00.176 [INFO] database P0000010414 T0000000000000013572  ckpt2_log_adjust: full_status: 160, ptx_reserved: 0', '(334) 2025-04-23 15:40:28.865 [INFO] database P0000066033 T0000000000000066033  INI parameter DW_PORT changed, the original value 0, new value 4566', '(335) 2025-04-23 15:54:41.964 [INFO] database P0000086447 T0000000000000086447  INI parameter DW_PORT changed, the original value 0, new value 4566', '(336) 2025-04-23 15:25:04.971 [INFO] database P0000043419 T0000000000000043419  info get from dcr disk, asm_host = localhost, asm_port = -495345360, global_dcr_ep_host = , global_dcr_ep_port = 5236, global_dcr_css_host = 192.168.9.22, global_dcr_css_port = 91362752', '(337) 2025-04-23 15:55:53.057 [INFO] database P0000088185 T0000000000000088185  INI parameter DW_PORT changed, the original value 0, new value 4566', '(338) 2025-04-23 14:59:25.388 [ERROR] database P0000010414 T0000000000000015346  Reached the max session limit.', '(339) 2025-04-23 14:57:44.007 [WARNING] database P0000010414 T0000000000000067486  socket_err_should_retry errno:104', '(340) 2025-04-23 15:26:15.992 [INFO] database P0000045167 T0000000000000045167  dmshm2_attach, success, shm id 294913', '(341) 2025-04-23 15:49:58.321 [INFO] database P0000079472 T0000000000000079472  os_asm_env_init success(dest host:localhost, dest port:9351), conn info: comm port:9351, host:localhost, port:9351', '(342) 2025-04-23 15:36:55.607 [INFO] database P0000060808 T0000000000000060808  INI parameter DPC_2PC changed, the original value 1, new value 0', '(343) 2025-04-23 15:46:24.907 [INFO] database P0000074366 T0000000000000074366  os_asm_env_init success(dest host:localhost, dest port:9351), conn info: comm port:9351, host:localhost, port:9351', '(344) 2025-04-23 14:57:44.004 [WARNING] database P0000010414 T0000000000000067469  socket_err_should_retry errno:104', '(345) 2025-04-23 15:04:26.022 [WARNING] database P0000010414 T0000000000000079836  socket_err_should_retry errno:104', '(346) 2025-04-23 15:00:00.181 [ERROR] database P0000010414 T0000000000000015302  Reached the max session limit.', '(347) 2025-04-23 15:06:53.695 [ERROR] database P0000010414 T0000000000000015328  Reached the max session limit.', '(348) 2025-04-23 15:22:42.682 [INFO] database P0000039800 T0000000000000039800  info get from dcr disk, asm_host = localhost, asm_port = 115568496, global_dcr_ep_host = , global_dcr_ep_port = 5236, global_dcr_css_host = 192.168.9.22, global_dcr_css_port = 91362752', '(349) 2025-04-23 15:27:27.317 [INFO] database P0000046902 T0000000000000046902  version info: enterprise', '(350) 2025-04-23 15:21:31.353 [INFO] database P0000038061 T0000000000000038061  INI parameter DW_PORT changed, the original value 0, new value 4566', '(351) 2025-04-23 14:52:56.353 [ERROR] database P0000010414 T0000000000000015341  Reached the max session limit.', '(352) 2025-04-23 15:49:58.329 [INFO] database P0000079472 T0000000000000079472  version info: enterprise', '(353) 2025-04-23 15:51:09.098 [INFO] database P0000081263 T0000000000000081263  dmshm2_attach, success, shm id 294913', '(354) 2025-04-23 15:04:51.975 [ERROR] database P0000010414 T0000000000000015319  Reached the max session limit.', '(355) 2025-04-23 14:57:44.135 [ERROR] database P0000010414 T0000000000000015299  Reached the max session limit.', '(356) 2025-04-23 15:38:06.953 [INFO] database P0000062613 T0000000000000062613  version info: enterprise', '(357) 2025-04-23 15:14:02.347 [ERROR] database P0000010414 T0000000000000015342  Reached the max session limit.', '(358) 2025-04-23 14:58:46.207 [ERROR] database P0000010414 T0000000000000015298  Reached the max session limit.', '(359) 2025-04-23 15:33:22.573 [INFO] database P0000055615 T0000000000000055615  info get from dcr disk, asm_host = localhost, asm_port = 57414032, global_dcr_ep_host = , global_dcr_ep_port = 5236, global_dcr_css_host = 192.168.9.22, global_dcr_css_port = 91362752', '(360) 2025-04-23 15:19:09.586 [INFO] database P0000034512 T0000000000000034512  os_asm_env_init success(dest host:localhost, dest port:9351), conn info: comm port:9351, host:localhost, port:9351', '(361) 2025-04-23 15:27:27.295 [INFO] database P0000046902 T0000000000000046902  info get from dcr disk, asm_host = localhost, asm_port = -1499177952, global_dcr_ep_host = , global_dcr_ep_port = 5236, global_dcr_css_host = 192.168.9.22, global_dcr_css_port = 91362752', '(362) 2025-04-23 15:02:45.814 [ERROR] database P0000010414 T0000000000000015329  Reached the max session limit.', '(363) 2025-04-23 15:31:00.477 [INFO] database P0000052077 T0000000000000052077  version info: enterprise', '(364) 2025-04-23 15:19:09.593 [INFO] database P0000034512 T0000000000000034512  version info: enterprise', '(365) 2025-04-23 14:53:41.354 [ERROR] database P0000010414 T0000000000000015312  Reached the max session limit.', '(366) 2025-04-23 14:43:00.189 [INFO] database P0000010414 T0000000000000013572  ckpt2_log_adjust: full_status: 160, ptx_reserved: 0', '(367) 2025-04-23 14:55:41.259 [ERROR] database P0000010414 T0000000000000015347  Reached the max session limit.', '(368) 2025-04-23 15:53:32.143 [INFO] database P0000084718 T0000000000000084718  dmshm2_attach, success, shm id 294913', '(369) 2025-04-23 14:44:01.236 [WARNING] database P0000010414 T0000000000000124418  socket_err_should_retry errno:104', '(370) 2025-04-23 14:55:10.864 [ERROR] database P0000010414 T0000000000000015348  Reached the max session limit.', '(371) 2025-04-23 15:48:47.049 [INFO] database P0000077779 T0000000000000077779  os_asm_env_init success(dest host:localhost, dest port:9351), conn info: comm port:9351, host:localhost, port:9351', '(372) 2025-04-23 15:15:01.381 [ERROR] database P0000010414 T0000000000000015294  Reached the max session limit.', '(373) 2025-04-23 15:20:20.632 [INFO] database P0000036263 T0000000000000036263  dmshm2_attach, success, shm id 294913', '(374) 2025-04-23 15:03:16.011 [ERROR] database P0000010414 T0000000000000015350  Reached the max session limit.', '(375) 2025-04-23 15:19:09.178 [INFO] database P0000034512 T0000000000000034512  INI parameter DW_PORT changed, the original value 0, new value 4566', '(376) 2025-04-23 14:55:03.685 [ERROR] database P0000010414 T0000000000000015307  Reached the max session limit.', '(377) 2025-04-23 14:54:31.535 [ERROR] database P0000010414 T0000000000000015347  Reached the max session limit.', '(378) 2025-04-23 15:59:26.764 [INFO] database P0000093438 T0000000000000093438  dmshm2_attach, success, shm id 294913', '(379) 2025-04-23 15:52:19.789 [INFO] database P0000082963 T0000000000000082963  INI parameter DPC_2PC changed, the original value 1, new value 0', '(380) 2025-04-23 14:59:22.916 [ERROR] database P0000010414 T0000000000000015337  Reached the max session limit.', '(381) 2025-04-23 14:54:41.604 [ERROR] database P0000010414 T0000000000000015326  Reached the max session limit.', '(382) 2025-04-23 14:59:10.811 [ERROR] database P0000010414 T0000000000000015347  Reached the max session limit.', '(383) 2025-04-23 15:19:09.572 [INFO] database P0000034512 T0000000000000034512  info get from dcr disk, asm_host = localhost, asm_port = 934125424, global_dcr_ep_host = , global_dcr_ep_port = 5236, global_dcr_css_host = 192.168.9.22, global_dcr_css_port = 91362752', '(384) 2025-04-23 14:42:48.038 [INFO] database P0000010414 T0000000000000013572  ckpt2_log_adjust: ckpt_lsn(2826942175456), ckpt_fil(1), ckpt_off(221043200), cur_lsn(2826942334025), l_next_seq(46659482236), g_next_seq(46630684973), cur_free(256176128), total_space(8589926400), used_space(35134464), free_space(8554791936), n_ep(1)', '(385) 2025-04-23 15:41:42.843 [INFO] database P0000067641 T0000000000000067641  os_asm_env_init success(dest host:localhost, dest port:9351), conn info: comm port:9351, host:localhost, port:9351', '(386) 2025-04-23 15:22:42.703 [INFO] database P0000039800 T0000000000000039800  version info: enterprise', '(387) 2025-04-23 15:06:32.787 [ERROR] database P0000010414 T0000000000000015311  Reached the max session limit.', '(388) 2025-04-23 14:42:59.204 [INFO] database P0000010414 T0000000000000013572  ckpt2_log_adjust: full_status: 160, ptx_reserved: 0', '(389) 2025-04-23 15:17:58.487 [INFO] database P0000032706 T0000000000000032706  version info: enterprise', '(390) 2025-04-23 15:45:14.239 [INFO] database P0000072676 T0000000000000072676  info get from dcr disk, asm_host = localhost, asm_port = -1605455696, global_dcr_ep_host = , global_dcr_ep_port = 5236, global_dcr_css_host = 192.168.9.22, global_dcr_css_port = 91362752', '(391) 2025-04-23 15:09:09.182 [ERROR] database P0000010414 T0000000000000015302  Reached the max session limit.', '(392) 2025-04-23 15:10:16.604 [ERROR] database P0000010414 T0000000000000015310  Reached the max session limit.']"
6,"You are a log anomaly classifier.

        You will be given a list of log entries, each with a unique index.  
        Your task is to determine whether each log is **abnormal (1)** or **normal (0)**.  
        Only output in the following format, without any extra explanation or comments.

        ## Output Format:
        (log_idx, status)

        ## Output Rules:
        - status must be 1 if the log entry indicates an error, failure, crash, or unusual behavior.
        - status must be 0 if the log entry is a normal operation or informational message.
        - Output **only** a list of tuples. No extra text or explanation.

        ## Input Logs:
         (393) 2025-04-23 14:42:59.213 [INFO] database P0000010414 T0000000000000013572  checkpoint end, 951 pages flushed, used_space[32737280], free_space[8557189120]. (394) 2025-04-23 15:21:31.357 [INFO] database P0000038061 T0000000000000038061  INI parameter DPC_2PC changed, the original value 1, new value 0 (395) 2025-04-23 15:28:38.281 [INFO] database P0000048633 T0000000000000048633  version info: enterprise (396) 2025-04-23 15:41:40.701 [INFO] database P0000067641 T0000000000000067641  INI parameter DPC_2PC changed, the original value 1, new value 0 (397) 2025-04-23 15:05:56.986 [ERROR] database P0000010414 T0000000000000015354  Reached the max session limit. (398) 2025-04-23 15:45:13.251 [INFO] database P0000072676 T0000000000000072676  INI parameter DW_PORT changed, the original value 0, new value 4566 (399) 2025-04-23 15:11:09.164 [ERROR] database P0000010414 T0000000000000015319  Reached the max session limit. (400) 2025-04-23 15:52:19.786 [INFO] database P0000082963 T0000000000000082963  INI parameter DW_PORT changed, the original value 0, new value 4566 (401) 2025-04-23 15:42:51.064 [INFO] database P0000069304 T0000000000000069304  INI parameter DPC_2PC changed, the original value 1, new value 0 (402) 2025-04-23 15:58:15.236 [INFO] database P0000091708 T0000000000000091708  INI parameter DPC_2PC changed, the original value 1, new value 0 (403) 2025-04-23 14:46:01.127 [WARNING] database P0000010414 T0000000000000127812  socket_err_should_retry errno:104 (404) 2025-04-23 14:43:31.161 [WARNING] database P0000010414 T0000000000000015201  Get svr info time used:31 (405) 2025-04-23 15:45:13.254 [INFO] database P0000072676 T0000000000000072676  INI parameter DPC_2PC changed, the original value 1, new value 0 (406) 2025-04-23 15:39:18.037 [INFO] database P0000064327 T0000000000000064327  version info: enterprise (407) 2025-04-23 14:43:00.190 [INFO] database P0000010414 T0000000000000013572  ckpt2_log_adjust: ckpt_lsn(2826942206355), ckpt_fil(1), ckpt_off(228001792), cur_lsn(2826942351158), l_next_seq(46659482377), g_next_seq(46630685114), cur_free(260260864), total_space(8589926400), used_space(32259072), free_space(8557667328), n_ep(1) (408) 2025-04-23 15:22:42.443 [INFO] database P0000039800 T0000000000000039800  INI parameter DW_PORT changed, the original value 0, new value 4566 (409) 2025-04-23 15:58:15.702 [INFO] database P0000091708 T0000000000000091708  info get from dcr disk, asm_host = localhost, asm_port = 1974518400, global_dcr_ep_host = , global_dcr_ep_port = 5236, global_dcr_css_host = 192.168.9.22, global_dcr_css_port = 91362752 (410) 2025-04-23 15:48:46.510 [INFO] database P0000077779 T0000000000000077779  INI parameter DW_PORT changed, the original value 0, new value 4566 (411) 2025-04-23 15:49:57.597 [INFO] database P0000079472 T0000000000000079472  INI parameter DW_PORT changed, the original value 0, new value 4566 (412) 2025-04-23 15:04:50.324 [ERROR] database P0000010414 T0000000000000015329  Reached the max session limit. (413) 2025-04-23 15:00:16.898 [ERROR] database P0000010414 T0000000000000015316  Reached the max session limit. (414) 2025-04-23 15:00:47.834 [WARNING] database P0000010414 T0000000000000130910  socket_err_should_retry errno:104 (415) 2025-04-23 15:38:06.945 [INFO] database P0000062613 T0000000000000062613  os_asm_env_init success(dest host:localhost, dest port:9351), conn info: comm port:9351, host:localhost, port:9351 (416) 2025-04-23 14:57:57.995 [ERROR] database P0000010414 T0000000000000015326  Reached the max session limit. (417) 2025-04-23 15:07:27.575 [ERROR] database P0000010414 T0000000000000015339  Reached the max session limit. (418) 2025-04-23 15:44:02.630 [INFO] database P0000070934 T0000000000000070934  os_asm_env_init success(dest host:localhost, dest port:9351), conn info: comm port:9351, host:localhost, port:9351 (419) 2025-04-23 15:48:47.035 [INFO] database P0000077779 T0000000000000077779  info get from dcr disk, asm_host = localhost, asm_port = -60361776, global_dcr_ep_host = , global_dcr_ep_port = 5236, global_dcr_css_host = 192.168.9.22, global_dcr_css_port = 91362752 (420) 2025-04-23 14:43:00.168 [INFO] database P0000010414 T0000000000000013572  ckpt2_log_adjust: ckpt_lsn(2826942202067), ckpt_fil(1), ckpt_off(227298304), cur_lsn(2826942348090), l_next_seq(46659482374), g_next_seq(46630685111), cur_free(260064256), total_space(8589926400), used_space(32765952), free_space(8557160448), n_ep(1) (421) 2025-04-23 14:59:47.357 [ERROR] database P0000010414 T0000000000000015303  Reached the max session limit. (422) 2025-04-23 15:01:46.393 [ERROR] database P0000010414 T0000000000000015322  Reached the max session limit. (423) 2025-04-23 15:54:42.257 [INFO] database P0000086447 T0000000000000086447  info get from dcr disk, asm_host = localhost, asm_port = -632488800, global_dcr_ep_host = , global_dcr_ep_port = 5236, global_dcr_css_host = 192.168.9.22, global_dcr_css_port = 91362752 (424) 2025-04-23 15:17:58.479 [INFO] database P0000032706 T0000000000000032706  dmshm2_attach, success, shm id 294913 (425) 2025-04-23 14:53:42.091 [ERROR] database P0000010414 T0000000000000015335  Reached the max session limit. (426) 2025-04-23 14:55:03.044 [ERROR] database P0000010414 T0000000000000015354  Reached the max session limit. (427) 2025-04-23 15:44:02.616 [INFO] database P0000070934 T0000000000000070934  info get from dcr disk, asm_host = localhost, asm_port = -1934299008, global_dcr_ep_host = , global_dcr_ep_port = 5236, global_dcr_css_host = 192.168.9.22, global_dcr_css_port = 91362752 (428) 2025-04-23 15:12:23.733 [ERROR] database P0000010414 T0000000000000015316  Reached the max session limit. (429) 2025-04-23 15:21:31.609 [INFO] database P0000038061 T0000000000000038061  os_asm_env_init success(dest host:localhost, dest port:9351), conn info: comm port:9351, host:localhost, port:9351 (430) 2025-04-23 14:59:48.106 [ERROR] database P0000010414 T0000000000000015335  Reached the max session limit. (431) 2025-04-23 14:56:24.826 [ERROR] database P0000010414 T0000000000000015344  Reached the max session limit. (432) 2025-04-23 15:59:26.772 [INFO] database P0000093438 T0000000000000093438  version info: enterprise (433) 2025-04-23 14:43:00.168 [INFO] database P0000010414 T0000000000000013572  ckpt2_log_adjust: full_status: 160, ptx_reserved: 0 (434) 2025-04-23 14:48:09.610 [WARNING] database P0000010414 T0000000000000131641  socket_err_should_retry errno:38 (435) 2025-04-23 15:40:29.256 [INFO] database P0000066033 T0000000000000066033  version info: enterprise (436) 2025-04-23 15:55:54.132 [INFO] database P0000088185 T0000000000000088185  os_asm_env_init success(dest host:localhost, dest port:9351), conn info: comm port:9351, host:localhost, port:9351 (437) 2025-04-23 14:57:07.315 [ERROR] database P0000010414 T0000000000000015354  Reached the max session limit. (438) 2025-04-23 15:21:31.608 [INFO] database P0000038061 T0000000000000038061  dmshm2_attach, success, shm id 294913 (439) 2025-04-23 14:55:19.094 [ERROR] database P0000010414 T0000000000000015337  Reached the max session limit. (440) 2025-04-23 15:25:04.656 [INFO] database P0000043419 T0000000000000043419  INI parameter DPC_2PC changed, the original value 1, new value 0 (441) 2025-04-23 15:16:45.092 [INFO] database P0000010414 T0000000000000010873  total 3 rfil opened! (442) 2025-04-23 15:10:32.740 [WARNING] database P0000010414 T0000000000000124796  socket_err_should_retry errno:104 (443) 2025-04-23 15:06:49.328 [ERROR] database P0000010414 T0000000000000015309  Reached the max session limit. (444) 2025-04-23 15:48:46.513 [INFO] database P0000077779 T0000000000000077779  INI parameter DPC_2PC changed, the original value 1, new value 0 (445) 2025-04-23 15:55:54.140 [INFO] database P0000088185 T0000000000000088185  version info: enterprise (446) 2025-04-23 15:42:51.666 [INFO] database P0000069304 T0000000000000069304  info get from dcr disk, asm_host = localhost, asm_port = 959175536, global_dcr_ep_host = , global_dcr_ep_port = 5236, global_dcr_css_host = 192.168.9.22, global_dcr_css_port = 91362752 (447) 2025-04-23 15:32:11.219 [INFO] database P0000053877 T0000000000000053877  INI parameter DW_PORT changed, the original value 0, new value 4566 (448) 2025-04-23 15:27:26.851 [INFO] database P0000046902 T0000000000000046902  INI parameter DPC_2PC changed, the original value 1, new value 0 (449) 2025-04-23 15:45:14.252 [INFO] database P0000072676 T0000000000000072676  dmshm2_attach, success, shm id 294913 (450) 2025-04-23 14:55:10.806 [WARNING] database P0000010414 T0000000000000131677  socket_err_should_retry errno:104 (451) 2025-04-23 15:44:02.629 [INFO] database P0000070934 T0000000000000070934  dmshm2_attach, success, shm id 294913 (452) 2025-04-23 15:15:52.046 [ERROR] database P0000010414 T0000000000000015357  Reached the max session limit. (453) 2025-04-23 15:27:26.848 [INFO] database P0000046902 T0000000000000046902  INI parameter DW_PORT changed, the original value 0, new value 4566 (454) 2025-04-23 15:11:12.952 [WARNING] database P0000010414 T0000000000000082807  socket_err_should_retry errno:104 (455) 2025-04-23 15:49:58.320 [INFO] database P0000079472 T0000000000000079472  dmshm2_attach, success, shm id 294913","
(328, 0)
(329, 0)
(330, 0)
(331, 0)
(332, 1)
(333, 0)
(334, 0)
(335, 0)
(336, 0)
(337, 0)
(338, 1)
(339, 1)
(340, 0)
(341, 0)
(342, 0)
(343, 0)
(344, 1)
(345, 1)
(346, 1)
(347, 1)
(348, 0)
(349, 0)
(350, 0)
(351, 1)
(352, 0)
(353, 0)
(354, 1)
(355, 1)
(356, 0)
(357, 1)
(358, 1)
(359, 0)
(360, 0)
(361, 0)
(362, 1)
(363, 0)
(364, 0)
(365, 1)
(366, 0)
(367, 1)
(368, 0)
(369, 1)
(370, 1)
(371, 0)
(372, 1)
(373, 0)
(374, 1)
(375, 0)
(376, 1)
(377, 1)
(378, 0)
(379, 0)
(380, 1)
(381, 1)
(382, 1)
(383, 0)
(384, 0)
(385, 0)
(386, 0)
(387, 1)
(388, 0)
(389, 0)
(390, 0)
(391, 1)
(392, 1)","['(393) 2025-04-23 14:42:59.213 [INFO] database P0000010414 T0000000000000013572  checkpoint end, 951 pages flushed, used_space[32737280], free_space[8557189120].', '(394) 2025-04-23 15:21:31.357 [INFO] database P0000038061 T0000000000000038061  INI parameter DPC_2PC changed, the original value 1, new value 0', '(395) 2025-04-23 15:28:38.281 [INFO] database P0000048633 T0000000000000048633  version info: enterprise', '(396) 2025-04-23 15:41:40.701 [INFO] database P0000067641 T0000000000000067641  INI parameter DPC_2PC changed, the original value 1, new value 0', '(397) 2025-04-23 15:05:56.986 [ERROR] database P0000010414 T0000000000000015354  Reached the max session limit.', '(398) 2025-04-23 15:45:13.251 [INFO] database P0000072676 T0000000000000072676  INI parameter DW_PORT changed, the original value 0, new value 4566', '(399) 2025-04-23 15:11:09.164 [ERROR] database P0000010414 T0000000000000015319  Reached the max session limit.', '(400) 2025-04-23 15:52:19.786 [INFO] database P0000082963 T0000000000000082963  INI parameter DW_PORT changed, the original value 0, new value 4566', '(401) 2025-04-23 15:42:51.064 [INFO] database P0000069304 T0000000000000069304  INI parameter DPC_2PC changed, the original value 1, new value 0', '(402) 2025-04-23 15:58:15.236 [INFO] database P0000091708 T0000000000000091708  INI parameter DPC_2PC changed, the original value 1, new value 0', '(403) 2025-04-23 14:46:01.127 [WARNING] database P0000010414 T0000000000000127812  socket_err_should_retry errno:104', '(404) 2025-04-23 14:43:31.161 [WARNING] database P0000010414 T0000000000000015201  Get svr info time used:31', '(405) 2025-04-23 15:45:13.254 [INFO] database P0000072676 T0000000000000072676  INI parameter DPC_2PC changed, the original value 1, new value 0', '(406) 2025-04-23 15:39:18.037 [INFO] database P0000064327 T0000000000000064327  version info: enterprise', '(407) 2025-04-23 14:43:00.190 [INFO] database P0000010414 T0000000000000013572  ckpt2_log_adjust: ckpt_lsn(2826942206355), ckpt_fil(1), ckpt_off(228001792), cur_lsn(2826942351158), l_next_seq(46659482377), g_next_seq(46630685114), cur_free(260260864), total_space(8589926400), used_space(32259072), free_space(8557667328), n_ep(1)', '(408) 2025-04-23 15:22:42.443 [INFO] database P0000039800 T0000000000000039800  INI parameter DW_PORT changed, the original value 0, new value 4566', '(409) 2025-04-23 15:58:15.702 [INFO] database P0000091708 T0000000000000091708  info get from dcr disk, asm_host = localhost, asm_port = 1974518400, global_dcr_ep_host = , global_dcr_ep_port = 5236, global_dcr_css_host = 192.168.9.22, global_dcr_css_port = 91362752', '(410) 2025-04-23 15:48:46.510 [INFO] database P0000077779 T0000000000000077779  INI parameter DW_PORT changed, the original value 0, new value 4566', '(411) 2025-04-23 15:49:57.597 [INFO] database P0000079472 T0000000000000079472  INI parameter DW_PORT changed, the original value 0, new value 4566', '(412) 2025-04-23 15:04:50.324 [ERROR] database P0000010414 T0000000000000015329  Reached the max session limit.', '(413) 2025-04-23 15:00:16.898 [ERROR] database P0000010414 T0000000000000015316  Reached the max session limit.', '(414) 2025-04-23 15:00:47.834 [WARNING] database P0000010414 T0000000000000130910  socket_err_should_retry errno:104', '(415) 2025-04-23 15:38:06.945 [INFO] database P0000062613 T0000000000000062613  os_asm_env_init success(dest host:localhost, dest port:9351), conn info: comm port:9351, host:localhost, port:9351', '(416) 2025-04-23 14:57:57.995 [ERROR] database P0000010414 T0000000000000015326  Reached the max session limit.', '(417) 2025-04-23 15:07:27.575 [ERROR] database P0000010414 T0000000000000015339  Reached the max session limit.', '(418) 2025-04-23 15:44:02.630 [INFO] database P0000070934 T0000000000000070934  os_asm_env_init success(dest host:localhost, dest port:9351), conn info: comm port:9351, host:localhost, port:9351', '(419) 2025-04-23 15:48:47.035 [INFO] database P0000077779 T0000000000000077779  info get from dcr disk, asm_host = localhost, asm_port = -60361776, global_dcr_ep_host = , global_dcr_ep_port = 5236, global_dcr_css_host = 192.168.9.22, global_dcr_css_port = 91362752', '(420) 2025-04-23 14:43:00.168 [INFO] database P0000010414 T0000000000000013572  ckpt2_log_adjust: ckpt_lsn(2826942202067), ckpt_fil(1), ckpt_off(227298304), cur_lsn(2826942348090), l_next_seq(46659482374), g_next_seq(46630685111), cur_free(260064256), total_space(8589926400), used_space(32765952), free_space(8557160448), n_ep(1)', '(421) 2025-04-23 14:59:47.357 [ERROR] database P0000010414 T0000000000000015303  Reached the max session limit.', '(422) 2025-04-23 15:01:46.393 [ERROR] database P0000010414 T0000000000000015322  Reached the max session limit.', '(423) 2025-04-23 15:54:42.257 [INFO] database P0000086447 T0000000000000086447  info get from dcr disk, asm_host = localhost, asm_port = -632488800, global_dcr_ep_host = , global_dcr_ep_port = 5236, global_dcr_css_host = 192.168.9.22, global_dcr_css_port = 91362752', '(424) 2025-04-23 15:17:58.479 [INFO] database P0000032706 T0000000000000032706  dmshm2_attach, success, shm id 294913', '(425) 2025-04-23 14:53:42.091 [ERROR] database P0000010414 T0000000000000015335  Reached the max session limit.', '(426) 2025-04-23 14:55:03.044 [ERROR] database P0000010414 T0000000000000015354  Reached the max session limit.', '(427) 2025-04-23 15:44:02.616 [INFO] database P0000070934 T0000000000000070934  info get from dcr disk, asm_host = localhost, asm_port = -1934299008, global_dcr_ep_host = , global_dcr_ep_port = 5236, global_dcr_css_host = 192.168.9.22, global_dcr_css_port = 91362752', '(428) 2025-04-23 15:12:23.733 [ERROR] database P0000010414 T0000000000000015316  Reached the max session limit.', '(429) 2025-04-23 15:21:31.609 [INFO] database P0000038061 T0000000000000038061  os_asm_env_init success(dest host:localhost, dest port:9351), conn info: comm port:9351, host:localhost, port:9351', '(430) 2025-04-23 14:59:48.106 [ERROR] database P0000010414 T0000000000000015335  Reached the max session limit.', '(431) 2025-04-23 14:56:24.826 [ERROR] database P0000010414 T0000000000000015344  Reached the max session limit.', '(432) 2025-04-23 15:59:26.772 [INFO] database P0000093438 T0000000000000093438  version info: enterprise', '(433) 2025-04-23 14:43:00.168 [INFO] database P0000010414 T0000000000000013572  ckpt2_log_adjust: full_status: 160, ptx_reserved: 0', '(434) 2025-04-23 14:48:09.610 [WARNING] database P0000010414 T0000000000000131641  socket_err_should_retry errno:38', '(435) 2025-04-23 15:40:29.256 [INFO] database P0000066033 T0000000000000066033  version info: enterprise', '(436) 2025-04-23 15:55:54.132 [INFO] database P0000088185 T0000000000000088185  os_asm_env_init success(dest host:localhost, dest port:9351), conn info: comm port:9351, host:localhost, port:9351', '(437) 2025-04-23 14:57:07.315 [ERROR] database P0000010414 T0000000000000015354  Reached the max session limit.', '(438) 2025-04-23 15:21:31.608 [INFO] database P0000038061 T0000000000000038061  dmshm2_attach, success, shm id 294913', '(439) 2025-04-23 14:55:19.094 [ERROR] database P0000010414 T0000000000000015337  Reached the max session limit.', '(440) 2025-04-23 15:25:04.656 [INFO] database P0000043419 T0000000000000043419  INI parameter DPC_2PC changed, the original value 1, new value 0', '(441) 2025-04-23 15:16:45.092 [INFO] database P0000010414 T0000000000000010873  total 3 rfil opened!', '(442) 2025-04-23 15:10:32.740 [WARNING] database P0000010414 T0000000000000124796  socket_err_should_retry errno:104', '(443) 2025-04-23 15:06:49.328 [ERROR] database P0000010414 T0000000000000015309  Reached the max session limit.', '(444) 2025-04-23 15:48:46.513 [INFO] database P0000077779 T0000000000000077779  INI parameter DPC_2PC changed, the original value 1, new value 0', '(445) 2025-04-23 15:55:54.140 [INFO] database P0000088185 T0000000000000088185  version info: enterprise', '(446) 2025-04-23 15:42:51.666 [INFO] database P0000069304 T0000000000000069304  info get from dcr disk, asm_host = localhost, asm_port = 959175536, global_dcr_ep_host = , global_dcr_ep_port = 5236, global_dcr_css_host = 192.168.9.22, global_dcr_css_port = 91362752', '(447) 2025-04-23 15:32:11.219 [INFO] database P0000053877 T0000000000000053877  INI parameter DW_PORT changed, the original value 0, new value 4566', '(448) 2025-04-23 15:27:26.851 [INFO] database P0000046902 T0000000000000046902  INI parameter DPC_2PC changed, the original value 1, new value 0', '(449) 2025-04-23 15:45:14.252 [INFO] database P0000072676 T0000000000000072676  dmshm2_attach, success, shm id 294913', '(450) 2025-04-23 14:55:10.806 [WARNING] database P0000010414 T0000000000000131677  socket_err_should_retry errno:104', '(451) 2025-04-23 15:44:02.629 [INFO] database P0000070934 T0000000000000070934  dmshm2_attach, success, shm id 294913', '(452) 2025-04-23 15:15:52.046 [ERROR] database P0000010414 T0000000000000015357  Reached the max session limit.', '(453) 2025-04-23 15:27:26.848 [INFO] database P0000046902 T0000000000000046902  INI parameter DW_PORT changed, the original value 0, new value 4566', '(454) 2025-04-23 15:11:12.952 [WARNING] database P0000010414 T0000000000000082807  socket_err_should_retry errno:104', '(455) 2025-04-23 15:49:58.320 [INFO] database P0000079472 T0000000000000079472  dmshm2_attach, success, shm id 294913']"
7,"You are a log anomaly classifier.

        You will be given a list of log entries, each with a unique index.  
        Your task is to determine whether each log is **abnormal (1)** or **normal (0)**.  
        Only output in the following format, without any extra explanation or comments.

        ## Output Format:
        (log_idx, status)

        ## Output Rules:
        - status must be 1 if the log entry indicates an error, failure, crash, or unusual behavior.
        - status must be 0 if the log entry is a normal operation or informational message.
        - Output **only** a list of tuples. No extra text or explanation.

        ## Input Logs:
         (456) 2025-04-23 15:53:32.144 [INFO] database P0000084718 T0000000000000084718  os_asm_env_init success(dest host:localhost, dest port:9351), conn info: comm port:9351, host:localhost, port:9351 (457) 2025-04-23 15:46:24.914 [INFO] database P0000074366 T0000000000000074366  version info: enterprise (458) 2025-04-23 15:05:07.862 [ERROR] database P0000010414 T0000000000000015335  Reached the max session limit. (459) 2025-04-23 15:28:38.272 [INFO] database P0000048633 T0000000000000048633  dmshm2_attach, success, shm id 294913 (460) 2025-04-23 14:55:20.227 [ERROR] database P0000010414 T0000000000000015307  Reached the max session limit. (461) 2025-04-23 15:33:22.595 [INFO] database P0000055615 T0000000000000055615  version info: enterprise (462) 2025-04-23 15:10:32.741 [WARNING] database P0000010414 T0000000000000125500  socket_err_should_retry errno:104 (463) 2025-04-23 15:34:33.809 [INFO] database P0000057373 T0000000000000057373  os_asm_env_init success(dest host:localhost, dest port:9351), conn info: comm port:9351, host:localhost, port:9351 (464) 2025-04-23 14:42:59.193 [INFO] database P0000010414 T0000000000000013572  ckpt2_log_adjust: ckpt_lsn(2826942188452), ckpt_fil(1), ckpt_off(223807488), cur_lsn(2826942345610), l_next_seq(46659482246), g_next_seq(46630684983), cur_free(259502080), total_space(8589926400), used_space(35700224), free_space(8554226176), n_ep(1)","
(393, 0)
(394, 0)
(395, 0)
(396, 0)
(397, 1)
(398, 0)
(399, 1)
(400, 0)
(401, 0)
(402, 0)
(403, 1)
(404, 1)
(405, 0)
(406, 0)
(407, 0)
(408, 0)
(409, 0)
(410, 0)
(411, 0)
(412, 1)
(413, 1)
(414, 1)
(415, 0)
(416, 1)
(417, 1)
(418, 0)
(419, 0)
(420, 0)
(421, 1)
(422, 1)
(423, 0)
(424, 0)
(425, 1)
(426, 1)
(427, 0)
(428, 1)
(429, 0)
(430, 1)
(431, 1)
(432, 0)
(433, 0)
(434, 0)
(435, 1)
(436, 0)
(437, 1)
(438, 0)
(439, 1)
(440, 0)
(441, 0)
(442, 1)
(443, 1)
(444, 1)
(445, 0)
(446, 0)
(447, 0)
(448, 0)
(449, 0)
(450, 1)
(451, 1)
(452, 0)
(453, 1)
(454, 1)
(455, 1)","['(456) 2025-04-23 15:53:32.144 [INFO] database P0000084718 T0000000000000084718  os_asm_env_init success(dest host:localhost, dest port:9351), conn info: comm port:9351, host:localhost, port:9351', '(457) 2025-04-23 15:46:24.914 [INFO] database P0000074366 T0000000000000074366  version info: enterprise', '(458) 2025-04-23 15:05:07.862 [ERROR] database P0000010414 T0000000000000015335  Reached the max session limit.', '(459) 2025-04-23 15:28:38.272 [INFO] database P0000048633 T0000000000000048633  dmshm2_attach, success, shm id 294913', '(460) 2025-04-23 14:55:20.227 [ERROR] database P0000010414 T0000000000000015307  Reached the max session limit.', '(461) 2025-04-23 15:33:22.595 [INFO] database P0000055615 T0000000000000055615  version info: enterprise', '(462) 2025-04-23 15:10:32.741 [WARNING] database P0000010414 T0000000000000125500  socket_err_should_retry errno:104', '(463) 2025-04-23 15:34:33.809 [INFO] database P0000057373 T0000000000000057373  os_asm_env_init success(dest host:localhost, dest port:9351), conn info: comm port:9351, host:localhost, port:9351', '(464) 2025-04-23 14:42:59.193 [INFO] database P0000010414 T0000000000000013572  ckpt2_log_adjust: ckpt_lsn(2826942188452), ckpt_fil(1), ckpt_off(223807488), cur_lsn(2826942345610), l_next_seq(46659482246), g_next_seq(46630684983), cur_free(259502080), total_space(8589926400), used_space(35700224), free_space(8554226176), n_ep(1)']"
