2025-04-23T12:00:01.846552+08:00 Dky_app_00 linx[130167]: Wed Apr 23 12:00:01 CST 2025
2025-04-23T12:00:01.848116+08:00 Dky_app_00 linx[130169]: cat   /proc/buddyinfo
2025-04-23T12:00:01.850019+08:00 Dky_app_00 linx[130171]: Node 0, zone      DMA      1      1      1      1      2      1      0      0      1      1      3
2025-04-23T12:00:01.850056+08:00 Dky_app_00 linx[130171]: Node 0, zone    DMA32     80     36     45     33     25     34     10     11      9     54     29
2025-04-23T12:00:01.850130+08:00 Dky_app_00 linx[130171]: Node 0, zone   Normal   5034   1867    833    318    201   1489     12      9      9    146     95
2025-04-23T12:00:01.850191+08:00 Dky_app_00 linx[130171]: Node 1, zone   Normal   2362   2861  16170   8588    617     99    555     17     52     11    397
2025-04-23T12:00:01.850239+08:00 Dky_app_00 linx[130171]: Node 2, zone   Normal   7753   3387   1980    948   1325    498     39     21     16    167     72
2025-04-23T12:00:01.850345+08:00 Dky_app_00 linx[130171]: Node 3, zone   Normal   6904   5635   4737   1035     90   1621     46    263      2      4      0
2025-04-23T12:00:01.850455+08:00 Dky_app_00 linx[130171]: Node 4, zone   Normal   5434    989    322   1829     84     26  17723   9548   1450      7      0
2025-04-23T12:00:01.850548+08:00 Dky_app_00 linx[130171]: Node 5, zone   Normal   6139   2168    718    226    204     25     12     37   1875    699    402
2025-04-23T12:00:01.850637+08:00 Dky_app_00 linx[130171]: Node 6, zone   Normal   3138   2528   1938    975  15703     16      3      5    100      8      0
2025-04-23T12:00:01.850738+08:00 Dky_app_00 linx[130171]: Node 7, zone   Normal   9691   2397   1167   8365   6792    138     63    325   2210    484    283
2025-04-23T12:00:01.852495+08:00 Dky_app_00 linx[130173]: top-detail:
2025-04-23T12:02:01.150833+08:00 Dky_app_00 multipathd: 363c7843100c5453e3fb2197100000035: sdg - directio checker reports path is down
2025-04-23T12:02:01.150884+08:00 Dky_app_00 multipathd: 363c7843100c5453e3fb2197100000035: sdu - directio checker reports path is down
2025-04-23T12:02:01.151011+08:00 Dky_app_00 multipathd: 363c7843100c5453e3fb2197100000035: sdap - directio checker reports path is down
2025-04-23T12:02:01.151251+08:00 Dky_app_00 multipathd: 363c7843100c5453e3fb2197100000035: sdbd - directio checker reports path is down
2025-04-23T12:02:01.151446+08:00 Dky_app_00 kernel: sd 7:0:0:6: [sdg]  Result: hostbyte=DID_OK driverbyte=DRIVER_SENSE
2025-04-23T12:02:01.151454+08:00 Dky_app_00 kernel: sd 7:0:0:6: [sdg]  Sense Key : Illegal Request [current]
2025-04-23T12:02:01.151457+08:00 Dky_app_00 kernel: sd 7:0:0:6: [sdg]  Add. Sense: Logical unit not supported
2025-04-23T12:02:01.151459+08:00 Dky_app_00 kernel: sd 7:0:0:6: [sdg] CDB: Read(10): 28 00 00 00 00 00 00 00 08 00
2025-04-23T12:02:01.151461+08:00 Dky_app_00 kernel: end_request: I/O error, dev sdg, sector 0
2025-04-23T12:02:01.151464+08:00 Dky_app_00 kernel: sd 7:0:2:6: [sdu]  Result: hostbyte=DID_OK driverbyte=DRIVER_SENSE
2025-04-23T12:02:01.151468+08:00 Dky_app_00 kernel: sd 7:0:2:6: [sdu]  Sense Key : Illegal Request [current]
2025-04-23T12:02:01.151469+08:00 Dky_app_00 kernel: sd 7:0:2:6: [sdu]  Add. Sense: Logical unit not supported
2025-04-23T12:02:01.151470+08:00 Dky_app_00 kernel: sd 7:0:2:6: [sdu] CDB: Read(10): 28 00 00 00 00 00 00 00 08 00
2025-04-23T12:02:01.151472+08:00 Dky_app_00 kernel: end_request: I/O error, dev sdu, sector 0
2025-04-23T12:02:01.151473+08:00 Dky_app_00 kernel: sd 8:0:1:6: [sdap]  Result: hostbyte=DID_OK driverbyte=DRIVER_SENSE
2025-04-23T12:02:01.151474+08:00 Dky_app_00 kernel: sd 8:0:1:6: [sdap]  Sense Key : Illegal Request [current]
2025-04-23T12:02:01.151475+08:00 Dky_app_00 kernel: sd 8:0:1:6: [sdap]  Add. Sense: Logical unit not supported
2025-04-23T12:02:01.151477+08:00 Dky_app_00 kernel: sd 8:0:1:6: [sdap] CDB: Read(10): 28 00 00 00 00 00 00 00 08 00
2025-04-23T12:02:01.151479+08:00 Dky_app_00 kernel: end_request: I/O error, dev sdap, sector 0
2025-04-23T12:02:01.151481+08:00 Dky_app_00 kernel: sd 8:0:3:6: [sdbd]  Result: hostbyte=DID_OK driverbyte=DRIVER_SENSE
2025-04-23T12:02:01.151483+08:00 Dky_app_00 kernel: sd 8:0:3:6: [sdbd]  Sense Key : Illegal Request [current]
2025-04-23T12:02:01.151484+08:00 Dky_app_00 kernel: sd 8:0:3:6: [sdbd]  Add. Sense: Logical unit not supported
2025-04-23T12:02:01.151485+08:00 Dky_app_00 kernel: sd 8:0:3:6: [sdbd] CDB: Read(10): 28 00 00 00 00 00 00 00 08 00
2025-04-23T12:02:01.151486+08:00 Dky_app_00 kernel: end_request: I/O error, dev sdbd, sector 0
2025-04-23T12:02:01.300983+08:00 Dky_app_00 /usr/sbin/cron[133663]: (root) CMD (sh /usr/bin/msmp >> /var/log/msmp.log )
2025-04-23T12:02:01.301030+08:00 Dky_app_00 /usr/sbin/cron[133664]: (root) CMD (/home/dmdba/drop_cached.sh)
2025-04-23T12:02:01.301144+08:00 Dky_app_00 /usr/sbin/cron[133666]: (dmdba) CMD (sh /home/dmdba/dm/db_sessmon.sh)
2025-04-23T12:02:01.301165+08:00 Dky_app_00 /usr/sbin/cron[133665]: (sysadmin) CMD (/usr/sbin/get_max_mem_process.sh)
2025-04-23T12:02:01.301280+08:00 Dky_app_00 /usr/sbin/cron[133667]: (dmdba) CMD (sh net_colsewait_mon.sh)
2025-04-23T12:02:01.304410+08:00 Dky_app_00 linx[133670]: uptime
2025-04-23T12:02:01.323019+08:00 Dky_app_00 linx[133683]:  12:02:01 up 1550 days, 23:44,  7 users,  load average: 14.20, 9.90, 8.80
2025-04-23T12:02:01.324304+08:00 Dky_app_00 linx[133692]: free -m
2025-04-23T12:02:01.327853+08:00 Dky_app_00 linx[133694]:              total       used       free     shared    buffers     cached
2025-04-23T12:02:01.327895+08:00 Dky_app_00 linx[133694]: Mem:        516904     290179     226725          0          3       3860
2025-04-23T12:02:01.327920+08:00 Dky_app_00 linx[133694]: -/+ buffers/cache:     286314     230590
2025-04-23T12:02:01.327953+08:00 Dky_app_00 linx[133694]: Swap:        61034          0      61034
2025-04-23T12:02:01.329393+08:00 Dky_app_00 linx[133696]: df -h
2025-04-23T12:02:01.330989+08:00 Dky_app_00 linx[133698]: Filesystem            Size  Used Avail Use% Mounted on
2025-04-23T12:02:01.331014+08:00 Dky_app_00 linx[133698]: /dev/sda2             185G   75G  101G  43% /
2025-04-23T12:02:01.331048+08:00 Dky_app_00 linx[133698]: /dev/sda3             585G  296G  260G  54% /home
2025-04-23T12:02:01.331064+08:00 Dky_app_00 linx[133698]: /dev/sdav             3.0T  1.3T  1.6T  45% /dbbak
2025-04-23T12:02:01.331087+08:00 Dky_app_00 linx[133698]: /dev/mapper/dmarch_22-arch
2025-04-23T12:02:01.331115+08:00 Dky_app_00 linx[133698]:                       886G  680G  162G  81% /dbarch
2025-04-23T12:02:01.331150+08:00 Dky_app_00 linx[133698]: tmpfs                  20M   48K   20M   1% /tmp/smp
2025-04-23T12:02:01.331176+08:00 Dky_app_00 linx[133698]: 192.168.9.23:/dbarch/arch_rac1
2025-04-23T12:02:01.331223+08:00 Dky_app_00 linx[133698]:                       788G  681G   68G  91% /dbarch/arch_dsc1_kafka
2025-04-23T12:02:01.332629+08:00 Dky_app_00 linx[133700]: df -ih
2025-04-23T12:02:01.334335+08:00 Dky_app_00 linx[133702]: Filesystem            Inodes   IUsed   IFree IUse% Mounted on
2025-04-23T12:02:01.334361+08:00 Dky_app_00 linx[133702]: /dev/sda2                12M    2.1M    9.7M   18% /
2025-04-23T12:02:01.334366+08:00 Dky_app_00 linx[133702]: /dev/sda3                37M     28K     37M    1% /home
2025-04-23T12:02:01.334423+08:00 Dky_app_00 linx[133702]: /dev/sdav               192M     11K    192M    1% /dbbak
2025-04-23T12:02:01.334463+08:00 Dky_app_00 linx[133702]: /dev/mapper/dmarch_22-arch
2025-04-23T12:02:01.334492+08:00 Dky_app_00 linx[133702]:                          57M     463     57M    1% /dbarch
2025-04-23T12:02:01.334529+08:00 Dky_app_00 linx[133702]: tmpfs                    64M      13     64M    1% /tmp/smp
2025-04-23T12:02:01.334571+08:00 Dky_app_00 linx[133702]: 192.168.9.23:/dbarch/arch_rac1
2025-04-23T12:02:01.334645+08:00 Dky_app_00 linx[133702]:                          50M     353     50M    1% /dbarch/arch_dsc1_kafka
2025-04-23T12:02:01.335956+08:00 Dky_app_00 linx[133705]: iostat -x
2025-04-23T12:02:01.342717+08:00 Dky_app_00 linx[133707]: Linux 2.6.32-Rocky4.2-x86_64 (Dky_app_00) #01104/23/25 #011_x86_64_
2025-04-23T12:02:01.342774+08:00 Dky_app_00 linx[133707]:
2025-04-23T12:02:01.346291+08:00 Dky_app_00 linx[133707]: avg-cpu:  %user   %nice %system %iowait  %steal   %idle
2025-04-23T12:02:01.346327+08:00 Dky_app_00 linx[133707]:            3.47    0.00    1.30    0.67    0.00   94.61
2025-04-23T12:02:01.346352+08:00 Dky_app_00 linx[133707]:
2025-04-23T12:02:01.346378+08:00 Dky_app_00 linx[133707]: Device:         rrqm/s   wrqm/s     r/s     w/s   rsec/s   wsec/s avgrq-sz avgqu-sz   await  svctm  %util
2025-04-23T12:02:01.346395+08:00 Dky_app_00 linx[133707]: sda               0.02   223.56    0.15   13.30    17.67  1894.90   142.21     0.01    0.68   0.13   0.18
2025-04-23T12:02:01.346434+08:00 Dky_app_00 linx[133707]: sda1              0.00     0.00    0.00    0.00     0.00     0.00    40.85     0.00    2.01   2.01   0.00
2025-04-23T12:02:01.346474+08:00 Dky_app_00 linx[133707]: sda2              0.02    18.32    0.06    1.67     8.47   159.93    97.20     0.00    0.54   0.35   0.06
2025-04-23T12:02:01.346516+08:00 Dky_app_00 linx[133707]: sda3              0.00   205.24    0.08   11.63     9.20  1734.97   148.86     0.01    0.70   0.11   0.13
2025-04-23T12:02:01.346534+08:00 Dky_app_00 linx[133707]: sdb               0.00     0.00    9.08   71.73   595.37  4604.40    64.34     0.01    0.18   0.29   2.33
2025-04-23T12:02:01.346597+08:00 Dky_app_00 linx[133707]: sdc               0.00     0.00    7.48   35.35   476.03  2281.34    64.39     0.00    0.83   0.70   3.00
2025-04-23T12:02:01.346661+08:00 Dky_app_00 linx[133707]: sdd               0.00     0.00    5.51    5.92   349.85   389.77    64.69     0.02    1.89   1.65   1.89
2025-04-23T12:02:01.346705+08:00 Dky_app_00 linx[133707]: sde               0.00     0.00    9.33   42.90   586.72   984.40    30.08     0.02    0.29   0.29   1.50
2025-04-23T12:02:01.346748+08:00 Dky_app_00 linx[133707]: sdf               0.00     0.00    0.00    0.00     0.00     0.00    28.82     0.00    8.78   8.78   0.00
2025-04-23T12:02:01.346812+08:00 Dky_app_00 linx[133707]: sdg               0.00     0.00    0.20    0.00     1.56     0.00     8.00     0.00    0.10   0.10   0.00
2025-04-23T12:02:01.346854+08:00 Dky_app_00 linx[133707]: sdh               0.00     0.00    0.10    4.38     2.46  2870.05   641.69     0.00    0.85   1.66   0.74
2025-04-23T12:02:01.346903+08:00 Dky_app_00 linx[133707]: sdi               0.00     0.00    9.09   71.72   596.34  4603.42    64.34     0.01    0.08   0.24   1.91
2025-04-23T12:02:01.346946+08:00 Dky_app_00 linx[133707]: sdj               0.00     0.00    7.47   35.35   475.61  2281.77    64.39     0.01    0.93   0.02   0.08
2025-04-23T12:02:01.346973+08:00 Dky_app_00 linx[133707]: sdk               0.00     0.00    5.51    5.92   350.01   389.61    64.69     0.02    1.78   1.58   1.80
2025-04-23T12:02:01.347016+08:00 Dky_app_00 linx[133707]: sdl               0.00     0.00    9.10   43.13   569.62  1000.56    30.06     0.02    0.37   0.37   1.93
2025-04-23T12:02:01.347040+08:00 Dky_app_00 linx[133707]: sdm               0.00     0.00    0.00    0.00     0.00     0.00    28.53     0.00    0.20   0.20   0.00
2025-04-23T12:02:01.347074+08:00 Dky_app_00 linx[133707]: sdn               0.00     0.00    0.20    0.00     1.56     0.00     8.00     0.00    0.10   0.10   0.00
2025-04-23T12:02:01.347096+08:00 Dky_app_00 linx[133707]: sdo               0.00     0.00    0.10    4.38     2.46  2856.00   638.54     0.00    0.52   1.57   0.70
2025-04-23T12:02:01.347131+08:00 Dky_app_00 linx[133707]: sdp               0.00     0.00    9.11   71.71   597.00  4602.77    64.34     0.01    0.08   0.23   1.90
2025-04-23T12:02:01.347167+08:00 Dky_app_00 linx[133707]: sdq               0.00     0.00    7.47   35.36   475.30  2282.08    64.39     0.01    0.92   0.02   0.07
2025-04-23T12:02:01.347193+08:00 Dky_app_00 linx[133707]: sdr               0.00     0.00    5.51    5.92   350.19   389.43    64.69     0.02    1.78   1.57   1.80
2025-04-23T12:02:01.347255+08:00 Dky_app_00 linx[133707]: sds               0.00     0.00    9.21   43.02   577.29  1007.99    30.35     0.02    0.36   0.36   1.90
2025-04-23T12:02:01.347307+08:00 Dky_app_00 linx[133707]: sdt               0.00     0.00    0.00    0.00     0.00     0.00    28.50     0.00    0.16   0.16   0.00
2025-04-23T12:02:01.347350+08:00 Dky_app_00 linx[133707]: sdu               0.00     0.00    0.20    0.00     1.56     0.00     8.00     0.00    0.09   0.09   0.00
2025-04-23T12:02:01.347366+08:00 Dky_app_00 linx[133707]: sdv               0.00     0.00    0.10    4.38     2.46  2844.71   636.02     0.00    0.52   1.57   0.70
2025-04-23T12:02:01.347378+08:00 Dky_app_00 linx[133707]: sdw               0.00     0.00    9.09   71.72   595.92  4603.85    64.34     0.01    0.18   0.29   2.34
2025-04-23T12:02:01.347397+08:00 Dky_app_00 linx[133707]: sdx               0.00     0.00    7.47   35.35   475.65  2281.72    64.39     0.00    0.83   0.71   3.02
2025-04-23T12:02:01.347407+08:00 Dky_app_00 linx[133707]: sdy               0.00     0.00    5.51    5.92   349.98   389.64    64.69     0.02    1.92   1.67   1.91
2025-04-23T12:02:01.347423+08:00 Dky_app_00 linx[133707]: sdz               0.00     0.00    9.36   42.88   587.89   996.05    30.33     0.02    0.29   0.29   1.50
2025-04-23T12:02:01.347441+08:00 Dky_app_00 linx[133707]: sdab              0.00     0.00    0.20    0.00     1.56     0.00     8.00     0.00    0.09   0.09   0.00
2025-04-23T12:02:01.347452+08:00 Dky_app_00 linx[133707]: sdaa              0.00     0.00    0.00    0.00     0.00     0.00    28.50     0.00    0.22   0.22   0.00
2025-04-23T12:02:01.347464+08:00 Dky_app_00 linx[133707]: sdac              0.00     0.00    0.10    4.38     2.46  2852.54   637.78     0.00    0.84   1.66   0.74
2025-04-23T12:02:01.347492+08:00 Dky_app_00 linx[133707]: sdad              0.00     0.00    9.08   71.74   595.16  4604.60    64.34     0.01    0.08   0.23   1.89
2025-04-23T12:02:01.347504+08:00 Dky_app_00 linx[133707]: sdaf              0.00     0.00    5.51    5.92   349.83   389.79    64.69     0.02    1.79   1.58   1.80
2025-04-23T12:02:01.347521+08:00 Dky_app_00 linx[133707]: sdag              0.00     0.00    9.34   42.89   587.84   983.17    30.08     0.02    0.36   0.36   1.89
2025-04-23T12:02:01.347539+08:00 Dky_app_00 linx[133707]: sdah              0.00     0.00    0.00    0.00     0.00     0.00    28.59     0.00    0.12   0.12   0.00
2025-04-23T12:02:01.347549+08:00 Dky_app_00 linx[133707]: sdae              0.00     0.00    7.48   35.34   476.13  2281.24    64.39     0.01    0.92   0.01   0.06
2025-04-23T12:02:01.347584+08:00 Dky_app_00 linx[133707]: sdai              0.00     0.00    0.20    0.00     1.56     0.00     8.00     0.00    0.08   0.08   0.00
2025-04-23T12:02:01.347638+08:00 Dky_app_00 linx[133707]: sdaj              0.00     0.00    0.10    4.38     2.46  2868.57   641.35     0.00    0.51   1.57   0.70
2025-04-23T12:02:01.347661+08:00 Dky_app_00 linx[133707]: sdak              0.00     0.00    9.10   71.71   596.68  4603.07    64.34     0.01    0.08   0.23   1.88
2025-04-23T12:02:01.347702+08:00 Dky_app_00 linx[133707]: sdal              0.00     0.00    7.47   35.36   475.37  2282.01    64.39     0.01    0.92   0.01   0.06
2025-04-23T12:02:01.347740+08:00 Dky_app_00 linx[133707]: sdam              0.00     0.00    5.51    5.92   350.12   389.51    64.69     0.02    1.78   1.57   1.79
2025-04-23T12:02:01.347785+08:00 Dky_app_00 linx[133707]: sdan              0.00     0.00    9.17   43.06   574.92  1006.79    30.28     0.02    0.36   0.36   1.86
2025-04-23T12:02:01.347820+08:00 Dky_app_00 linx[133707]: sdao              0.00     0.00    0.00    0.00     0.00     0.00    28.59     0.00    0.13   0.13   0.00
2025-04-23T12:02:01.347860+08:00 Dky_app_00 linx[133707]: sdap              0.00     0.00    0.20    0.00     1.56     0.00     8.00     0.00    0.08   0.08   0.00
2025-04-23T12:02:01.347893+08:00 Dky_app_00 linx[133707]: sdaq              0.00     0.00    0.10    4.38     2.46  2847.16   636.57     0.00    0.51   1.57   0.70
2025-04-23T12:02:01.347917+08:00 Dky_app_00 linx[133707]: sdar              0.00     0.00    9.11   71.70   597.33  4602.43    64.34     0.02    0.19   0.30   2.39
2025-04-23T12:02:01.347960+08:00 Dky_app_00 linx[133707]: sdas              0.00     0.00    7.47   35.36   475.24  2282.13    64.39     0.00    0.85   0.72   3.07
2025-04-23T12:02:01.347999+08:00 Dky_app_00 linx[133707]: sdat              0.00     0.00    5.52    5.92   350.24   389.39    64.69     0.02    1.96   1.70   1.94
2025-04-23T12:02:01.348063+08:00 Dky_app_00 linx[133707]: sdau              0.00     0.00    9.22   43.01   577.56  1008.70    30.37     0.02    0.31   0.30   1.59
2025-04-23T12:02:01.348108+08:00 Dky_app_00 linx[133707]: sdav              0.00    11.20    0.30    0.11    75.40    90.51   406.11     0.01   12.52   0.70   0.03
2025-04-23T12:02:01.348164+08:00 Dky_app_00 linx[133707]: sdaw              0.00     0.00    0.20    0.00     1.56     0.00     8.00     0.00    0.08   0.08   0.00
2025-04-23T12:02:01.348186+08:00 Dky_app_00 linx[133707]: sday              0.00     0.00    9.08   71.73   595.65  4604.11    64.34     0.01    0.17   0.29   2.31
2025-04-23T12:02:01.348241+08:00 Dky_app_00 linx[133707]: sdaz              0.00     0.00    7.48   35.35   475.87  2281.49    64.39     0.00    0.83   0.70   2.99
2025-04-23T12:02:01.348274+08:00 Dky_app_00 linx[133707]: sdba              0.00     0.00    5.51    5.92   349.88   389.74    64.69     0.02    1.90   1.65   1.89
2025-04-23T12:02:01.348302+08:00 Dky_app_00 linx[133707]: sdbb              0.00     0.00    9.34   42.89   586.95   987.35    30.14     0.01    0.28   0.28   1.45
2025-04-23T12:02:01.348362+08:00 Dky_app_00 linx[133707]: sdbc              0.00     0.00    0.00    0.00     0.00     0.00    28.55     0.00    0.21   0.21   0.00
2025-04-23T12:02:01.348398+08:00 Dky_app_00 linx[133707]: sdbd              0.00     0.00    0.20    0.00     1.56     0.00     8.00     0.00    0.07   0.07   0.00
2025-04-23T12:02:01.348414+08:00 Dky_app_00 linx[133707]: sdbe              0.00     0.00    0.10    4.38     2.46  2844.07   635.88     0.00    0.82   1.65   0.74
2025-04-23T12:02:01.348450+08:00 Dky_app_00 linx[133707]: sdax              0.00     0.00    0.10    4.38     2.46  2871.84   642.09     0.00    0.85   1.66   0.74
2025-04-23T12:02:01.348472+08:00 Dky_app_00 linx[133707]: dm-0              0.00     0.70   72.34  573.76  4766.27 36828.67    64.38     0.02    0.04   0.04   2.82
2025-04-23T12:02:01.348520+08:00 Dky_app_00 linx[133707]: dm-1              0.00     0.34   59.40  282.81  3802.00 18253.77    64.45     0.01    0.04   0.05   1.69
2025-04-23T12:02:01.348552+08:00 Dky_app_00 linx[133707]: dm-2              0.01     0.04   43.70   47.37  2796.90  3116.88    64.94     0.01    0.46   0.18   1.60
2025-04-23T12:02:01.348577+08:00 Dky_app_00 linx[133707]: dm-3              0.00     0.00   73.67  343.78  4645.59  7975.01    30.23     0.01    0.10   0.01   0.59
2025-04-23T12:02:01.348645+08:00 Dky_app_00 linx[133707]: dm-4              0.00     0.00    0.00    0.00     0.00     0.00    15.59     0.00   17.28  17.28   0.00
2025-04-23T12:02:01.348701+08:00 Dky_app_00 linx[133707]: dm-5              0.00  2821.82    0.37   35.05    16.46 22854.94   645.85     0.01    0.38   0.29   1.02
2025-04-23T12:02:01.348736+08:00 Dky_app_00 linx[133707]: dm-6              0.00     0.00   25.49    3.00   333.41     3.00    11.81     0.01    0.36   0.36   1.02
2025-04-23T12:02:01.348744+08:00 Dky_app_00 linx[133707]: dm-7              0.00     0.00   45.80    0.00  4287.21     0.03    93.60     0.02    0.41   0.41   1.89
2025-04-23T12:02:01.348764+08:00 Dky_app_00 linx[133707]: dm-8              0.00     0.00    2.38  340.78    24.97  7971.98    23.30     0.01    0.03   0.03   1.04
2025-04-23T12:02:01.348794+08:00 Dky_app_00 linx[133707]: dm-9              0.00     0.00    0.37 2856.87    16.46 22854.94     8.00     0.02    0.00   0.00   1.03
2025-04-23T12:02:01.348898+08:00 Dky_app_00 linx[133707]:
2025-04-23T12:02:01.350317+08:00 Dky_app_00 linx[133711]: netstat -an |grep -i 'established'|wc -l
2025-04-23T12:02:01.380833+08:00 Dky_app_00 linx[133715]: 931
2025-04-23T12:02:01.382095+08:00 Dky_app_00 linx[133721]: date
2025-04-23T12:02:01.383448+08:00 Dky_app_00 linx[133723]: Wed Apr 23 12:02:01 CST 2025
2025-04-23T12:02:01.384600+08:00 Dky_app_00 linx[133725]: cat   /proc/buddyinfo
2025-04-23T12:02:01.385787+08:00 Dky_app_00 linx[133727]: Node 0, zone      DMA      1      1      1      1      2      1      0      0      1      1      3
2025-04-23T12:02:01.385802+08:00 Dky_app_00 linx[133727]: Node 0, zone    DMA32     80     36     45     33     25     34     10     11      9     54     29
2025-04-23T12:02:01.385810+08:00 Dky_app_00 linx[133727]: Node 0, zone   Normal  33912  53440  51041  46028  39785  31662  23227  12710   4985    494    168
2025-04-23T12:02:01.385821+08:00 Dky_app_00 linx[133727]: Node 1, zone   Normal  35657  56136  52632  43757  38221  30260  21279  10928   3747    247    399
2025-04-23T12:02:01.385829+08:00 Dky_app_00 linx[133727]: Node 2, zone   Normal  30161  49844  51818  45390  35291  27837  18708   7636   2246    631    671
2025-04-23T12:02:01.385838+08:00 Dky_app_00 linx[133727]: Node 3, zone   Normal 103539 151955 142352 118508  91341  61108  32798  12304   3041     76      5
2025-04-23T12:02:01.385848+08:00 Dky_app_00 linx[133727]: Node 4, zone   Normal  84576 108665 145308 122252  96049  64384  33065  10311   1568      5      0
2025-04-23T12:02:01.385859+08:00 Dky_app_00 linx[133727]: Node 5, zone   Normal    600    939   2551  33645  43021  32335  19460   9973   3669    743    425
2025-04-23T12:02:01.385869+08:00 Dky_app_00 linx[133727]: Node 6, zone   Normal 113581 135351 124919 100670  73724  41749  17180   4577   1376     22      0
2025-04-23T12:02:01.385878+08:00 Dky_app_00 linx[133727]: Node 7, zone   Normal  55920  65236  59922  50506  42605  31489  19799  10570   3754    519    292
2025-04-23T12:02:01.386899+08:00 Dky_app_00 linx[133729]: top-detail:
2025-04-23T12:04:01.234934+08:00 Dky_app_00 multipathd: 363c7843100c5453e3fb2197100000035: sdg - directio checker reports path is down
2025-04-23T12:04:01.235000+08:00 Dky_app_00 multipathd: 363c7843100c5453e3fb2197100000035: sdu - directio checker reports path is down
2025-04-23T12:04:01.235123+08:00 Dky_app_00 multipathd: 363c7843100c5453e3fb2197100000035: sdap - directio checker reports path is down
2025-04-23T12:04:01.235430+08:00 Dky_app_00 multipathd: 363c7843100c5453e3fb2197100000035: sdbd - directio checker reports path is down
2025-04-23T12:04:01.235445+08:00 Dky_app_00 kernel: sd 7:0:0:6: [sdg]  Result: hostbyte=DID_OK driverbyte=DRIVER_SENSE
2025-04-23T12:04:01.235451+08:00 Dky_app_00 kernel: sd 7:0:0:6: [sdg]  Sense Key : Illegal Request [current]
2025-04-23T12:04:01.235453+08:00 Dky_app_00 kernel: sd 7:0:0:6: [sdg]  Add. Sense: Logical unit not supported
2025-04-23T12:04:01.235456+08:00 Dky_app_00 kernel: sd 7:0:0:6: [sdg] CDB: Read(10): 28 00 00 00 00 00 00 00 08 00
2025-04-23T12:04:01.235457+08:00 Dky_app_00 kernel: end_request: I/O error, dev sdg, sector 0
2025-04-23T12:04:01.235459+08:00 Dky_app_00 kernel: sd 7:0:2:6: [sdu]  Result: hostbyte=DID_OK driverbyte=DRIVER_SENSE
2025-04-23T12:04:01.235461+08:00 Dky_app_00 kernel: sd 7:0:2:6: [sdu]  Sense Key : Illegal Request [current]
2025-04-23T12:04:01.235463+08:00 Dky_app_00 kernel: sd 7:0:2:6: [sdu]  Add. Sense: Logical unit not supported
2025-04-23T12:04:01.235465+08:00 Dky_app_00 kernel: sd 7:0:2:6: [sdu] CDB: Read(10): 28 00 00 00 00 00 00 00 08 00
2025-04-23T12:04:01.235466+08:00 Dky_app_00 kernel: end_request: I/O error, dev sdu, sector 0
2025-04-23T12:04:01.235468+08:00 Dky_app_00 kernel: sd 8:0:1:6: [sdap]  Result: hostbyte=DID_OK driverbyte=DRIVER_SENSE
2025-04-23T12:04:01.235470+08:00 Dky_app_00 kernel: sd 8:0:1:6: [sdap]  Sense Key : Illegal Request [current]
2025-04-23T12:04:01.235471+08:00 Dky_app_00 kernel: sd 8:0:1:6: [sdap]  Add. Sense: Logical unit not supported
2025-04-23T12:04:01.235471+08:00 Dky_app_00 kernel: sd 8:0:1:6: [sdap] CDB: Read(10): 28 00 00 00 00 00 00 00 08 00
2025-04-23T12:04:01.235472+08:00 Dky_app_00 kernel: end_request: I/O error, dev sdap, sector 0
2025-04-23T12:04:01.235473+08:00 Dky_app_00 kernel: sd 8:0:3:6: [sdbd]  Result: hostbyte=DID_OK driverbyte=DRIVER_SENSE
2025-04-23T12:04:01.235474+08:00 Dky_app_00 kernel: sd 8:0:3:6: [sdbd]  Sense Key : Illegal Request [current]
2025-04-23T12:04:01.235476+08:00 Dky_app_00 kernel: sd 8:0:3:6: [sdbd]  Add. Sense: Logical unit not supported
2025-04-23T12:04:01.235478+08:00 Dky_app_00 kernel: sd 8:0:3:6: [sdbd] CDB: Read(10): 28 00 00 00 00 00 00 00 08 00
2025-04-23T12:04:01.235480+08:00 Dky_app_00 kernel: end_request: I/O error, dev sdbd, sector 0
2025-04-23T12:04:01.551700+08:00 Dky_app_00 /usr/sbin/cron[136961]: (root) CMD (sh /usr/bin/msmp >> /var/log/msmp.log )
2025-04-23T12:04:01.551895+08:00 Dky_app_00 /usr/sbin/cron[136962]: (sysadmin) CMD (/usr/sbin/get_max_mem_process.sh)
2025-04-23T12:04:01.551983+08:00 Dky_app_00 /usr/sbin/cron[136963]: (root) CMD (/home/dmdba/drop_cached.sh)
2025-04-23T12:04:01.552151+08:00 Dky_app_00 /usr/sbin/cron[136965]: (dmdba) CMD (sh net_colsewait_mon.sh)
2025-04-23T12:04:01.552234+08:00 Dky_app_00 /usr/sbin/cron[136964]: (dmdba) CMD (sh /home/dmdba/dm/db_sessmon.sh)
2025-04-23T12:04:01.555175+08:00 Dky_app_00 linx[136973]: uptime
2025-04-23T12:04:01.585344+08:00 Dky_app_00 linx[136981]:  12:04:01 up 1550 days, 23:46,  7 users,  load average: 13.63, 11.42, 9.50
2025-04-23T12:04:01.586378+08:00 Dky_app_00 linx[136990]: free -m
2025-04-23T12:04:01.589253+08:00 Dky_app_00 linx[136993]:              total       used       free     shared    buffers     cached
2025-04-23T12:04:01.589266+08:00 Dky_app_00 linx[136993]: Mem:        516904     290556     226347          0          4       4249
2025-04-23T12:04:01.589282+08:00 Dky_app_00 linx[136993]: -/+ buffers/cache:     286303     230601
2025-04-23T12:04:01.589295+08:00 Dky_app_00 linx[136993]: Swap:        61034          0      61034
2025-04-23T12:04:01.590212+08:00 Dky_app_00 linx[136995]: df -h
2025-04-23T12:04:01.591364+08:00 Dky_app_00 linx[136997]: Filesystem            Size  Used Avail Use% Mounted on
2025-04-23T12:04:01.591380+08:00 Dky_app_00 linx[136997]: /dev/sda2             185G   75G  101G  43% /
2025-04-23T12:04:01.591386+08:00 Dky_app_00 linx[136997]: /dev/sda3             585G  296G  260G  54% /home
2025-04-23T12:04:01.591393+08:00 Dky_app_00 linx[136997]: /dev/sdav             3.0T  1.3T  1.6T  45% /dbbak
2025-04-23T12:04:01.591402+08:00 Dky_app_00 linx[136997]: /dev/mapper/dmarch_22-arch
2025-04-23T12:04:01.591406+08:00 Dky_app_00 linx[136997]:                       886G  680G  162G  81% /dbarch
2025-04-23T12:04:01.591416+08:00 Dky_app_00 linx[136997]: tmpfs                  20M   44K   20M   1% /tmp/smp
2025-04-23T12:04:01.591420+08:00 Dky_app_00 linx[136997]: 192.168.9.23:/dbarch/arch_rac1
2025-04-23T12:04:01.591440+08:00 Dky_app_00 linx[136997]:                       788G  681G   68G  91% /dbarch/arch_dsc1_kafka
2025-04-23T12:04:01.592615+08:00 Dky_app_00 linx[137001]: df -ih
2025-04-23T12:04:01.593889+08:00 Dky_app_00 linx[137003]: Filesystem            Inodes   IUsed   IFree IUse% Mounted on
2025-04-23T12:04:01.593906+08:00 Dky_app_00 linx[137003]: /dev/sda2                12M    2.1M    9.7M   18% /
2025-04-23T12:04:01.593912+08:00 Dky_app_00 linx[137003]: /dev/sda3                37M     28K     37M    1% /home
2025-04-23T12:04:01.593922+08:00 Dky_app_00 linx[137003]: /dev/sdav               192M     11K    192M    1% /dbbak
2025-04-23T12:04:01.593927+08:00 Dky_app_00 linx[137003]: /dev/mapper/dmarch_22-arch
2025-04-23T12:04:01.593934+08:00 Dky_app_00 linx[137003]:                          57M     463     57M    1% /dbarch
2025-04-23T12:04:01.593945+08:00 Dky_app_00 linx[137003]: tmpfs                    64M      13     64M    1% /tmp/smp
2025-04-23T12:04:01.593953+08:00 Dky_app_00 linx[137003]: 192.168.9.23:/dbarch/arch_rac1
2025-04-23T12:04:01.593957+08:00 Dky_app_00 linx[137003]:                          50M     353     50M    1% /dbarch/arch_dsc1_kafka
2025-04-23T12:04:01.595335+08:00 Dky_app_00 linx[137005]: iostat -x
2025-04-23T12:04:01.600027+08:00 Dky_app_00 linx[137007]: Linux 2.6.32-Rocky4.2-x86_64 (Dky_app_00) #01104/23/25 #011_x86_64_
2025-04-23T12:04:01.600043+08:00 Dky_app_00 linx[137007]:
2025-04-23T12:04:01.603601+08:00 Dky_app_00 linx[137007]: avg-cpu:  %user   %nice %system %iowait  %steal   %idle
2025-04-23T12:04:01.603610+08:00 Dky_app_00 linx[137007]:            3.47    0.00    1.30    0.67    0.00   94.61
2025-04-23T12:04:01.603616+08:00 Dky_app_00 linx[137007]:
2025-04-23T12:04:01.603622+08:00 Dky_app_00 linx[137007]: Device:         rrqm/s   wrqm/s     r/s     w/s   rsec/s   wsec/s avgrq-sz avgqu-sz   await  svctm  %util
2025-04-23T12:04:01.603646+08:00 Dky_app_00 linx[137007]: sda               0.02   223.56    0.15   13.30    17.67  1894.90   142.21     0.01    0.68   0.13   0.18
2025-04-23T12:04:01.603654+08:00 Dky_app_00 linx[137007]: sda1              0.00     0.00    0.00    0.00     0.00     0.00    40.85     0.00    2.01   2.01   0.00
2025-04-23T12:04:01.603661+08:00 Dky_app_00 linx[137007]: sda2              0.02    18.32    0.06    1.67     8.47   159.93    97.20     0.00    0.54   0.35   0.06
2025-04-23T12:04:01.603669+08:00 Dky_app_00 linx[137007]: sda3              0.00   205.24    0.08   11.63     9.20  1734.97   148.86     0.01    0.70   0.11   0.13
2025-04-23T12:04:01.603678+08:00 Dky_app_00 linx[137007]: sdb               0.00     0.00    9.08   71.73   595.37  4604.40    64.34     0.01    0.18   0.29   2.33
2025-04-23T12:04:01.603683+08:00 Dky_app_00 linx[137007]: sdc               0.00     0.00    7.48   35.35   476.03  2281.34    64.39     0.00    0.83   0.70   3.00
2025-04-23T12:04:01.603689+08:00 Dky_app_00 linx[137007]: sdd               0.00     0.00    5.51    5.92   349.85   389.77    64.69     0.02    1.89   1.65   1.89
2025-04-23T12:04:01.603701+08:00 Dky_app_00 linx[137007]: sde               0.00     0.00    9.33   42.90   586.72   984.40    30.08     0.02    0.29   0.29   1.50
2025-04-23T12:04:01.603718+08:00 Dky_app_00 linx[137007]: sdf               0.00     0.00    0.00    0.00     0.00     0.00    28.82     0.00    8.78   8.78   0.00
2025-04-23T12:04:01.603735+08:00 Dky_app_00 linx[137007]: sdg               0.00     0.00    0.20    0.00     1.56     0.00     8.00     0.00    0.10   0.10   0.00
2025-04-23T12:04:01.603751+08:00 Dky_app_00 linx[137007]: sdh               0.00     0.00    0.10    4.38     2.46  2870.05   641.69     0.00    0.85   1.66   0.74
2025-04-23T12:04:01.603760+08:00 Dky_app_00 linx[137007]: sdi               0.00     0.00    9.09   71.72   596.34  4603.42    64.34     0.01    0.08   0.24   1.91
2025-04-23T12:04:01.603772+08:00 Dky_app_00 linx[137007]: sdj               0.00     0.00    7.47   35.35   475.62  2281.77    64.39     0.01    0.93   0.02   0.08
2025-04-23T12:04:01.603782+08:00 Dky_app_00 linx[137007]: sdk               0.00     0.00    5.51    5.92   350.01   389.61    64.69     0.02    1.78   1.58   1.80
2025-04-23T12:04:01.603797+08:00 Dky_app_00 linx[137007]: sdl               0.00     0.00    9.10   43.13   569.62  1000.56    30.06     0.02    0.37   0.37   1.93
2025-04-23T12:04:01.603810+08:00 Dky_app_00 linx[137007]: sdm               0.00     0.00    0.00    0.00     0.00     0.00    28.53     0.00    0.20   0.20   0.00
2025-04-23T12:04:01.603827+08:00 Dky_app_00 linx[137007]: sdn               0.00     0.00    0.20    0.00     1.56     0.00     8.00     0.00    0.10   0.10   0.00
2025-04-23T12:04:01.603836+08:00 Dky_app_00 linx[137007]: sdo               0.00     0.00    0.10    4.38     2.46  2856.00   638.54     0.00    0.52   1.57   0.70
2025-04-23T12:04:01.603855+08:00 Dky_app_00 linx[137007]: sdp               0.00     0.00    9.11   71.71   597.01  4602.77    64.34     0.01    0.08   0.23   1.90
2025-04-23T12:04:01.603871+08:00 Dky_app_00 linx[137007]: sdq               0.00     0.00    7.47   35.36   475.30  2282.08    64.39     0.01    0.92   0.02   0.07
2025-04-23T12:04:01.603890+08:00 Dky_app_00 linx[137007]: sdr               0.00     0.00    5.51    5.92   350.19   389.43    64.69     0.02    1.78   1.57   1.80
2025-04-23T12:04:01.603897+08:00 Dky_app_00 linx[137007]: sds               0.00     0.00    9.21   43.02   577.29  1007.99    30.35     0.02    0.36   0.36   1.90
2025-04-23T12:04:01.603915+08:00 Dky_app_00 linx[137007]: sdt               0.00     0.00    0.00    0.00     0.00     0.00    28.50     0.00    0.16   0.16   0.00
2025-04-23T12:04:01.603929+08:00 Dky_app_00 linx[137007]: sdu               0.00     0.00    0.20    0.00     1.56     0.00     8.00     0.00    0.09   0.09   0.00
2025-04-23T12:04:01.603938+08:00 Dky_app_00 linx[137007]: sdv               0.00     0.00    0.10    4.38     2.46  2844.71   636.02     0.00    0.52   1.57   0.70
2025-04-23T12:04:01.603956+08:00 Dky_app_00 linx[137007]: sdw               0.00     0.00    9.09   71.72   595.92  4603.85    64.34     0.01    0.18   0.29   2.34
2025-04-23T12:04:01.603967+08:00 Dky_app_00 linx[137007]: sdx               0.00     0.00    7.47   35.35   475.65  2281.72    64.39     0.00    0.83   0.71   3.02
2025-04-23T12:04:01.603976+08:00 Dky_app_00 linx[137007]: sdy               0.00     0.00    5.51    5.92   349.98   389.64    64.69     0.02    1.92   1.67   1.91
2025-04-23T12:04:01.603991+08:00 Dky_app_00 linx[137007]: sdz               0.00     0.00    9.36   42.88   587.89   996.05    30.33     0.02    0.29   0.29   1.50
2025-04-23T12:04:01.604007+08:00 Dky_app_00 linx[137007]: sdab              0.00     0.00    0.20    0.00     1.56     0.00     8.00     0.00    0.09   0.09   0.00
2025-04-23T12:04:01.604014+08:00 Dky_app_00 linx[137007]: sdaa              0.00     0.00    0.00    0.00     0.00     0.00    28.50     0.00    0.22   0.22   0.00
2025-04-23T12:04:01.604020+08:00 Dky_app_00 linx[137007]: sdac              0.00     0.00    0.10    4.38     2.46  2852.54   637.78     0.00    0.84   1.66   0.74
2025-04-23T12:04:01.604029+08:00 Dky_app_00 linx[137007]: sdad              0.00     0.00    9.08   71.74   595.16  4604.60    64.34     0.01    0.08   0.23   1.89
2025-04-23T12:04:01.604036+08:00 Dky_app_00 linx[137007]: sdaf              0.00     0.00    5.51    5.92   349.83   389.79    64.69     0.02    1.79   1.58   1.80
2025-04-23T12:04:01.604042+08:00 Dky_app_00 linx[137007]: sdag              0.00     0.00    9.34   42.89   587.84   983.17    30.08     0.02    0.36   0.36   1.89
2025-04-23T12:04:01.604046+08:00 Dky_app_00 linx[137007]: sdah              0.00     0.00    0.00    0.00     0.00     0.00    28.59     0.00    0.12   0.12   0.00
2025-04-23T12:04:01.604057+08:00 Dky_app_00 linx[137007]: sdae              0.00     0.00    7.48   35.34   476.13  2281.24    64.39     0.01    0.92   0.01   0.06
2025-04-23T12:04:01.604067+08:00 Dky_app_00 linx[137007]: sdai              0.00     0.00    0.20    0.00     1.56     0.00     8.00     0.00    0.08   0.08   0.00
2025-04-23T12:04:01.604081+08:00 Dky_app_00 linx[137007]: sdaj              0.00     0.00    0.10    4.38     2.46  2868.57   641.35     0.00    0.51   1.57   0.70
2025-04-23T12:04:01.604091+08:00 Dky_app_00 linx[137007]: sdak              0.00     0.00    9.10   71.71   596.68  4603.07    64.34     0.01    0.08   0.23   1.88
2025-04-23T12:04:01.604096+08:00 Dky_app_00 linx[137007]: sdal              0.00     0.00    7.47   35.36   475.37  2282.01    64.39     0.01    0.92   0.01   0.06
2025-04-23T12:04:01.604106+08:00 Dky_app_00 linx[137007]: sdam              0.00     0.00    5.51    5.92   350.12   389.51    64.69     0.02    1.78   1.57   1.79
2025-04-23T12:04:01.604113+08:00 Dky_app_00 linx[137007]: sdan              0.00     0.00    9.17   43.06   574.92  1006.79    30.28     0.02    0.36   0.36   1.86
2025-04-23T12:04:01.604124+08:00 Dky_app_00 linx[137007]: sdao              0.00     0.00    0.00    0.00     0.00     0.00    28.59     0.00    0.13   0.13   0.00
2025-04-23T12:04:01.604136+08:00 Dky_app_00 linx[137007]: sdap              0.00     0.00    0.20    0.00     1.56     0.00     8.00     0.00    0.08   0.08   0.00
2025-04-23T12:04:01.604142+08:00 Dky_app_00 linx[137007]: sdaq              0.00     0.00    0.10    4.38     2.46  2847.16   636.57     0.00    0.51   1.57   0.70
2025-04-23T12:04:01.604152+08:00 Dky_app_00 linx[137007]: sdar              0.00     0.00    9.11   71.70   597.33  4602.43    64.34     0.02    0.19   0.30   2.39
2025-04-23T12:04:01.604159+08:00 Dky_app_00 linx[137007]: sdas              0.00     0.00    7.47   35.36   475.24  2282.13    64.39     0.00    0.85   0.72   3.07
2025-04-23T12:04:01.604165+08:00 Dky_app_00 linx[137007]: sdat              0.00     0.00    5.52    5.92   350.23   389.39    64.69     0.02    1.96   1.70   1.94
2025-04-23T12:04:01.604177+08:00 Dky_app_00 linx[137007]: sdau              0.00     0.00    9.22   43.01   577.56  1008.70    30.37     0.02    0.31   0.30   1.59
2025-04-23T12:04:01.604190+08:00 Dky_app_00 linx[137007]: sdav              0.00    11.20    0.30    0.11    75.40    90.51   406.11     0.01   12.52   0.70   0.03
2025-04-23T12:04:01.604196+08:00 Dky_app_00 linx[137007]: sdaw              0.00     0.00    0.20    0.00     1.56     0.00     8.00     0.00    0.08   0.08   0.00
2025-04-23T12:04:01.604206+08:00 Dky_app_00 linx[137007]: sday              0.00     0.00    9.08   71.73   595.65  4604.11    64.34     0.01    0.17   0.29   2.31
2025-04-23T12:04:01.604215+08:00 Dky_app_00 linx[137007]: sdaz              0.00     0.00    7.48   35.35   475.87  2281.49    64.39     0.00    0.83   0.70   2.99
2025-04-23T12:04:01.604224+08:00 Dky_app_00 linx[137007]: sdba              0.00     0.00    5.51    5.92   349.88   389.74    64.69     0.02    1.90   1.65   1.89
2025-04-23T12:04:01.604241+08:00 Dky_app_00 linx[137007]: sdbb              0.00     0.00    9.34   42.89   586.95   987.35    30.14     0.01    0.28   0.28   1.45
2025-04-23T12:04:01.604248+08:00 Dky_app_00 linx[137007]: sdbc              0.00     0.00    0.00    0.00     0.00     0.00    28.55     0.00    0.21   0.21   0.00
2025-04-23T12:04:01.604258+08:00 Dky_app_00 linx[137007]: sdbd              0.00     0.00    0.20    0.00     1.56     0.00     8.00     0.00    0.07   0.07   0.00
2025-04-23T12:04:01.604266+08:00 Dky_app_00 linx[137007]: sdbe              0.00     0.00    0.10    4.38     2.46  2844.07   635.88     0.00    0.82   1.65   0.74
2025-04-23T12:04:01.604273+08:00 Dky_app_00 linx[137007]: sdax              0.00     0.00    0.10    4.38     2.46  2871.84   642.09     0.00    0.85   1.66   0.74
2025-04-23T12:04:01.604314+08:00 Dky_app_00 linx[137007]: dm-0              0.00     0.70   72.34  573.76  4766.28 36828.67    64.38     0.02    0.04   0.04   2.82
2025-04-23T12:04:01.604319+08:00 Dky_app_00 linx[137007]: dm-1              0.00     0.34   59.40  282.81  3802.01 18253.77    64.45     0.01    0.04   0.05   1.69
2025-04-23T12:04:01.604328+08:00 Dky_app_00 linx[137007]: dm-2              0.01     0.04   43.70   47.37  2796.90  3116.88    64.94     0.01    0.46   0.18   1.60
2025-04-23T12:04:01.604337+08:00 Dky_app_00 linx[137007]: dm-3              0.00     0.00   73.67  343.78  4645.58  7975.01    30.23     0.01    0.10   0.01   0.59
2025-04-23T12:04:01.604343+08:00 Dky_app_00 linx[137007]: dm-4              0.00     0.00    0.00    0.00     0.00     0.00    15.59     0.00   17.28  17.28   0.00
2025-04-23T12:04:01.604353+08:00 Dky_app_00 linx[137007]: dm-5              0.00  2821.82    0.37   35.05    16.46 22854.94   645.85     0.01    0.38   0.29   1.02
2025-04-23T12:04:01.604367+08:00 Dky_app_00 linx[137007]: dm-6              0.00     0.00   25.49    3.00   333.41     3.00    11.81     0.01    0.36   0.36   1.02
2025-04-23T12:04:01.604373+08:00 Dky_app_00 linx[137007]: dm-7              0.00     0.00   45.80    0.00  4287.21     0.03    93.60     0.02    0.41   0.41   1.89
2025-04-23T12:04:01.604381+08:00 Dky_app_00 linx[137007]: dm-8              0.00     0.00    2.38  340.78    24.97  7971.98    23.30     0.01    0.03   0.03   1.04
2025-04-23T12:04:01.604390+08:00 Dky_app_00 linx[137007]: dm-9              0.00     0.00    0.37 2856.87    16.46 22854.94     8.00     0.02    0.00   0.00   1.03
2025-04-23T12:04:01.604396+08:00 Dky_app_00 linx[137007]:
2025-04-23T12:04:01.605453+08:00 Dky_app_00 linx[137011]: netstat -an |grep -i 'established'|wc -l
2025-04-23T12:04:01.636067+08:00 Dky_app_00 linx[137015]: 931
2025-04-23T12:04:01.637249+08:00 Dky_app_00 linx[137024]: date
2025-04-23T12:04:01.638530+08:00 Dky_app_00 linx[137026]: Wed Apr 23 12:04:01 CST 2025
2025-04-23T12:04:01.639550+08:00 Dky_app_00 linx[137028]: cat   /proc/buddyinfo
2025-04-23T12:04:01.640628+08:00 Dky_app_00 linx[137030]: Node 0, zone      DMA      1      1      1      1      2      1      0      0      1      1      3
2025-04-23T12:04:01.640644+08:00 Dky_app_00 linx[137030]: Node 0, zone    DMA32     80     36     45     33     25     34     10     11      9     54     29
2025-04-23T12:04:01.640651+08:00 Dky_app_00 linx[137030]: Node 0, zone   Normal  33674  53329  50825  45848  39660  31680  23213  12744   4988    493    169
2025-04-23T12:04:01.640659+08:00 Dky_app_00 linx[137030]: Node 1, zone   Normal   4288  54368  52848  43757  38223  30263  21277  10930   3747    247    399
2025-04-23T12:04:01.640683+08:00 Dky_app_00 linx[137030]: Node 2, zone   Normal  23915  50307  51688  45270  35335  27838  18707   7635   2250    630    672
2025-04-23T12:04:01.640690+08:00 Dky_app_00 linx[137030]: Node 3, zone   Normal  68728 151845 142242 118408  91283  61127  32814  12307   3044     76      5
2025-04-23T12:04:01.640695+08:00 Dky_app_00 linx[137030]: Node 4, zone   Normal  77759 108399 145196 122268  96075  64369  33079  10315   1570      5      0
2025-04-23T12:04:01.640704+08:00 Dky_app_00 linx[137030]: Node 5, zone   Normal   1426   1184   2584  32704  43019  32335  19460   9973   3669    741    425
2025-04-23T12:04:01.640714+08:00 Dky_app_00 linx[137030]: Node 6, zone   Normal 103608 135262 124787 100655  73729  41725  17185   4588   1379     25      0
2025-04-23T12:04:01.640724+08:00 Dky_app_00 linx[137030]: Node 7, zone   Normal  51271  64925  59836  50474  42552  31447  19779  10581   3769    519    292
2025-04-23T12:04:01.641749+08:00 Dky_app_00 linx[137032]: top-detail:
2025-04-23T12:06:00.956500+08:00 Dky_app_00 pmcagent[96228]: login_pmc: post req fail(28)
2025-04-23T12:06:00.956565+08:00 Dky_app_00 pmcagent[96228]: Pmcagent login error.
2025-04-23T12:08:01.414426+08:00 Dky_app_00 kernel: sd 7:0:0:6: [sdg]  Result: hostbyte=DID_OK driverbyte=DRIVER_SENSE
2025-04-23T12:08:01.414428+08:00 Dky_app_00 multipathd: 363c7843100c5453e3fb2197100000035: sdg - directio checker reports path is down
2025-04-23T12:08:01.414451+08:00 Dky_app_00 kernel: sd 7:0:0:6: [sdg]  Sense Key : Illegal Request [current]
2025-04-23T12:08:01.414461+08:00 Dky_app_00 kernel: sd 7:0:0:6: [sdg]  Add. Sense: Logical unit not supported
2025-04-23T12:08:01.414464+08:00 Dky_app_00 kernel: sd 7:0:0:6: [sdg] CDB: Read(10): 28 00 00 00 00 00 00 00 08 00
2025-04-23T12:08:01.414466+08:00 Dky_app_00 kernel: end_request: I/O error, dev sdg, sector 0
2025-04-23T12:08:01.414751+08:00 Dky_app_00 multipathd: 363c7843100c5453e3fb2197100000035: sdu - directio checker reports path is down
2025-04-23T12:08:01.414873+08:00 Dky_app_00 multipathd: 363c7843100c5453e3fb2197100000035: sdap - directio checker reports path is down
2025-04-23T12:08:01.415250+08:00 Dky_app_00 multipathd: 363c7843100c5453e3fb2197100000035: sdbd - directio checker reports path is down
2025-04-23T12:08:01.415424+08:00 Dky_app_00 kernel: sd 7:0:2:6: [sdu]  Result: hostbyte=DID_OK driverbyte=DRIVER_SENSE
2025-04-23T12:08:01.415428+08:00 Dky_app_00 kernel: sd 7:0:2:6: [sdu]  Sense Key : Illegal Request [current]
2025-04-23T12:08:01.415429+08:00 Dky_app_00 kernel: sd 7:0:2:6: [sdu]  Add. Sense: Logical unit not supported
2025-04-23T12:08:01.415430+08:00 Dky_app_00 kernel: sd 7:0:2:6: [sdu] CDB: Read(10): 28 00 00 00 00 00 00 00 08 00
2025-04-23T12:08:01.415431+08:00 Dky_app_00 kernel: end_request: I/O error, dev sdu, sector 0
2025-04-23T12:08:01.415432+08:00 Dky_app_00 kernel: sd 8:0:1:6: [sdap]  Result: hostbyte=DID_OK driverbyte=DRIVER_SENSE
2025-04-23T12:08:01.415434+08:00 Dky_app_00 kernel: sd 8:0:1:6: [sdap]  Sense Key : Illegal Request [current]
2025-04-23T12:08:01.415437+08:00 Dky_app_00 kernel: sd 8:0:1:6: [sdap]  Add. Sense: Logical unit not supported
2025-04-23T12:08:01.415438+08:00 Dky_app_00 kernel: sd 8:0:1:6: [sdap] CDB: Read(10): 28 00 00 00 00 00 00 00 08 00
2025-04-23T12:08:01.415439+08:00 Dky_app_00 kernel: end_request: I/O error, dev sdap, sector 0
2025-04-23T12:08:01.415441+08:00 Dky_app_00 kernel: sd 8:0:3:6: [sdbd]  Result: hostbyte=DID_OK driverbyte=DRIVER_SENSE
2025-04-23T12:08:01.415442+08:00 Dky_app_00 kernel: sd 8:0:3:6: [sdbd]  Sense Key : Illegal Request [current]
2025-04-23T12:08:01.415443+08:00 Dky_app_00 kernel: sd 8:0:3:6: [sdbd]  Add. Sense: Logical unit not supported
2025-04-23T12:08:01.415444+08:00 Dky_app_00 kernel: sd 8:0:3:6: [sdbd] CDB: Read(10): 28 00 00 00 00 00 00 00 08 00
2025-04-23T12:08:01.415445+08:00 Dky_app_00 kernel: end_request: I/O error, dev sdbd, sector 0
2025-04-23T12:08:01.979933+08:00 Dky_app_00 /usr/sbin/cron[143696]: (root) CMD (sh /usr/bin/msmp >> /var/log/msmp.log )
2025-04-23T12:08:01.979973+08:00 Dky_app_00 /usr/sbin/cron[143697]: (sysadmin) CMD (/usr/sbin/get_max_mem_process.sh)
2025-04-23T12:08:01.980067+08:00 Dky_app_00 /usr/sbin/cron[143698]: (dmdba) CMD (sh net_colsewait_mon.sh)
2025-04-23T12:08:01.980086+08:00 Dky_app_00 /usr/sbin/cron[143699]: (root) CMD (/home/dmdba/drop_cached.sh)
2025-04-23T12:08:01.980458+08:00 Dky_app_00 /usr/sbin/cron[143700]: (dmdba) CMD (sh /home/dmdba/dm/db_sessmon.sh)
2025-04-23T12:08:01.983642+08:00 Dky_app_00 linx[143711]: uptime
2025-04-23T12:10:01.158140+08:00 Dky_app_00 /usr/sbin/cron[147209]: (root) CMD (sh /usr/bin/msmp >> /var/log/msmp.log )
2025-04-23T12:10:01.158401+08:00 Dky_app_00 /usr/sbin/cron[147210]: (sysadmin) CMD (/usr/sbin/get_max_mem_process.sh)
2025-04-23T12:10:01.158453+08:00 Dky_app_00 /usr/sbin/cron[147211]: (dmdba) CMD (sh net_colsewait_mon.sh)
2025-04-23T12:10:01.158605+08:00 Dky_app_00 /usr/sbin/cron[147212]: (root) CMD (/usr/local/rising/linuxRav/bin/ravdaemon > /dev/null 2>&1)
2025-04-23T12:10:01.158659+08:00 Dky_app_00 /usr/sbin/cron[147213]: (root) CMD (/home/dmdba/drop_cached.sh)
2025-04-23T12:10:01.158927+08:00 Dky_app_00 /usr/sbin/cron[147214]: (dmdba) CMD (sh /home/dmdba/dm/db_sessmon.sh)
2025-04-23T12:10:01.162352+08:00 Dky_app_00 linx[147226]: uptime
2025-04-23T12:10:01.197573+08:00 Dky_app_00 linx[147231]:  12:10:01 up 1550 days, 23:52,  7 users,  load average: 8.10, 9.21, 9.17
2025-04-23T12:10:01.199118+08:00 Dky_app_00 linx[147252]: free -m
2025-04-23T12:10:01.203026+08:00 Dky_app_00 linx[147254]:              total       used       free     shared    buffers     cached
2025-04-23T12:10:01.203091+08:00 Dky_app_00 linx[147254]: Mem:        516904     296463     220441          0          7      10008
2025-04-23T12:10:01.203161+08:00 Dky_app_00 linx[147254]: -/+ buffers/cache:     286447     230457
2025-04-23T12:10:01.203249+08:00 Dky_app_00 linx[147254]: Swap:        61034          0      61034
2025-04-23T12:10:01.204861+08:00 Dky_app_00 linx[147257]: df -h
2025-04-23T12:10:01.206651+08:00 Dky_app_00 linx[147259]: Filesystem            Size  Used Avail Use% Mounted on
2025-04-23T12:10:01.206710+08:00 Dky_app_00 linx[147259]: /dev/sda2             185G   75G  101G  43% /
2025-04-23T12:10:01.206770+08:00 Dky_app_00 linx[147259]: /dev/sda3             585G  296G  260G  54% /home
2025-04-23T12:10:01.206833+08:00 Dky_app_00 linx[147259]: /dev/sdav             3.0T  1.3T  1.6T  45% /dbbak
2025-04-23T12:10:01.206874+08:00 Dky_app_00 linx[147259]: /dev/mapper/dmarch_22-arch
2025-04-23T12:10:01.206939+08:00 Dky_app_00 linx[147259]:                       886G  680G  162G  81% /dbarch
2025-04-23T12:10:01.206983+08:00 Dky_app_00 linx[147259]: tmpfs                  20M   48K   20M   1% /tmp/smp
2025-04-23T12:10:01.207058+08:00 Dky_app_00 linx[147259]: 192.168.9.23:/dbarch/arch_rac1
2025-04-23T12:10:01.207110+08:00 Dky_app_00 linx[147259]:                       788G  681G   68G  91% /dbarch/arch_dsc1_kafka
2025-04-23T12:10:01.208675+08:00 Dky_app_00 linx[147261]: df -ih
2025-04-23T12:10:01.210487+08:00 Dky_app_00 linx[147263]: Filesystem            Inodes   IUsed   IFree IUse% Mounted on
2025-04-23T12:10:01.210565+08:00 Dky_app_00 linx[147263]: /dev/sda2                12M    2.1M    9.7M   18% /
2025-04-23T12:10:01.210627+08:00 Dky_app_00 linx[147263]: /dev/sda3                37M     28K     37M    1% /home
2025-04-23T12:10:01.210682+08:00 Dky_app_00 linx[147263]: /dev/sdav               192M     11K    192M    1% /dbbak
2025-04-23T12:10:01.210741+08:00 Dky_app_00 linx[147263]: /dev/mapper/dmarch_22-arch
2025-04-23T12:10:01.210795+08:00 Dky_app_00 linx[147263]:                          57M     463     57M    1% /dbarch
2025-04-23T12:10:01.210824+08:00 Dky_app_00 linx[147263]: tmpfs                    64M      13     64M    1% /tmp/smp
2025-04-23T12:10:01.210888+08:00 Dky_app_00 linx[147263]: 192.168.9.23:/dbarch/arch_rac1
2025-04-23T12:10:01.210946+08:00 Dky_app_00 linx[147263]:                          50M     353     50M    1% /dbarch/arch_dsc1_kafka
2025-04-23T12:10:01.212588+08:00 Dky_app_00 linx[147266]: iostat -x
2025-04-23T12:10:01.222941+08:00 Dky_app_00 linx[147270]: Linux 2.6.32-Rocky4.2-x86_64 (Dky_app_00) #01104/23/25 #011_x86_64_
2025-04-23T12:10:01.222997+08:00 Dky_app_00 linx[147270]:
2025-04-23T12:10:01.226530+08:00 Dky_app_00 linx[147270]: avg-cpu:  %user   %nice %system %iowait  %steal   %idle
2025-04-23T12:10:01.226581+08:00 Dky_app_00 linx[147270]:            3.47    0.00    1.30    0.67    0.00   94.61
2025-04-23T12:10:01.226629+08:00 Dky_app_00 linx[147270]:
2025-04-23T12:10:01.226692+08:00 Dky_app_00 linx[147270]: Device:         rrqm/s   wrqm/s     r/s     w/s   rsec/s   wsec/s avgrq-sz avgqu-sz   await  svctm  %util
2025-04-23T12:10:01.226732+08:00 Dky_app_00 linx[147270]: sda               0.02   223.57    0.15   13.30    17.67  1894.92   142.21     0.01    0.68   0.13   0.18
2025-04-23T12:10:01.226808+08:00 Dky_app_00 linx[147270]: sda1              0.00     0.00    0.00    0.00     0.00     0.00    40.85     0.00    2.01   2.01   0.00
2025-04-23T12:10:01.226880+08:00 Dky_app_00 linx[147270]: sda2              0.02    18.32    0.06    1.67     8.47   159.94    97.21     0.00    0.54   0.35   0.06
2025-04-23T12:10:01.226941+08:00 Dky_app_00 linx[147270]: sda3              0.00   205.24    0.08   11.63     9.20  1734.99   148.86     0.01    0.70   0.11   0.13
2025-04-23T12:10:01.227005+08:00 Dky_app_00 linx[147270]: sdb               0.00     0.00    9.08   71.73   595.37  4604.40    64.34     0.01    0.18   0.29   2.33
2025-04-23T12:10:01.227060+08:00 Dky_app_00 linx[147270]: sdc               0.00     0.00    7.48   35.35   476.03  2281.34    64.39     0.00    0.83   0.70   3.00
2025-04-23T12:10:01.227119+08:00 Dky_app_00 linx[147270]: sdd               0.00     0.00    5.51    5.92   349.85   389.77    64.69     0.02    1.89   1.65   1.89
2025-04-23T12:10:01.227187+08:00 Dky_app_00 linx[147270]: sde               0.00     0.00    9.33   42.90   586.71   984.41    30.08     0.02    0.29   0.29   1.50
2025-04-23T12:10:01.227257+08:00 Dky_app_00 linx[147270]: sdf               0.00     0.00    0.00    0.00     0.00     0.00    28.82     0.00    8.78   8.78   0.00
2025-04-23T12:10:01.227362+08:00 Dky_app_00 linx[147270]: sdg               0.00     0.00    0.20    0.00     1.56     0.00     8.00     0.00    0.10   0.10   0.00
2025-04-23T12:10:01.227463+08:00 Dky_app_00 linx[147270]: sdh               0.00     0.00    0.10    4.38     2.46  2870.05   641.69     0.00    0.85   1.66   0.74
2025-04-23T12:10:01.227541+08:00 Dky_app_00 linx[147270]: sdi               0.00     0.00    9.09   71.72   596.34  4603.42    64.34     0.01    0.08   0.24   1.91
2025-04-23T12:10:01.227612+08:00 Dky_app_00 linx[147270]: sdj               0.00     0.00    7.47   35.35   475.62  2281.77    64.39     0.01    0.93   0.02   0.08
2025-04-23T12:10:01.227663+08:00 Dky_app_00 linx[147270]: sdk               0.00     0.00    5.51    5.92   350.01   389.61    64.69     0.02    1.78   1.58   1.80
2025-04-23T12:10:01.227724+08:00 Dky_app_00 linx[147270]: sdl               0.00     0.00    9.10   43.13   569.62  1000.56    30.06     0.02    0.37   0.37   1.93
2025-04-23T12:10:01.227790+08:00 Dky_app_00 linx[147270]: sdm               0.00     0.00    0.00    0.00     0.00     0.00    28.53     0.00    0.20   0.20   0.00
2025-04-23T12:10:01.227858+08:00 Dky_app_00 linx[147270]: sdn               0.00     0.00    0.20    0.00     1.56     0.00     8.00     0.00    0.10   0.10   0.00
2025-04-23T12:10:01.227904+08:00 Dky_app_00 linx[147270]: sdo               0.00     0.00    0.10    4.38     2.46  2856.01   638.54     0.00    0.52   1.57   0.70
2025-04-23T12:10:01.227963+08:00 Dky_app_00 linx[147270]: sdp               0.00     0.00    9.11   71.71   597.01  4602.76    64.34     0.01    0.08   0.23   1.90
2025-04-23T12:10:01.228025+08:00 Dky_app_00 linx[147270]: sdq               0.00     0.00    7.47   35.36   475.30  2282.08    64.39     0.01    0.92   0.02   0.07
2025-04-23T12:10:01.228083+08:00 Dky_app_00 linx[147270]: sdr               0.00     0.00    5.51    5.92   350.19   389.43    64.69     0.02    1.78   1.57   1.80
2025-04-23T12:10:01.228094+08:00 Dky_app_00 linx[147270]: sds               0.00     0.00    9.21   43.02   577.29  1008.00    30.35     0.02    0.36   0.36   1.90
2025-04-23T12:10:01.228119+08:00 Dky_app_00 linx[147270]: sdt               0.00     0.00    0.00    0.00     0.00     0.00    28.50     0.00    0.16   0.16   0.00
2025-04-23T12:10:01.228139+08:00 Dky_app_00 linx[147270]: sdu               0.00     0.00    0.20    0.00     1.56     0.00     8.00     0.00    0.09   0.09   0.00
2025-04-23T12:10:01.228154+08:00 Dky_app_00 linx[147270]: sdv               0.00     0.00    0.10    4.38     2.46  2844.71   636.02     0.00    0.52   1.57   0.70
2025-04-23T12:10:01.228183+08:00 Dky_app_00 linx[147270]: sdw               0.00     0.00    9.09   71.72   595.92  4603.85    64.34     0.01    0.18   0.29   2.34
2025-04-23T12:10:01.228231+08:00 Dky_app_00 linx[147270]: sdx               0.00     0.00    7.47   35.35   475.65  2281.72    64.39     0.00    0.83   0.71   3.02
2025-04-23T12:10:01.228297+08:00 Dky_app_00 linx[147270]: sdy               0.00     0.00    5.51    5.92   349.97   389.64    64.69     0.02    1.92   1.67   1.91
2025-04-23T12:10:01.228331+08:00 Dky_app_00 linx[147270]: sdz               0.00     0.00    9.36   42.87   587.89   996.05    30.33     0.02    0.29   0.29   1.50
2025-04-23T12:10:01.228401+08:00 Dky_app_00 linx[147270]: sdab              0.00     0.00    0.20    0.00     1.56     0.00     8.00     0.00    0.09   0.09   0.00
2025-04-23T12:10:01.228455+08:00 Dky_app_00 linx[147270]: sdaa              0.00     0.00    0.00    0.00     0.00     0.00    28.50     0.00    0.22   0.22   0.00
2025-04-23T12:10:01.228518+08:00 Dky_app_00 linx[147270]: sdac              0.00     0.00    0.10    4.38     2.46  2852.55   637.78     0.00    0.84   1.66   0.74
2025-04-23T12:10:01.228577+08:00 Dky_app_00 linx[147270]: sdad              0.00     0.00    9.08   71.74   595.16  4604.60    64.34     0.01    0.08   0.23   1.89
2025-04-23T12:10:01.228652+08:00 Dky_app_00 linx[147270]: sdaf              0.00     0.00    5.51    5.92   349.83   389.79    64.69     0.02    1.79   1.58   1.80
2025-04-23T12:10:01.228715+08:00 Dky_app_00 linx[147270]: sdag              0.00     0.00    9.34   42.89   587.84   983.17    30.08     0.02    0.36   0.36   1.89
2025-04-23T12:10:01.228766+08:00 Dky_app_00 linx[147270]: sdah              0.00     0.00    0.00    0.00     0.00     0.00    28.59     0.00    0.12   0.12   0.00
2025-04-23T12:10:01.228807+08:00 Dky_app_00 linx[147270]: sdae              0.00     0.00    7.48   35.34   476.13  2281.25    64.39     0.01    0.92   0.01   0.06
2025-04-23T12:10:01.228871+08:00 Dky_app_00 linx[147270]: sdai              0.00     0.00    0.20    0.00     1.56     0.00     8.00     0.00    0.08   0.08   0.00
2025-04-23T12:10:01.228937+08:00 Dky_app_00 linx[147270]: sdaj              0.00     0.00    0.10    4.38     2.46  2868.57   641.35     0.00    0.51   1.57   0.70
2025-04-23T12:10:01.228980+08:00 Dky_app_00 linx[147270]: sdak              0.00     0.00    9.10   71.71   596.68  4603.07    64.34     0.01    0.08   0.23   1.88
2025-04-23T12:10:01.229051+08:00 Dky_app_00 linx[147270]: sdal              0.00     0.00    7.47   35.36   475.37  2282.01    64.39     0.01    0.92   0.01   0.06
2025-04-23T12:10:01.229123+08:00 Dky_app_00 linx[147270]: sdam              0.00     0.00    5.51    5.92   350.12   389.51    64.69     0.02    1.78   1.57   1.79
2025-04-23T12:10:01.229213+08:00 Dky_app_00 linx[147270]: sdan              0.00     0.00    9.17   43.06   574.92  1006.80    30.28     0.02    0.36   0.36   1.86
2025-04-23T12:10:01.229285+08:00 Dky_app_00 linx[147270]: sdao              0.00     0.00    0.00    0.00     0.00     0.00    28.59     0.00    0.13   0.13   0.00
2025-04-23T12:10:01.229323+08:00 Dky_app_00 linx[147270]: sdap              0.00     0.00    0.20    0.00     1.56     0.00     8.00     0.00    0.08   0.08   0.00
2025-04-23T12:10:01.229379+08:00 Dky_app_00 linx[147270]: sdaq              0.00     0.00    0.10    4.38     2.46  2847.17   636.57     0.00    0.51   1.57   0.70
2025-04-23T12:10:01.229433+08:00 Dky_app_00 linx[147270]: sdar              0.00     0.00    9.11   71.70   597.33  4602.43    64.34     0.02    0.19   0.30   2.39
2025-04-23T12:10:01.229481+08:00 Dky_app_00 linx[147270]: sdas              0.00     0.00    7.47   35.36   475.24  2282.14    64.39     0.00    0.85   0.72   3.07
2025-04-23T12:10:01.229530+08:00 Dky_app_00 linx[147270]: sdat              0.00     0.00    5.52    5.92   350.23   389.39    64.69     0.02    1.96   1.70   1.94
2025-04-23T12:10:01.229585+08:00 Dky_app_00 linx[147270]: sdau              0.00     0.00    9.22   43.01   577.56  1008.70    30.37     0.02    0.31   0.30   1.59
2025-04-23T12:10:01.229660+08:00 Dky_app_00 linx[147270]: sdav              0.00    11.20    0.30    0.11    75.40    90.50   406.11     0.01   12.52   0.70   0.03
2025-04-23T12:10:01.229720+08:00 Dky_app_00 linx[147270]: sdaw              0.00     0.00    0.20    0.00     1.56     0.00     8.00     0.00    0.08   0.08   0.00
2025-04-23T12:10:01.229769+08:00 Dky_app_00 linx[147270]: sday              0.00     0.00    9.08   71.73   595.65  4604.11    64.34     0.01    0.17   0.29   2.31
2025-04-23T12:10:01.229828+08:00 Dky_app_00 linx[147270]: sdaz              0.00     0.00    7.48   35.35   475.87  2281.50    64.39     0.00    0.83   0.70   2.99
2025-04-23T12:10:01.229904+08:00 Dky_app_00 linx[147270]: sdba              0.00     0.00    5.51    5.92   349.88   389.74    64.69     0.02    1.90   1.65   1.89
2025-04-23T12:10:01.229967+08:00 Dky_app_00 linx[147270]: sdbb              0.00     0.00    9.34   42.89   586.95   987.36    30.14     0.01    0.28   0.28   1.45
2025-04-23T12:10:01.230014+08:00 Dky_app_00 linx[147270]: sdbc              0.00     0.00    0.00    0.00     0.00     0.00    28.55     0.00    0.21   0.21   0.00
2025-04-23T12:10:01.230076+08:00 Dky_app_00 linx[147270]: sdbd              0.00     0.00    0.20    0.00     1.56     0.00     8.00     0.00    0.07   0.07   0.00
2025-04-23T12:10:01.230144+08:00 Dky_app_00 linx[147270]: sdbe              0.00     0.00    0.10    4.38     2.46  2844.08   635.88     0.00    0.82   1.65   0.74
2025-04-23T12:10:01.230222+08:00 Dky_app_00 linx[147270]: sdax              0.00     0.00    0.10    4.38     2.46  2871.84   642.09     0.00    0.85   1.66   0.74
2025-04-23T12:10:01.230276+08:00 Dky_app_00 linx[147270]: dm-0              0.00     0.70   72.34  573.76  4766.28 36828.63    64.38     0.02    0.04   0.04   2.82
2025-04-23T12:10:01.230333+08:00 Dky_app_00 linx[147270]: dm-1              0.00     0.34   59.40  282.81  3802.01 18253.82    64.45     0.01    0.04   0.05   1.69
2025-04-23T12:10:01.230400+08:00 Dky_app_00 linx[147270]: dm-2              0.01     0.04   43.70   47.37  2796.89  3116.88    64.94     0.01    0.46   0.18   1.60
2025-04-23T12:10:01.230456+08:00 Dky_app_00 linx[147270]: dm-3              0.00     0.00   73.67  343.78  4645.58  7975.03    30.23     0.01    0.10   0.01   0.59
2025-04-23T12:10:01.230517+08:00 Dky_app_00 linx[147270]: dm-4              0.00     0.00    0.00    0.00     0.00     0.00    15.59     0.00   17.28  17.28   0.00
2025-04-23T12:10:01.230542+08:00 Dky_app_00 linx[147270]: dm-5              0.00  2821.83    0.37   35.05    16.46 22854.98   645.85     0.01    0.38   0.29   1.02
2025-04-23T12:10:01.230598+08:00 Dky_app_00 linx[147270]: dm-6              0.00     0.00   25.49    3.00   333.41     3.00    11.81     0.01    0.36   0.36   1.02
2025-04-23T12:10:01.230669+08:00 Dky_app_00 linx[147270]: dm-7              0.00     0.00   45.80    0.00  4287.20     0.03    93.60     0.02    0.41   0.41   1.89
2025-04-23T12:10:01.230758+08:00 Dky_app_00 linx[147270]: dm-8              0.00     0.00    2.38  340.78    24.97  7972.01    23.30     0.01    0.03   0.03   1.04
2025-04-23T12:10:01.230850+08:00 Dky_app_00 linx[147270]: dm-9              0.00     0.00    0.37 2856.87    16.46 22854.98     8.00     0.02    0.00   0.00   1.03
2025-04-23T12:10:01.230941+08:00 Dky_app_00 linx[147270]:
2025-04-23T12:10:01.232496+08:00 Dky_app_00 linx[147274]: netstat -an |grep -i 'established'|wc -l
2025-04-23T12:10:01.263164+08:00 Dky_app_00 linx[147278]: 894
2025-04-23T12:10:01.264319+08:00 Dky_app_00 linx[147280]: date
2025-04-23T12:10:01.265586+08:00 Dky_app_00 linx[147282]: Wed Apr 23 12:10:01 CST 2025
2025-04-23T12:10:01.266746+08:00 Dky_app_00 linx[147284]: cat   /proc/buddyinfo
2025-04-23T12:10:01.267899+08:00 Dky_app_00 linx[147286]: Node 0, zone      DMA      1      1      1      1      2      1      0      0      1      1      3
2025-04-23T12:10:01.267917+08:00 Dky_app_00 linx[147286]: Node 0, zone    DMA32     80     36     45     33     25     34     10     11      9     54     29
2025-04-23T12:10:01.267926+08:00 Dky_app_00 linx[147286]: Node 0, zone   Normal   3510  43230  50651  45700  39578  31737  23209  12757   4991    493    169
2025-04-23T12:10:01.267958+08:00 Dky_app_00 linx[147286]: Node 1, zone   Normal   2766  29288  52798  43755  38221  30263  21277  10930   3747    248    399
2025-04-23T12:10:01.267987+08:00 Dky_app_00 linx[147286]: Node 2, zone   Normal   3089  49642  51667  45249  35344  27839  18707   7635   2249    630    673
2025-04-23T12:10:01.267998+08:00 Dky_app_00 linx[147286]: Node 3, zone   Normal   3107   4430  43204 118411  91282  61125  32816  12307   3044     69      5
2025-04-23T12:10:01.268021+08:00 Dky_app_00 linx[147286]: Node 4, zone   Normal  59560 107748 144925 122304  96154  64355  33115  10317   1571      6      0
2025-04-23T12:10:01.268048+08:00 Dky_app_00 linx[147286]: Node 5, zone   Normal    719    553   2046  25711  43020  32335  19460   9973   3669    739    425
2025-04-23T12:10:01.268059+08:00 Dky_app_00 linx[147286]: Node 6, zone   Normal   1193   1087  82301 100658  73744  41723  17186   4590   1379     28      0
2025-04-23T12:10:01.268092+08:00 Dky_app_00 linx[147286]: Node 7, zone   Normal  37459  64878  59737  50444  42527  31425  19780  10579   3779    518    292
2025-04-23T12:10:01.269202+08:00 Dky_app_00 linx[147288]: top-detail:
2025-04-23T12:10:01.514811+08:00 Dky_app_00 multipathd: 363c7843100c5453e3fb2197100000035: sdg - directio checker reports path is down
2025-04-23T12:10:01.515117+08:00 Dky_app_00 multipathd: 363c7843100c5453e3fb2197100000035: sdu - directio checker reports path is down
2025-04-23T12:10:01.515300+08:00 Dky_app_00 multipathd: 363c7843100c5453e3fb2197100000035: sdap - directio checker reports path is down
2025-04-23T12:10:01.515437+08:00 Dky_app_00 kernel: sd 7:0:0:6: [sdg]  Result: hostbyte=DID_OK driverbyte=DRIVER_SENSE
2025-04-23T12:10:01.515446+08:00 Dky_app_00 kernel: sd 7:0:0:6: [sdg]  Sense Key : Illegal Request [current]
2025-04-23T12:10:01.515450+08:00 Dky_app_00 kernel: sd 7:0:0:6: [sdg]  Add. Sense: Logical unit not supported
2025-04-23T12:10:01.515451+08:00 Dky_app_00 kernel: sd 7:0:0:6: [sdg] CDB: Read(10): 28 00 00 00 00 00 00 00 08 00
2025-04-23T12:10:01.515453+08:00 Dky_app_00 kernel: end_request: I/O error, dev sdg, sector 0
2025-04-23T12:10:01.515455+08:00 Dky_app_00 kernel: sd 7:0:2:6: [sdu]  Result: hostbyte=DID_OK driverbyte=DRIVER_SENSE
2025-04-23T12:10:01.515456+08:00 Dky_app_00 kernel: sd 7:0:2:6: [sdu]  Sense Key : Illegal Request [current]
2025-04-23T12:10:01.515458+08:00 Dky_app_00 kernel: sd 7:0:2:6: [sdu]  Add. Sense: Logical unit not supported
2025-04-23T12:10:01.515459+08:00 Dky_app_00 kernel: sd 7:0:2:6: [sdu] CDB: Read(10): 28 00 00 00 00 00 00 00 08 00
2025-04-23T12:10:01.515460+08:00 Dky_app_00 kernel: end_request: I/O error, dev sdu, sector 0
2025-04-23T12:10:01.515462+08:00 Dky_app_00 kernel: sd 8:0:1:6: [sdap]  Result: hostbyte=DID_OK driverbyte=DRIVER_SENSE
2025-04-23T12:10:01.515464+08:00 Dky_app_00 kernel: sd 8:0:1:6: [sdap]  Sense Key : Illegal Request [current]
2025-04-23T12:10:01.515465+08:00 Dky_app_00 kernel: sd 8:0:1:6: [sdap]  Add. Sense: Logical unit not supported
2025-04-23T12:10:01.515465+08:00 Dky_app_00 kernel: sd 8:0:1:6: [sdap] CDB: Read(10): 28 00 00 00 00 00 00 00 08 00
2025-04-23T12:10:01.515466+08:00 Dky_app_00 kernel: end_request: I/O error, dev sdap, sector 0
2025-04-23T12:10:01.515670+08:00 Dky_app_00 multipathd: 363c7843100c5453e3fb2197100000035: sdbd - directio checker reports path is down
2025-04-23T12:10:01.516413+08:00 Dky_app_00 kernel: sd 8:0:3:6: [sdbd]  Result: hostbyte=DID_OK driverbyte=DRIVER_SENSE
2025-04-23T12:10:01.516417+08:00 Dky_app_00 kernel: sd 8:0:3:6: [sdbd]  Sense Key : Illegal Request [current]
2025-04-23T12:10:01.516418+08:00 Dky_app_00 kernel: sd 8:0:3:6: [sdbd]  Add. Sense: Logical unit not supported
2025-04-23T12:10:01.516419+08:00 Dky_app_00 kernel: sd 8:0:3:6: [sdbd] CDB: Read(10): 28 00 00 00 00 00 00 00 08 00
2025-04-23T12:10:01.516420+08:00 Dky_app_00 kernel: end_request: I/O error, dev sdbd, sector 0
2025-04-23T12:12:01.466096+08:00 Dky_app_00 /usr/sbin/cron[5905]: (root) CMD (sh /usr/bin/msmp >> /var/log/msmp.log )
2025-04-23T12:12:01.466210+08:00 Dky_app_00 /usr/sbin/cron[5906]: (sysadmin) CMD (/usr/sbin/get_max_mem_process.sh)
2025-04-23T12:12:01.466321+08:00 Dky_app_00 /usr/sbin/cron[5907]: (root) CMD (/home/dmdba/drop_cached.sh)
2025-04-23T12:12:01.466543+08:00 Dky_app_00 /usr/sbin/cron[5908]: (dmdba) CMD (sh /home/dmdba/dm/db_sessmon.sh)
2025-04-23T12:12:01.466577+08:00 Dky_app_00 /usr/sbin/cron[5909]: (dmdba) CMD (sh net_colsewait_mon.sh)
2025-04-23T12:12:01.469297+08:00 Dky_app_00 linx[5912]: uptime
2025-04-23T12:12:01.493900+08:00 Dky_app_00 linx[5925]:  12:12:01 up 1550 days, 23:54,  7 users,  load average: 7.44, 8.73, 9.01
2025-04-23T12:12:01.495758+08:00 Dky_app_00 linx[5934]: free -m
2025-04-23T12:12:01.499997+08:00 Dky_app_00 linx[5936]:              total       used       free     shared    buffers     cached
2025-04-23T12:12:01.500083+08:00 Dky_app_00 linx[5936]: Mem:        516904     297066     219838          0          8      10615
2025-04-23T12:12:01.500164+08:00 Dky_app_00 linx[5936]: -/+ buffers/cache:     286443     230461
2025-04-23T12:12:01.500239+08:00 Dky_app_00 linx[5936]: Swap:        61034          0      61034
2025-04-23T12:12:01.501668+08:00 Dky_app_00 linx[5939]: df -h
2025-04-23T12:12:01.503432+08:00 Dky_app_00 linx[5941]: Filesystem            Size  Used Avail Use% Mounted on
2025-04-23T12:12:01.503505+08:00 Dky_app_00 linx[5941]: /dev/sda2             185G   75G  101G  43% /
2025-04-23T12:12:01.503583+08:00 Dky_app_00 linx[5941]: /dev/sda3             585G  296G  260G  54% /home
2025-04-23T12:12:01.503632+08:00 Dky_app_00 linx[5941]: /dev/sdav             3.0T  1.3T  1.6T  45% /dbbak
2025-04-23T12:12:01.503717+08:00 Dky_app_00 linx[5941]: /dev/mapper/dmarch_22-arch
2025-04-23T12:12:01.503744+08:00 Dky_app_00 linx[5941]:                       886G  680G  162G  81% /dbarch
2025-04-23T12:12:01.503820+08:00 Dky_app_00 linx[5941]: tmpfs                  20M   48K   20M   1% /tmp/smp
2025-04-23T12:12:01.503869+08:00 Dky_app_00 linx[5941]: 192.168.9.23:/dbarch/arch_rac1
2025-04-23T12:12:01.503943+08:00 Dky_app_00 linx[5941]:                       788G  681G   68G  91% /dbarch/arch_dsc1_kafka
2025-04-23T12:12:01.505499+08:00 Dky_app_00 linx[5943]: df -ih
2025-04-23T12:12:01.507110+08:00 Dky_app_00 linx[5945]: Filesystem            Inodes   IUsed   IFree IUse% Mounted on
2025-04-23T12:12:01.507191+08:00 Dky_app_00 linx[5945]: /dev/sda2                12M    2.1M    9.7M   18% /
2025-04-23T12:12:01.507260+08:00 Dky_app_00 linx[5945]: /dev/sda3                37M     28K     37M    1% /home
2025-04-23T12:12:01.507328+08:00 Dky_app_00 linx[5945]: /dev/sdav               192M     11K    192M    1% /dbbak
2025-04-23T12:12:01.507376+08:00 Dky_app_00 linx[5945]: /dev/mapper/dmarch_22-arch
2025-04-23T12:12:01.507452+08:00 Dky_app_00 linx[5945]:                          57M     463     57M    1% /dbarch
2025-04-23T12:12:01.507497+08:00 Dky_app_00 linx[5945]: tmpfs                    64M      13     64M    1% /tmp/smp
2025-04-23T12:12:01.507536+08:00 Dky_app_00 linx[5945]: 192.168.9.23:/dbarch/arch_rac1
2025-04-23T12:12:01.507584+08:00 Dky_app_00 linx[5945]:                          50M     353     50M    1% /dbarch/arch_dsc1_kafka
2025-04-23T12:12:01.509075+08:00 Dky_app_00 linx[5947]: iostat -x
2025-04-23T12:12:01.521275+08:00 Dky_app_00 linx[5949]: Linux 2.6.32-Rocky4.2-x86_64 (Dky_app_00) #01104/23/25 #011_x86_64_
2025-04-23T12:12:01.521320+08:00 Dky_app_00 linx[5949]:
2025-04-23T12:12:01.524935+08:00 Dky_app_00 linx[5949]: avg-cpu:  %user   %nice %system %iowait  %steal   %idle
2025-04-23T12:12:01.525012+08:00 Dky_app_00 linx[5949]:            3.47    0.00    1.30    0.67    0.00   94.61
2025-04-23T12:12:01.525079+08:00 Dky_app_00 linx[5949]:
2025-04-23T12:12:01.525146+08:00 Dky_app_00 linx[5949]: Device:         rrqm/s   wrqm/s     r/s     w/s   rsec/s   wsec/s avgrq-sz avgqu-sz   await  svctm  %util
2025-04-23T12:12:01.525241+08:00 Dky_app_00 linx[5949]: sda               0.02   223.57    0.15   13.30    17.67  1894.93   142.21     0.01    0.68   0.13   0.18
2025-04-23T12:12:01.525337+08:00 Dky_app_00 linx[5949]: sda1              0.00     0.00    0.00    0.00     0.00     0.00    40.85     0.00    2.01   2.01   0.00
2025-04-23T12:12:01.525433+08:00 Dky_app_00 linx[5949]: sda2              0.02    18.32    0.06    1.67     8.47   159.94    97.21     0.00    0.54   0.35   0.06
2025-04-23T12:12:01.525551+08:00 Dky_app_00 linx[5949]: sda3              0.00   205.24    0.08   11.63     9.20  1734.99   148.86     0.01    0.70   0.11   0.13
2025-04-23T12:12:01.525651+08:00 Dky_app_00 linx[5949]: sdb               0.00     0.00    9.08   71.73   595.37  4604.40    64.34     0.01    0.18   0.29   2.33
2025-04-23T12:12:01.525721+08:00 Dky_app_00 linx[5949]: sdc               0.00     0.00    7.48   35.35   476.03  2281.34    64.39     0.00    0.83   0.70   3.00
2025-04-23T12:12:01.525783+08:00 Dky_app_00 linx[5949]: sdd               0.00     0.00    5.51    5.92   349.85   389.77    64.69     0.02    1.89   1.65   1.89
2025-04-23T12:12:01.525869+08:00 Dky_app_00 linx[5949]: sde               0.00     0.00    9.33   42.90   586.71   984.41    30.08     0.02    0.29   0.29   1.50
2025-04-23T12:12:01.525962+08:00 Dky_app_00 linx[5949]: sdf               0.00     0.00    0.00    0.00     0.00     0.00    28.82     0.00    8.78   8.78   0.00
2025-04-23T12:12:01.526052+08:00 Dky_app_00 linx[5949]: sdg               0.00     0.00    0.20    0.00     1.56     0.00     8.00     0.00    0.10   0.10   0.00
2025-04-23T12:12:01.526153+08:00 Dky_app_00 linx[5949]: sdh               0.00     0.00    0.10    4.38     2.46  2870.05   641.69     0.00    0.85   1.66   0.74
2025-04-23T12:12:01.526243+08:00 Dky_app_00 linx[5949]: sdi               0.00     0.00    9.09   71.72   596.34  4603.42    64.34     0.01    0.08   0.24   1.91
2025-04-23T12:12:01.526337+08:00 Dky_app_00 linx[5949]: sdj               0.00     0.00    7.47   35.35   475.62  2281.78    64.39     0.01    0.93   0.02   0.08
2025-04-23T12:12:01.526431+08:00 Dky_app_00 linx[5949]: sdk               0.00     0.00    5.51    5.92   350.01   389.61    64.69     0.02    1.78   1.58   1.80
2025-04-23T12:12:01.526527+08:00 Dky_app_00 linx[5949]: sdl               0.00     0.00    9.10   43.13   569.61  1000.56    30.06     0.02    0.37   0.37   1.93
2025-04-23T12:12:01.526654+08:00 Dky_app_00 linx[5949]: sdm               0.00     0.00    0.00    0.00     0.00     0.00    28.53     0.00    0.20   0.20   0.00
2025-04-23T12:12:01.526749+08:00 Dky_app_00 linx[5949]: sdn               0.00     0.00    0.20    0.00     1.56     0.00     8.00     0.00    0.10   0.10   0.00
2025-04-23T12:12:01.526817+08:00 Dky_app_00 linx[5949]: sdo               0.00     0.00    0.10    4.38     2.46  2856.01   638.54     0.00    0.52   1.57   0.70
2025-04-23T12:12:01.526896+08:00 Dky_app_00 linx[5949]: sdp               0.00     0.00    9.11   71.71   597.00  4602.76    64.34     0.01    0.08   0.23   1.90
2025-04-23T12:12:01.526931+08:00 Dky_app_00 linx[5949]: sdq               0.00     0.00    7.47   35.36   475.30  2282.08    64.39     0.01    0.92   0.02   0.07
2025-04-23T12:12:01.527032+08:00 Dky_app_00 linx[5949]: sdr               0.00     0.00    5.51    5.92   350.19   389.43    64.69     0.02    1.78   1.57   1.80
2025-04-23T12:12:01.527146+08:00 Dky_app_00 linx[5949]: sds               0.00     0.00    9.21   43.02   577.29  1008.00    30.35     0.02    0.36   0.36   1.90
2025-04-23T12:12:01.527224+08:00 Dky_app_00 linx[5949]: sdt               0.00     0.00    0.00    0.00     0.00     0.00    28.50     0.00    0.16   0.16   0.00
2025-04-23T12:12:01.527334+08:00 Dky_app_00 linx[5949]: sdu               0.00     0.00    0.20    0.00     1.56     0.00     8.00     0.00    0.09   0.09   0.00
2025-04-23T12:12:01.527431+08:00 Dky_app_00 linx[5949]: sdv               0.00     0.00    0.10    4.38     2.46  2844.71   636.02     0.00    0.52   1.57   0.70
2025-04-23T12:12:01.527518+08:00 Dky_app_00 linx[5949]: sdw               0.00     0.00    9.09   71.72   595.92  4603.85    64.34     0.01    0.18   0.29   2.34
2025-04-23T12:12:01.527615+08:00 Dky_app_00 linx[5949]: sdx               0.00     0.00    7.47   35.35   475.65  2281.72    64.39     0.00    0.83   0.71   3.02
2025-04-23T12:12:01.527694+08:00 Dky_app_00 linx[5949]: sdy               0.00     0.00    5.51    5.92   349.97   389.64    64.69     0.02    1.92   1.67   1.91
2025-04-23T12:12:01.527790+08:00 Dky_app_00 linx[5949]: sdz               0.00     0.00    9.36   42.88   587.89   996.05    30.33     0.02    0.29   0.29   1.50
2025-04-23T12:12:01.527877+08:00 Dky_app_00 linx[5949]: sdab              0.00     0.00    0.20    0.00     1.56     0.00     8.00     0.00    0.09   0.09   0.00
2025-04-23T12:12:01.527955+08:00 Dky_app_00 linx[5949]: sdaa              0.00     0.00    0.00    0.00     0.00     0.00    28.50     0.00    0.22   0.22   0.00
2025-04-23T12:12:01.528011+08:00 Dky_app_00 linx[5949]: sdac              0.00     0.00    0.10    4.38     2.46  2852.55   637.78     0.00    0.84   1.66   0.74
2025-04-23T12:12:01.528095+08:00 Dky_app_00 linx[5949]: sdad              0.00     0.00    9.08   71.74   595.16  4604.60    64.34     0.01    0.08   0.23   1.89
2025-04-23T12:12:01.528175+08:00 Dky_app_00 linx[5949]: sdaf              0.00     0.00    5.51    5.92   349.83   389.79    64.69     0.02    1.79   1.58   1.80
2025-04-23T12:12:01.528228+08:00 Dky_app_00 linx[5949]: sdag              0.00     0.00    9.34   42.89   587.84   983.17    30.08     0.02    0.36   0.36   1.89
2025-04-23T12:12:01.528288+08:00 Dky_app_00 linx[5949]: sdah              0.00     0.00    0.00    0.00     0.00     0.00    28.59     0.00    0.12   0.12   0.00
2025-04-23T12:12:01.528344+08:00 Dky_app_00 linx[5949]: sdae              0.00     0.00    7.48   35.34   476.13  2281.25    64.39     0.01    0.92   0.01   0.06
2025-04-23T12:12:01.528402+08:00 Dky_app_00 linx[5949]: sdai              0.00     0.00    0.20    0.00     1.56     0.00     8.00     0.00    0.08   0.08   0.00
2025-04-23T12:12:01.528483+08:00 Dky_app_00 linx[5949]: sdaj              0.00     0.00    0.10    4.38     2.46  2868.57   641.35     0.00    0.51   1.57   0.70
2025-04-23T12:12:01.528575+08:00 Dky_app_00 linx[5949]: sdak              0.00     0.00    9.10   71.71   596.68  4603.07    64.34     0.01    0.08   0.23   1.88
2025-04-23T12:12:01.528627+08:00 Dky_app_00 linx[5949]: sdal              0.00     0.00    7.47   35.36   475.37  2282.02    64.39     0.01    0.92   0.01   0.06
2025-04-23T12:12:01.528695+08:00 Dky_app_00 linx[5949]: sdam              0.00     0.00    5.51    5.92   350.12   389.51    64.69     0.02    1.78   1.57   1.79
2025-04-23T12:12:01.528763+08:00 Dky_app_00 linx[5949]: sdan              0.00     0.00    9.17   43.06   574.92  1006.80    30.28     0.02    0.36   0.36   1.86
2025-04-23T12:12:01.528840+08:00 Dky_app_00 linx[5949]: sdao              0.00     0.00    0.00    0.00     0.00     0.00    28.59     0.00    0.13   0.13   0.00
2025-04-23T12:12:01.528892+08:00 Dky_app_00 linx[5949]: sdap              0.00     0.00    0.20    0.00     1.56     0.00     8.00     0.00    0.08   0.08   0.00
2025-04-23T12:12:01.528964+08:00 Dky_app_00 linx[5949]: sdaq              0.00     0.00    0.10    4.38     2.46  2847.17   636.57     0.00    0.51   1.57   0.70
2025-04-23T12:12:01.529024+08:00 Dky_app_00 linx[5949]: sdar              0.00     0.00    9.11   71.70   597.33  4602.43    64.34     0.02    0.19   0.30   2.39
2025-04-23T12:12:01.529084+08:00 Dky_app_00 linx[5949]: sdas              0.00     0.00    7.47   35.36   475.24  2282.14    64.39     0.00    0.85   0.72   3.07
2025-04-23T12:12:01.529117+08:00 Dky_app_00 linx[5949]: sdat              0.00     0.00    5.52    5.92   350.23   389.39    64.69     0.02    1.96   1.70   1.94
2025-04-23T12:12:01.529179+08:00 Dky_app_00 linx[5949]: sdau              0.00     0.00    9.22   43.01   577.56  1008.70    30.37     0.02    0.31   0.30   1.59
2025-04-23T12:12:01.529257+08:00 Dky_app_00 linx[5949]: sdav              0.00    11.20    0.30    0.11    75.40    90.50   406.11     0.01   12.52   0.70   0.03
2025-04-23T12:12:01.529317+08:00 Dky_app_00 linx[5949]: sdaw              0.00     0.00    0.20    0.00     1.56     0.00     8.00     0.00    0.08   0.08   0.00
2025-04-23T12:12:01.529392+08:00 Dky_app_00 linx[5949]: sday              0.00     0.00    9.08   71.73   595.65  4604.11    64.34     0.01    0.17   0.29   2.31
2025-04-23T12:12:01.529445+08:00 Dky_app_00 linx[5949]: sdaz              0.00     0.00    7.48   35.35   475.87  2281.50    64.39     0.00    0.83   0.70   2.99
2025-04-23T12:12:01.529511+08:00 Dky_app_00 linx[5949]: sdba              0.00     0.00    5.51    5.92   349.88   389.74    64.69     0.02    1.90   1.65   1.89
2025-04-23T12:12:01.529559+08:00 Dky_app_00 linx[5949]: sdbb              0.00     0.00    9.34   42.89   586.95   987.36    30.14     0.01    0.28   0.28   1.45
2025-04-23T12:12:01.529632+08:00 Dky_app_00 linx[5949]: sdbc              0.00     0.00    0.00    0.00     0.00     0.00    28.55     0.00    0.21   0.21   0.00
2025-04-23T12:12:01.529703+08:00 Dky_app_00 linx[5949]: sdbd              0.00     0.00    0.20    0.00     1.56     0.00     8.00     0.00    0.07   0.07   0.00
2025-04-23T12:12:01.529760+08:00 Dky_app_00 linx[5949]: sdbe              0.00     0.00    0.10    4.38     2.46  2844.08   635.88     0.00    0.82   1.65   0.74
2025-04-23T12:12:01.529837+08:00 Dky_app_00 linx[5949]: sdax              0.00     0.00    0.10    4.38     2.46  2871.84   642.09     0.00    0.85   1.66   0.74
2025-04-23T12:12:01.529935+08:00 Dky_app_00 linx[5949]: dm-0              0.00     0.70   72.34  573.76  4766.27 36828.63    64.38     0.02    0.04   0.04   2.82
2025-04-23T12:12:01.530055+08:00 Dky_app_00 linx[5949]: dm-1              0.00     0.34   59.40  282.81  3802.00 18253.83    64.45     0.01    0.04   0.05   1.69
2025-04-23T12:12:01.530118+08:00 Dky_app_00 linx[5949]: dm-2              0.01     0.04   43.70   47.37  2796.89  3116.88    64.94     0.01    0.46   0.18   1.60
2025-04-23T12:12:01.530193+08:00 Dky_app_00 linx[5949]: dm-3              0.00     0.00   73.67  343.78  4645.58  7975.04    30.23     0.01    0.10   0.01   0.59
2025-04-23T12:12:01.530282+08:00 Dky_app_00 linx[5949]: dm-4              0.00     0.00    0.00    0.00     0.00     0.00    15.59     0.00   17.28  17.28   0.00
2025-04-23T12:12:01.530364+08:00 Dky_app_00 linx[5949]: dm-5              0.00  2821.83    0.37   35.05    16.46 22854.98   645.85     0.01    0.38   0.29   1.02
2025-04-23T12:12:01.530439+08:00 Dky_app_00 linx[5949]: dm-6              0.00     0.00   25.49    3.00   333.41     3.00    11.81     0.01    0.36   0.36   1.02
2025-04-23T12:12:01.530520+08:00 Dky_app_00 linx[5949]: dm-7              0.00     0.00   45.80    0.00  4287.20     0.03    93.60     0.02    0.41   0.41   1.89
2025-04-23T12:12:01.530614+08:00 Dky_app_00 linx[5949]: dm-8              0.00     0.00    2.38  340.78    24.97  7972.02    23.30     0.01    0.03   0.03   1.04
2025-04-23T12:12:01.530707+08:00 Dky_app_00 linx[5949]: dm-9              0.00     0.00    0.37 2856.87    16.46 22854.98     8.00     0.02    0.00   0.00   1.03
2025-04-23T12:12:01.530793+08:00 Dky_app_00 linx[5949]:
2025-04-23T12:12:01.532346+08:00 Dky_app_00 linx[5953]: netstat -an |grep -i 'established'|wc -l
2025-04-23T12:12:01.562852+08:00 Dky_app_00 linx[5957]: 879
2025-04-23T12:12:01.563820+08:00 Dky_app_00 linx[5963]: date
2025-04-23T12:12:01.565222+08:00 Dky_app_00 linx[5965]: Wed Apr 23 12:12:01 CST 2025
2025-04-23T12:12:01.566422+08:00 Dky_app_00 linx[5967]: cat   /proc/buddyinfo
2025-04-23T12:12:01.567625+08:00 Dky_app_00 linx[5969]: Node 0, zone      DMA      1      1      1      1      2      1      0      0      1      1      3
2025-04-23T12:12:01.567642+08:00 Dky_app_00 linx[5969]: Node 0, zone    DMA32     80     36     45     33     25     34     10     11      9     54     29
2025-04-23T12:12:01.567649+08:00 Dky_app_00 linx[5969]: Node 0, zone   Normal   3892  27497  50653  45701  39579  31738  23209  12757   4991    493    169
2025-04-23T12:12:01.567666+08:00 Dky_app_00 linx[5969]: Node 1, zone   Normal   1607  12093  52879  43758  38223  30263  21277  10930   3747    248    399
2025-04-23T12:12:01.567696+08:00 Dky_app_00 linx[5969]: Node 2, zone   Normal   2700  48578  51674  45254  35343  27838  18708   7635   2249    630    673
2025-04-23T12:12:01.567705+08:00 Dky_app_00 linx[5969]: Node 3, zone   Normal   2762   4434  35580 118413  91286  61132  32818  12308   3044     76      5
2025-04-23T12:12:01.567729+08:00 Dky_app_00 linx[5969]: Node 4, zone   Normal  47240 107657 144884 122316  96158  64357  33121  10317   1571      7      0
2025-04-23T12:12:01.567737+08:00 Dky_app_00 linx[5969]: Node 5, zone   Normal   1113    906   1937  22185  43023  32335  19460   9973   3669    739    425
2025-04-23T12:12:01.567758+08:00 Dky_app_00 linx[5969]: Node 6, zone   Normal    753   1092  80933 100656  73742  41723  17186   4590   1379     30      0
2025-04-23T12:12:01.567772+08:00 Dky_app_00 linx[5969]: Node 7, zone   Normal  23655  64857  59726  50449  42525  31425  19779  10578   3778    520    292
2025-04-23T12:12:01.568946+08:00 Dky_app_00 linx[5971]: top-detail:
2025-04-23T12:12:01.605418+08:00 Dky_app_00 kernel: sd 7:0:0:6: [sdg]  Result: hostbyte=DID_OK driverbyte=DRIVER_SENSE
2025-04-23T12:12:01.605427+08:00 Dky_app_00 kernel: sd 7:0:0:6: [sdg]  Sense Key : Illegal Request [current]
2025-04-23T12:12:01.605428+08:00 Dky_app_00 kernel: sd 7:0:0:6: [sdg]  Add. Sense: Logical unit not supported
2025-04-23T12:12:01.605430+08:00 Dky_app_00 kernel: sd 7:0:0:6: [sdg] CDB: Read(10): 28 00 00 00 00 00 00 00 08 00
2025-04-23T12:12:01.605432+08:00 Dky_app_00 kernel: end_request: I/O error, dev sdg, sector 0
2025-04-23T12:12:01.605457+08:00 Dky_app_00 multipathd: 363c7843100c5453e3fb2197100000035: sdg - directio checker reports path is down
2025-04-23T12:12:01.605849+08:00 Dky_app_00 multipathd: 363c7843100c5453e3fb2197100000035: sdu - directio checker reports path is down
2025-04-23T12:12:01.606008+08:00 Dky_app_00 multipathd: 363c7843100c5453e3fb2197100000035: sdap - directio checker reports path is down
2025-04-23T12:12:01.606418+08:00 Dky_app_00 kernel: sd 7:0:2:6: [sdu]  Result: hostbyte=DID_OK driverbyte=DRIVER_SENSE
2025-04-23T12:12:01.606424+08:00 Dky_app_00 kernel: sd 7:0:2:6: [sdu]  Sense Key : Illegal Request [current]
2025-04-23T12:12:01.606426+08:00 Dky_app_00 kernel: sd 7:0:2:6: [sdu]  Add. Sense: Logical unit not supported
2025-04-23T12:12:01.606429+08:00 Dky_app_00 kernel: sd 7:0:2:6: [sdu] CDB: Read(10): 28 00 00 00 00 00 00 00 08 00
2025-04-23T12:12:01.606430+08:00 Dky_app_00 kernel: end_request: I/O error, dev sdu, sector 0
2025-04-23T12:12:01.606431+08:00 Dky_app_00 kernel: sd 8:0:1:6: [sdap]  Result: hostbyte=DID_OK driverbyte=DRIVER_SENSE
2025-04-23T12:12:01.606432+08:00 Dky_app_00 kernel: sd 8:0:1:6: [sdap]  Sense Key : Illegal Request [current]
2025-04-23T12:12:01.606433+08:00 Dky_app_00 kernel: sd 8:0:1:6: [sdap]  Add. Sense: Logical unit not supported
2025-04-23T12:12:01.606434+08:00 Dky_app_00 kernel: sd 8:0:1:6: [sdap] CDB: Read(10): 28 00 00 00 00 00 00 00 08 00
2025-04-23T12:12:01.606437+08:00 Dky_app_00 kernel: end_request: I/O error, dev sdap, sector 0
2025-04-23T12:12:01.606554+08:00 Dky_app_00 multipathd: 363c7843100c5453e3fb2197100000035: sdbd - directio checker reports path is down
2025-04-23T12:12:01.607415+08:00 Dky_app_00 kernel: sd 8:0:3:6: [sdbd]  Result: hostbyte=DID_OK driverbyte=DRIVER_SENSE
2025-04-23T12:12:01.607419+08:00 Dky_app_00 kernel: sd 8:0:3:6: [sdbd]  Sense Key : Illegal Request [current]
2025-04-23T12:12:01.607420+08:00 Dky_app_00 kernel: sd 8:0:3:6: [sdbd]  Add. Sense: Logical unit not supported
2025-04-23T12:12:01.607422+08:00 Dky_app_00 kernel: sd 8:0:3:6: [sdbd] CDB: Read(10): 28 00 00 00 00 00 00 00 08 00
2025-04-23T12:12:01.607423+08:00 Dky_app_00 kernel: end_request: I/O error, dev sdbd, sector 0
2025-04-23T12:12:01.976107+08:00 Dky_app_00 pmcagent[96228]: 10.33.1.200,GetSrcIP conn fail
2025-04-23T12:14:01.659453+08:00 Dky_app_00 /usr/sbin/cron[9430]: (root) CMD (sh /usr/bin/msmp >> /var/log/msmp.log )
2025-04-23T12:14:01.659578+08:00 Dky_app_00 /usr/sbin/cron[9431]: (sysadmin) CMD (/usr/sbin/get_max_mem_process.sh)
2025-04-23T12:14:01.659846+08:00 Dky_app_00 /usr/sbin/cron[9432]: (root) CMD (/home/dmdba/drop_cached.sh)
2025-04-23T12:14:01.659943+08:00 Dky_app_00 /usr/sbin/cron[9433]: (dmdba) CMD (sh /home/dmdba/dm/db_sessmon.sh)
2025-04-23T12:14:01.660035+08:00 Dky_app_00 /usr/sbin/cron[9434]: (dmdba) CMD (sh net_colsewait_mon.sh)
2025-04-23T12:14:01.664007+08:00 Dky_app_00 linx[9444]: uptime
2025-04-23T12:14:01.687380+08:00 Dky_app_00 linx[9454]:  12:14:01 up 1550 days, 23:56,  7 users,  load average: 6.78, 8.29, 8.83
2025-04-23T12:14:01.688992+08:00 Dky_app_00 linx[9465]: free -m
2025-04-23T12:14:01.692886+08:00 Dky_app_00 linx[9468]:              total       used       free     shared    buffers     cached
2025-04-23T12:14:01.692935+08:00 Dky_app_00 linx[9468]: Mem:        516904     297706     219197          0          8      11195
2025-04-23T12:14:01.693004+08:00 Dky_app_00 linx[9468]: -/+ buffers/cache:     286502     230402
2025-04-23T12:14:01.693106+08:00 Dky_app_00 linx[9468]: Swap:        61034          0      61034
2025-04-23T12:14:01.693673+08:00 Dky_app_00 multipathd: 363c7843100c5453e3fb2197100000035: sdg - directio checker reports path is down
2025-04-23T12:14:01.694424+08:00 Dky_app_00 kernel: sd 7:0:0:6: [sdg]  Result: hostbyte=DID_OK driverbyte=DRIVER_SENSE
2025-04-23T12:14:01.694434+08:00 Dky_app_00 kernel: sd 7:0:0:6: [sdg]  Sense Key : Illegal Request [current]
2025-04-23T12:14:01.694436+08:00 Dky_app_00 kernel: sd 7:0:0:6: [sdg]  Add. Sense: Logical unit not supported
2025-04-23T12:14:01.694438+08:00 Dky_app_00 kernel: sd 7:0:0:6: [sdg] CDB: Read(10): 28 00 00 00 00 00 00 00 08 00
2025-04-23T12:14:01.694439+08:00 Dky_app_00 kernel: end_request: I/O error, dev sdg, sector 0
2025-04-23T12:14:01.694958+08:00 Dky_app_00 linx[9470]: df -h
2025-04-23T12:14:01.695034+08:00 Dky_app_00 multipathd: 363c7843100c5453e3fb2197100000035: sdu - directio checker reports path is down
2025-04-23T12:14:01.695411+08:00 Dky_app_00 kernel: sd 7:0:2:6: [sdu]  Result: hostbyte=DID_OK driverbyte=DRIVER_SENSE
2025-04-23T12:14:01.695416+08:00 Dky_app_00 kernel: sd 7:0:2:6: [sdu]  Sense Key : Illegal Request [current]
2025-04-23T12:14:01.695417+08:00 Dky_app_00 kernel: sd 7:0:2:6: [sdu]  Add. Sense: Logical unit not supported
2025-04-23T12:14:01.695419+08:00 Dky_app_00 kernel: sd 7:0:2:6: [sdu] CDB: Read(10): 28 00 00 00 00 00 00 00 08 00
2025-04-23T12:14:01.695420+08:00 Dky_app_00 kernel: end_request: I/O error, dev sdu, sector 0
2025-04-23T12:14:01.695661+08:00 Dky_app_00 multipathd: 363c7843100c5453e3fb2197100000035: sdap - directio checker reports path is down
2025-04-23T12:14:01.696411+08:00 Dky_app_00 kernel: sd 8:0:1:6: [sdap]  Result: hostbyte=DID_OK driverbyte=DRIVER_SENSE
2025-04-23T12:14:01.696415+08:00 Dky_app_00 kernel: sd 8:0:1:6: [sdap]  Sense Key : Illegal Request [current]
2025-04-23T12:14:01.696417+08:00 Dky_app_00 kernel: sd 8:0:1:6: [sdap]  Add. Sense: Logical unit not supported
2025-04-23T12:14:01.696421+08:00 Dky_app_00 kernel: sd 8:0:1:6: [sdap] CDB: Read(10): 28 00 00 00 00 00 00 00 08 00
2025-04-23T12:14:01.696422+08:00 Dky_app_00 kernel: end_request: I/O error, dev sdap, sector 0
2025-04-23T12:14:01.696995+08:00 Dky_app_00 multipathd: 363c7843100c5453e3fb2197100000035: sdbd - directio checker reports path is down
2025-04-23T12:14:01.697073+08:00 Dky_app_00 linx[9472]: Filesystem            Size  Used Avail Use% Mounted on
2025-04-23T12:14:01.697173+08:00 Dky_app_00 linx[9472]: /dev/sda2             185G   75G  101G  43% /
2025-04-23T12:14:01.697282+08:00 Dky_app_00 linx[9472]: /dev/sda3             585G  296G  260G  54% /home
2025-04-23T12:14:01.697378+08:00 Dky_app_00 linx[9472]: /dev/sdav             3.0T  1.3T  1.6T  45% /dbbak
2025-04-23T12:14:01.697414+08:00 Dky_app_00 kernel: sd 8:0:3:6: [sdbd]  Result: hostbyte=DID_OK driverbyte=DRIVER_SENSE
2025-04-23T12:14:01.697419+08:00 Dky_app_00 kernel: sd 8:0:3:6: [sdbd]  Sense Key : Illegal Request [current]
2025-04-23T12:14:01.697420+08:00 Dky_app_00 kernel: sd 8:0:3:6: [sdbd]  Add. Sense: Logical unit not supported
2025-04-23T12:14:01.697423+08:00 Dky_app_00 kernel: sd 8:0:3:6: [sdbd] CDB: Read(10): 28 00 00 00 00 00 00 00 08 00
2025-04-23T12:14:01.697424+08:00 Dky_app_00 kernel: end_request: I/O error, dev sdbd, sector 0
2025-04-23T12:14:01.697481+08:00 Dky_app_00 linx[9472]: /dev/mapper/dmarch_22-arch
2025-04-23T12:14:01.697586+08:00 Dky_app_00 linx[9472]:                       886G  680G  162G  81% /dbarch
2025-04-23T12:14:01.697668+08:00 Dky_app_00 linx[9472]: tmpfs                  20M   40K   20M   1% /tmp/smp
2025-04-23T12:14:01.697715+08:00 Dky_app_00 linx[9472]: 192.168.9.23:/dbarch/arch_rac1
2025-04-23T12:14:01.697784+08:00 Dky_app_00 linx[9472]:                       788G  681G   68G  91% /dbarch/arch_dsc1_kafka
2025-04-23T12:14:01.699471+08:00 Dky_app_00 linx[9474]: df -ih
2025-04-23T12:14:01.701348+08:00 Dky_app_00 linx[9476]: Filesystem            Inodes   IUsed   IFree IUse% Mounted on
2025-04-23T12:14:01.701400+08:00 Dky_app_00 linx[9476]: /dev/sda2                12M    2.1M    9.7M   18% /
2025-04-23T12:14:01.701428+08:00 Dky_app_00 linx[9476]: /dev/sda3                37M     28K     37M    1% /home
2025-04-23T12:14:01.701472+08:00 Dky_app_00 linx[9476]: /dev/sdav               192M     11K    192M    1% /dbbak
2025-04-23T12:14:01.701514+08:00 Dky_app_00 linx[9476]: /dev/mapper/dmarch_22-arch
2025-04-23T12:14:01.701605+08:00 Dky_app_00 linx[9476]:                          57M     463     57M    1% /dbarch
2025-04-23T12:14:01.701695+08:00 Dky_app_00 linx[9476]: tmpfs                    64M      13     64M    1% /tmp/smp
2025-04-23T12:14:01.701792+08:00 Dky_app_00 linx[9476]: 192.168.9.23:/dbarch/arch_rac1
2025-04-23T12:14:01.701893+08:00 Dky_app_00 linx[9476]:                          50M     353     50M    1% /dbarch/arch_dsc1_kafka
2025-04-23T12:14:01.703720+08:00 Dky_app_00 linx[9480]: iostat -x
2025-04-23T12:14:01.716115+08:00 Dky_app_00 linx[9482]: Linux 2.6.32-Rocky4.2-x86_64 (Dky_app_00) #01104/23/25 #011_x86_64_
2025-04-23T12:14:01.716197+08:00 Dky_app_00 linx[9482]:
2025-04-23T12:14:01.719976+08:00 Dky_app_00 linx[9482]: avg-cpu:  %user   %nice %system %iowait  %steal   %idle
2025-04-23T12:14:01.720078+08:00 Dky_app_00 linx[9482]:            3.47    0.00    1.30    0.67    0.00   94.61
2025-04-23T12:14:01.720191+08:00 Dky_app_00 linx[9482]:
2025-04-23T12:14:01.720340+08:00 Dky_app_00 linx[9482]: Device:         rrqm/s   wrqm/s     r/s     w/s   rsec/s   wsec/s avgrq-sz avgqu-sz   await  svctm  %util
2025-04-23T12:14:01.720458+08:00 Dky_app_00 linx[9482]: sda               0.02   223.57    0.15   13.30    17.67  1894.94   142.21     0.01    0.68   0.13   0.18
2025-04-23T12:14:01.720581+08:00 Dky_app_00 linx[9482]: sda1              0.00     0.00    0.00    0.00     0.00     0.00    40.85     0.00    2.01   2.01   0.00
2025-04-23T12:14:01.720709+08:00 Dky_app_00 linx[9482]: sda2              0.02    18.32    0.06    1.67     8.47   159.94    97.21     0.00    0.54   0.35   0.06
2025-04-23T12:14:01.720826+08:00 Dky_app_00 linx[9482]: sda3              0.00   205.24    0.08   11.63     9.20  1735.00   148.86     0.01    0.70   0.11   0.13
2025-04-23T12:14:01.720966+08:00 Dky_app_00 linx[9482]: sdb               0.00     0.00    9.08   71.73   595.37  4604.40    64.34     0.01    0.18   0.29   2.33
2025-04-23T12:14:01.721103+08:00 Dky_app_00 linx[9482]: sdc               0.00     0.00    7.48   35.35   476.03  2281.35    64.39     0.00    0.83   0.70   3.00
2025-04-23T12:14:01.721236+08:00 Dky_app_00 linx[9482]: sdd               0.00     0.00    5.51    5.92   349.85   389.77    64.69     0.02    1.89   1.65   1.89
2025-04-23T12:14:01.721362+08:00 Dky_app_00 linx[9482]: sde               0.00     0.00    9.33   42.90   586.71   984.41    30.08     0.02    0.29   0.29   1.50
2025-04-23T12:14:01.721478+08:00 Dky_app_00 linx[9482]: sdf               0.00     0.00    0.00    0.00     0.00     0.00    28.82     0.00    8.78   8.78   0.00
2025-04-23T12:14:01.721561+08:00 Dky_app_00 linx[9482]: sdg               0.00     0.00    0.20    0.00     1.56     0.00     8.00     0.00    0.10   0.10   0.00
2025-04-23T12:14:01.721644+08:00 Dky_app_00 linx[9482]: sdh               0.00     0.00    0.10    4.38     2.46  2870.05   641.69     0.00    0.85   1.66   0.74
2025-04-23T12:14:01.721761+08:00 Dky_app_00 linx[9482]: sdi               0.00     0.00    9.09   71.72   596.34  4603.42    64.34     0.01    0.08   0.24   1.91
2025-04-23T12:14:01.721891+08:00 Dky_app_00 linx[9482]: sdj               0.00     0.00    7.47   35.35   475.62  2281.78    64.39     0.01    0.93   0.02   0.08
2025-04-23T12:14:01.721990+08:00 Dky_app_00 linx[9482]: sdk               0.00     0.00    5.51    5.92   350.01   389.61    64.69     0.02    1.78   1.58   1.80
2025-04-23T12:14:01.722131+08:00 Dky_app_00 linx[9482]: sdl               0.00     0.00    9.10   43.13   569.61  1000.56    30.06     0.02    0.37   0.37   1.93
2025-04-23T12:14:01.722285+08:00 Dky_app_00 linx[9482]: sdm               0.00     0.00    0.00    0.00     0.00     0.00    28.53     0.00    0.20   0.20   0.00
2025-04-23T12:14:01.722410+08:00 Dky_app_00 linx[9482]: sdn               0.00     0.00    0.20    0.00     1.56     0.00     8.00     0.00    0.10   0.10   0.00
2025-04-23T12:14:01.722514+08:00 Dky_app_00 linx[9482]: sdo               0.00     0.00    0.10    4.38     2.46  2856.01   638.54     0.00    0.52   1.57   0.70
2025-04-23T12:14:01.722611+08:00 Dky_app_00 linx[9482]: sdp               0.00     0.00    9.11   71.71   597.00  4602.76    64.34     0.01    0.08   0.23   1.90
2025-04-23T12:14:01.722726+08:00 Dky_app_00 linx[9482]: sdq               0.00     0.00    7.47   35.36   475.30  2282.08    64.39     0.01    0.92   0.02   0.07
2025-04-23T12:14:01.722816+08:00 Dky_app_00 linx[9482]: sdr               0.00     0.00    5.51    5.92   350.19   389.43    64.69     0.02    1.78   1.57   1.80
2025-04-23T12:14:01.722921+08:00 Dky_app_00 linx[9482]: sds               0.00     0.00    9.21   43.02   577.29  1008.00    30.35     0.02    0.36   0.36   1.90
2025-04-23T12:14:01.723028+08:00 Dky_app_00 linx[9482]: sdt               0.00     0.00    0.00    0.00     0.00     0.00    28.50     0.00    0.16   0.16   0.00
2025-04-23T12:14:01.723163+08:00 Dky_app_00 linx[9482]: sdu               0.00     0.00    0.20    0.00     1.56     0.00     8.00     0.00    0.09   0.09   0.00
2025-04-23T12:14:01.723270+08:00 Dky_app_00 linx[9482]: sdv               0.00     0.00    0.10    4.38     2.46  2844.71   636.02     0.00    0.52   1.57   0.70
2025-04-23T12:14:01.723422+08:00 Dky_app_00 linx[9482]: sdw               0.00     0.00    9.09   71.72   595.92  4603.84    64.34     0.01    0.18   0.29   2.34
2025-04-23T12:14:01.723574+08:00 Dky_app_00 linx[9482]: sdx               0.00     0.00    7.47   35.35   475.65  2281.73    64.39     0.00    0.83   0.71   3.02
2025-04-23T12:14:01.723696+08:00 Dky_app_00 linx[9482]: sdy               0.00     0.00    5.51    5.92   349.97   389.64    64.69     0.02    1.92   1.67   1.91
2025-04-23T12:14:01.723819+08:00 Dky_app_00 linx[9482]: sdz               0.00     0.00    9.36   42.87   587.89   996.05    30.33     0.02    0.29   0.29   1.50
2025-04-23T12:14:01.723940+08:00 Dky_app_00 linx[9482]: sdab              0.00     0.00    0.20    0.00     1.56     0.00     8.00     0.00    0.09   0.09   0.00
2025-04-23T12:14:01.724019+08:00 Dky_app_00 linx[9482]: sdaa              0.00     0.00    0.00    0.00     0.00     0.00    28.50     0.00    0.22   0.22   0.00
2025-04-23T12:14:01.724116+08:00 Dky_app_00 linx[9482]: sdac              0.00     0.00    0.10    4.38     2.46  2852.55   637.78     0.00    0.84   1.66   0.74
2025-04-23T12:14:01.724193+08:00 Dky_app_00 linx[9482]: sdad              0.00     0.00    9.08   71.74   595.16  4604.60    64.34     0.01    0.08   0.23   1.89
2025-04-23T12:14:01.724267+08:00 Dky_app_00 linx[9482]: sdaf              0.00     0.00    5.51    5.92   349.83   389.79    64.69     0.02    1.79   1.58   1.80
2025-04-23T12:14:01.724334+08:00 Dky_app_00 linx[9482]: sdag              0.00     0.00    9.34   42.89   587.84   983.17    30.08     0.02    0.36   0.36   1.89
2025-04-23T12:14:01.724386+08:00 Dky_app_00 linx[9482]: sdah              0.00     0.00    0.00    0.00     0.00     0.00    28.59     0.00    0.12   0.12   0.00
2025-04-23T12:14:01.724457+08:00 Dky_app_00 linx[9482]: sdae              0.00     0.00    7.48   35.34   476.13  2281.25    64.39     0.01    0.92   0.01   0.06
2025-04-23T12:14:01.724519+08:00 Dky_app_00 linx[9482]: sdai              0.00     0.00    0.20    0.00     1.56     0.00     8.00     0.00    0.08   0.08   0.00
2025-04-23T12:14:01.724584+08:00 Dky_app_00 linx[9482]: sdaj              0.00     0.00    0.10    4.38     2.46  2868.57   641.35     0.00    0.51   1.57   0.70
2025-04-23T12:14:01.724691+08:00 Dky_app_00 linx[9482]: sdak              0.00     0.00    9.10   71.71   596.68  4603.06    64.34     0.01    0.08   0.23   1.88
2025-04-23T12:14:01.724726+08:00 Dky_app_00 linx[9482]: sdal              0.00     0.00    7.47   35.36   475.37  2282.02    64.39     0.01    0.92   0.01   0.06
2025-04-23T12:14:01.724825+08:00 Dky_app_00 linx[9482]: sdam              0.00     0.00    5.51    5.92   350.12   389.51    64.69     0.02    1.78   1.57   1.79
2025-04-23T12:14:01.724931+08:00 Dky_app_00 linx[9482]: sdan              0.00     0.00    9.17   43.06   574.92  1006.80    30.28     0.02    0.36   0.36   1.86
2025-04-23T12:14:01.725088+08:00 Dky_app_00 linx[9482]: sdao              0.00     0.00    0.00    0.00     0.00     0.00    28.59     0.00    0.13   0.13   0.00
2025-04-23T12:14:01.725223+08:00 Dky_app_00 linx[9482]: sdap              0.00     0.00    0.20    0.00     1.56     0.00     8.00     0.00    0.08   0.08   0.00
2025-04-23T12:14:01.725407+08:00 Dky_app_00 linx[9482]: sdaq              0.00     0.00    0.10    4.38     2.46  2847.17   636.57     0.00    0.51   1.57   0.70
2025-04-23T12:14:01.725557+08:00 Dky_app_00 linx[9482]: sdar              0.00     0.00    9.11   71.70   597.33  4602.43    64.34     0.02    0.19   0.30   2.39
2025-04-23T12:14:01.725686+08:00 Dky_app_00 linx[9482]: sdas              0.00     0.00    7.47   35.36   475.24  2282.14    64.39     0.00    0.85   0.72   3.07
2025-04-23T12:14:01.725795+08:00 Dky_app_00 linx[9482]: sdat              0.00     0.00    5.52    5.92   350.23   389.39    64.69     0.02    1.96   1.70   1.94
2025-04-23T12:14:01.725892+08:00 Dky_app_00 linx[9482]: sdau              0.00     0.00    9.22   43.01   577.56  1008.70    30.37     0.02    0.31   0.30   1.59
2025-04-23T12:14:01.725943+08:00 Dky_app_00 linx[9482]: sdav              0.00    11.20    0.30    0.11    75.40    90.50   406.11     0.01   12.52   0.70   0.03
2025-04-23T12:14:01.726009+08:00 Dky_app_00 linx[9482]: sdaw              0.00     0.00    0.20    0.00     1.56     0.00     8.00     0.00    0.08   0.08   0.00
2025-04-23T12:14:01.726066+08:00 Dky_app_00 linx[9482]: sday              0.00     0.00    9.08   71.73   595.65  4604.11    64.34     0.01    0.17   0.29   2.31
2025-04-23T12:14:01.726138+08:00 Dky_app_00 linx[9482]: sdaz              0.00     0.00    7.48   35.35   475.87  2281.50    64.39     0.00    0.83   0.70   2.99
2025-04-23T12:14:01.726217+08:00 Dky_app_00 linx[9482]: sdba              0.00     0.00    5.51    5.92   349.88   389.74    64.69     0.02    1.90   1.65   1.89
2025-04-23T12:14:01.726315+08:00 Dky_app_00 linx[9482]: sdbb              0.00     0.00    9.34   42.89   586.95   987.36    30.14     0.01    0.28   0.28   1.45
2025-04-23T12:14:01.726416+08:00 Dky_app_00 linx[9482]: sdbc              0.00     0.00    0.00    0.00     0.00     0.00    28.55     0.00    0.21   0.21   0.00
2025-04-23T12:14:01.726526+08:00 Dky_app_00 linx[9482]: sdbd              0.00     0.00    0.20    0.00     1.56     0.00     8.00     0.00    0.07   0.07   0.00
2025-04-23T12:14:01.726648+08:00 Dky_app_00 linx[9482]: sdbe              0.00     0.00    0.10    4.38     2.46  2844.08   635.88     0.00    0.82   1.65   0.74
2025-04-23T12:14:01.726763+08:00 Dky_app_00 linx[9482]: sdax              0.00     0.00    0.10    4.38     2.46  2871.84   642.09     0.00    0.85   1.66   0.74
2025-04-23T12:14:01.726851+08:00 Dky_app_00 linx[9482]: dm-0              0.00     0.70   72.34  573.76  4766.27 36828.61    64.38     0.02    0.04   0.04   2.82
2025-04-23T12:14:01.726942+08:00 Dky_app_00 linx[9482]: dm-1              0.00     0.34   59.40  282.81  3802.00 18253.84    64.45     0.01    0.04   0.05   1.69
2025-04-23T12:14:01.727020+08:00 Dky_app_00 linx[9482]: dm-2              0.01     0.04   43.70   47.37  2796.89  3116.88    64.94     0.01    0.46   0.18   1.60
2025-04-23T12:14:01.727115+08:00 Dky_app_00 linx[9482]: dm-3              0.00     0.00   73.67  343.78  4645.58  7975.05    30.23     0.01    0.10   0.01   0.59
2025-04-23T12:14:01.727168+08:00 Dky_app_00 linx[9482]: dm-4              0.00     0.00    0.00    0.00     0.00     0.00    15.59     0.00   17.28  17.28   0.00
2025-04-23T12:14:01.727229+08:00 Dky_app_00 linx[9482]: dm-5              0.00  2821.83    0.37   35.05    16.46 22854.97   645.85     0.01    0.38   0.29   1.02
2025-04-23T12:14:01.727308+08:00 Dky_app_00 linx[9482]: dm-6              0.00     0.00   25.49    3.00   333.41     3.00    11.81     0.01    0.36   0.36   1.02
2025-04-23T12:14:01.727366+08:00 Dky_app_00 linx[9482]: dm-7              0.00     0.00   45.80    0.00  4287.20     0.03    93.60     0.02    0.41   0.41   1.89
2025-04-23T12:14:01.727438+08:00 Dky_app_00 linx[9482]: dm-8              0.00     0.00    2.38  340.78    24.97  7972.02    23.30     0.01    0.03   0.03   1.04
2025-04-23T12:14:01.727480+08:00 Dky_app_00 linx[9482]: dm-9              0.00     0.00    0.37 2856.87    16.46 22854.97     8.00     0.02    0.00   0.00   1.03
2025-04-23T12:14:01.727546+08:00 Dky_app_00 linx[9482]:
2025-04-23T12:14:01.729185+08:00 Dky_app_00 linx[9486]: netstat -an |grep -i 'established'|wc -l
2025-04-23T12:14:01.760314+08:00 Dky_app_00 linx[9490]: 868
2025-04-23T12:14:01.762057+08:00 Dky_app_00 linx[9493]: date
2025-04-23T12:14:01.763534+08:00 Dky_app_00 linx[9495]: Wed Apr 23 12:14:01 CST 2025
2025-04-23T12:14:01.765023+08:00 Dky_app_00 linx[9497]: cat   /proc/buddyinfo
2025-04-23T12:14:01.766408+08:00 Dky_app_00 linx[9499]: Node 0, zone      DMA      1      1      1      1      2      1      0      0      1      1      3
2025-04-23T12:14:01.766454+08:00 Dky_app_00 linx[9499]: Node 0, zone    DMA32     80     36     45     33     25     34     10     11      9     54     29
2025-04-23T12:14:01.766511+08:00 Dky_app_00 linx[9499]: Node 0, zone   Normal   2783  22998  50655  45700  39578  31737  23208  12756   4992    492    169
2025-04-23T12:14:01.766565+08:00 Dky_app_00 linx[9499]: Node 1, zone   Normal   2347   5973  52758  43756  38221  30263  21277  10930   3747    248    399
2025-04-23T12:14:01.766622+08:00 Dky_app_00 linx[9499]: Node 2, zone   Normal   2190  42557  51680  45255  35344  27838  18708   7635   2249    631    673
2025-04-23T12:14:01.766682+08:00 Dky_app_00 linx[9499]: Node 3, zone   Normal   2413   4437  19634 118429  91321  61132  32819  12308   3044     76      5
2025-04-23T12:14:01.766740+08:00 Dky_app_00 linx[9499]: Node 4, zone   Normal   2545 101486 144885 122313  96158  64357  33122  10317   1571      6      0
2025-04-23T12:14:01.766774+08:00 Dky_app_00 linx[9499]: Node 5, zone   Normal   1515    970   1843  21423  43023  32335  19460   9973   3669    742    425
2025-04-23T12:14:01.766828+08:00 Dky_app_00 linx[9499]: Node 6, zone   Normal    471   1221  79922 100658  73744  41723  17186   4590   1379     28      0
2025-04-23T12:14:01.766892+08:00 Dky_app_00 linx[9499]: Node 7, zone   Normal  22824  64877  59726  50445  42519  31418  19780  10577   3780    520    292
2025-04-23T12:14:01.768375+08:00 Dky_app_00 linx[9501]: top-detail:
2025-04-23T12:16:01.004525+08:00 Dky_app_00 /usr/sbin/cron[12995]: (root) CMD (sh /usr/bin/msmp >> /var/log/msmp.log )
2025-04-23T12:16:01.004598+08:00 Dky_app_00 /usr/sbin/cron[12996]: (sysadmin) CMD (/usr/sbin/get_max_mem_process.sh)
2025-04-23T12:16:01.004819+08:00 Dky_app_00 /usr/sbin/cron[12997]: (root) CMD (/home/dmdba/drop_cached.sh)
2025-04-23T12:16:01.004852+08:00 Dky_app_00 /usr/sbin/cron[12998]: (dmdba) CMD (sh net_colsewait_mon.sh)
2025-04-23T12:16:01.006229+08:00 Dky_app_00 /usr/sbin/cron[12999]: (dmdba) CMD (sh /home/dmdba/dm/db_sessmon.sh)
2025-04-23T12:16:01.008543+08:00 Dky_app_00 linx[13010]: uptime
2025-04-23T12:16:01.035681+08:00 Dky_app_00 linx[13017]:  12:16:01 up 1550 days, 23:58,  7 users,  load average: 9.63, 8.65, 8.88
2025-04-23T12:16:01.036808+08:00 Dky_app_00 linx[13025]: free -m
2025-04-23T12:16:01.039852+08:00 Dky_app_00 linx[13027]:              total       used       free     shared    buffers     cached
2025-04-23T12:16:01.039876+08:00 Dky_app_00 linx[13027]: Mem:        516904     301424     215480          0          9      13914
2025-04-23T12:16:01.039898+08:00 Dky_app_00 linx[13027]: -/+ buffers/cache:     287500     229404
2025-04-23T12:16:01.039914+08:00 Dky_app_00 linx[13027]: Swap:        61034          0      61034
2025-04-23T12:16:01.040972+08:00 Dky_app_00 linx[13029]: df -h
2025-04-23T12:16:01.042513+08:00 Dky_app_00 linx[13031]: Filesystem            Size  Used Avail Use% Mounted on
2025-04-23T12:16:01.042546+08:00 Dky_app_00 linx[13031]: /dev/sda2             185G   75G  101G  43% /
2025-04-23T12:16:01.042578+08:00 Dky_app_00 linx[13031]: /dev/sda3             585G  296G  260G  54% /home
2025-04-23T12:16:01.042598+08:00 Dky_app_00 linx[13031]: /dev/sdav             3.0T  1.3T  1.6T  45% /dbbak
2025-04-23T12:16:01.042624+08:00 Dky_app_00 linx[13031]: /dev/mapper/dmarch_22-arch
2025-04-23T12:16:01.042639+08:00 Dky_app_00 linx[13031]:                       886G  680G  162G  81% /dbarch
2025-04-23T12:16:01.042672+08:00 Dky_app_00 linx[13031]: tmpfs                  20M   48K   20M   1% /tmp/smp
2025-04-23T12:16:01.042694+08:00 Dky_app_00 linx[13031]: 192.168.9.23:/dbarch/arch_rac1
2025-04-23T12:16:01.042721+08:00 Dky_app_00 linx[13031]:                       788G  681G   68G  91% /dbarch/arch_dsc1_kafka
2025-04-23T12:16:01.044226+08:00 Dky_app_00 linx[13035]: df -ih
2025-04-23T12:16:01.045553+08:00 Dky_app_00 linx[13037]: Filesystem            Inodes   IUsed   IFree IUse% Mounted on
2025-04-23T12:16:01.045570+08:00 Dky_app_00 linx[13037]: /dev/sda2                12M    2.1M    9.7M   18% /
2025-04-23T12:16:01.045588+08:00 Dky_app_00 linx[13037]: /dev/sda3                37M     28K     37M    1% /home
2025-04-23T12:16:01.045615+08:00 Dky_app_00 linx[13037]: /dev/sdav               192M     11K    192M    1% /dbbak
2025-04-23T12:16:01.045633+08:00 Dky_app_00 linx[13037]: /dev/mapper/dmarch_22-arch
2025-04-23T12:16:01.045654+08:00 Dky_app_00 linx[13037]:                          57M     463     57M    1% /dbarch
2025-04-23T12:16:01.045668+08:00 Dky_app_00 linx[13037]: tmpfs                    64M      13     64M    1% /tmp/smp
2025-04-23T12:16:01.045704+08:00 Dky_app_00 linx[13037]: 192.168.9.23:/dbarch/arch_rac1
2025-04-23T12:16:01.045732+08:00 Dky_app_00 linx[13037]:                          50M     353     50M    1% /dbarch/arch_dsc1_kafka
2025-04-23T12:16:01.046835+08:00 Dky_app_00 linx[13039]: iostat -x
2025-04-23T12:16:01.051345+08:00 Dky_app_00 linx[13041]: Linux 2.6.32-Rocky4.2-x86_64 (Dky_app_00) #01104/23/25 #011_x86_64_
2025-04-23T12:16:01.051359+08:00 Dky_app_00 linx[13041]:
2025-04-23T12:16:01.054849+08:00 Dky_app_00 linx[13041]: avg-cpu:  %user   %nice %system %iowait  %steal   %idle
2025-04-23T12:16:01.054869+08:00 Dky_app_00 linx[13041]:            3.47    0.00    1.30    0.67    0.00   94.61
2025-04-23T12:16:01.054879+08:00 Dky_app_00 linx[13041]:
2025-04-23T12:16:01.054885+08:00 Dky_app_00 linx[13041]: Device:         rrqm/s   wrqm/s     r/s     w/s   rsec/s   wsec/s avgrq-sz avgqu-sz   await  svctm  %util
2025-04-23T12:16:01.054889+08:00 Dky_app_00 linx[13041]: sda               0.02   223.57    0.15   13.30    17.67  1894.95   142.21     0.01    0.68   0.13   0.18
2025-04-23T12:16:01.054909+08:00 Dky_app_00 linx[13041]: sda1              0.00     0.00    0.00    0.00     0.00     0.00    40.85     0.00    2.01   2.01   0.00
2025-04-23T12:16:01.054920+08:00 Dky_app_00 linx[13041]: sda2              0.02    18.32    0.06    1.67     8.47   159.94    97.21     0.00    0.54   0.35   0.06
2025-04-23T12:16:01.054929+08:00 Dky_app_00 linx[13041]: sda3              0.00   205.24    0.08   11.63     9.20  1735.01   148.86     0.01    0.70   0.11   0.13
2025-04-23T12:16:01.054941+08:00 Dky_app_00 linx[13041]: sdb               0.00     0.00    9.08   71.73   595.37  4604.40    64.34     0.01    0.18   0.29   2.33
2025-04-23T12:16:01.054947+08:00 Dky_app_00 linx[13041]: sdc               0.00     0.00    7.48   35.35   476.03  2281.35    64.39     0.00    0.83   0.70   3.00
2025-04-23T12:16:01.054958+08:00 Dky_app_00 linx[13041]: sdd               0.00     0.00    5.51    5.92   349.85   389.77    64.69     0.02    1.89   1.65   1.89
2025-04-23T12:16:01.054968+08:00 Dky_app_00 linx[13041]: sde               0.00     0.00    9.33   42.90   586.71   984.41    30.08     0.02    0.29   0.29   1.50
2025-04-23T12:16:01.054976+08:00 Dky_app_00 linx[13041]: sdf               0.00     0.00    0.00    0.00     0.00     0.00    28.82     0.00    8.78   8.78   0.00
2025-04-23T12:16:01.054983+08:00 Dky_app_00 linx[13041]: sdg               0.00     0.00    0.20    0.00     1.56     0.00     8.00     0.00    0.10   0.10   0.00
2025-04-23T12:16:01.054992+08:00 Dky_app_00 linx[13041]: sdh               0.00     0.00    0.10    4.38     2.46  2870.05   641.69     0.00    0.85   1.66   0.74
2025-04-23T12:16:01.054998+08:00 Dky_app_00 linx[13041]: sdi               0.00     0.00    9.09   71.72   596.34  4603.42    64.34     0.01    0.08   0.24   1.91
2025-04-23T12:16:01.055007+08:00 Dky_app_00 linx[13041]: sdj               0.00     0.00    7.47   35.35   475.62  2281.78    64.39     0.01    0.93   0.02   0.08
2025-04-23T12:16:01.055016+08:00 Dky_app_00 linx[13041]: sdk               0.00     0.00    5.51    5.92   350.01   389.61    64.69     0.02    1.78   1.58   1.80
2025-04-23T12:16:01.055027+08:00 Dky_app_00 linx[13041]: sdl               0.00     0.00    9.10   43.13   569.61  1000.56    30.06     0.02    0.37   0.37   1.93
2025-04-23T12:16:01.055039+08:00 Dky_app_00 linx[13041]: sdm               0.00     0.00    0.00    0.00     0.00     0.00    28.53     0.00    0.20   0.20   0.00
2025-04-23T12:16:01.055080+08:00 Dky_app_00 linx[13041]: sdn               0.00     0.00    0.20    0.00     1.56     0.00     8.00     0.00    0.10   0.10   0.00
2025-04-23T12:16:01.055085+08:00 Dky_app_00 linx[13041]: sdo               0.00     0.00    0.10    4.38     2.46  2856.01   638.54     0.00    0.52   1.57   0.70
2025-04-23T12:16:01.055106+08:00 Dky_app_00 linx[13041]: sdp               0.00     0.00    9.11   71.71   597.00  4602.76    64.34     0.01    0.08   0.23   1.90
2025-04-23T12:16:01.055112+08:00 Dky_app_00 linx[13041]: sdq               0.00     0.00    7.47   35.36   475.30  2282.09    64.39     0.01    0.92   0.02   0.07
2025-04-23T12:16:01.055118+08:00 Dky_app_00 linx[13041]: sdr               0.00     0.00    5.51    5.92   350.19   389.43    64.69     0.02    1.78   1.57   1.80
2025-04-23T12:16:01.055123+08:00 Dky_app_00 linx[13041]: sds               0.00     0.00    9.21   43.02   577.29  1008.00    30.35     0.02    0.36   0.36   1.90
2025-04-23T12:16:01.055138+08:00 Dky_app_00 linx[13041]: sdt               0.00     0.00    0.00    0.00     0.00     0.00    28.50     0.00    0.16   0.16   0.00
2025-04-23T12:16:01.055143+08:00 Dky_app_00 linx[13041]: sdu               0.00     0.00    0.20    0.00     1.56     0.00     8.00     0.00    0.09   0.09   0.00
2025-04-23T12:16:01.055153+08:00 Dky_app_00 linx[13041]: sdv               0.00     0.00    0.10    4.38     2.46  2844.71   636.02     0.00    0.52   1.57   0.70
2025-04-23T12:16:01.055175+08:00 Dky_app_00 linx[13041]: sdw               0.00     0.00    9.09   71.72   595.92  4603.84    64.34     0.01    0.18   0.29   2.34
2025-04-23T12:16:01.055185+08:00 Dky_app_00 linx[13041]: sdx               0.00     0.00    7.47   35.35   475.65  2281.73    64.39     0.00    0.83   0.71   3.02
2025-04-23T12:16:01.055210+08:00 Dky_app_00 linx[13041]: sdy               0.00     0.00    5.51    5.92   349.97   389.64    64.69     0.02    1.92   1.67   1.91
2025-04-23T12:16:01.055228+08:00 Dky_app_00 linx[13041]: sdz               0.00     0.00    9.36   42.87   587.89   996.05    30.33     0.02    0.29   0.29   1.50
2025-04-23T12:16:01.055250+08:00 Dky_app_00 linx[13041]: sdab              0.00     0.00    0.20    0.00     1.56     0.00     8.00     0.00    0.09   0.09   0.00
2025-04-23T12:16:01.055262+08:00 Dky_app_00 linx[13041]: sdaa              0.00     0.00    0.00    0.00     0.00     0.00    28.50     0.00    0.22   0.22   0.00
2025-04-23T12:16:01.055266+08:00 Dky_app_00 linx[13041]: sdac              0.00     0.00    0.10    4.38     2.46  2852.55   637.78     0.00    0.84   1.66   0.74
2025-04-23T12:16:01.055280+08:00 Dky_app_00 linx[13041]: sdad              0.00     0.00    9.08   71.74   595.16  4604.60    64.34     0.01    0.08   0.23   1.89
2025-04-23T12:16:01.055300+08:00 Dky_app_00 linx[13041]: sdaf              0.00     0.00    5.51    5.92   349.83   389.79    64.69     0.02    1.79   1.58   1.80
2025-04-23T12:16:01.055308+08:00 Dky_app_00 linx[13041]: sdag              0.00     0.00    9.34   42.89   587.84   983.17    30.08     0.02    0.36   0.36   1.89
2025-04-23T12:16:01.055319+08:00 Dky_app_00 linx[13041]: sdah              0.00     0.00    0.00    0.00     0.00     0.00    28.59     0.00    0.12   0.12   0.00
2025-04-23T12:16:01.055330+08:00 Dky_app_00 linx[13041]: sdae              0.00     0.00    7.48   35.34   476.13  2281.25    64.39     0.01    0.92   0.01   0.06
2025-04-23T12:16:01.055340+08:00 Dky_app_00 linx[13041]: sdai              0.00     0.00    0.20    0.00     1.56     0.00     8.00     0.00    0.08   0.08   0.00
2025-04-23T12:16:01.055357+08:00 Dky_app_00 linx[13041]: sdaj              0.00     0.00    0.10    4.38     2.46  2868.57   641.35     0.00    0.51   1.57   0.70
2025-04-23T12:16:01.055367+08:00 Dky_app_00 linx[13041]: sdak              0.00     0.00    9.10   71.71   596.68  4603.06    64.34     0.01    0.08   0.23   1.88
2025-04-23T12:16:01.055379+08:00 Dky_app_00 linx[13041]: sdal              0.00     0.00    7.47   35.36   475.37  2282.02    64.39     0.01    0.92   0.01   0.06
2025-04-23T12:16:01.055391+08:00 Dky_app_00 linx[13041]: sdam              0.00     0.00    5.51    5.92   350.12   389.50    64.69     0.02    1.78   1.57   1.79
2025-04-23T12:16:01.055409+08:00 Dky_app_00 linx[13041]: sdan              0.00     0.00    9.17   43.06   574.92  1006.80    30.28     0.02    0.36   0.36   1.86
2025-04-23T12:16:01.055419+08:00 Dky_app_00 linx[13041]: sdao              0.00     0.00    0.00    0.00     0.00     0.00    28.59     0.00    0.13   0.13   0.00
2025-04-23T12:16:01.055425+08:00 Dky_app_00 linx[13041]: sdap              0.00     0.00    0.20    0.00     1.56     0.00     8.00     0.00    0.08   0.08   0.00
2025-04-23T12:16:01.055440+08:00 Dky_app_00 linx[13041]: sdaq              0.00     0.00    0.10    4.38     2.46  2847.17   636.57     0.00    0.51   1.57   0.70
2025-04-23T12:16:01.055454+08:00 Dky_app_00 linx[13041]: sdar              0.00     0.00    9.11   71.70   597.33  4602.43    64.34     0.02    0.19   0.30   2.39
2025-04-23T12:16:01.055462+08:00 Dky_app_00 linx[13041]: sdas              0.00     0.00    7.47   35.36   475.24  2282.14    64.39     0.00    0.85   0.72   3.07
2025-04-23T12:16:01.055470+08:00 Dky_app_00 linx[13041]: sdat              0.00     0.00    5.52    5.92   350.23   389.39    64.69     0.02    1.96   1.70   1.94
2025-04-23T12:16:01.055481+08:00 Dky_app_00 linx[13041]: sdau              0.00     0.00    9.22   43.01   577.56  1008.71    30.37     0.02    0.31   0.30   1.59
2025-04-23T12:16:01.055488+08:00 Dky_app_00 linx[13041]: sdav              0.00    11.20    0.30    0.11    75.40    90.50   406.11     0.01   12.52   0.70   0.03
2025-04-23T12:16:01.055496+08:00 Dky_app_00 linx[13041]: sdaw              0.00     0.00    0.20    0.00     1.56     0.00     8.00     0.00    0.08   0.08   0.00
2025-04-23T12:16:01.055506+08:00 Dky_app_00 linx[13041]: sday              0.00     0.00    9.08   71.73   595.64  4604.11    64.34     0.01    0.17   0.29   2.31
2025-04-23T12:16:01.055516+08:00 Dky_app_00 linx[13041]: sdaz              0.00     0.00    7.48   35.35   475.87  2281.50    64.39     0.00    0.83   0.70   2.99
2025-04-23T12:16:01.055525+08:00 Dky_app_00 linx[13041]: sdba              0.00     0.00    5.51    5.92   349.88   389.74    64.69     0.02    1.90   1.65   1.89
2025-04-23T12:16:01.055541+08:00 Dky_app_00 linx[13041]: sdbb              0.00     0.00    9.34   42.89   586.95   987.36    30.14     0.01    0.28   0.28   1.45
2025-04-23T12:16:01.055548+08:00 Dky_app_00 linx[13041]: sdbc              0.00     0.00    0.00    0.00     0.00     0.00    28.55     0.00    0.21   0.21   0.00
2025-04-23T12:16:01.055561+08:00 Dky_app_00 linx[13041]: sdbd              0.00     0.00    0.20    0.00     1.56     0.00     8.00     0.00    0.07   0.07   0.00
2025-04-23T12:16:01.055574+08:00 Dky_app_00 linx[13041]: sdbe              0.00     0.00    0.10    4.38     2.46  2844.08   635.88     0.00    0.82   1.65   0.74
2025-04-23T12:16:01.055588+08:00 Dky_app_00 linx[13041]: sdax              0.00     0.00    0.10    4.38     2.46  2871.84   642.09     0.00    0.85   1.66   0.74
2025-04-23T12:16:01.055603+08:00 Dky_app_00 linx[13041]: dm-0              0.00     0.70   72.34  573.76  4766.27 36828.61    64.38     0.02    0.04   0.04   2.82
2025-04-23T12:16:01.055615+08:00 Dky_app_00 linx[13041]: dm-1              0.00     0.34   59.40  282.81  3802.00 18253.85    64.45     0.01    0.04   0.05   1.69
2025-04-23T12:16:01.055622+08:00 Dky_app_00 linx[13041]: dm-2              0.01     0.04   43.70   47.37  2796.89  3116.88    64.94     0.01    0.46   0.18   1.60
2025-04-23T12:16:01.055654+08:00 Dky_app_00 linx[13041]: dm-3              0.00     0.00   73.67  343.78  4645.57  7975.06    30.23     0.01    0.10   0.01   0.59
2025-04-23T12:16:01.055661+08:00 Dky_app_00 linx[13041]: dm-4              0.00     0.00    0.00    0.00     0.00     0.00    15.59     0.00   17.28  17.28   0.00
2025-04-23T12:16:01.055673+08:00 Dky_app_00 linx[13041]: dm-5              0.00  2821.83    0.37   35.05    16.46 22855.00   645.85     0.01    0.38   0.29   1.02
2025-04-23T12:16:01.055685+08:00 Dky_app_00 linx[13041]: dm-6              0.00     0.00   25.49    3.00   333.41     3.00    11.81     0.01    0.36   0.36   1.02
2025-04-23T12:16:01.055704+08:00 Dky_app_00 linx[13041]: dm-7              0.00     0.00   45.80    0.00  4287.20     0.03    93.60     0.02    0.41   0.41   1.89
2025-04-23T12:16:01.055724+08:00 Dky_app_00 linx[13041]: dm-8              0.00     0.00    2.38  340.78    24.97  7972.03    23.30     0.01    0.03   0.03   1.04
2025-04-23T12:16:01.055730+08:00 Dky_app_00 linx[13041]: dm-9              0.00     0.00    0.37 2856.88    16.46 22855.00     8.00     0.02    0.00   0.00   1.03
2025-04-23T12:16:01.055737+08:00 Dky_app_00 linx[13041]:
2025-04-23T12:16:01.056797+08:00 Dky_app_00 linx[13046]: netstat -an |grep -i 'established'|wc -l
2025-04-23T12:16:01.085962+08:00 Dky_app_00 linx[13050]: 861
2025-04-23T12:16:01.087023+08:00 Dky_app_00 linx[13056]: date
2025-04-23T12:16:01.088029+08:00 Dky_app_00 linx[13058]: Wed Apr 23 12:16:01 CST 2025
2025-04-23T12:16:01.088964+08:00 Dky_app_00 linx[13060]: cat   /proc/buddyinfo
2025-04-23T12:16:01.089931+08:00 Dky_app_00 linx[13062]: Node 0, zone      DMA      1      1      1      1      2      1      0      0      1      1      3
2025-04-23T12:16:01.089954+08:00 Dky_app_00 linx[13062]: Node 0, zone    DMA32     80     36     45     33     25     34     10     11      9     54     29
2025-04-23T12:16:01.089969+08:00 Dky_app_00 linx[13062]: Node 0, zone   Normal   1338   1065    626   8947  39529  31737  23208  12756   4992    494    169
2025-04-23T12:16:01.090082+08:00 Dky_app_00 linx[13062]: Node 1, zone   Normal   1189   8102  52738  43758  38223  30263  21277  10930   3747    246    399
2025-04-23T12:16:01.090091+08:00 Dky_app_00 linx[13062]: Node 2, zone   Normal   2258  36559  51664  45256  35342  27839  18708   7635   2249    631    673
2025-04-23T12:16:01.090104+08:00 Dky_app_00 linx[13062]: Node 3, zone   Normal   2752   4438   4599 115403  91321  61132  32819  12308   3044     73      5
2025-04-23T12:16:01.090124+08:00 Dky_app_00 linx[13062]: Node 4, zone   Normal   2928  94737 144880 122313  96160  64361  33122  10317   1571      7      0
2025-04-23T12:16:01.090136+08:00 Dky_app_00 linx[13062]: Node 5, zone   Normal    764    834   1672   2389  37035  32335  19460   9973   3669    712    425
2025-04-23T12:16:01.090149+08:00 Dky_app_00 linx[13062]: Node 6, zone   Normal    865    979  72723 100659  73745  41723  17186   4590   1379     30      0
2025-04-23T12:16:01.090169+08:00 Dky_app_00 linx[13062]: Node 7, zone   Normal  20396  64620  57771  50446  42517  31415  19779  10579   3780    520    292
2025-04-23T12:16:01.091104+08:00 Dky_app_00 linx[13064]: top-detail:
2025-04-23T12:16:01.749510+08:00 Dky_app_00 linx[13067]: top - 12:16:01 up 1550 days, 23:58,  7 users,  load average: 9.63, 8.65, 8.88
2025-04-23T12:16:01.749541+08:00 Dky_app_00 linx[13067]: Tasks: 3084 total,   2 running, 3082 sleeping,   0 stopped,   0 zombie
2025-04-23T12:16:01.749546+08:00 Dky_app_00 linx[13067]: Cpu(s):  3.5%us,  1.2%sy,  0.0%ni, 94.6%id,  0.7%wa,  0.0%hi,  0.0%si,  0.0%st
2025-04-23T12:16:01.749561+08:00 Dky_app_00 linx[13067]: Mem:  529310592k total, 308670376k used, 220640216k free,    10124k buffers
2025-04-23T12:16:01.749566+08:00 Dky_app_00 linx[13067]: Swap: 62499836k total,        0k used, 62499836k free, 14253508k cached
2025-04-23T12:16:01.749569+08:00 Dky_app_00 linx[13067]:
2025-04-23T12:16:01.749571+08:00 Dky_app_00 linx[13067]:    PID USER      PR  NI  VIRT  RES  SHR S %CPU %MEM    TIME+  COMMAND
2025-04-23T12:16:01.749575+08:00 Dky_app_00 linx[13067]:  10414 dmdba     20   0  373g 272g 214m S  601 54.0  90099,36 dmserver
2025-04-23T12:16:01.749578+08:00 Dky_app_00 linx[13067]:  26146 snmpd     20   0 39808 5228 1360 R   97  0.0 305107:43 snmpd
2025-04-23T12:16:01.749582+08:00 Dky_app_00 linx[13067]:  13065 sysadmin  20   0 12844 3400  760 R   12  0.0   0:00.14 top
2025-04-23T12:16:01.749585+08:00 Dky_app_00 linx[13067]:  69140 dmdba     20   0 1325m  37m 2984 S   10  0.0  83038:23 dmwatcher
2025-04-23T12:16:01.749588+08:00 Dky_app_00 linx[13067]:  41212 sysadmin  20   0 1104m  34m 2944 S    3  0.0  29075:29 linx_smp
2025-04-23T12:16:01.749590+08:00 Dky_app_00 linx[13067]:    670 root      20   0     0    0    0 S    2  0.0  77:29.48 events/91
2025-04-23T12:16:01.749593+08:00 Dky_app_00 linx[13067]:      1 root      20   0  7852  612  512 S    0  0.0  31:07.21 init
2025-04-23T12:16:01.749597+08:00 Dky_app_00 linx[13067]:      2 root      20   0     0    0    0 S    0  0.0   0:02.80 kthreadd
2025-04-23T12:16:01.749600+08:00 Dky_app_00 linx[13067]:      3 root      RT   0     0    0    0 S    0  0.0 112:36.28 migration/0
2025-04-23T12:16:01.749602+08:00 Dky_app_00 linx[13067]:      4 root      20   0     0    0    0 S    0  0.0  84:29.99 ksoftirqd/0
2025-04-23T12:16:01.749605+08:00 Dky_app_00 linx[13067]:      5 root      RT   0     0    0    0 S    0  0.0   0:00.00 stopper/0
2025-04-23T12:16:01.749612+08:00 Dky_app_00 linx[13067]:      6 root      RT   0     0    0    0 S    0  0.0   2:55.87 watchdog/0
2025-04-23T12:16:01.749620+08:00 Dky_app_00 linx[13067]:      7 root      RT   0     0    0    0 S    0  0.0  77:01.47 migration/1
2025-04-23T12:16:01.782371+08:00 Dky_app_00 multipathd: 363c7843100c5453e3fb2197100000035: sdg - directio checker reports path is down
2025-04-23T12:16:01.782424+08:00 Dky_app_00 kernel: sd 7:0:0:6: [sdg]  Result: hostbyte=DID_OK driverbyte=DRIVER_SENSE
2025-04-23T12:16:01.782433+08:00 Dky_app_00 kernel: sd 7:0:0:6: [sdg]  Sense Key : Illegal Request [current]
2025-04-23T12:16:01.782435+08:00 Dky_app_00 kernel: sd 7:0:0:6: [sdg]  Add. Sense: Logical unit not supported
2025-04-23T12:16:01.782438+08:00 Dky_app_00 kernel: sd 7:0:0:6: [sdg] CDB: Read(10): 28 00 00 00 00 00 00 00 08 00
2025-04-23T12:16:01.782441+08:00 Dky_app_00 kernel: end_request: I/O error, dev sdg, sector 0
2025-04-23T12:16:01.782605+08:00 Dky_app_00 multipathd: 363c7843100c5453e3fb2197100000035: sdu - directio checker reports path is down
2025-04-23T12:16:01.782740+08:00 Dky_app_00 multipathd: 363c7843100c5453e3fb2197100000035: sdap - directio checker reports path is down
2025-04-23T12:16:01.783013+08:00 Dky_app_00 multipathd: 363c7843100c5453e3fb2197100000035: sdbd - directio checker reports path is down
2025-04-23T12:16:01.783430+08:00 Dky_app_00 kernel: sd 7:0:2:6: [sdu]  Result: hostbyte=DID_OK driverbyte=DRIVER_SENSE
2025-04-23T12:16:01.783436+08:00 Dky_app_00 kernel: sd 7:0:2:6: [sdu]  Sense Key : Illegal Request [current]
2025-04-23T12:16:01.783437+08:00 Dky_app_00 kernel: sd 7:0:2:6: [sdu]  Add. Sense: Logical unit not supported
2025-04-23T12:16:01.783438+08:00 Dky_app_00 kernel: sd 7:0:2:6: [sdu] CDB: Read(10): 28 00 00 00 00 00 00 00 08 00
2025-04-23T12:16:01.783440+08:00 Dky_app_00 kernel: end_request: I/O error, dev sdu, sector 0
2025-04-23T12:16:01.783441+08:00 Dky_app_00 kernel: sd 8:0:1:6: [sdap]  Result: hostbyte=DID_OK driverbyte=DRIVER_SENSE
2025-04-23T12:16:01.783443+08:00 Dky_app_00 kernel: sd 8:0:1:6: [sdap]  Sense Key : Illegal Request [current]
2025-04-23T12:16:01.783445+08:00 Dky_app_00 kernel: sd 8:0:1:6: [sdap]  Add. Sense: Logical unit not supported
2025-04-23T12:16:01.783446+08:00 Dky_app_00 kernel: sd 8:0:1:6: [sdap] CDB: Read(10): 28 00 00 00 00 00 00 00 08 00
2025-04-23T12:16:01.783448+08:00 Dky_app_00 kernel: end_request: I/O error, dev sdap, sector 0
2025-04-23T12:16:01.783449+08:00 Dky_app_00 kernel: sd 8:0:3:6: [sdbd]  Result: hostbyte=DID_OK driverbyte=DRIVER_SENSE
2025-04-23T12:16:01.783450+08:00 Dky_app_00 kernel: sd 8:0:3:6: [sdbd]  Sense Key : Illegal Request [current]
2025-04-23T12:16:01.783451+08:00 Dky_app_00 kernel: sd 8:0:3:6: [sdbd]  Add. Sense: Logical unit not supported
2025-04-23T12:16:01.783453+08:00 Dky_app_00 kernel: sd 8:0:3:6: [sdbd] CDB: Read(10): 28 00 00 00 00 00 00 00 08 00
2025-04-23T12:16:01.783455+08:00 Dky_app_00 kernel: end_request: I/O error, dev sdbd, sector 0
2025-04-23T12:16:01.856326+08:00 Dky_app_00 linx[13103]: rss(KB) pmem%M pcpu%C vsize(SWAP+RES,KB) process
2025-04-23T12:18:01.215502+08:00 Dky_app_00 /usr/sbin/cron[16705]: (root) CMD (sh /usr/bin/msmp >> /var/log/msmp.log )
2025-04-23T12:18:01.215537+08:00 Dky_app_00 /usr/sbin/cron[16706]: (sysadmin) CMD (/usr/sbin/get_max_mem_process.sh)
2025-04-23T12:18:01.215686+08:00 Dky_app_00 /usr/sbin/cron[16707]: (root) CMD (/home/dmdba/drop_cached.sh)
2025-04-23T12:18:01.215849+08:00 Dky_app_00 /usr/sbin/cron[16708]: (dmdba) CMD (sh net_colsewait_mon.sh)
2025-04-23T12:18:01.215995+08:00 Dky_app_00 /usr/sbin/cron[16709]: (dmdba) CMD (sh /home/dmdba/dm/db_sessmon.sh)
2025-04-23T12:18:01.218554+08:00 Dky_app_00 linx[16714]: uptime
2025-04-23T12:18:01.252857+08:00 Dky_app_00 linx[16727]:  12:18:01 up 1551 days, 0 min,  7 users,  load average: 5.63, 7.78, 8.56
2025-04-23T12:18:01.254154+08:00 Dky_app_00 linx[16744]: free -m
2025-04-23T12:18:01.257424+08:00 Dky_app_00 linx[16746]:              total       used       free     shared    buffers     cached
2025-04-23T12:18:01.257451+08:00 Dky_app_00 linx[16746]: Mem:        516904     300867     216037          0         10      14332
2025-04-23T12:18:01.257492+08:00 Dky_app_00 linx[16746]: -/+ buffers/cache:     286524     230380
2025-04-23T12:18:01.257524+08:00 Dky_app_00 linx[16746]: Swap:        61034          0      61034
2025-04-23T12:18:01.258471+08:00 Dky_app_00 linx[16748]: df -h
2025-04-23T12:18:01.259620+08:00 Dky_app_00 linx[16750]: Filesystem            Size  Used Avail Use% Mounted on
2025-04-23T12:18:01.259629+08:00 Dky_app_00 linx[16750]: /dev/sda2             185G   75G  101G  43% /
2025-04-23T12:18:01.259640+08:00 Dky_app_00 linx[16750]: /dev/sda3             585G  296G  260G  54% /home
2025-04-23T12:18:01.259650+08:00 Dky_app_00 linx[16750]: /dev/sdav             3.0T  1.3T  1.6T  45% /dbbak
2025-04-23T12:18:01.259662+08:00 Dky_app_00 linx[16750]: /dev/mapper/dmarch_22-arch
2025-04-23T12:18:01.259672+08:00 Dky_app_00 linx[16750]:                       886G  680G  162G  81% /dbarch
2025-04-23T12:18:01.259682+08:00 Dky_app_00 linx[16750]: tmpfs                  20M   36K   20M   1% /tmp/smp
2025-04-23T12:18:01.259689+08:00 Dky_app_00 linx[16750]: 192.168.9.23:/dbarch/arch_rac1
2025-04-23T12:18:01.259699+08:00 Dky_app_00 linx[16750]:                       788G  681G   68G  91% /dbarch/arch_dsc1_kafka
2025-04-23T12:18:01.260648+08:00 Dky_app_00 linx[16752]: df -ih
2025-04-23T12:18:01.261688+08:00 Dky_app_00 linx[16754]: Filesystem            Inodes   IUsed   IFree IUse% Mounted on
2025-04-23T12:18:01.261712+08:00 Dky_app_00 linx[16754]: /dev/sda2                12M    2.1M    9.7M   18% /
2025-04-23T12:18:01.261717+08:00 Dky_app_00 linx[16754]: /dev/sda3                37M     28K     37M    1% /home
2025-04-23T12:18:01.261721+08:00 Dky_app_00 linx[16754]: /dev/sdav               192M     11K    192M    1% /dbbak
2025-04-23T12:18:01.261728+08:00 Dky_app_00 linx[16754]: /dev/mapper/dmarch_22-arch
2025-04-23T12:18:01.261733+08:00 Dky_app_00 linx[16754]:                          57M     463     57M    1% /dbarch
2025-04-23T12:18:01.261751+08:00 Dky_app_00 linx[16754]: tmpfs                    64M      13     64M    1% /tmp/smp
2025-04-23T12:18:01.261755+08:00 Dky_app_00 linx[16754]: 192.168.9.23:/dbarch/arch_rac1
2025-04-23T12:18:01.261762+08:00 Dky_app_00 linx[16754]:                          50M     353     50M    1% /dbarch/arch_dsc1_kafka
2025-04-23T12:18:01.262698+08:00 Dky_app_00 linx[16758]: iostat -x
2025-04-23T12:18:01.267296+08:00 Dky_app_00 linx[16760]: Linux 2.6.32-Rocky4.2-x86_64 (Dky_app_00) #01104/23/25 #011_x86_64_
2025-04-23T12:18:01.267311+08:00 Dky_app_00 linx[16760]:
2025-04-23T12:18:01.270850+08:00 Dky_app_00 linx[16760]: avg-cpu:  %user   %nice %system %iowait  %steal   %idle
2025-04-23T12:18:01.270868+08:00 Dky_app_00 linx[16760]:            3.47    0.00    1.30    0.67    0.00   94.61
2025-04-23T12:18:01.270874+08:00 Dky_app_00 linx[16760]:
2025-04-23T12:18:01.270889+08:00 Dky_app_00 linx[16760]: Device:         rrqm/s   wrqm/s     r/s     w/s   rsec/s   wsec/s avgrq-sz avgqu-sz   await  svctm  %util
2025-04-23T12:18:01.270901+08:00 Dky_app_00 linx[16760]: sda               0.02   223.57    0.15   13.30    17.67  1894.95   142.21     0.01    0.68   0.13   0.18
2025-04-23T12:18:01.270913+08:00 Dky_app_00 linx[16760]: sda1              0.00     0.00    0.00    0.00     0.00     0.00    40.85     0.00    2.01   2.01   0.00
2025-04-23T12:18:01.270922+08:00 Dky_app_00 linx[16760]: sda2              0.02    18.32    0.06    1.67     8.47   159.94    97.21     0.00    0.54   0.35   0.06
2025-04-23T12:18:01.270942+08:00 Dky_app_00 linx[16760]: sda3              0.00   205.24    0.08   11.63     9.20  1735.01   148.86     0.01    0.70   0.11   0.13
2025-04-23T12:18:01.270950+08:00 Dky_app_00 linx[16760]: sdb               0.00     0.00    9.08   71.73   595.37  4604.40    64.34     0.01    0.18   0.29   2.33
2025-04-23T12:18:01.270957+08:00 Dky_app_00 linx[16760]: sdc               0.00     0.00    7.48   35.35   476.03  2281.35    64.39     0.00    0.83   0.70   3.00
2025-04-23T12:18:01.270978+08:00 Dky_app_00 linx[16760]: sdd               0.00     0.00    5.51    5.92   349.85   389.77    64.69     0.02    1.89   1.65   1.89
2025-04-23T12:18:01.270988+08:00 Dky_app_00 linx[16760]: sde               0.00     0.00    9.33   42.90   586.71   984.41    30.08     0.02    0.29   0.29   1.50
2025-04-23T12:18:01.271000+08:00 Dky_app_00 linx[16760]: sdf               0.00     0.00    0.00    0.00     0.00     0.00    28.82     0.00    8.78   8.78   0.00
2025-04-23T12:18:01.271011+08:00 Dky_app_00 linx[16760]: sdg               0.00     0.00    0.20    0.00     1.56     0.00     8.00     0.00    0.10   0.10   0.00
2025-04-23T12:18:01.271020+08:00 Dky_app_00 linx[16760]: sdh               0.00     0.00    0.10    4.38     2.46  2870.05   641.69     0.00    0.85   1.66   0.74
2025-04-23T12:18:01.271040+08:00 Dky_app_00 linx[16760]: sdi               0.00     0.00    9.09   71.72   596.34  4603.42    64.34     0.01    0.08   0.24   1.91
2025-04-23T12:18:01.271048+08:00 Dky_app_00 linx[16760]: sdj               0.00     0.00    7.47   35.35   475.62  2281.78    64.39     0.01    0.93   0.02   0.08
2025-04-23T12:18:01.271058+08:00 Dky_app_00 linx[16760]: sdk               0.00     0.00    5.51    5.92   350.01   389.61    64.69     0.02    1.78   1.58   1.80
2025-04-23T12:18:01.271069+08:00 Dky_app_00 linx[16760]: sdl               0.00     0.00    9.10   43.13   569.61  1000.56    30.06     0.02    0.37   0.37   1.93
2025-04-23T12:18:01.271080+08:00 Dky_app_00 linx[16760]: sdm               0.00     0.00    0.00    0.00     0.00     0.00    28.53     0.00    0.20   0.20   0.00
2025-04-23T12:18:01.271100+08:00 Dky_app_00 linx[16760]: sdn               0.00     0.00    0.20    0.00     1.56     0.00     8.00     0.00    0.10   0.10   0.00
2025-04-23T12:18:01.271110+08:00 Dky_app_00 linx[16760]: sdo               0.00     0.00    0.10    4.38     2.46  2856.01   638.54     0.00    0.52   1.57   0.70
2025-04-23T12:18:01.271117+08:00 Dky_app_00 linx[16760]: sdp               0.00     0.00    9.11   71.71   597.00  4602.76    64.34     0.01    0.08   0.23   1.90
2025-04-23T12:18:01.271122+08:00 Dky_app_00 linx[16760]: sdq               0.00     0.00    7.47   35.36   475.30  2282.09    64.39     0.01    0.92   0.02   0.07
2025-04-23T12:18:01.271138+08:00 Dky_app_00 linx[16760]: sdr               0.00     0.00    5.51    5.92   350.19   389.43    64.69     0.02    1.78   1.57   1.80
2025-04-23T12:18:01.271149+08:00 Dky_app_00 linx[16760]: sds               0.00     0.00    9.21   43.02   577.29  1008.00    30.35     0.02    0.36   0.36   1.90
2025-04-23T12:18:01.271160+08:00 Dky_app_00 linx[16760]: sdt               0.00     0.00    0.00    0.00     0.00     0.00    28.50     0.00    0.16   0.16   0.00
2025-04-23T12:18:01.271177+08:00 Dky_app_00 linx[16760]: sdu               0.00     0.00    0.20    0.00     1.56     0.00     8.00     0.00    0.09   0.09   0.00
2025-04-23T12:18:01.271183+08:00 Dky_app_00 linx[16760]: sdv               0.00     0.00    0.10    4.38     2.46  2844.71   636.02     0.00    0.52   1.57   0.70
2025-04-23T12:18:01.271203+08:00 Dky_app_00 linx[16760]: sdw               0.00     0.00    9.09   71.72   595.92  4603.84    64.34     0.01    0.18   0.29   2.34
2025-04-23T12:18:01.271217+08:00 Dky_app_00 linx[16760]: sdx               0.00     0.00    7.47   35.35   475.65  2281.73    64.39     0.00    0.83   0.71   3.02
2025-04-23T12:18:01.271235+08:00 Dky_app_00 linx[16760]: sdy               0.00     0.00    5.51    5.92   349.97   389.64    64.69     0.02    1.92   1.67   1.91
2025-04-23T12:18:01.271249+08:00 Dky_app_00 linx[16760]: sdz               0.00     0.00    9.36   42.87   587.89   996.05    30.33     0.02    0.29   0.29   1.50
2025-04-23T12:18:01.271258+08:00 Dky_app_00 linx[16760]: sdab              0.00     0.00    0.20    0.00     1.56     0.00     8.00     0.00    0.09   0.09   0.00
2025-04-23T12:18:01.271273+08:00 Dky_app_00 linx[16760]: sdaa              0.00     0.00    0.00    0.00     0.00     0.00    28.50     0.00    0.22   0.22   0.00
2025-04-23T12:18:01.271293+08:00 Dky_app_00 linx[16760]: sdac              0.00     0.00    0.10    4.38     2.46  2852.55   637.78     0.00    0.84   1.66   0.74
2025-04-23T12:18:01.271306+08:00 Dky_app_00 linx[16760]: sdad              0.00     0.00    9.08   71.74   595.16  4604.59    64.34     0.01    0.08   0.23   1.89
2025-04-23T12:18:01.271311+08:00 Dky_app_00 linx[16760]: sdaf              0.00     0.00    5.51    5.92   349.83   389.79    64.69     0.02    1.79   1.58   1.80
2025-04-23T12:18:01.271322+08:00 Dky_app_00 linx[16760]: sdag              0.00     0.00    9.34   42.89   587.84   983.17    30.08     0.02    0.36   0.36   1.89
2025-04-23T12:18:01.271341+08:00 Dky_app_00 linx[16760]: sdah              0.00     0.00    0.00    0.00     0.00     0.00    28.59     0.00    0.12   0.12   0.00
2025-04-23T12:18:01.271349+08:00 Dky_app_00 linx[16760]: sdae              0.00     0.00    7.48   35.34   476.13  2281.25    64.39     0.01    0.92   0.01   0.06
2025-04-23T12:18:01.271358+08:00 Dky_app_00 linx[16760]: sdai              0.00     0.00    0.20    0.00     1.56     0.00     8.00     0.00    0.08   0.08   0.00
2025-04-23T12:18:01.271375+08:00 Dky_app_00 linx[16760]: sdaj              0.00     0.00    0.10    4.38     2.46  2868.57   641.35     0.00    0.51   1.57   0.70
2025-04-23T12:18:01.271392+08:00 Dky_app_00 linx[16760]: sdak              0.00     0.00    9.10   71.71   596.68  4603.06    64.34     0.01    0.08   0.23   1.88
2025-04-23T12:18:01.271399+08:00 Dky_app_00 linx[16760]: sdal              0.00     0.00    7.47   35.36   475.37  2282.02    64.39     0.01    0.92   0.01   0.06
2025-04-23T12:18:01.271403+08:00 Dky_app_00 linx[16760]: sdam              0.00     0.00    5.51    5.92   350.12   389.50    64.69     0.02    1.78   1.57   1.79
2025-04-23T12:18:01.271419+08:00 Dky_app_00 linx[16760]: sdan              0.00     0.00    9.17   43.06   574.92  1006.80    30.28     0.02    0.36   0.36   1.86
2025-04-23T12:18:01.271424+08:00 Dky_app_00 linx[16760]: sdao              0.00     0.00    0.00    0.00     0.00     0.00    28.59     0.00    0.13   0.13   0.00
2025-04-23T12:18:01.271434+08:00 Dky_app_00 linx[16760]: sdap              0.00     0.00    0.20    0.00     1.56     0.00     8.00     0.00    0.08   0.08   0.00
2025-04-23T12:18:01.271445+08:00 Dky_app_00 linx[16760]: sdaq              0.00     0.00    0.10    4.38     2.46  2847.17   636.57     0.00    0.51   1.57   0.70
2025-04-23T12:18:01.271456+08:00 Dky_app_00 linx[16760]: sdar              0.00     0.00    9.11   71.70   597.33  4602.43    64.34     0.02    0.19   0.30   2.39
2025-04-23T12:18:01.271470+08:00 Dky_app_00 linx[16760]: sdas              0.00     0.00    7.47   35.36   475.24  2282.14    64.39     0.00    0.85   0.72   3.07
2025-04-23T12:18:01.271481+08:00 Dky_app_00 linx[16760]: sdat              0.00     0.00    5.52    5.92   350.23   389.39    64.69     0.02    1.96   1.70   1.94
2025-04-23T12:18:01.271489+08:00 Dky_app_00 linx[16760]: sdau              0.00     0.00    9.22   43.01   577.56  1008.70    30.37     0.02    0.31   0.30   1.59
2025-04-23T12:18:01.271510+08:00 Dky_app_00 linx[16760]: sdav              0.00    11.20    0.30    0.11    75.40    90.50   406.11     0.01   12.52   0.70   0.03
2025-04-23T12:18:01.271521+08:00 Dky_app_00 linx[16760]: sdaw              0.00     0.00    0.20    0.00     1.56     0.00     8.00     0.00    0.08   0.08   0.00
2025-04-23T12:18:01.271533+08:00 Dky_app_00 linx[16760]: sday              0.00     0.00    9.08   71.73   595.64  4604.11    64.34     0.01    0.17   0.29   2.31
2025-04-23T12:18:01.271542+08:00 Dky_app_00 linx[16760]: sdaz              0.00     0.00    7.48   35.35   475.87  2281.50    64.39     0.00    0.83   0.70   2.99
2025-04-23T12:18:01.271551+08:00 Dky_app_00 linx[16760]: sdba              0.00     0.00    5.51    5.92   349.88   389.74    64.69     0.02    1.90   1.65   1.89
2025-04-23T12:18:01.271563+08:00 Dky_app_00 linx[16760]: sdbb              0.00     0.00    9.34   42.89   586.95   987.36    30.14     0.01    0.28   0.28   1.45
2025-04-23T12:18:01.271581+08:00 Dky_app_00 linx[16760]: sdbc              0.00     0.00    0.00    0.00     0.00     0.00    28.55     0.00    0.21   0.21   0.00
2025-04-23T12:18:01.271590+08:00 Dky_app_00 linx[16760]: sdbd              0.00     0.00    0.20    0.00     1.56     0.00     8.00     0.00    0.07   0.07   0.00
2025-04-23T12:18:01.271601+08:00 Dky_app_00 linx[16760]: sdbe              0.00     0.00    0.10    4.38     2.46  2844.08   635.88     0.00    0.82   1.65   0.74
2025-04-23T12:18:01.271606+08:00 Dky_app_00 linx[16760]: sdax              0.00     0.00    0.10    4.38     2.46  2871.84   642.09     0.00    0.85   1.66   0.74
2025-04-23T12:18:01.271625+08:00 Dky_app_00 linx[16760]: dm-0              0.00     0.70   72.34  573.76  4766.26 36828.60    64.38     0.02    0.04   0.04   2.82
2025-04-23T12:18:01.271633+08:00 Dky_app_00 linx[16760]: dm-1              0.00     0.34   59.40  282.81  3802.00 18253.85    64.45     0.01    0.04   0.05   1.69
2025-04-23T12:18:01.271650+08:00 Dky_app_00 linx[16760]: dm-2              0.01     0.04   43.70   47.37  2796.89  3116.88    64.94     0.01    0.46   0.18   1.60
2025-04-23T12:18:01.271655+08:00 Dky_app_00 linx[16760]: dm-3              0.00     0.00   73.67  343.78  4645.57  7975.06    30.23     0.01    0.10   0.01   0.59
2025-04-23T12:18:01.271666+08:00 Dky_app_00 linx[16760]: dm-4              0.00     0.00    0.00    0.00     0.00     0.00    15.59     0.00   17.28  17.28   0.00
2025-04-23T12:18:01.271687+08:00 Dky_app_00 linx[16760]: dm-5              0.00  2821.83    0.37   35.05    16.46 22854.99   645.85     0.01    0.38   0.29   1.02
2025-04-23T12:18:01.271695+08:00 Dky_app_00 linx[16760]: dm-6              0.00     0.00   25.49    3.00   333.41     3.00    11.81     0.01    0.36   0.36   1.02
2025-04-23T12:18:01.271705+08:00 Dky_app_00 linx[16760]: dm-7              0.00     0.00   45.80    0.00  4287.20     0.03    93.60     0.02    0.41   0.41   1.89
2025-04-23T12:18:01.271719+08:00 Dky_app_00 linx[16760]: dm-8              0.00     0.00    2.38  340.78    24.97  7972.03    23.30     0.01    0.03   0.03   1.04
2025-04-23T12:18:01.271730+08:00 Dky_app_00 linx[16760]: dm-9              0.00     0.00    0.37 2856.87    16.46 22854.99     8.00     0.02    0.00   0.00   1.03
2025-04-23T12:18:01.271743+08:00 Dky_app_00 linx[16760]:
2025-04-23T12:18:01.272894+08:00 Dky_app_00 linx[16763]: netstat -an |grep -i 'established'|wc -l
2025-04-23T12:18:01.301834+08:00 Dky_app_00 linx[16767]: 853
2025-04-23T12:18:01.302988+08:00 Dky_app_00 linx[16774]: date
2025-04-23T12:18:01.304065+08:00 Dky_app_00 linx[16776]: Wed Apr 23 12:18:01 CST 2025
2025-04-23T12:18:01.305114+08:00 Dky_app_00 linx[16778]: cat   /proc/buddyinfo
2025-04-23T12:18:01.306179+08:00 Dky_app_00 linx[16780]: Node 0, zone      DMA      1      1      1      1      2      1      0      0      1      1      3
2025-04-23T12:18:01.306196+08:00 Dky_app_00 linx[16780]: Node 0, zone    DMA32     80     36     45     33     25     34     10     11      9     54     29
2025-04-23T12:18:01.306204+08:00 Dky_app_00 linx[16780]: Node 0, zone   Normal   1471   1336    699   8771  39524  31737  23208  12756   4992    494    169
2025-04-23T12:18:01.306221+08:00 Dky_app_00 linx[16780]: Node 1, zone   Normal    691   3936  42347  43758  38223  30263  21277  10930   3747    248    399
2025-04-23T12:18:01.306227+08:00 Dky_app_00 linx[16780]: Node 2, zone   Normal   1890  35587  51676  45256  35342  27839  18708   7635   2249    631    673
2025-04-23T12:18:01.306234+08:00 Dky_app_00 linx[16780]: Node 3, zone   Normal   2987   4445   4587 113685  91321  61132  32819  12308   3044     75      5
2025-04-23T12:18:01.306252+08:00 Dky_app_00 linx[16780]: Node 4, zone   Normal   2184  91807 144874 122313  96160  64361  33122  10317   1571      7      0
2025-04-23T12:18:01.306263+08:00 Dky_app_00 linx[16780]: Node 5, zone   Normal   1397    905   1862  21913  41589  32335  19460   9973   3669    743    425
2025-04-23T12:18:01.306273+08:00 Dky_app_00 linx[16780]: Node 6, zone   Normal   1273   1039  64283 100658  73744  41723  17186   4590   1379     30      0
2025-04-23T12:18:01.306279+08:00 Dky_app_00 linx[16780]: Node 7, zone   Normal  20473  64705  57797  50443  42513  31414  19781  10579   3780    521    292
2025-04-23T12:18:01.307338+08:00 Dky_app_00 linx[16782]: top-detail:
2025-04-23T12:18:01.863175+08:00 Dky_app_00 multipathd: 363c7843100c5453e3fb2197100000035: sdg - directio checker reports path is down
2025-04-23T12:18:01.863443+08:00 Dky_app_00 kernel: sd 7:0:0:6: [sdg]  Result: hostbyte=DID_OK driverbyte=DRIVER_SENSE
2025-04-23T12:18:01.863452+08:00 Dky_app_00 kernel: sd 7:0:0:6: [sdg]  Sense Key : Illegal Request [current]
2025-04-23T12:18:01.863456+08:00 Dky_app_00 kernel: sd 7:0:0:6: [sdg]  Add. Sense: Logical unit not supported
2025-04-23T12:18:01.863457+08:00 Dky_app_00 kernel: sd 7:0:0:6: [sdg] CDB: Read(10): 28 00 00 00 00 00 00 00 08 00
2025-04-23T12:18:01.863461+08:00 Dky_app_00 kernel: end_request: I/O error, dev sdg, sector 0
2025-04-23T12:18:01.863473+08:00 Dky_app_00 kernel: sd 7:0:2:6: [sdu]  Result: hostbyte=DID_OK driverbyte=DRIVER_SENSE
2025-04-23T12:18:01.863474+08:00 Dky_app_00 kernel: sd 7:0:2:6: [sdu]  Sense Key : Illegal Request [current]
2025-04-23T12:18:01.863476+08:00 Dky_app_00 kernel: sd 7:0:2:6: [sdu]  Add. Sense: Logical unit not supported
2025-04-23T12:18:01.863478+08:00 Dky_app_00 kernel: sd 7:0:2:6: [sdu] CDB: Read(10): 28 00 00 00 00 00 00 00 08 00
2025-04-23T12:18:01.863482+08:00 Dky_app_00 kernel: end_request: I/O error, dev sdu, sector 0
2025-04-23T12:18:01.863477+08:00 Dky_app_00 multipathd: 363c7843100c5453e3fb2197100000035: sdu - directio checker reports path is down
2025-04-23T12:18:01.863644+08:00 Dky_app_00 multipathd: 363c7843100c5453e3fb2197100000035: sdap - directio checker reports path is down
2025-04-23T12:18:01.863926+08:00 Dky_app_00 multipathd: 363c7843100c5453e3fb2197100000035: sdbd - directio checker reports path is down
2025-04-23T12:18:01.864418+08:00 Dky_app_00 kernel: sd 8:0:1:6: [sdap]  Result: hostbyte=DID_OK driverbyte=DRIVER_SENSE
2025-04-23T12:18:01.864423+08:00 Dky_app_00 kernel: sd 8:0:1:6: [sdap]  Sense Key : Illegal Request [current]
2025-04-23T12:18:01.864424+08:00 Dky_app_00 kernel: sd 8:0:1:6: [sdap]  Add. Sense: Logical unit not supported
2025-04-23T12:18:01.864426+08:00 Dky_app_00 kernel: sd 8:0:1:6: [sdap] CDB: Read(10): 28 00 00 00 00 00 00 00 08 00
2025-04-23T12:18:01.864427+08:00 Dky_app_00 kernel: end_request: I/O error, dev sdap, sector 0
2025-04-23T12:18:01.864428+08:00 Dky_app_00 kernel: sd 8:0:3:6: [sdbd]  Result: hostbyte=DID_OK driverbyte=DRIVER_SENSE
2025-04-23T12:18:01.864430+08:00 Dky_app_00 kernel: sd 8:0:3:6: [sdbd]  Sense Key : Illegal Request [current]
2025-04-23T12:18:01.864432+08:00 Dky_app_00 kernel: sd 8:0:3:6: [sdbd]  Add. Sense: Logical unit not supported
2025-04-23T12:18:01.864433+08:00 Dky_app_00 kernel: sd 8:0:3:6: [sdbd] CDB: Read(10): 28 00 00 00 00 00 00 00 08 00
2025-04-23T12:18:01.864434+08:00 Dky_app_00 kernel: end_request: I/O error, dev sdbd, sector 0
2025-04-23T12:18:01.970960+08:00 Dky_app_00 linx[16785]: top - 12:18:01 up 1551 days, 0 min,  7 users,  load average: 5.63, 7.78, 8.56
2025-04-23T12:18:01.970982+08:00 Dky_app_00 linx[16785]: Tasks: 3087 total,   3 running, 3084 sleeping,   0 stopped,   0 zombie
2025-04-23T12:18:01.970991+08:00 Dky_app_00 linx[16785]: Cpu(s):  3.5%us,  1.2%sy,  0.0%ni, 94.6%id,  0.7%wa,  0.0%hi,  0.0%si,  0.0%st
2025-04-23T12:18:01.970996+08:00 Dky_app_00 linx[16785]: Mem:  529310592k total, 308100696k used, 221209896k free,    10880k buffers
2025-04-23T12:18:01.971001+08:00 Dky_app_00 linx[16785]: Swap: 62499836k total,        0k used, 62499836k free, 14678456k cached
2025-04-23T12:18:01.971005+08:00 Dky_app_00 linx[16785]:
2025-04-23T12:18:01.971012+08:00 Dky_app_00 linx[16785]:    PID USER      PR  NI  VIRT  RES  SHR S %CPU %MEM    TIME+  COMMAND
2025-04-23T12:18:01.971018+08:00 Dky_app_00 linx[16785]:  10414 dmdba     20   0  372g 271g 214m S  338 53.8  90099,45 dmserver
2025-04-23T12:18:01.971021+08:00 Dky_app_00 linx[16785]:  26146 snmpd     20   0 39808 5228 1360 R   95  0.0 305108:51 snmpd
2025-04-23T12:18:01.971031+08:00 Dky_app_00 linx[16785]:  16806 sysadmin  20   0 10040 5972  628 R   17  0.0   0:00.10 fuser
2025-04-23T12:18:01.971035+08:00 Dky_app_00 linx[16785]:  80065 dmdba     20   0 12864 3596  844 S   14  0.0 539:11.31 top
2025-04-23T12:18:01.971038+08:00 Dky_app_00 linx[16785]:  16783 sysadmin  20   0 12844 3404  760 R   12  0.0   0:00.14 top
2025-04-23T12:18:01.971044+08:00 Dky_app_00 linx[16785]:  41212 sysadmin  20   0 1104m  38m 2944 S    7  0.0  29075:34 linx_smp
2025-04-23T12:18:01.971048+08:00 Dky_app_00 linx[16785]:  69140 dmdba     20   0 1325m  37m 2984 S    7  0.0  83038:27 dmwatcher
2025-04-23T12:18:01.971051+08:00 Dky_app_00 linx[16785]:   8286 sysadmin  RT   0  169m 7704 4980 S    2  0.0 841:15.10 multipathd
2025-04-23T12:18:01.971058+08:00 Dky_app_00 linx[16785]:  28278 dmdba     20   0 59940 4400 2324 S    2  0.0 117:34.59 lcm_script
2025-04-23T12:18:01.971061+08:00 Dky_app_00 linx[16785]:      1 root      20   0  7852  612  512 S    0  0.0  31:07.21 init
2025-04-23T12:18:01.971071+08:00 Dky_app_00 linx[16785]:      2 root      20   0     0    0    0 S    0  0.0   0:02.80 kthreadd
2025-04-23T12:18:01.971075+08:00 Dky_app_00 linx[16785]:      3 root      RT   0     0    0    0 S    0  0.0 112:36.28 migration/0
2025-04-23T12:18:01.971084+08:00 Dky_app_00 linx[16785]:      4 root      20   0     0    0    0 S    0  0.0  84:30.00 ksoftirqd/0
2025-04-23T12:20:00.993137+08:00 Dky_app_00 pmcagent[96228]: 10.33.1.200,GetSrcIP conn fail
2025-04-23T12:22:00.036951+08:00 Dky_app_00 multipathd: 363c7843100c5453e3fb2197100000035: sdai - directio checker reports path is down
2025-04-23T12:22:00.037415+08:00 Dky_app_00 kernel: sd 8:0:0:6: [sdai]  Result: hostbyte=DID_OK driverbyte=DRIVER_SENSE
2025-04-23T12:22:00.037422+08:00 Dky_app_00 kernel: sd 8:0:0:6: [sdai]  Sense Key : Illegal Request [current]
2025-04-23T12:22:00.037423+08:00 Dky_app_00 kernel: sd 8:0:0:6: [sdai]  Add. Sense: Logical unit not supported
2025-04-23T12:22:00.037424+08:00 Dky_app_00 kernel: sd 8:0:0:6: [sdai] CDB: Read(10): 28 00 00 00 00 00 00 00 08 00
2025-04-23T12:22:00.037426+08:00 Dky_app_00 kernel: end_request: I/O error, dev sdai, sector 0
2025-04-23T12:24:00.130794+08:00 Dky_app_00 multipathd: 363c7843100c5453e3fb2197100000035: sdai - directio checker reports path is down
2025-04-23T12:24:00.131424+08:00 Dky_app_00 kernel: sd 8:0:0:6: [sdai]  Result: hostbyte=DID_OK driverbyte=DRIVER_SENSE
2025-04-23T12:24:00.131432+08:00 Dky_app_00 kernel: sd 8:0:0:6: [sdai]  Sense Key : Illegal Request [current]
2025-04-23T12:24:00.131434+08:00 Dky_app_00 kernel: sd 8:0:0:6: [sdai]  Add. Sense: Logical unit not supported
2025-04-23T12:24:00.131438+08:00 Dky_app_00 kernel: sd 8:0:0:6: [sdai] CDB: Read(10): 28 00 00 00 00 00 00 00 08 00
2025-04-23T12:24:00.131439+08:00 Dky_app_00 kernel: end_request: I/O error, dev sdai, sector 0
2025-04-23T12:26:00.225703+08:00 Dky_app_00 multipathd: 363c7843100c5453e3fb2197100000035: sdab - directio checker reports path is down
2025-04-23T12:26:00.225995+08:00 Dky_app_00 multipathd: 363c7843100c5453e3fb2197100000035: sdai - directio checker reports path is down
2025-04-23T12:26:00.226422+08:00 Dky_app_00 kernel: sd 7:0:3:6: [sdab]  Result: hostbyte=DID_OK driverbyte=DRIVER_SENSE
2025-04-23T12:26:00.226429+08:00 Dky_app_00 kernel: sd 7:0:3:6: [sdab]  Sense Key : Illegal Request [current]
2025-04-23T12:26:00.226431+08:00 Dky_app_00 kernel: sd 7:0:3:6: [sdab]  Add. Sense: Logical unit not supported
2025-04-23T12:26:00.226432+08:00 Dky_app_00 kernel: sd 7:0:3:6: [sdab] CDB: Read(10): 28 00 00 00 00 00 00 00 08 00
2025-04-23T12:26:00.226434+08:00 Dky_app_00 kernel: end_request: I/O error, dev sdab, sector 0
2025-04-23T12:26:00.226436+08:00 Dky_app_00 kernel: sd 8:0:0:6: [sdai]  Result: hostbyte=DID_OK driverbyte=DRIVER_SENSE
2025-04-23T12:26:00.226437+08:00 Dky_app_00 kernel: sd 8:0:0:6: [sdai]  Sense Key : Illegal Request [current]
2025-04-23T12:26:00.226439+08:00 Dky_app_00 kernel: sd 8:0:0:6: [sdai]  Add. Sense: Logical unit not supported
2025-04-23T12:26:00.226440+08:00 Dky_app_00 kernel: sd 8:0:0:6: [sdai] CDB: Read(10): 28 00 00 00 00 00 00 00 08 00
2025-04-23T12:26:00.226441+08:00 Dky_app_00 kernel: end_request: I/O error, dev sdai, sector 0
2025-04-23T12:28:00.320553+08:00 Dky_app_00 multipathd: 363c7843100c5453e3fb2197100000035: sdab - directio checker reports path is down
2025-04-23T12:28:00.320899+08:00 Dky_app_00 multipathd: 363c7843100c5453e3fb2197100000035: sdai - directio checker reports path is down
2025-04-23T12:28:00.321426+08:00 Dky_app_00 kernel: sd 7:0:3:6: [sdab]  Result: hostbyte=DID_OK driverbyte=DRIVER_SENSE
2025-04-23T12:28:00.321433+08:00 Dky_app_00 kernel: sd 7:0:3:6: [sdab]  Sense Key : Illegal Request [current]
2025-04-23T12:28:00.321435+08:00 Dky_app_00 kernel: sd 7:0:3:6: [sdab]  Add. Sense: Logical unit not supported
2025-04-23T12:28:00.321438+08:00 Dky_app_00 kernel: sd 7:0:3:6: [sdab] CDB: Read(10): 28 00 00 00 00 00 00 00 08 00
2025-04-23T12:28:00.321439+08:00 Dky_app_00 kernel: end_request: I/O error, dev sdab, sector 0
2025-04-23T12:28:00.321441+08:00 Dky_app_00 kernel: sd 8:0:0:6: [sdai]  Result: hostbyte=DID_OK driverbyte=DRIVER_SENSE
2025-04-23T12:28:00.321443+08:00 Dky_app_00 kernel: sd 8:0:0:6: [sdai]  Sense Key : Illegal Request [current]
2025-04-23T12:28:00.321444+08:00 Dky_app_00 kernel: sd 8:0:0:6: [sdai]  Add. Sense: Logical unit not supported
2025-04-23T12:28:00.321445+08:00 Dky_app_00 kernel: sd 8:0:0:6: [sdai] CDB: Read(10): 28 00 00 00 00 00 00 00 08 00
2025-04-23T12:28:00.321445+08:00 Dky_app_00 kernel: end_request: I/O error, dev sdai, sector 0
2025-04-23T12:30:00.415716+08:00 Dky_app_00 multipathd: 363c7843100c5453e3fb2197100000035: sdab - directio checker reports path is down
2025-04-23T12:30:00.416077+08:00 Dky_app_00 multipathd: 363c7843100c5453e3fb2197100000035: sdai - directio checker reports path is down
2025-04-23T12:30:00.416433+08:00 Dky_app_00 kernel: sd 7:0:3:6: [sdab]  Result: hostbyte=DID_OK driverbyte=DRIVER_SENSE
2025-04-23T12:30:00.416441+08:00 Dky_app_00 kernel: sd 7:0:3:6: [sdab]  Sense Key : Illegal Request [current]
2025-04-23T12:30:00.416445+08:00 Dky_app_00 kernel: sd 7:0:3:6: [sdab]  Add. Sense: Logical unit not supported
2025-04-23T12:30:00.416447+08:00 Dky_app_00 kernel: sd 7:0:3:6: [sdab] CDB: Read(10): 28 00 00 00 00 00 00 00 08 00
2025-04-23T12:30:00.416449+08:00 Dky_app_00 kernel: end_request: I/O error, dev sdab, sector 0
2025-04-23T12:30:00.416450+08:00 Dky_app_00 kernel: sd 8:0:0:6: [sdai]  Result: hostbyte=DID_OK driverbyte=DRIVER_SENSE
2025-04-23T12:30:00.416452+08:00 Dky_app_00 kernel: sd 8:0:0:6: [sdai]  Sense Key : Illegal Request [current]
2025-04-23T12:30:00.416453+08:00 Dky_app_00 kernel: sd 8:0:0:6: [sdai]  Add. Sense: Logical unit not supported
2025-04-23T12:30:00.416455+08:00 Dky_app_00 kernel: sd 8:0:0:6: [sdai] CDB: Read(10): 28 00 00 00 00 00 00 00 08 00
2025-04-23T12:30:00.416456+08:00 Dky_app_00 kernel: end_request: I/O error, dev sdai, sector 0
2025-04-23T12:32:00.497430+08:00 Dky_app_00 kernel: sd 7:0:3:6: [sdab]  Result: hostbyte=DID_OK driverbyte=DRIVER_SENSE
2025-04-23T12:32:00.497450+08:00 Dky_app_00 kernel: sd 7:0:3:6: [sdab]  Sense Key : Illegal Request [current]
2025-04-23T12:32:00.497453+08:00 Dky_app_00 kernel: sd 7:0:3:6: [sdab]  Add. Sense: Logical unit not supported
2025-04-23T12:32:00.497457+08:00 Dky_app_00 kernel: sd 7:0:3:6: [sdab] CDB: Read(10): 28 00 00 00 00 00 00 00 08 00
2025-04-23T12:32:00.497460+08:00 Dky_app_00 kernel: end_request: I/O error, dev sdab, sector 0
2025-04-23T12:32:00.497473+08:00 Dky_app_00 multipathd: 363c7843100c5453e3fb2197100000035: sdab - directio checker reports path is down
2025-04-23T12:32:00.497752+08:00 Dky_app_00 multipathd: 363c7843100c5453e3fb2197100000035: sdai - directio checker reports path is down
2025-04-23T12:32:00.498414+08:00 Dky_app_00 kernel: sd 8:0:0:6: [sdai]  Result: hostbyte=DID_OK driverbyte=DRIVER_SENSE
2025-04-23T12:32:00.498421+08:00 Dky_app_00 kernel: sd 8:0:0:6: [sdai]  Sense Key : Illegal Request [current]
2025-04-23T12:32:00.498422+08:00 Dky_app_00 kernel: sd 8:0:0:6: [sdai]  Add. Sense: Logical unit not supported
2025-04-23T12:32:00.498425+08:00 Dky_app_00 kernel: sd 8:0:0:6: [sdai] CDB: Read(10): 28 00 00 00 00 00 00 00 08 00
2025-04-23T12:32:00.498426+08:00 Dky_app_00 kernel: end_request: I/O error, dev sdai, sector 0
2025-04-23T12:34:00.583560+08:00 Dky_app_00 multipathd: 363c7843100c5453e3fb2197100000035: sdab - directio checker reports path is down
2025-04-23T12:34:00.583780+08:00 Dky_app_00 multipathd: 363c7843100c5453e3fb2197100000035: sdai - directio checker reports path is down
2025-04-23T12:34:00.584426+08:00 Dky_app_00 kernel: sd 7:0:3:6: [sdab]  Result: hostbyte=DID_OK driverbyte=DRIVER_SENSE
2025-04-23T12:34:00.584435+08:00 Dky_app_00 kernel: sd 7:0:3:6: [sdab]  Sense Key : Illegal Request [current]
2025-04-23T12:34:00.584439+08:00 Dky_app_00 kernel: sd 7:0:3:6: [sdab]  Add. Sense: Logical unit not supported
2025-04-23T12:34:00.584444+08:00 Dky_app_00 kernel: sd 7:0:3:6: [sdab] CDB: Read(10): 28 00 00 00 00 00 00 00 08 00
2025-04-23T12:34:00.584446+08:00 Dky_app_00 kernel: end_request: I/O error, dev sdab, sector 0
2025-04-23T12:34:00.584447+08:00 Dky_app_00 kernel: sd 8:0:0:6: [sdai]  Result: hostbyte=DID_OK driverbyte=DRIVER_SENSE
2025-04-23T12:34:00.584449+08:00 Dky_app_00 kernel: sd 8:0:0:6: [sdai]  Sense Key : Illegal Request [current]
2025-04-23T12:34:00.584450+08:00 Dky_app_00 kernel: sd 8:0:0:6: [sdai]  Add. Sense: Logical unit not supported
2025-04-23T12:34:00.584452+08:00 Dky_app_00 kernel: sd 8:0:0:6: [sdai] CDB: Read(10): 28 00 00 00 00 00 00 00 08 00
2025-04-23T12:34:00.584453+08:00 Dky_app_00 kernel: end_request: I/O error, dev sdai, sector 0
2025-04-23T12:36:00.671613+08:00 Dky_app_00 multipathd: 363c7843100c5453e3fb2197100000035: sdn - directio checker reports path is down
2025-04-23T12:36:00.671696+08:00 Dky_app_00 multipathd: 363c7843100c5453e3fb2197100000035: sdab - directio checker reports path is down
2025-04-23T12:36:00.671956+08:00 Dky_app_00 multipathd: 363c7843100c5453e3fb2197100000035: sdai - directio checker reports path is down
2025-04-23T12:36:00.672436+08:00 Dky_app_00 kernel: sd 7:0:1:6: [sdn]  Result: hostbyte=DID_OK driverbyte=DRIVER_SENSE
2025-04-23T12:36:00.672444+08:00 Dky_app_00 kernel: sd 7:0:1:6: [sdn]  Sense Key : Illegal Request [current]
2025-04-23T12:36:00.672445+08:00 Dky_app_00 kernel: sd 7:0:1:6: [sdn]  Add. Sense: Logical unit not supported
2025-04-23T12:36:00.672446+08:00 Dky_app_00 kernel: sd 7:0:1:6: [sdn] CDB: Read(10): 28 00 00 00 00 00 00 00 08 00
2025-04-23T12:36:00.672447+08:00 Dky_app_00 kernel: end_request: I/O error, dev sdn, sector 0
2025-04-23T12:36:00.672449+08:00 Dky_app_00 kernel: sd 7:0:3:6: [sdab]  Result: hostbyte=DID_OK driverbyte=DRIVER_SENSE
2025-04-23T12:36:00.672450+08:00 Dky_app_00 kernel: sd 7:0:3:6: [sdab]  Sense Key : Illegal Request [current]
2025-04-23T12:36:00.672451+08:00 Dky_app_00 kernel: sd 7:0:3:6: [sdab]  Add. Sense: Logical unit not supported
2025-04-23T12:36:00.672452+08:00 Dky_app_00 kernel: sd 7:0:3:6: [sdab] CDB: Read(10): 28 00 00 00 00 00 00 00 08 00
2025-04-23T12:36:00.672453+08:00 Dky_app_00 kernel: end_request: I/O error, dev sdab, sector 0
2025-04-23T12:36:00.672454+08:00 Dky_app_00 kernel: sd 8:0:0:6: [sdai]  Result: hostbyte=DID_OK driverbyte=DRIVER_SENSE
2025-04-23T12:36:00.672455+08:00 Dky_app_00 kernel: sd 8:0:0:6: [sdai]  Sense Key : Illegal Request [current]
2025-04-23T12:36:00.672456+08:00 Dky_app_00 kernel: sd 8:0:0:6: [sdai]  Add. Sense: Logical unit not supported
2025-04-23T12:36:00.672457+08:00 Dky_app_00 kernel: sd 8:0:0:6: [sdai] CDB: Read(10): 28 00 00 00 00 00 00 00 08 00
2025-04-23T12:36:00.672459+08:00 Dky_app_00 kernel: end_request: I/O error, dev sdai, sector 0
2025-04-23T12:38:00.766718+08:00 Dky_app_00 multipathd: 363c7843100c5453e3fb2197100000035: sdn - directio checker reports path is down
2025-04-23T12:38:00.766772+08:00 Dky_app_00 multipathd: 363c7843100c5453e3fb2197100000035: sdab - directio checker reports path is down
2025-04-23T12:38:00.767021+08:00 Dky_app_00 multipathd: 363c7843100c5453e3fb2197100000035: sdai - directio checker reports path is down
2025-04-23T12:38:00.767436+08:00 Dky_app_00 kernel: sd 7:0:1:6: [sdn]  Result: hostbyte=DID_OK driverbyte=DRIVER_SENSE
2025-04-23T12:38:00.767445+08:00 Dky_app_00 kernel: sd 7:0:1:6: [sdn]  Sense Key : Illegal Request [current]
2025-04-23T12:38:00.767447+08:00 Dky_app_00 kernel: sd 7:0:1:6: [sdn]  Add. Sense: Logical unit not supported
2025-04-23T12:38:00.767449+08:00 Dky_app_00 kernel: sd 7:0:1:6: [sdn] CDB: Read(10): 28 00 00 00 00 00 00 00 08 00
2025-04-23T12:38:00.767451+08:00 Dky_app_00 kernel: end_request: I/O error, dev sdn, sector 0
2025-04-23T12:38:00.767452+08:00 Dky_app_00 kernel: sd 7:0:3:6: [sdab]  Result: hostbyte=DID_OK driverbyte=DRIVER_SENSE
2025-04-23T12:38:00.767452+08:00 Dky_app_00 kernel: sd 7:0:3:6: [sdab]  Sense Key : Illegal Request [current]
2025-04-23T12:38:00.767453+08:00 Dky_app_00 kernel: sd 7:0:3:6: [sdab]  Add. Sense: Logical unit not supported
2025-04-23T12:38:00.767455+08:00 Dky_app_00 kernel: sd 7:0:3:6: [sdab] CDB: Read(10): 28 00 00 00 00 00 00 00 08 00
2025-04-23T12:38:00.767456+08:00 Dky_app_00 kernel: end_request: I/O error, dev sdab, sector 0
2025-04-23T12:38:00.767458+08:00 Dky_app_00 kernel: sd 8:0:0:6: [sdai]  Result: hostbyte=DID_OK driverbyte=DRIVER_SENSE
2025-04-23T12:38:00.767459+08:00 Dky_app_00 kernel: sd 8:0:0:6: [sdai]  Sense Key : Illegal Request [current]
2025-04-23T12:38:00.767460+08:00 Dky_app_00 kernel: sd 8:0:0:6: [sdai]  Add. Sense: Logical unit not supported
2025-04-23T12:38:00.767461+08:00 Dky_app_00 kernel: sd 8:0:0:6: [sdai] CDB: Read(10): 28 00 00 00 00 00 00 00 08 00
2025-04-23T12:38:00.767462+08:00 Dky_app_00 kernel: end_request: I/O error, dev sdai, sector 0
2025-04-23T12:40:00.857064+08:00 Dky_app_00 multipathd: 363c7843100c5453e3fb2197100000035: sdn - directio checker reports path is down
2025-04-23T12:40:00.857188+08:00 Dky_app_00 multipathd: 363c7843100c5453e3fb2197100000035: sdab - directio checker reports path is down
2025-04-23T12:40:00.857430+08:00 Dky_app_00 kernel: sd 7:0:1:6: [sdn]  Result: hostbyte=DID_OK driverbyte=DRIVER_SENSE
2025-04-23T12:40:00.857439+08:00 Dky_app_00 kernel: sd 7:0:1:6: [sdn]  Sense Key : Illegal Request [current]
2025-04-23T12:40:00.857443+08:00 Dky_app_00 kernel: sd 7:0:1:6: [sdn]  Add. Sense: Logical unit not supported
2025-04-23T12:40:00.857445+08:00 Dky_app_00 kernel: sd 7:0:1:6: [sdn] CDB: Read(10): 28 00 00 00 00 00 00 00 08 00
2025-04-23T12:40:00.857447+08:00 Dky_app_00 kernel: end_request: I/O error, dev sdn, sector 0
2025-04-23T12:40:00.857449+08:00 Dky_app_00 kernel: sd 7:0:3:6: [sdab]  Result: hostbyte=DID_OK driverbyte=DRIVER_SENSE
2025-04-23T12:40:00.857451+08:00 Dky_app_00 kernel: sd 7:0:3:6: [sdab]  Sense Key : Illegal Request [current]
2025-04-23T12:40:00.857454+08:00 Dky_app_00 kernel: sd 7:0:3:6: [sdab]  Add. Sense: Logical unit not supported
2025-04-23T12:40:00.857456+08:00 Dky_app_00 kernel: sd 7:0:3:6: [sdab] CDB: Read(10): 28 00 00 00 00 00 00 00 08 00
2025-04-23T12:40:00.857457+08:00 Dky_app_00 kernel: end_request: I/O error, dev sdab, sector 0
2025-04-23T12:40:00.857575+08:00 Dky_app_00 multipathd: 363c7843100c5453e3fb2197100000035: sdai - directio checker reports path is down
2025-04-23T12:40:00.858414+08:00 Dky_app_00 kernel: sd 8:0:0:6: [sdai]  Result: hostbyte=DID_OK driverbyte=DRIVER_SENSE
2025-04-23T12:40:00.858420+08:00 Dky_app_00 kernel: sd 8:0:0:6: [sdai]  Sense Key : Illegal Request [current]
2025-04-23T12:40:00.858421+08:00 Dky_app_00 kernel: sd 8:0:0:6: [sdai]  Add. Sense: Logical unit not supported
2025-04-23T12:40:00.858422+08:00 Dky_app_00 kernel: sd 8:0:0:6: [sdai] CDB: Read(10): 28 00 00 00 00 00 00 00 08 00
2025-04-23T12:40:00.858425+08:00 Dky_app_00 kernel: end_request: I/O error, dev sdai, sector 0
2025-04-23T12:42:00.946752+08:00 Dky_app_00 multipathd: 363c7843100c5453e3fb2197100000035: sdn - directio checker reports path is down
2025-04-23T12:42:00.946802+08:00 Dky_app_00 multipathd: 363c7843100c5453e3fb2197100000035: sdab - directio checker reports path is down
2025-04-23T12:42:00.947064+08:00 Dky_app_00 multipathd: 363c7843100c5453e3fb2197100000035: sdai - directio checker reports path is down
2025-04-23T12:42:00.947437+08:00 Dky_app_00 kernel: sd 7:0:1:6: [sdn]  Result: hostbyte=DID_OK driverbyte=DRIVER_SENSE
2025-04-23T12:42:00.947447+08:00 Dky_app_00 kernel: sd 7:0:1:6: [sdn]  Sense Key : Illegal Request [current]
2025-04-23T12:42:00.947450+08:00 Dky_app_00 kernel: sd 7:0:1:6: [sdn]  Add. Sense: Logical unit not supported
2025-04-23T12:42:00.947453+08:00 Dky_app_00 kernel: sd 7:0:1:6: [sdn] CDB: Read(10): 28 00 00 00 00 00 00 00 08 00
2025-04-23T12:42:00.947455+08:00 Dky_app_00 kernel: end_request: I/O error, dev sdn, sector 0
2025-04-23T12:42:00.947457+08:00 Dky_app_00 kernel: sd 7:0:3:6: [sdab]  Result: hostbyte=DID_OK driverbyte=DRIVER_SENSE
2025-04-23T12:42:00.947459+08:00 Dky_app_00 kernel: sd 7:0:3:6: [sdab]  Sense Key : Illegal Request [current]
2025-04-23T12:42:00.947461+08:00 Dky_app_00 kernel: sd 7:0:3:6: [sdab]  Add. Sense: Logical unit not supported
2025-04-23T12:42:00.947463+08:00 Dky_app_00 kernel: sd 7:0:3:6: [sdab] CDB: Read(10): 28 00 00 00 00 00 00 00 08 00
2025-04-23T12:42:00.947465+08:00 Dky_app_00 kernel: end_request: I/O error, dev sdab, sector 0
2025-04-23T12:42:00.947467+08:00 Dky_app_00 kernel: sd 8:0:0:6: [sdai]  Result: hostbyte=DID_OK driverbyte=DRIVER_SENSE
2025-04-23T12:42:00.947468+08:00 Dky_app_00 kernel: sd 8:0:0:6: [sdai]  Sense Key : Illegal Request [current]
2025-04-23T12:42:00.947470+08:00 Dky_app_00 kernel: sd 8:0:0:6: [sdai]  Add. Sense: Logical unit not supported
2025-04-23T12:42:00.947472+08:00 Dky_app_00 kernel: sd 8:0:0:6: [sdai] CDB: Read(10): 28 00 00 00 00 00 00 00 08 00
2025-04-23T12:42:00.947473+08:00 Dky_app_00 kernel: end_request: I/O error, dev sdai, sector 0
2025-04-23T12:44:00.032339+08:00 Dky_app_00 multipathd: 363c7843100c5453e3fb2197100000035: sdg - directio checker reports path is down
2025-04-23T12:44:00.032419+08:00 Dky_app_00 kernel: sd 7:0:0:6: [sdg]  Result: hostbyte=DID_OK driverbyte=DRIVER_SENSE
2025-04-23T12:44:00.032426+08:00 Dky_app_00 kernel: sd 7:0:0:6: [sdg]  Sense Key : Illegal Request [current]
2025-04-23T12:44:00.032428+08:00 Dky_app_00 kernel: sd 7:0:0:6: [sdg]  Add. Sense: Logical unit not supported
2025-04-23T12:44:00.032431+08:00 Dky_app_00 kernel: sd 7:0:0:6: [sdg] CDB: Read(10): 28 00 00 00 00 00 00 00 08 00
2025-04-23T12:44:00.032433+08:00 Dky_app_00 kernel: end_request: I/O error, dev sdg, sector 0
2025-04-23T12:46:00.118867+08:00 Dky_app_00 multipathd: 363c7843100c5453e3fb2197100000035: sdg - directio checker reports path is down
2025-04-23T12:46:00.119418+08:00 Dky_app_00 kernel: sd 7:0:0:6: [sdg]  Result: hostbyte=DID_OK driverbyte=DRIVER_SENSE
2025-04-23T12:46:00.119426+08:00 Dky_app_00 kernel: sd 7:0:0:6: [sdg]  Sense Key : Illegal Request [current]
2025-04-23T12:46:00.119427+08:00 Dky_app_00 kernel: sd 7:0:0:6: [sdg]  Add. Sense: Logical unit not supported
2025-04-23T12:46:00.119428+08:00 Dky_app_00 kernel: sd 7:0:0:6: [sdg] CDB: Read(10): 28 00 00 00 00 00 00 00 08 00
2025-04-23T12:46:00.119429+08:00 Dky_app_00 kernel: end_request: I/O error, dev sdg, sector 0
2025-04-23T12:48:00.196454+08:00 Dky_app_00 multipathd: 363c7843100c5453e3fb2197100000035: sdg - directio checker reports path is down
2025-04-23T12:48:00.197422+08:00 Dky_app_00 kernel: sd 7:0:0:6: [sdg]  Result: hostbyte=DID_OK driverbyte=DRIVER_SENSE
2025-04-23T12:48:00.197430+08:00 Dky_app_00 kernel: sd 7:0:0:6: [sdg]  Sense Key : Illegal Request [current]
2025-04-23T12:48:00.197432+08:00 Dky_app_00 kernel: sd 7:0:0:6: [sdg]  Add. Sense: Logical unit not supported
2025-04-23T12:48:00.197434+08:00 Dky_app_00 kernel: sd 7:0:0:6: [sdg] CDB: Read(10): 28 00 00 00 00 00 00 00 08 00
2025-04-23T12:48:00.197435+08:00 Dky_app_00 kernel: end_request: I/O error, dev sdg, sector 0
2025-04-23T12:50:00.282419+08:00 Dky_app_00 kernel: sd 7:0:0:6: [sdg]  Result: hostbyte=DID_OK driverbyte=DRIVER_SENSE
2025-04-23T12:50:00.282413+08:00 Dky_app_00 multipathd: 363c7843100c5453e3fb2197100000035: sdg - directio checker reports path is down
2025-04-23T12:50:00.282431+08:00 Dky_app_00 kernel: sd 7:0:0:6: [sdg]  Sense Key : Illegal Request [current]
2025-04-23T12:50:00.282447+08:00 Dky_app_00 kernel: sd 7:0:0:6: [sdg]  Add. Sense: Logical unit not supported
2025-04-23T12:50:00.282451+08:00 Dky_app_00 kernel: sd 7:0:0:6: [sdg] CDB: Read(10): 28 00 00 00 00 00 00 00 08 00
2025-04-23T12:50:00.282452+08:00 Dky_app_00 kernel: end_request: I/O error, dev sdg, sector 0
2025-04-23T12:52:00.376743+08:00 Dky_app_00 multipathd: 363c7843100c5453e3fb2197100000035: sdg - directio checker reports path is down
2025-04-23T12:52:00.377417+08:00 Dky_app_00 kernel: sd 7:0:0:6: [sdg]  Result: hostbyte=DID_OK driverbyte=DRIVER_SENSE
2025-04-23T12:52:00.377424+08:00 Dky_app_00 kernel: sd 7:0:0:6: [sdg]  Sense Key : Illegal Request [current]
2025-04-23T12:52:00.377425+08:00 Dky_app_00 kernel: sd 7:0:0:6: [sdg]  Add. Sense: Logical unit not supported
2025-04-23T12:52:00.377426+08:00 Dky_app_00 kernel: sd 7:0:0:6: [sdg] CDB: Read(10): 28 00 00 00 00 00 00 00 08 00
2025-04-23T12:52:00.377427+08:00 Dky_app_00 kernel: end_request: I/O error, dev sdg, sector 0
2025-04-23T12:54:00.461330+08:00 Dky_app_00 multipathd: 363c7843100c5453e3fb2197100000035: sdg - directio checker reports path is down
2025-04-23T12:54:00.461421+08:00 Dky_app_00 kernel: sd 7:0:0:6: [sdg]  Result: hostbyte=DID_OK driverbyte=DRIVER_SENSE
2025-04-23T12:54:00.461425+08:00 Dky_app_00 kernel: sd 7:0:0:6: [sdg]  Sense Key : Illegal Request [current]
2025-04-23T12:54:00.461427+08:00 Dky_app_00 kernel: sd 7:0:0:6: [sdg]  Add. Sense: Logical unit not supported
2025-04-23T12:54:00.461428+08:00 Dky_app_00 kernel: sd 7:0:0:6: [sdg] CDB: Read(10): 28 00 00 00 00 00 00 00 08 00
2025-04-23T12:54:00.461429+08:00 Dky_app_00 kernel: end_request: I/O error, dev sdg, sector 0
2025-04-23T12:56:00.552120+08:00 Dky_app_00 multipathd: 363c7843100c5453e3fb2197100000035: sdg - directio checker reports path is down
2025-04-23T12:56:00.552423+08:00 Dky_app_00 kernel: sd 7:0:0:6: [sdg]  Result: hostbyte=DID_OK driverbyte=DRIVER_SENSE
2025-04-23T12:56:00.552431+08:00 Dky_app_00 kernel: sd 7:0:0:6: [sdg]  Sense Key : Illegal Request [current]
2025-04-23T12:56:00.552434+08:00 Dky_app_00 kernel: sd 7:0:0:6: [sdg]  Add. Sense: Logical unit not supported
2025-04-23T12:56:00.552437+08:00 Dky_app_00 kernel: sd 7:0:0:6: [sdg] CDB: Read(10): 28 00 00 00 00 00 00 00 08 00
2025-04-23T12:56:00.552438+08:00 Dky_app_00 kernel: end_request: I/O error, dev sdg, sector 0
2025-04-23T12:58:00.649539+08:00 Dky_app_00 multipathd: 363c7843100c5453e3fb2197100000035: sdg - directio checker reports path is down
2025-04-23T12:58:00.650424+08:00 Dky_app_00 kernel: sd 7:0:0:6: [sdg]  Result: hostbyte=DID_OK driverbyte=DRIVER_SENSE
2025-04-23T12:58:00.650433+08:00 Dky_app_00 kernel: sd 7:0:0:6: [sdg]  Sense Key : Illegal Request [current]
2025-04-23T12:58:00.650436+08:00 Dky_app_00 kernel: sd 7:0:0:6: [sdg]  Add. Sense: Logical unit not supported
2025-04-23T12:58:00.650439+08:00 Dky_app_00 kernel: sd 7:0:0:6: [sdg] CDB: Read(10): 28 00 00 00 00 00 00 00 08 00
2025-04-23T12:58:00.650441+08:00 Dky_app_00 kernel: end_request: I/O error, dev sdg, sector 0
2025-04-23T13:00:00.738827+08:00 Dky_app_00 multipathd: 363c7843100c5453e3fb2197100000035: sdg - directio checker reports path is down
2025-04-23T13:00:00.739437+08:00 Dky_app_00 kernel: sd 7:0:0:6: [sdg]  Result: hostbyte=DID_OK driverbyte=DRIVER_SENSE
2025-04-23T13:00:00.739445+08:00 Dky_app_00 kernel: sd 7:0:0:6: [sdg]  Sense Key : Illegal Request [current]
2025-04-23T13:00:00.739450+08:00 Dky_app_00 kernel: sd 7:0:0:6: [sdg]  Add. Sense: Logical unit not supported
2025-04-23T13:00:00.739451+08:00 Dky_app_00 kernel: sd 7:0:0:6: [sdg] CDB: Read(10): 28 00 00 00 00 00 00 00 08 00
2025-04-23T13:00:00.739454+08:00 Dky_app_00 kernel: end_request: I/O error, dev sdg, sector 0
2025-04-23T13:02:00.828097+08:00 Dky_app_00 multipathd: 363c7843100c5453e3fb2197100000035: sdg - directio checker reports path is down
2025-04-23T13:02:00.828424+08:00 Dky_app_00 kernel: sd 7:0:0:6: [sdg]  Result: hostbyte=DID_OK driverbyte=DRIVER_SENSE
2025-04-23T13:02:00.828432+08:00 Dky_app_00 kernel: sd 7:0:0:6: [sdg]  Sense Key : Illegal Request [current]
2025-04-23T13:02:00.828436+08:00 Dky_app_00 kernel: sd 7:0:0:6: [sdg]  Add. Sense: Logical unit not supported
2025-04-23T13:02:00.828439+08:00 Dky_app_00 kernel: sd 7:0:0:6: [sdg] CDB: Read(10): 28 00 00 00 00 00 00 00 08 00
2025-04-23T13:02:00.828441+08:00 Dky_app_00 kernel: end_request: I/O error, dev sdg, sector 0
2025-04-23T13:04:00.920424+08:00 Dky_app_00 kernel: sd 7:0:0:6: [sdg]  Result: hostbyte=DID_OK driverbyte=DRIVER_SENSE
2025-04-23T13:04:00.920421+08:00 Dky_app_00 multipathd: 363c7843100c5453e3fb2197100000035: sdg - directio checker reports path is down
2025-04-23T13:04:00.920443+08:00 Dky_app_00 kernel: sd 7:0:0:6: [sdg]  Sense Key : Illegal Request [current]
2025-04-23T13:04:00.920453+08:00 Dky_app_00 kernel: sd 7:0:0:6: [sdg]  Add. Sense: Logical unit not supported
2025-04-23T13:04:00.920455+08:00 Dky_app_00 kernel: sd 7:0:0:6: [sdg] CDB: Read(10): 28 00 00 00 00 00 00 00 08 00
2025-04-23T13:04:00.920458+08:00 Dky_app_00 kernel: end_request: I/O error, dev sdg, sector 0
2025-04-23T13:06:00.010021+08:00 Dky_app_00 multipathd: 363c7843100c5453e3fb2197100000035: sdaw - directio checker reports path is down
2025-04-23T13:06:00.010427+08:00 Dky_app_00 kernel: sd 8:0:2:6: [sdaw]  Result: hostbyte=DID_OK driverbyte=DRIVER_SENSE
2025-04-23T13:06:00.010436+08:00 Dky_app_00 kernel: sd 8:0:2:6: [sdaw]  Sense Key : Illegal Request [current]
2025-04-23T13:06:00.010438+08:00 Dky_app_00 kernel: sd 8:0:2:6: [sdaw]  Add. Sense: Logical unit not supported
2025-04-23T13:06:00.010441+08:00 Dky_app_00 kernel: sd 8:0:2:6: [sdaw] CDB: Read(10): 28 00 00 00 00 00 00 00 08 00
2025-04-23T13:06:00.010444+08:00 Dky_app_00 kernel: end_request: I/O error, dev sdaw, sector 0
2025-04-23T13:08:00.104319+08:00 Dky_app_00 multipathd: 363c7843100c5453e3fb2197100000035: sdaw - directio checker reports path is down
2025-04-23T13:08:00.104420+08:00 Dky_app_00 kernel: sd 8:0:2:6: [sdaw]  Result: hostbyte=DID_OK driverbyte=DRIVER_SENSE
2025-04-23T13:08:00.104428+08:00 Dky_app_00 kernel: sd 8:0:2:6: [sdaw]  Sense Key : Illegal Request [current]
2025-04-23T13:08:00.104429+08:00 Dky_app_00 kernel: sd 8:0:2:6: [sdaw]  Add. Sense: Logical unit not supported
2025-04-23T13:08:00.104430+08:00 Dky_app_00 kernel: sd 8:0:2:6: [sdaw] CDB: Read(10): 28 00 00 00 00 00 00 00 08 00
2025-04-23T13:08:00.104431+08:00 Dky_app_00 kernel: end_request: I/O error, dev sdaw, sector 0
2025-04-23T13:10:00.193876+08:00 Dky_app_00 multipathd: 363c7843100c5453e3fb2197100000035: sdaw - directio checker reports path is down
2025-04-23T13:10:00.194426+08:00 Dky_app_00 kernel: sd 8:0:2:6: [sdaw]  Result: hostbyte=DID_OK driverbyte=DRIVER_SENSE
2025-04-23T13:10:00.194438+08:00 Dky_app_00 kernel: sd 8:0:2:6: [sdaw]  Sense Key : Illegal Request [current]
2025-04-23T13:10:00.194442+08:00 Dky_app_00 kernel: sd 8:0:2:6: [sdaw]  Add. Sense: Logical unit not supported
2025-04-23T13:10:00.194444+08:00 Dky_app_00 kernel: sd 8:0:2:6: [sdaw] CDB: Read(10): 28 00 00 00 00 00 00 00 08 00
2025-04-23T13:10:00.194445+08:00 Dky_app_00 kernel: end_request: I/O error, dev sdaw, sector 0
2025-04-23T13:12:00.279060+08:00 Dky_app_00 kernel: sd 8:0:2:6: [sdaw]  Result: hostbyte=DID_OK driverbyte=DRIVER_SENSE
2025-04-23T13:12:00.279064+08:00 Dky_app_00 multipathd: 363c7843100c5453e3fb2197100000035: sdaw - directio checker reports path is down
2025-04-23T13:12:00.279082+08:00 Dky_app_00 kernel: sd 8:0:2:6: [sdaw]  Sense Key : Illegal Request [current]
2025-04-23T13:12:00.279087+08:00 Dky_app_00 kernel: sd 8:0:2:6: [sdaw]  Add. Sense: Logical unit not supported
2025-04-23T13:12:00.279122+08:00 Dky_app_00 kernel: sd 8:0:2:6: [sdaw] CDB: Read(10): 28 00 00 00 00 00 00 00 08 00
2025-04-23T13:12:00.279126+08:00 Dky_app_00 kernel: end_request: I/O error, dev sdaw, sector 0
2025-04-23T13:14:00.369715+08:00 Dky_app_00 multipathd: 363c7843100c5453e3fb2197100000035: sdaw - directio checker reports path is down
2025-04-23T13:14:00.370428+08:00 Dky_app_00 kernel: sd 8:0:2:6: [sdaw]  Result: hostbyte=DID_OK driverbyte=DRIVER_SENSE
2025-04-23T13:14:00.370440+08:00 Dky_app_00 kernel: sd 8:0:2:6: [sdaw]  Sense Key : Illegal Request [current]
2025-04-23T13:14:00.370442+08:00 Dky_app_00 kernel: sd 8:0:2:6: [sdaw]  Add. Sense: Logical unit not supported
2025-04-23T13:14:00.370445+08:00 Dky_app_00 kernel: sd 8:0:2:6: [sdaw] CDB: Read(10): 28 00 00 00 00 00 00 00 08 00
2025-04-23T13:14:00.370447+08:00 Dky_app_00 kernel: end_request: I/O error, dev sdaw, sector 0
2025-04-23T13:16:00.460601+08:00 Dky_app_00 multipathd: 363c7843100c5453e3fb2197100000035: sdaw - directio checker reports path is down
2025-04-23T13:16:00.461425+08:00 Dky_app_00 kernel: sd 8:0:2:6: [sdaw]  Result: hostbyte=DID_OK driverbyte=DRIVER_SENSE
2025-04-23T13:16:00.461437+08:00 Dky_app_00 kernel: sd 8:0:2:6: [sdaw]  Sense Key : Illegal Request [current]
2025-04-23T13:16:00.461440+08:00 Dky_app_00 kernel: sd 8:0:2:6: [sdaw]  Add. Sense: Logical unit not supported
2025-04-23T13:16:00.461443+08:00 Dky_app_00 kernel: sd 8:0:2:6: [sdaw] CDB: Read(10): 28 00 00 00 00 00 00 00 08 00
2025-04-23T13:16:00.461444+08:00 Dky_app_00 kernel: end_request: I/O error, dev sdaw, sector 0
2025-04-23T13:18:00.549106+08:00 Dky_app_00 multipathd: 363c7843100c5453e3fb2197100000035: sdaw - directio checker reports path is down
2025-04-23T13:18:00.549429+08:00 Dky_app_00 kernel: sd 8:0:2:6: [sdaw]  Result: hostbyte=DID_OK driverbyte=DRIVER_SENSE
2025-04-23T13:18:00.549442+08:00 Dky_app_00 kernel: sd 8:0:2:6: [sdaw]  Sense Key : Illegal Request [current]
2025-04-23T13:18:00.549446+08:00 Dky_app_00 kernel: sd 8:0:2:6: [sdaw]  Add. Sense: Logical unit not supported
2025-04-23T13:18:00.549454+08:00 Dky_app_00 kernel: sd 8:0:2:6: [sdaw] CDB: Read(10): 28 00 00 00 00 00 00 00 08 00
2025-04-23T13:18:00.549456+08:00 Dky_app_00 kernel: end_request: I/O error, dev sdaw, sector 0
2025-04-23T13:20:00.648437+08:00 Dky_app_00 kernel: sd 8:0:2:6: [sdaw]  Result: hostbyte=DID_OK driverbyte=DRIVER_SENSE
2025-04-23T13:20:00.648437+08:00 Dky_app_00 multipathd: 363c7843100c5453e3fb2197100000035: sdaw - directio checker reports path is down
2025-04-23T13:20:00.648460+08:00 Dky_app_00 kernel: sd 8:0:2:6: [sdaw]  Sense Key : Illegal Request [current]
2025-04-23T13:20:00.648479+08:00 Dky_app_00 kernel: sd 8:0:2:6: [sdaw]  Add. Sense: Logical unit not supported
2025-04-23T13:20:00.648481+08:00 Dky_app_00 kernel: sd 8:0:2:6: [sdaw] CDB: Read(10): 28 00 00 00 00 00 00 00 08 00
2025-04-23T13:20:00.648484+08:00 Dky_app_00 kernel: end_request: I/O error, dev sdaw, sector 0
2025-04-23T13:22:00.741783+08:00 Dky_app_00 multipathd: 363c7843100c5453e3fb2197100000035: sdaw - directio checker reports path is down
2025-04-23T13:22:00.742425+08:00 Dky_app_00 kernel: sd 8:0:2:6: [sdaw]  Result: hostbyte=DID_OK driverbyte=DRIVER_SENSE
2025-04-23T13:22:00.742437+08:00 Dky_app_00 kernel: sd 8:0:2:6: [sdaw]  Sense Key : Illegal Request [current]
2025-04-23T13:22:00.742441+08:00 Dky_app_00 kernel: sd 8:0:2:6: [sdaw]  Add. Sense: Logical unit not supported
2025-04-23T13:22:00.742443+08:00 Dky_app_00 kernel: sd 8:0:2:6: [sdaw] CDB: Read(10): 28 00 00 00 00 00 00 00 08 00
2025-04-23T13:22:00.742445+08:00 Dky_app_00 kernel: end_request: I/O error, dev sdaw, sector 0
2025-04-23T13:24:00.840359+08:00 Dky_app_00 multipathd: 363c7843100c5453e3fb2197100000035: sdaw - directio checker reports path is down
2025-04-23T13:24:00.840424+08:00 Dky_app_00 kernel: sd 8:0:2:6: [sdaw]  Result: hostbyte=DID_OK driverbyte=DRIVER_SENSE
2025-04-23T13:24:00.840430+08:00 Dky_app_00 kernel: sd 8:0:2:6: [sdaw]  Sense Key : Illegal Request [current]
2025-04-23T13:24:00.840432+08:00 Dky_app_00 kernel: sd 8:0:2:6: [sdaw]  Add. Sense: Logical unit not supported
2025-04-23T13:24:00.840433+08:00 Dky_app_00 kernel: sd 8:0:2:6: [sdaw] CDB: Read(10): 28 00 00 00 00 00 00 00 08 00
2025-04-23T13:24:00.840435+08:00 Dky_app_00 kernel: end_request: I/O error, dev sdaw, sector 0
2025-04-23T13:26:00.939535+08:00 Dky_app_00 multipathd: 363c7843100c5453e3fb2197100000035: sdaw - directio checker reports path is down
2025-04-23T13:26:00.940434+08:00 Dky_app_00 kernel: sd 8:0:2:6: [sdaw]  Result: hostbyte=DID_OK driverbyte=DRIVER_SENSE
2025-04-23T13:26:00.940447+08:00 Dky_app_00 kernel: sd 8:0:2:6: [sdaw]  Sense Key : Illegal Request [current]
2025-04-23T13:26:00.940454+08:00 Dky_app_00 kernel: sd 8:0:2:6: [sdaw]  Add. Sense: Logical unit not supported
2025-04-23T13:26:00.940456+08:00 Dky_app_00 kernel: sd 8:0:2:6: [sdaw] CDB: Read(10): 28 00 00 00 00 00 00 00 08 00
2025-04-23T13:26:00.940458+08:00 Dky_app_00 kernel: end_request: I/O error, dev sdaw, sector 0
2025-04-23T13:28:00.034186+08:00 Dky_app_00 multipathd: 363c7843100c5453e3fb2197100000035: sdu - directio checker reports path is down
2025-04-23T13:28:00.034424+08:00 Dky_app_00 kernel: sd 7:0:2:6: [sdu]  Result: hostbyte=DID_OK driverbyte=DRIVER_SENSE
2025-04-23T13:28:00.034434+08:00 Dky_app_00 kernel: sd 7:0:2:6: [sdu]  Sense Key : Illegal Request [current]
2025-04-23T13:28:00.034436+08:00 Dky_app_00 kernel: sd 7:0:2:6: [sdu]  Add. Sense: Logical unit not supported
2025-04-23T13:28:00.034444+08:00 Dky_app_00 kernel: sd 7:0:2:6: [sdu] CDB: Read(10): 28 00 00 00 00 00 00 00 08 00
2025-04-23T13:28:00.034446+08:00 Dky_app_00 kernel: end_request: I/O error, dev sdu, sector 0
2025-04-23T13:28:00.034448+08:00 Dky_app_00 kernel: sd 8:0:1:6: [sdap]  Result: hostbyte=DID_OK driverbyte=DRIVER_SENSE
2025-04-23T13:28:00.034449+08:00 Dky_app_00 kernel: sd 8:0:1:6: [sdap]  Sense Key : Illegal Request [current]
2025-04-23T13:28:00.034450+08:00 Dky_app_00 kernel: sd 8:0:1:6: [sdap]  Add. Sense: Logical unit not supported
2025-04-23T13:28:00.034452+08:00 Dky_app_00 kernel: sd 8:0:1:6: [sdap] CDB: Read(10): 28 00 00 00 00 00 00 00 08 00
2025-04-23T13:28:00.034454+08:00 Dky_app_00 kernel: end_request: I/O error, dev sdap, sector 0
2025-04-23T13:28:00.034460+08:00 Dky_app_00 multipathd: 363c7843100c5453e3fb2197100000035: sdap - directio checker reports path is down
2025-04-23T13:28:00.034569+08:00 Dky_app_00 multipathd: 363c7843100c5453e3fb2197100000035: sdbd - directio checker reports path is down
2025-04-23T13:28:00.035412+08:00 Dky_app_00 kernel: sd 8:0:3:6: [sdbd]  Result: hostbyte=DID_OK driverbyte=DRIVER_SENSE
2025-04-23T13:28:00.035419+08:00 Dky_app_00 kernel: sd 8:0:3:6: [sdbd]  Sense Key : Illegal Request [current]
2025-04-23T13:28:00.035422+08:00 Dky_app_00 kernel: sd 8:0:3:6: [sdbd]  Add. Sense: Logical unit not supported
2025-04-23T13:28:00.035425+08:00 Dky_app_00 kernel: sd 8:0:3:6: [sdbd] CDB: Read(10): 28 00 00 00 00 00 00 00 08 00
2025-04-23T13:28:00.035427+08:00 Dky_app_00 kernel: end_request: I/O error, dev sdbd, sector 0
2025-04-23T13:30:00.132241+08:00 Dky_app_00 multipathd: 363c7843100c5453e3fb2197100000035: sdu - directio checker reports path is down
2025-04-23T13:30:00.132409+08:00 Dky_app_00 multipathd: 363c7843100c5453e3fb2197100000035: sdap - directio checker reports path is down
2025-04-23T13:30:00.132450+08:00 Dky_app_00 kernel: sd 7:0:2:6: [sdu]  Result: hostbyte=DID_OK driverbyte=DRIVER_SENSE
2025-04-23T13:30:00.132465+08:00 Dky_app_00 kernel: sd 7:0:2:6: [sdu]  Sense Key : Illegal Request [current]
2025-04-23T13:30:00.132468+08:00 Dky_app_00 kernel: sd 7:0:2:6: [sdu]  Add. Sense: Logical unit not supported
2025-04-23T13:30:00.132472+08:00 Dky_app_00 kernel: sd 7:0:2:6: [sdu] CDB: Read(10): 28 00 00 00 00 00 00 00 08 00
2025-04-23T13:30:00.132475+08:00 Dky_app_00 kernel: end_request: I/O error, dev sdu, sector 0
2025-04-23T13:30:00.132479+08:00 Dky_app_00 kernel: sd 8:0:1:6: [sdap]  Result: hostbyte=DID_OK driverbyte=DRIVER_SENSE
2025-04-23T13:30:00.132483+08:00 Dky_app_00 kernel: sd 8:0:1:6: [sdap]  Sense Key : Illegal Request [current]
2025-04-23T13:30:00.132486+08:00 Dky_app_00 kernel: sd 8:0:1:6: [sdap]  Add. Sense: Logical unit not supported
2025-04-23T13:30:00.132489+08:00 Dky_app_00 kernel: sd 8:0:1:6: [sdap] CDB: Read(10): 28 00 00 00 00 00 00 00 08 00
2025-04-23T13:30:00.132494+08:00 Dky_app_00 kernel: end_request: I/O error, dev sdap, sector 0
2025-04-23T13:30:00.132555+08:00 Dky_app_00 multipathd: 363c7843100c5453e3fb2197100000035: sdbd - directio checker reports path is down
2025-04-23T13:30:00.133414+08:00 Dky_app_00 kernel: sd 8:0:3:6: [sdbd]  Result: hostbyte=DID_OK driverbyte=DRIVER_SENSE
2025-04-23T13:30:00.133424+08:00 Dky_app_00 kernel: sd 8:0:3:6: [sdbd]  Sense Key : Illegal Request [current]
2025-04-23T13:30:00.133426+08:00 Dky_app_00 kernel: sd 8:0:3:6: [sdbd]  Add. Sense: Logical unit not supported
2025-04-23T13:30:00.133436+08:00 Dky_app_00 kernel: sd 8:0:3:6: [sdbd] CDB: Read(10): 28 00 00 00 00 00 00 00 08 00
2025-04-23T13:30:00.133437+08:00 Dky_app_00 kernel: end_request: I/O error, dev sdbd, sector 0
2025-04-23T13:32:00.221134+08:00 Dky_app_00 multipathd: 363c7843100c5453e3fb2197100000035: sdu - directio checker reports path is down
2025-04-23T13:32:00.221328+08:00 Dky_app_00 multipathd: 363c7843100c5453e3fb2197100000035: sdap - directio checker reports path is down
2025-04-23T13:32:00.221441+08:00 Dky_app_00 kernel: sd 7:0:2:6: [sdu]  Result: hostbyte=DID_OK driverbyte=DRIVER_SENSE
2025-04-23T13:32:00.221453+08:00 Dky_app_00 kernel: sd 7:0:2:6: [sdu]  Sense Key : Illegal Request [current]
2025-04-23T13:32:00.221457+08:00 Dky_app_00 kernel: sd 7:0:2:6: [sdu]  Add. Sense: Logical unit not supported
2025-04-23T13:32:00.221460+08:00 Dky_app_00 kernel: sd 7:0:2:6: [sdu] CDB: Read(10): 28 00 00 00 00 00 00 00 08 00
2025-04-23T13:32:00.221462+08:00 Dky_app_00 kernel: end_request: I/O error, dev sdu, sector 0
2025-04-23T13:32:00.221464+08:00 Dky_app_00 kernel: sd 8:0:1:6: [sdap]  Result: hostbyte=DID_OK driverbyte=DRIVER_SENSE
2025-04-23T13:32:00.221466+08:00 Dky_app_00 kernel: sd 8:0:1:6: [sdap]  Sense Key : Illegal Request [current]
2025-04-23T13:32:00.221468+08:00 Dky_app_00 kernel: sd 8:0:1:6: [sdap]  Add. Sense: Logical unit not supported
2025-04-23T13:32:00.221471+08:00 Dky_app_00 kernel: sd 8:0:1:6: [sdap] CDB: Read(10): 28 00 00 00 00 00 00 00 08 00
2025-04-23T13:32:00.221473+08:00 Dky_app_00 kernel: end_request: I/O error, dev sdap, sector 0
2025-04-23T13:32:00.221529+08:00 Dky_app_00 multipathd: 363c7843100c5453e3fb2197100000035: sdbd - directio checker reports path is down
2025-04-23T13:32:00.222413+08:00 Dky_app_00 kernel: sd 8:0:3:6: [sdbd]  Result: hostbyte=DID_OK driverbyte=DRIVER_SENSE
2025-04-23T13:32:00.222421+08:00 Dky_app_00 kernel: sd 8:0:3:6: [sdbd]  Sense Key : Illegal Request [current]
2025-04-23T13:32:00.222423+08:00 Dky_app_00 kernel: sd 8:0:3:6: [sdbd]  Add. Sense: Logical unit not supported
2025-04-23T13:32:00.222432+08:00 Dky_app_00 kernel: sd 8:0:3:6: [sdbd] CDB: Read(10): 28 00 00 00 00 00 00 00 08 00
2025-04-23T13:32:00.222433+08:00 Dky_app_00 kernel: end_request: I/O error, dev sdbd, sector 0
2025-04-23T13:34:00.313049+08:00 Dky_app_00 multipathd: 363c7843100c5453e3fb2197100000035: sdu - directio checker reports path is down
2025-04-23T13:34:00.313257+08:00 Dky_app_00 multipathd: 363c7843100c5453e3fb2197100000035: sdap - directio checker reports path is down
2025-04-23T13:34:00.313368+08:00 Dky_app_00 multipathd: 363c7843100c5453e3fb2197100000035: sdbd - directio checker reports path is down
2025-04-23T13:34:00.313428+08:00 Dky_app_00 kernel: sd 7:0:2:6: [sdu]  Result: hostbyte=DID_OK driverbyte=DRIVER_SENSE
2025-04-23T13:34:00.313437+08:00 Dky_app_00 kernel: sd 7:0:2:6: [sdu]  Sense Key : Illegal Request [current]
2025-04-23T13:34:00.313439+08:00 Dky_app_00 kernel: sd 7:0:2:6: [sdu]  Add. Sense: Logical unit not supported
2025-04-23T13:34:00.313449+08:00 Dky_app_00 kernel: sd 7:0:2:6: [sdu] CDB: Read(10): 28 00 00 00 00 00 00 00 08 00
2025-04-23T13:34:00.313450+08:00 Dky_app_00 kernel: end_request: I/O error, dev sdu, sector 0
2025-04-23T13:34:00.313452+08:00 Dky_app_00 kernel: sd 8:0:1:6: [sdap]  Result: hostbyte=DID_OK driverbyte=DRIVER_SENSE
2025-04-23T13:34:00.313453+08:00 Dky_app_00 kernel: sd 8:0:1:6: [sdap]  Sense Key : Illegal Request [current]
2025-04-23T13:34:00.313467+08:00 Dky_app_00 kernel: sd 8:0:1:6: [sdap]  Add. Sense: Logical unit not supported
2025-04-23T13:34:00.313468+08:00 Dky_app_00 kernel: sd 8:0:1:6: [sdap] CDB: Read(10): 28 00 00 00 00 00 00 00 08 00
2025-04-23T13:34:00.313470+08:00 Dky_app_00 kernel: end_request: I/O error, dev sdap, sector 0
2025-04-23T13:34:00.313472+08:00 Dky_app_00 kernel: sd 8:0:3:6: [sdbd]  Result: hostbyte=DID_OK driverbyte=DRIVER_SENSE
2025-04-23T13:34:00.313474+08:00 Dky_app_00 kernel: sd 8:0:3:6: [sdbd]  Sense Key : Illegal Request [current]
2025-04-23T13:34:00.313476+08:00 Dky_app_00 kernel: sd 8:0:3:6: [sdbd]  Add. Sense: Logical unit not supported
2025-04-23T13:34:00.313477+08:00 Dky_app_00 kernel: sd 8:0:3:6: [sdbd] CDB: Read(10): 28 00 00 00 00 00 00 00 08 00
2025-04-23T13:34:00.313479+08:00 Dky_app_00 kernel: end_request: I/O error, dev sdbd, sector 0
2025-04-23T13:36:00.399771+08:00 Dky_app_00 multipathd: 363c7843100c5453e3fb2197100000035: sdu - directio checker reports path is down
2025-04-23T13:36:00.399983+08:00 Dky_app_00 multipathd: 363c7843100c5453e3fb2197100000035: sdap - directio checker reports path is down
2025-04-23T13:36:00.400140+08:00 Dky_app_00 multipathd: 363c7843100c5453e3fb2197100000035: sdbd - directio checker reports path is down
2025-04-23T13:36:00.400437+08:00 Dky_app_00 kernel: sd 7:0:2:6: [sdu]  Result: hostbyte=DID_OK driverbyte=DRIVER_SENSE
2025-04-23T13:36:00.400447+08:00 Dky_app_00 kernel: sd 7:0:2:6: [sdu]  Sense Key : Illegal Request [current]
2025-04-23T13:36:00.400449+08:00 Dky_app_00 kernel: sd 7:0:2:6: [sdu]  Add. Sense: Logical unit not supported
2025-04-23T13:36:00.400450+08:00 Dky_app_00 kernel: sd 7:0:2:6: [sdu] CDB: Read(10): 28 00 00 00 00 00 00 00 08 00
2025-04-23T13:36:00.400457+08:00 Dky_app_00 kernel: end_request: I/O error, dev sdu, sector 0
2025-04-23T13:36:00.400460+08:00 Dky_app_00 kernel: sd 8:0:1:6: [sdap]  Result: hostbyte=DID_OK driverbyte=DRIVER_SENSE
2025-04-23T13:36:00.400463+08:00 Dky_app_00 kernel: sd 8:0:1:6: [sdap]  Sense Key : Illegal Request [current]
2025-04-23T13:36:00.400466+08:00 Dky_app_00 kernel: sd 8:0:1:6: [sdap]  Add. Sense: Logical unit not supported
2025-04-23T13:36:00.400468+08:00 Dky_app_00 kernel: sd 8:0:1:6: [sdap] CDB: Read(10): 28 00 00 00 00 00 00 00 08 00
2025-04-23T13:36:00.400470+08:00 Dky_app_00 kernel: end_request: I/O error, dev sdap, sector 0
2025-04-23T13:36:00.400472+08:00 Dky_app_00 kernel: sd 8:0:3:6: [sdbd]  Result: hostbyte=DID_OK driverbyte=DRIVER_SENSE
2025-04-23T13:36:00.400473+08:00 Dky_app_00 kernel: sd 8:0:3:6: [sdbd]  Sense Key : Illegal Request [current]
2025-04-23T13:36:00.400474+08:00 Dky_app_00 kernel: sd 8:0:3:6: [sdbd]  Add. Sense: Logical unit not supported
2025-04-23T13:36:00.400475+08:00 Dky_app_00 kernel: sd 8:0:3:6: [sdbd] CDB: Read(10): 28 00 00 00 00 00 00 00 08 00
2025-04-23T13:36:00.400477+08:00 Dky_app_00 kernel: end_request: I/O error, dev sdbd, sector 0
2025-04-23T13:38:00.493735+08:00 Dky_app_00 multipathd: 363c7843100c5453e3fb2197100000035: sdu - directio checker reports path is down
2025-04-23T13:38:00.493941+08:00 Dky_app_00 multipathd: 363c7843100c5453e3fb2197100000035: sdap - directio checker reports path is down
2025-04-23T13:38:00.494050+08:00 Dky_app_00 multipathd: 363c7843100c5453e3fb2197100000035: sdbd - directio checker reports path is down
2025-04-23T13:38:00.494430+08:00 Dky_app_00 kernel: sd 7:0:2:6: [sdu]  Result: hostbyte=DID_OK driverbyte=DRIVER_SENSE
2025-04-23T13:38:00.494439+08:00 Dky_app_00 kernel: sd 7:0:2:6: [sdu]  Sense Key : Illegal Request [current]
2025-04-23T13:38:00.494442+08:00 Dky_app_00 kernel: sd 7:0:2:6: [sdu]  Add. Sense: Logical unit not supported
2025-04-23T13:38:00.494449+08:00 Dky_app_00 kernel: sd 7:0:2:6: [sdu] CDB: Read(10): 28 00 00 00 00 00 00 00 08 00
2025-04-23T13:38:00.494451+08:00 Dky_app_00 kernel: end_request: I/O error, dev sdu, sector 0
2025-04-23T13:38:00.494453+08:00 Dky_app_00 kernel: sd 8:0:1:6: [sdap]  Result: hostbyte=DID_OK driverbyte=DRIVER_SENSE
2025-04-23T13:38:00.494455+08:00 Dky_app_00 kernel: sd 8:0:1:6: [sdap]  Sense Key : Illegal Request [current]
2025-04-23T13:38:00.494456+08:00 Dky_app_00 kernel: sd 8:0:1:6: [sdap]  Add. Sense: Logical unit not supported
2025-04-23T13:38:00.494459+08:00 Dky_app_00 kernel: sd 8:0:1:6: [sdap] CDB: Read(10): 28 00 00 00 00 00 00 00 08 00
2025-04-23T13:38:00.494461+08:00 Dky_app_00 kernel: end_request: I/O error, dev sdap, sector 0
2025-04-23T13:38:00.494463+08:00 Dky_app_00 kernel: sd 8:0:3:6: [sdbd]  Result: hostbyte=DID_OK driverbyte=DRIVER_SENSE
2025-04-23T13:38:00.494464+08:00 Dky_app_00 kernel: sd 8:0:3:6: [sdbd]  Sense Key : Illegal Request [current]
2025-04-23T13:38:00.494464+08:00 Dky_app_00 kernel: sd 8:0:3:6: [sdbd]  Add. Sense: Logical unit not supported
2025-04-23T13:38:00.494466+08:00 Dky_app_00 kernel: sd 8:0:3:6: [sdbd] CDB: Read(10): 28 00 00 00 00 00 00 00 08 00
2025-04-23T13:38:00.494468+08:00 Dky_app_00 kernel: end_request: I/O error, dev sdbd, sector 0
2025-04-23T13:40:00.583573+08:00 Dky_app_00 multipathd: 363c7843100c5453e3fb2197100000035: sdu - directio checker reports path is down
2025-04-23T13:40:00.583772+08:00 Dky_app_00 multipathd: 363c7843100c5453e3fb2197100000035: sdap - directio checker reports path is down
2025-04-23T13:40:00.583892+08:00 Dky_app_00 multipathd: 363c7843100c5453e3fb2197100000035: sdbd - directio checker reports path is down
2025-04-23T13:40:00.584442+08:00 Dky_app_00 kernel: sd 7:0:2:6: [sdu]  Result: hostbyte=DID_OK driverbyte=DRIVER_SENSE
2025-04-23T13:40:00.584453+08:00 Dky_app_00 kernel: sd 7:0:2:6: [sdu]  Sense Key : Illegal Request [current]
2025-04-23T13:40:00.584462+08:00 Dky_app_00 kernel: sd 7:0:2:6: [sdu]  Add. Sense: Logical unit not supported
2025-04-23T13:40:00.584464+08:00 Dky_app_00 kernel: sd 7:0:2:6: [sdu] CDB: Read(10): 28 00 00 00 00 00 00 00 08 00
2025-04-23T13:40:00.584466+08:00 Dky_app_00 kernel: end_request: I/O error, dev sdu, sector 0
2025-04-23T13:40:00.584468+08:00 Dky_app_00 kernel: sd 8:0:1:6: [sdap]  Result: hostbyte=DID_OK driverbyte=DRIVER_SENSE
2025-04-23T13:40:00.584469+08:00 Dky_app_00 kernel: sd 8:0:1:6: [sdap]  Sense Key : Illegal Request [current]
2025-04-23T13:40:00.584473+08:00 Dky_app_00 kernel: sd 8:0:1:6: [sdap]  Add. Sense: Logical unit not supported
2025-04-23T13:40:00.584474+08:00 Dky_app_00 kernel: sd 8:0:1:6: [sdap] CDB: Read(10): 28 00 00 00 00 00 00 00 08 00
2025-04-23T13:40:00.584476+08:00 Dky_app_00 kernel: end_request: I/O error, dev sdap, sector 0
2025-04-23T13:40:00.584478+08:00 Dky_app_00 kernel: sd 8:0:3:6: [sdbd]  Result: hostbyte=DID_OK driverbyte=DRIVER_SENSE
2025-04-23T13:40:00.584483+08:00 Dky_app_00 kernel: sd 8:0:3:6: [sdbd]  Sense Key : Illegal Request [current]
2025-04-23T13:40:00.584485+08:00 Dky_app_00 kernel: sd 8:0:3:6: [sdbd]  Add. Sense: Logical unit not supported
2025-04-23T13:40:00.584488+08:00 Dky_app_00 kernel: sd 8:0:3:6: [sdbd] CDB: Read(10): 28 00 00 00 00 00 00 00 08 00
2025-04-23T13:40:00.584491+08:00 Dky_app_00 kernel: end_request: I/O error, dev sdbd, sector 0
2025-04-23T13:42:00.672399+08:00 Dky_app_00 multipathd: 363c7843100c5453e3fb2197100000035: sdu - directio checker reports path is down
2025-04-23T13:42:00.672425+08:00 Dky_app_00 kernel: sd 7:0:2:6: [sdu]  Result: hostbyte=DID_OK driverbyte=DRIVER_SENSE
2025-04-23T13:42:00.672431+08:00 Dky_app_00 kernel: sd 7:0:2:6: [sdu]  Sense Key : Illegal Request [current]
2025-04-23T13:42:00.672436+08:00 Dky_app_00 kernel: sd 7:0:2:6: [sdu]  Add. Sense: Logical unit not supported
2025-04-23T13:42:00.672438+08:00 Dky_app_00 kernel: sd 7:0:2:6: [sdu] CDB: Read(10): 28 00 00 00 00 00 00 00 08 00
2025-04-23T13:42:00.672440+08:00 Dky_app_00 kernel: end_request: I/O error, dev sdu, sector 0
2025-04-23T13:42:00.672640+08:00 Dky_app_00 multipathd: 363c7843100c5453e3fb2197100000035: sdap - directio checker reports path is down
2025-04-23T13:42:00.672811+08:00 Dky_app_00 multipathd: 363c7843100c5453e3fb2197100000035: sdbd - directio checker reports path is down
2025-04-23T13:42:00.673418+08:00 Dky_app_00 kernel: sd 8:0:1:6: [sdap]  Result: hostbyte=DID_OK driverbyte=DRIVER_SENSE
2025-04-23T13:42:00.673426+08:00 Dky_app_00 kernel: sd 8:0:1:6: [sdap]  Sense Key : Illegal Request [current]
2025-04-23T13:42:00.673428+08:00 Dky_app_00 kernel: sd 8:0:1:6: [sdap]  Add. Sense: Logical unit not supported
2025-04-23T13:42:00.673435+08:00 Dky_app_00 kernel: sd 8:0:1:6: [sdap] CDB: Read(10): 28 00 00 00 00 00 00 00 08 00
2025-04-23T13:42:00.673438+08:00 Dky_app_00 kernel: end_request: I/O error, dev sdap, sector 0
2025-04-23T13:42:00.673440+08:00 Dky_app_00 kernel: sd 8:0:3:6: [sdbd]  Result: hostbyte=DID_OK driverbyte=DRIVER_SENSE
2025-04-23T13:42:00.673443+08:00 Dky_app_00 kernel: sd 8:0:3:6: [sdbd]  Sense Key : Illegal Request [current]
2025-04-23T13:42:00.673446+08:00 Dky_app_00 kernel: sd 8:0:3:6: [sdbd]  Add. Sense: Logical unit not supported
2025-04-23T13:42:00.673448+08:00 Dky_app_00 kernel: sd 8:0:3:6: [sdbd] CDB: Read(10): 28 00 00 00 00 00 00 00 08 00
2025-04-23T13:42:00.673452+08:00 Dky_app_00 kernel: end_request: I/O error, dev sdbd, sector 0
2025-04-23T13:44:00.770654+08:00 Dky_app_00 multipathd: 363c7843100c5453e3fb2197100000035: sdn - directio checker reports path is down
2025-04-23T13:44:00.770885+08:00 Dky_app_00 multipathd: 363c7843100c5453e3fb2197100000035: sdu - directio checker reports path is down
2025-04-23T13:44:00.771147+08:00 Dky_app_00 multipathd: 363c7843100c5453e3fb2197100000035: sdap - directio checker reports path is down
2025-04-23T13:44:00.771439+08:00 Dky_app_00 kernel: sd 7:0:1:6: [sdn]  Result: hostbyte=DID_OK driverbyte=DRIVER_SENSE
2025-04-23T13:44:00.771453+08:00 Dky_app_00 kernel: sd 7:0:1:6: [sdn]  Sense Key : Illegal Request [current]
2025-04-23T13:44:00.771461+08:00 Dky_app_00 kernel: sd 7:0:1:6: [sdn]  Add. Sense: Logical unit not supported
2025-04-23T13:44:00.771464+08:00 Dky_app_00 kernel: sd 7:0:1:6: [sdn] CDB: Read(10): 28 00 00 00 00 00 00 00 08 00
2025-04-23T13:44:00.771467+08:00 Dky_app_00 kernel: end_request: I/O error, dev sdn, sector 0
2025-04-23T13:44:00.771469+08:00 Dky_app_00 kernel: sd 7:0:2:6: [sdu]  Result: hostbyte=DID_OK driverbyte=DRIVER_SENSE
2025-04-23T13:44:00.771472+08:00 Dky_app_00 kernel: sd 7:0:2:6: [sdu]  Sense Key : Illegal Request [current]
2025-04-23T13:44:00.771474+08:00 Dky_app_00 kernel: sd 7:0:2:6: [sdu]  Add. Sense: Logical unit not supported
2025-04-23T13:44:00.771479+08:00 Dky_app_00 kernel: sd 7:0:2:6: [sdu] CDB: Read(10): 28 00 00 00 00 00 00 00 08 00
2025-04-23T13:44:00.771480+08:00 Dky_app_00 kernel: end_request: I/O error, dev sdu, sector 0
2025-04-23T13:44:00.771482+08:00 Dky_app_00 kernel: sd 8:0:1:6: [sdap]  Result: hostbyte=DID_OK driverbyte=DRIVER_SENSE
2025-04-23T13:44:00.771484+08:00 Dky_app_00 kernel: sd 8:0:1:6: [sdap]  Sense Key : Illegal Request [current]
2025-04-23T13:44:00.771485+08:00 Dky_app_00 kernel: sd 8:0:1:6: [sdap]  Add. Sense: Logical unit not supported
2025-04-23T13:44:00.771486+08:00 Dky_app_00 kernel: sd 8:0:1:6: [sdap] CDB: Read(10): 28 00 00 00 00 00 00 00 08 00
2025-04-23T13:44:00.771489+08:00 Dky_app_00 kernel: end_request: I/O error, dev sdap, sector 0
2025-04-23T13:46:00.863964+08:00 Dky_app_00 multipathd: 363c7843100c5453e3fb2197100000035: sdn - directio checker reports path is down
2025-04-23T13:46:00.864323+08:00 Dky_app_00 multipathd: 363c7843100c5453e3fb2197100000035: sdu - directio checker reports path is down
2025-04-23T13:46:00.864429+08:00 Dky_app_00 kernel: sd 7:0:1:6: [sdn]  Result: hostbyte=DID_OK driverbyte=DRIVER_SENSE
2025-04-23T13:46:00.864451+08:00 Dky_app_00 kernel: sd 7:0:1:6: [sdn]  Sense Key : Illegal Request [current]
2025-04-23T13:46:00.864460+08:00 Dky_app_00 kernel: sd 7:0:1:6: [sdn]  Add. Sense: Logical unit not supported
2025-04-23T13:46:00.864463+08:00 Dky_app_00 kernel: sd 7:0:1:6: [sdn] CDB: Read(10): 28 00 00 00 00 00 00 00 08 00
2025-04-23T13:46:00.864465+08:00 Dky_app_00 kernel: end_request: I/O error, dev sdn, sector 0
2025-04-23T13:46:00.864467+08:00 Dky_app_00 kernel: sd 7:0:2:6: [sdu]  Result: hostbyte=DID_OK driverbyte=DRIVER_SENSE
2025-04-23T13:46:00.864469+08:00 Dky_app_00 kernel: sd 7:0:2:6: [sdu]  Sense Key : Illegal Request [current]
2025-04-23T13:46:00.864472+08:00 Dky_app_00 kernel: sd 7:0:2:6: [sdu]  Add. Sense: Logical unit not supported
2025-04-23T13:46:00.864474+08:00 Dky_app_00 kernel: sd 7:0:2:6: [sdu] CDB: Read(10): 28 00 00 00 00 00 00 00 08 00
2025-04-23T13:46:00.864475+08:00 Dky_app_00 kernel: end_request: I/O error, dev sdu, sector 0
2025-04-23T13:46:00.864588+08:00 Dky_app_00 multipathd: 363c7843100c5453e3fb2197100000035: sdap - directio checker reports path is down
2025-04-23T13:46:00.865413+08:00 Dky_app_00 kernel: sd 8:0:1:6: [sdap]  Result: hostbyte=DID_OK driverbyte=DRIVER_SENSE
2025-04-23T13:46:00.865420+08:00 Dky_app_00 kernel: sd 8:0:1:6: [sdap]  Sense Key : Illegal Request [current]
2025-04-23T13:46:00.865422+08:00 Dky_app_00 kernel: sd 8:0:1:6: [sdap]  Add. Sense: Logical unit not supported
2025-04-23T13:46:00.865429+08:00 Dky_app_00 kernel: sd 8:0:1:6: [sdap] CDB: Read(10): 28 00 00 00 00 00 00 00 08 00
2025-04-23T13:46:00.865430+08:00 Dky_app_00 kernel: end_request: I/O error, dev sdap, sector 0
2025-04-23T13:48:00.962505+08:00 Dky_app_00 multipathd: 363c7843100c5453e3fb2197100000035: sdn - directio checker reports path is down
2025-04-23T13:48:00.962821+08:00 Dky_app_00 multipathd: 363c7843100c5453e3fb2197100000035: sdu - directio checker reports path is down
2025-04-23T13:48:00.963422+08:00 Dky_app_00 kernel: sd 7:0:1:6: [sdn]  Result: hostbyte=DID_OK driverbyte=DRIVER_SENSE
2025-04-23T13:48:00.963432+08:00 Dky_app_00 kernel: sd 7:0:1:6: [sdn]  Sense Key : Illegal Request [current]
2025-04-23T13:48:00.963434+08:00 Dky_app_00 kernel: sd 7:0:1:6: [sdn]  Add. Sense: Logical unit not supported
2025-04-23T13:48:00.963440+08:00 Dky_app_00 kernel: sd 7:0:1:6: [sdn] CDB: Read(10): 28 00 00 00 00 00 00 00 08 00
2025-04-23T13:48:00.963441+08:00 Dky_app_00 kernel: end_request: I/O error, dev sdn, sector 0
2025-04-23T13:48:00.963444+08:00 Dky_app_00 kernel: sd 7:0:2:6: [sdu]  Result: hostbyte=DID_OK driverbyte=DRIVER_SENSE
2025-04-23T13:48:00.963445+08:00 Dky_app_00 kernel: sd 7:0:2:6: [sdu]  Sense Key : Illegal Request [current]
2025-04-23T13:48:00.963446+08:00 Dky_app_00 kernel: sd 7:0:2:6: [sdu]  Add. Sense: Logical unit not supported
2025-04-23T13:48:00.963448+08:00 Dky_app_00 kernel: sd 7:0:2:6: [sdu] CDB: Read(10): 28 00 00 00 00 00 00 00 08 00
2025-04-23T13:48:00.963453+08:00 Dky_app_00 kernel: end_request: I/O error, dev sdu, sector 0
2025-04-23T13:50:00.060862+08:00 Dky_app_00 multipathd: 363c7843100c5453e3fb2197100000035: sdab - directio checker reports path is down
2025-04-23T13:50:00.060988+08:00 Dky_app_00 multipathd: 363c7843100c5453e3fb2197100000035: sdai - directio checker reports path is down
2025-04-23T13:50:00.061432+08:00 Dky_app_00 kernel: sd 7:0:3:6: [sdab]  Result: hostbyte=DID_OK driverbyte=DRIVER_SENSE
2025-04-23T13:50:00.061444+08:00 Dky_app_00 kernel: sd 7:0:3:6: [sdab]  Sense Key : Illegal Request [current]
2025-04-23T13:50:00.061449+08:00 Dky_app_00 kernel: sd 7:0:3:6: [sdab]  Add. Sense: Logical unit not supported
2025-04-23T13:50:00.061454+08:00 Dky_app_00 kernel: sd 7:0:3:6: [sdab] CDB: Read(10): 28 00 00 00 00 00 00 00 08 00
2025-04-23T13:50:00.061457+08:00 Dky_app_00 kernel: end_request: I/O error, dev sdab, sector 0
2025-04-23T13:50:00.061459+08:00 Dky_app_00 kernel: sd 8:0:0:6: [sdai]  Result: hostbyte=DID_OK driverbyte=DRIVER_SENSE
2025-04-23T13:50:00.061461+08:00 Dky_app_00 kernel: sd 8:0:0:6: [sdai]  Sense Key : Illegal Request [current]
2025-04-23T13:50:00.061464+08:00 Dky_app_00 kernel: sd 8:0:0:6: [sdai]  Add. Sense: Logical unit not supported
2025-04-23T13:50:00.061466+08:00 Dky_app_00 kernel: sd 8:0:0:6: [sdai] CDB: Read(10): 28 00 00 00 00 00 00 00 08 00
2025-04-23T13:50:00.061469+08:00 Dky_app_00 kernel: end_request: I/O error, dev sdai, sector 0
2025-04-23T13:52:00.154957+08:00 Dky_app_00 multipathd: 363c7843100c5453e3fb2197100000035: sdab - directio checker reports path is down
2025-04-23T13:52:00.155047+08:00 Dky_app_00 multipathd: 363c7843100c5453e3fb2197100000035: sdai - directio checker reports path is down
2025-04-23T13:52:00.155425+08:00 Dky_app_00 kernel: sd 7:0:3:6: [sdab]  Result: hostbyte=DID_OK driverbyte=DRIVER_SENSE
2025-04-23T13:52:00.155437+08:00 Dky_app_00 kernel: sd 7:0:3:6: [sdab]  Sense Key : Illegal Request [current]
2025-04-23T13:52:00.155439+08:00 Dky_app_00 kernel: sd 7:0:3:6: [sdab]  Add. Sense: Logical unit not supported
2025-04-23T13:52:00.155445+08:00 Dky_app_00 kernel: sd 7:0:3:6: [sdab] CDB: Read(10): 28 00 00 00 00 00 00 00 08 00
2025-04-23T13:52:00.155447+08:00 Dky_app_00 kernel: end_request: I/O error, dev sdab, sector 0
2025-04-23T13:52:00.155452+08:00 Dky_app_00 kernel: sd 8:0:0:6: [sdai]  Result: hostbyte=DID_OK driverbyte=DRIVER_SENSE
2025-04-23T13:52:00.155456+08:00 Dky_app_00 kernel: sd 8:0:0:6: [sdai]  Sense Key : Illegal Request [current]
2025-04-23T13:52:00.155458+08:00 Dky_app_00 kernel: sd 8:0:0:6: [sdai]  Add. Sense: Logical unit not supported
2025-04-23T13:52:00.155460+08:00 Dky_app_00 kernel: sd 8:0:0:6: [sdai] CDB: Read(10): 28 00 00 00 00 00 00 00 08 00
2025-04-23T13:52:00.155461+08:00 Dky_app_00 kernel: end_request: I/O error, dev sdai, sector 0
2025-04-23T13:54:00.239132+08:00 Dky_app_00 multipathd: 363c7843100c5453e3fb2197100000035: sdab - directio checker reports path is down
2025-04-23T13:54:00.239240+08:00 Dky_app_00 multipathd: 363c7843100c5453e3fb2197100000035: sdai - directio checker reports path is down
2025-04-23T13:54:00.239422+08:00 Dky_app_00 kernel: sd 7:0:3:6: [sdab]  Result: hostbyte=DID_OK driverbyte=DRIVER_SENSE
2025-04-23T13:54:00.239432+08:00 Dky_app_00 kernel: sd 7:0:3:6: [sdab]  Sense Key : Illegal Request [current]
2025-04-23T13:54:00.239435+08:00 Dky_app_00 kernel: sd 7:0:3:6: [sdab]  Add. Sense: Logical unit not supported
2025-04-23T13:54:00.239438+08:00 Dky_app_00 kernel: sd 7:0:3:6: [sdab] CDB: Read(10): 28 00 00 00 00 00 00 00 08 00
2025-04-23T13:54:00.239439+08:00 Dky_app_00 kernel: end_request: I/O error, dev sdab, sector 0
2025-04-23T13:54:00.239443+08:00 Dky_app_00 kernel: sd 8:0:0:6: [sdai]  Result: hostbyte=DID_OK driverbyte=DRIVER_SENSE
2025-04-23T13:54:00.239445+08:00 Dky_app_00 kernel: sd 8:0:0:6: [sdai]  Sense Key : Illegal Request [current]
2025-04-23T13:54:00.239446+08:00 Dky_app_00 kernel: sd 8:0:0:6: [sdai]  Add. Sense: Logical unit not supported
2025-04-23T13:54:00.239447+08:00 Dky_app_00 kernel: sd 8:0:0:6: [sdai] CDB: Read(10): 28 00 00 00 00 00 00 00 08 00
2025-04-23T13:54:00.239448+08:00 Dky_app_00 kernel: end_request: I/O error, dev sdai, sector 0
2025-04-23T13:56:00.331063+08:00 Dky_app_00 multipathd: 363c7843100c5453e3fb2197100000035: sdab - directio checker reports path is down
2025-04-23T13:56:00.331158+08:00 Dky_app_00 multipathd: 363c7843100c5453e3fb2197100000035: sdai - directio checker reports path is down
2025-04-23T13:56:00.331429+08:00 Dky_app_00 kernel: sd 7:0:3:6: [sdab]  Result: hostbyte=DID_OK driverbyte=DRIVER_SENSE
2025-04-23T13:56:00.331440+08:00 Dky_app_00 kernel: sd 7:0:3:6: [sdab]  Sense Key : Illegal Request [current]
2025-04-23T13:56:00.331443+08:00 Dky_app_00 kernel: sd 7:0:3:6: [sdab]  Add. Sense: Logical unit not supported
2025-04-23T13:56:00.331446+08:00 Dky_app_00 kernel: sd 7:0:3:6: [sdab] CDB: Read(10): 28 00 00 00 00 00 00 00 08 00
2025-04-23T13:56:00.331448+08:00 Dky_app_00 kernel: end_request: I/O error, dev sdab, sector 0
2025-04-23T13:56:00.331452+08:00 Dky_app_00 kernel: sd 8:0:0:6: [sdai]  Result: hostbyte=DID_OK driverbyte=DRIVER_SENSE
2025-04-23T13:56:00.331454+08:00 Dky_app_00 kernel: sd 8:0:0:6: [sdai]  Sense Key : Illegal Request [current]
2025-04-23T13:56:00.331455+08:00 Dky_app_00 kernel: sd 8:0:0:6: [sdai]  Add. Sense: Logical unit not supported
2025-04-23T13:56:00.331456+08:00 Dky_app_00 kernel: sd 8:0:0:6: [sdai] CDB: Read(10): 28 00 00 00 00 00 00 00 08 00
2025-04-23T13:56:00.331458+08:00 Dky_app_00 kernel: end_request: I/O error, dev sdai, sector 0
2025-04-23T13:58:00.419759+08:00 Dky_app_00 multipathd: 363c7843100c5453e3fb2197100000035: sdab - directio checker reports path is down
2025-04-23T13:58:00.419836+08:00 Dky_app_00 multipathd: 363c7843100c5453e3fb2197100000035: sdai - directio checker reports path is down
2025-04-23T13:58:00.420426+08:00 Dky_app_00 kernel: sd 7:0:3:6: [sdab]  Result: hostbyte=DID_OK driverbyte=DRIVER_SENSE
2025-04-23T13:58:00.420437+08:00 Dky_app_00 kernel: sd 7:0:3:6: [sdab]  Sense Key : Illegal Request [current]
2025-04-23T13:58:00.420439+08:00 Dky_app_00 kernel: sd 7:0:3:6: [sdab]  Add. Sense: Logical unit not supported
2025-04-23T13:58:00.420443+08:00 Dky_app_00 kernel: sd 7:0:3:6: [sdab] CDB: Read(10): 28 00 00 00 00 00 00 00 08 00
2025-04-23T13:58:00.420445+08:00 Dky_app_00 kernel: end_request: I/O error, dev sdab, sector 0
2025-04-23T13:58:00.420449+08:00 Dky_app_00 kernel: sd 8:0:0:6: [sdai]  Result: hostbyte=DID_OK driverbyte=DRIVER_SENSE
2025-04-23T13:58:00.420452+08:00 Dky_app_00 kernel: sd 8:0:0:6: [sdai]  Sense Key : Illegal Request [current]
2025-04-23T13:58:00.420453+08:00 Dky_app_00 kernel: sd 8:0:0:6: [sdai]  Add. Sense: Logical unit not supported
2025-04-23T13:58:00.420455+08:00 Dky_app_00 kernel: sd 8:0:0:6: [sdai] CDB: Read(10): 28 00 00 00 00 00 00 00 08 00
2025-04-23T13:58:00.420456+08:00 Dky_app_00 kernel: end_request: I/O error, dev sdai, sector 0
2025-04-23T14:00:00.510684+08:00 Dky_app_00 multipathd: 363c7843100c5453e3fb2197100000035: sdab - directio checker reports path is down
2025-04-23T14:00:00.510816+08:00 Dky_app_00 multipathd: 363c7843100c5453e3fb2197100000035: sdai - directio checker reports path is down
2025-04-23T14:00:00.511431+08:00 Dky_app_00 kernel: sd 7:0:3:6: [sdab]  Result: hostbyte=DID_OK driverbyte=DRIVER_SENSE
2025-04-23T14:00:00.511442+08:00 Dky_app_00 kernel: sd 7:0:3:6: [sdab]  Sense Key : Illegal Request [current]
2025-04-23T14:00:00.511446+08:00 Dky_app_00 kernel: sd 7:0:3:6: [sdab]  Add. Sense: Logical unit not supported
2025-04-23T14:00:00.511448+08:00 Dky_app_00 kernel: sd 7:0:3:6: [sdab] CDB: Read(10): 28 00 00 00 00 00 00 00 08 00
2025-04-23T14:00:00.511450+08:00 Dky_app_00 kernel: end_request: I/O error, dev sdab, sector 0
2025-04-23T14:00:00.511451+08:00 Dky_app_00 kernel: sd 8:0:0:6: [sdai]  Result: hostbyte=DID_OK driverbyte=DRIVER_SENSE
2025-04-23T14:00:00.511452+08:00 Dky_app_00 kernel: sd 8:0:0:6: [sdai]  Sense Key : Illegal Request [current]
2025-04-23T14:00:00.511453+08:00 Dky_app_00 kernel: sd 8:0:0:6: [sdai]  Add. Sense: Logical unit not supported
2025-04-23T14:00:00.511456+08:00 Dky_app_00 kernel: sd 8:0:0:6: [sdai] CDB: Read(10): 28 00 00 00 00 00 00 00 08 00
2025-04-23T14:00:00.511458+08:00 Dky_app_00 kernel: end_request: I/O error, dev sdai, sector 0
2025-04-23T14:02:00.266343+08:00 Dky_app_00 pmcagent[96228]: 10.33.1.200,GetSrcIP conn fail
2025-04-23T14:02:00.595849+08:00 Dky_app_00 multipathd: 363c7843100c5453e3fb2197100000035: sdab - directio checker reports path is down
2025-04-23T14:02:00.595933+08:00 Dky_app_00 multipathd: 363c7843100c5453e3fb2197100000035: sdai - directio checker reports path is down
2025-04-23T14:02:00.596440+08:00 Dky_app_00 kernel: sd 7:0:3:6: [sdab]  Result: hostbyte=DID_OK driverbyte=DRIVER_SENSE
2025-04-23T14:02:00.596452+08:00 Dky_app_00 kernel: sd 7:0:3:6: [sdab]  Sense Key : Illegal Request [current]
2025-04-23T14:02:00.596461+08:00 Dky_app_00 kernel: sd 7:0:3:6: [sdab]  Add. Sense: Logical unit not supported
2025-04-23T14:02:00.596463+08:00 Dky_app_00 kernel: sd 7:0:3:6: [sdab] CDB: Read(10): 28 00 00 00 00 00 00 00 08 00
2025-04-23T14:02:00.596465+08:00 Dky_app_00 kernel: end_request: I/O error, dev sdab, sector 0
2025-04-23T14:02:00.596467+08:00 Dky_app_00 kernel: sd 8:0:0:6: [sdai]  Result: hostbyte=DID_OK driverbyte=DRIVER_SENSE
2025-04-23T14:02:00.596470+08:00 Dky_app_00 kernel: sd 8:0:0:6: [sdai]  Sense Key : Illegal Request [current]
2025-04-23T14:02:00.596471+08:00 Dky_app_00 kernel: sd 8:0:0:6: [sdai]  Add. Sense: Logical unit not supported
2025-04-23T14:02:00.596473+08:00 Dky_app_00 kernel: sd 8:0:0:6: [sdai] CDB: Read(10): 28 00 00 00 00 00 00 00 08 00
2025-04-23T14:02:00.596475+08:00 Dky_app_00 kernel: end_request: I/O error, dev sdai, sector 0
2025-04-23T14:04:00.689434+08:00 Dky_app_00 kernel: sd 7:0:3:6: [sdab]  Result: hostbyte=DID_OK driverbyte=DRIVER_SENSE
2025-04-23T14:04:00.689444+08:00 Dky_app_00 multipathd: 363c7843100c5453e3fb2197100000035: sdab - directio checker reports path is down
2025-04-23T14:04:00.689460+08:00 Dky_app_00 kernel: sd 7:0:3:6: [sdab]  Sense Key : Illegal Request [current]
2025-04-23T14:04:00.689461+08:00 Dky_app_00 kernel: sd 7:0:3:6: [sdab]  Add. Sense: Logical unit not supported
2025-04-23T14:04:00.689475+08:00 Dky_app_00 kernel: sd 7:0:3:6: [sdab] CDB: Read(10): 28 00 00 00 00 00 00 00 08 00
2025-04-23T14:04:00.689477+08:00 Dky_app_00 kernel: end_request: I/O error, dev sdab, sector 0
2025-04-23T14:04:00.689502+08:00 Dky_app_00 kernel: sd 8:0:0:6: [sdai]  Result: hostbyte=DID_OK driverbyte=DRIVER_SENSE
2025-04-23T14:04:00.689505+08:00 Dky_app_00 kernel: sd 8:0:0:6: [sdai]  Sense Key : Illegal Request [current]
2025-04-23T14:04:00.689507+08:00 Dky_app_00 kernel: sd 8:0:0:6: [sdai]  Add. Sense: Logical unit not supported
2025-04-23T14:04:00.689509+08:00 Dky_app_00 kernel: sd 8:0:0:6: [sdai] CDB: Read(10): 28 00 00 00 00 00 00 00 08 00
2025-04-23T14:04:00.689510+08:00 Dky_app_00 kernel: end_request: I/O error, dev sdai, sector 0
2025-04-23T14:04:00.689520+08:00 Dky_app_00 multipathd: 363c7843100c5453e3fb2197100000035: sdai - directio checker reports path is down
2025-04-23T14:06:00.774833+08:00 Dky_app_00 multipathd: 363c7843100c5453e3fb2197100000035: sdab - directio checker reports path is down
2025-04-23T14:06:00.774935+08:00 Dky_app_00 multipathd: 363c7843100c5453e3fb2197100000035: sdai - directio checker reports path is down
2025-04-23T14:06:00.775423+08:00 Dky_app_00 kernel: sd 7:0:3:6: [sdab]  Result: hostbyte=DID_OK driverbyte=DRIVER_SENSE
2025-04-23T14:06:00.775432+08:00 Dky_app_00 kernel: sd 7:0:3:6: [sdab]  Sense Key : Illegal Request [current]
2025-04-23T14:06:00.775434+08:00 Dky_app_00 kernel: sd 7:0:3:6: [sdab]  Add. Sense: Logical unit not supported
2025-04-23T14:06:00.775439+08:00 Dky_app_00 kernel: sd 7:0:3:6: [sdab] CDB: Read(10): 28 00 00 00 00 00 00 00 08 00
2025-04-23T14:06:00.775441+08:00 Dky_app_00 kernel: end_request: I/O error, dev sdab, sector 0
2025-04-23T14:06:00.775444+08:00 Dky_app_00 kernel: sd 8:0:0:6: [sdai]  Result: hostbyte=DID_OK driverbyte=DRIVER_SENSE
2025-04-23T14:06:00.775447+08:00 Dky_app_00 kernel: sd 8:0:0:6: [sdai]  Sense Key : Illegal Request [current]
2025-04-23T14:06:00.775449+08:00 Dky_app_00 kernel: sd 8:0:0:6: [sdai]  Add. Sense: Logical unit not supported
2025-04-23T14:06:00.775450+08:00 Dky_app_00 kernel: sd 8:0:0:6: [sdai] CDB: Read(10): 28 00 00 00 00 00 00 00 08 00
2025-04-23T14:06:00.775453+08:00 Dky_app_00 kernel: end_request: I/O error, dev sdai, sector 0
2025-04-23T14:08:00.864422+08:00 Dky_app_00 kernel: sd 7:0:3:6: [sdab]  Result: hostbyte=DID_OK driverbyte=DRIVER_SENSE
2025-04-23T14:08:00.864432+08:00 Dky_app_00 kernel: sd 7:0:3:6: [sdab]  Sense Key : Illegal Request [current]
2025-04-23T14:08:00.864430+08:00 Dky_app_00 multipathd: 363c7843100c5453e3fb2197100000035: sdab - directio checker reports path is down
2025-04-23T14:08:00.864434+08:00 Dky_app_00 kernel: sd 7:0:3:6: [sdab]  Add. Sense: Logical unit not supported
2025-04-23T14:08:00.864437+08:00 Dky_app_00 kernel: sd 7:0:3:6: [sdab] CDB: Read(10): 28 00 00 00 00 00 00 00 08 00
2025-04-23T14:08:00.864438+08:00 Dky_app_00 kernel: end_request: I/O error, dev sdab, sector 0
2025-04-23T14:08:00.864525+08:00 Dky_app_00 multipathd: 363c7843100c5453e3fb2197100000035: sdai - directio checker reports path is down
2025-04-23T14:08:00.865414+08:00 Dky_app_00 kernel: sd 8:0:0:6: [sdai]  Result: hostbyte=DID_OK driverbyte=DRIVER_SENSE
2025-04-23T14:08:00.865424+08:00 Dky_app_00 kernel: sd 8:0:0:6: [sdai]  Sense Key : Illegal Request [current]
2025-04-23T14:08:00.865426+08:00 Dky_app_00 kernel: sd 8:0:0:6: [sdai]  Add. Sense: Logical unit not supported
2025-04-23T14:08:00.865430+08:00 Dky_app_00 kernel: sd 8:0:0:6: [sdai] CDB: Read(10): 28 00 00 00 00 00 00 00 08 00
2025-04-23T14:08:00.865432+08:00 Dky_app_00 kernel: end_request: I/O error, dev sdai, sector 0
2025-04-23T14:10:00.953082+08:00 Dky_app_00 multipathd: 363c7843100c5453e3fb2197100000035: sdab - directio checker reports path is down
2025-04-23T14:10:00.953164+08:00 Dky_app_00 multipathd: 363c7843100c5453e3fb2197100000035: sdai - directio checker reports path is down
2025-04-23T14:10:00.953435+08:00 Dky_app_00 kernel: sd 7:0:3:6: [sdab]  Result: hostbyte=DID_OK driverbyte=DRIVER_SENSE
2025-04-23T14:10:00.953445+08:00 Dky_app_00 kernel: sd 7:0:3:6: [sdab]  Sense Key : Illegal Request [current]
2025-04-23T14:10:00.953447+08:00 Dky_app_00 kernel: sd 7:0:3:6: [sdab]  Add. Sense: Logical unit not supported
2025-04-23T14:10:00.953452+08:00 Dky_app_00 kernel: sd 7:0:3:6: [sdab] CDB: Read(10): 28 00 00 00 00 00 00 00 08 00
2025-04-23T14:10:00.953454+08:00 Dky_app_00 kernel: end_request: I/O error, dev sdab, sector 0
2025-04-23T14:10:00.953456+08:00 Dky_app_00 kernel: sd 8:0:0:6: [sdai]  Result: hostbyte=DID_OK driverbyte=DRIVER_SENSE
2025-04-23T14:10:00.953457+08:00 Dky_app_00 kernel: sd 8:0:0:6: [sdai]  Sense Key : Illegal Request [current]
2025-04-23T14:10:00.953458+08:00 Dky_app_00 kernel: sd 8:0:0:6: [sdai]  Add. Sense: Logical unit not supported
2025-04-23T14:10:00.953458+08:00 Dky_app_00 kernel: sd 8:0:0:6: [sdai] CDB: Read(10): 28 00 00 00 00 00 00 00 08 00
2025-04-23T14:10:00.953459+08:00 Dky_app_00 kernel: end_request: I/O error, dev sdai, sector 0
2025-04-23T14:12:00.043055+08:00 Dky_app_00 multipathd: 363c7843100c5453e3fb2197100000035: sdg - directio checker reports path is down
2025-04-23T14:12:00.043434+08:00 Dky_app_00 kernel: sd 7:0:0:6: [sdg]  Result: hostbyte=DID_OK driverbyte=DRIVER_SENSE
2025-04-23T14:12:00.043450+08:00 Dky_app_00 kernel: sd 7:0:0:6: [sdg]  Sense Key : Illegal Request [current]
2025-04-23T14:12:00.043459+08:00 Dky_app_00 kernel: sd 7:0:0:6: [sdg]  Add. Sense: Logical unit not supported
2025-04-23T14:12:00.043460+08:00 Dky_app_00 kernel: sd 7:0:0:6: [sdg] CDB: Read(10): 28 00 00 00 00 00 00 00 08 00
2025-04-23T14:12:00.043464+08:00 Dky_app_00 kernel: end_request: I/O error, dev sdg, sector 0
2025-04-23T14:14:00.130527+08:00 Dky_app_00 multipathd: 363c7843100c5453e3fb2197100000035: sdg - directio checker reports path is down
2025-04-23T14:14:00.131425+08:00 Dky_app_00 kernel: sd 7:0:0:6: [sdg]  Result: hostbyte=DID_OK driverbyte=DRIVER_SENSE
2025-04-23T14:14:00.131437+08:00 Dky_app_00 kernel: sd 7:0:0:6: [sdg]  Sense Key : Illegal Request [current]
2025-04-23T14:14:00.131444+08:00 Dky_app_00 kernel: sd 7:0:0:6: [sdg]  Add. Sense: Logical unit not supported
2025-04-23T14:14:00.131446+08:00 Dky_app_00 kernel: sd 7:0:0:6: [sdg] CDB: Read(10): 28 00 00 00 00 00 00 00 08 00
2025-04-23T14:14:00.131448+08:00 Dky_app_00 kernel: end_request: I/O error, dev sdg, sector 0
2025-04-23T14:16:00.216342+08:00 Dky_app_00 multipathd: 363c7843100c5453e3fb2197100000035: sdg - directio checker reports path is down
2025-04-23T14:16:00.216420+08:00 Dky_app_00 kernel: sd 7:0:0:6: [sdg]  Result: hostbyte=DID_OK driverbyte=DRIVER_SENSE
2025-04-23T14:16:00.216430+08:00 Dky_app_00 kernel: sd 7:0:0:6: [sdg]  Sense Key : Illegal Request [current]
2025-04-23T14:16:00.216432+08:00 Dky_app_00 kernel: sd 7:0:0:6: [sdg]  Add. Sense: Logical unit not supported
2025-04-23T14:16:00.216436+08:00 Dky_app_00 kernel: sd 7:0:0:6: [sdg] CDB: Read(10): 28 00 00 00 00 00 00 00 08 00
2025-04-23T14:16:00.216439+08:00 Dky_app_00 kernel: end_request: I/O error, dev sdg, sector 0
2025-04-23T14:18:00.300158+08:00 Dky_app_00 multipathd: 363c7843100c5453e3fb2197100000035: sdg - directio checker reports path is down
2025-04-23T14:18:00.300421+08:00 Dky_app_00 kernel: sd 7:0:0:6: [sdg]  Result: hostbyte=DID_OK driverbyte=DRIVER_SENSE
2025-04-23T14:18:00.300432+08:00 Dky_app_00 kernel: sd 7:0:0:6: [sdg]  Sense Key : Illegal Request [current]
2025-04-23T14:18:00.300435+08:00 Dky_app_00 kernel: sd 7:0:0:6: [sdg]  Add. Sense: Logical unit not supported
2025-04-23T14:18:00.300437+08:00 Dky_app_00 kernel: sd 7:0:0:6: [sdg] CDB: Read(10): 28 00 00 00 00 00 00 00 08 00
2025-04-23T14:18:00.300440+08:00 Dky_app_00 kernel: end_request: I/O error, dev sdg, sector 0
2025-04-23T14:20:00.391164+08:00 Dky_app_00 multipathd: 363c7843100c5453e3fb2197100000035: sdg - directio checker reports path is down
2025-04-23T14:20:00.391425+08:00 Dky_app_00 kernel: sd 7:0:0:6: [sdg]  Result: hostbyte=DID_OK driverbyte=DRIVER_SENSE
2025-04-23T14:20:00.391437+08:00 Dky_app_00 kernel: sd 7:0:0:6: [sdg]  Sense Key : Illegal Request [current]
2025-04-23T14:20:00.391441+08:00 Dky_app_00 kernel: sd 7:0:0:6: [sdg]  Add. Sense: Logical unit not supported
2025-04-23T14:20:00.391445+08:00 Dky_app_00 kernel: sd 7:0:0:6: [sdg] CDB: Read(10): 28 00 00 00 00 00 00 00 08 00
2025-04-23T14:20:00.391449+08:00 Dky_app_00 kernel: end_request: I/O error, dev sdg, sector 0
2025-04-23T14:22:00.486310+08:00 Dky_app_00 multipathd: 363c7843100c5453e3fb2197100000035: sdg - directio checker reports path is down
2025-04-23T14:22:00.486426+08:00 Dky_app_00 kernel: sd 7:0:0:6: [sdg]  Result: hostbyte=DID_OK driverbyte=DRIVER_SENSE
2025-04-23T14:22:00.486438+08:00 Dky_app_00 kernel: sd 7:0:0:6: [sdg]  Sense Key : Illegal Request [current]
2025-04-23T14:22:00.486448+08:00 Dky_app_00 kernel: sd 7:0:0:6: [sdg]  Add. Sense: Logical unit not supported
2025-04-23T14:22:00.486450+08:00 Dky_app_00 kernel: sd 7:0:0:6: [sdg] CDB: Read(10): 28 00 00 00 00 00 00 00 08 00
2025-04-23T14:22:00.486452+08:00 Dky_app_00 kernel: end_request: I/O error, dev sdg, sector 0
2025-04-23T14:24:00.582549+08:00 Dky_app_00 multipathd: 363c7843100c5453e3fb2197100000035: sdg - directio checker reports path is down
2025-04-23T14:24:00.583426+08:00 Dky_app_00 kernel: sd 7:0:0:6: [sdg]  Result: hostbyte=DID_OK driverbyte=DRIVER_SENSE
2025-04-23T14:24:00.583438+08:00 Dky_app_00 kernel: sd 7:0:0:6: [sdg]  Sense Key : Illegal Request [current]
2025-04-23T14:24:00.583440+08:00 Dky_app_00 kernel: sd 7:0:0:6: [sdg]  Add. Sense: Logical unit not supported
2025-04-23T14:24:00.583448+08:00 Dky_app_00 kernel: sd 7:0:0:6: [sdg] CDB: Read(10): 28 00 00 00 00 00 00 00 08 00
2025-04-23T14:24:00.583451+08:00 Dky_app_00 kernel: end_request: I/O error, dev sdg, sector 0
2025-04-23T14:26:00.673760+08:00 Dky_app_00 multipathd: 363c7843100c5453e3fb2197100000035: sdg - directio checker reports path is down
2025-04-23T14:26:00.674425+08:00 Dky_app_00 kernel: sd 7:0:0:6: [sdg]  Result: hostbyte=DID_OK driverbyte=DRIVER_SENSE
2025-04-23T14:26:00.674438+08:00 Dky_app_00 kernel: sd 7:0:0:6: [sdg]  Sense Key : Illegal Request [current]
2025-04-23T14:26:00.674446+08:00 Dky_app_00 kernel: sd 7:0:0:6: [sdg]  Add. Sense: Logical unit not supported
2025-04-23T14:26:00.674449+08:00 Dky_app_00 kernel: sd 7:0:0:6: [sdg] CDB: Read(10): 28 00 00 00 00 00 00 00 08 00
2025-04-23T14:26:00.674450+08:00 Dky_app_00 kernel: end_request: I/O error, dev sdg, sector 0
2025-04-23T14:28:00.763484+08:00 Dky_app_00 multipathd: 363c7843100c5453e3fb2197100000035: sdg - directio checker reports path is down
2025-04-23T14:28:00.764424+08:00 Dky_app_00 kernel: sd 7:0:0:6: [sdg]  Result: hostbyte=DID_OK driverbyte=DRIVER_SENSE
2025-04-23T14:28:00.764435+08:00 Dky_app_00 kernel: sd 7:0:0:6: [sdg]  Sense Key : Illegal Request [current]
2025-04-23T14:28:00.764438+08:00 Dky_app_00 kernel: sd 7:0:0:6: [sdg]  Add. Sense: Logical unit not supported
2025-04-23T14:28:00.764442+08:00 Dky_app_00 kernel: sd 7:0:0:6: [sdg] CDB: Read(10): 28 00 00 00 00 00 00 00 08 00
2025-04-23T14:28:00.764444+08:00 Dky_app_00 kernel: end_request: I/O error, dev sdg, sector 0
2025-04-23T14:30:00.854751+08:00 Dky_app_00 multipathd: 363c7843100c5453e3fb2197100000035: sdg - directio checker reports path is down
2025-04-23T14:30:00.855426+08:00 Dky_app_00 kernel: sd 7:0:0:6: [sdg]  Result: hostbyte=DID_OK driverbyte=DRIVER_SENSE
2025-04-23T14:30:00.855438+08:00 Dky_app_00 kernel: sd 7:0:0:6: [sdg]  Sense Key : Illegal Request [current]
2025-04-23T14:30:00.855442+08:00 Dky_app_00 kernel: sd 7:0:0:6: [sdg]  Add. Sense: Logical unit not supported
2025-04-23T14:30:00.855444+08:00 Dky_app_00 kernel: sd 7:0:0:6: [sdg] CDB: Read(10): 28 00 00 00 00 00 00 00 08 00
2025-04-23T14:30:00.855445+08:00 Dky_app_00 kernel: end_request: I/O error, dev sdg, sector 0
2025-04-23T14:32:00.419880+08:00 Dky_app_00 pmcagent[96228]: login_pmc: post req fail(28)
2025-04-23T14:32:00.419963+08:00 Dky_app_00 pmcagent[96228]: Pmcagent login error.
2025-04-23T14:32:00.939370+08:00 Dky_app_00 multipathd: 363c7843100c5453e3fb2197100000035: sdg - directio checker reports path is down
2025-04-23T14:32:00.939421+08:00 Dky_app_00 kernel: sd 7:0:0:6: [sdg]  Result: hostbyte=DID_OK driverbyte=DRIVER_SENSE
2025-04-23T14:32:00.939435+08:00 Dky_app_00 kernel: sd 7:0:0:6: [sdg]  Sense Key : Illegal Request [current]
2025-04-23T14:32:00.939440+08:00 Dky_app_00 kernel: sd 7:0:0:6: [sdg]  Add. Sense: Logical unit not supported
2025-04-23T14:32:00.939442+08:00 Dky_app_00 kernel: sd 7:0:0:6: [sdg] CDB: Read(10): 28 00 00 00 00 00 00 00 08 00
2025-04-23T14:32:00.939444+08:00 Dky_app_00 kernel: end_request: I/O error, dev sdg, sector 0
2025-04-23T14:34:01.025311+08:00 Dky_app_00 multipathd: 363c7843100c5453e3fb2197100000035: sdg - directio checker reports path is down
2025-04-23T14:34:01.025427+08:00 Dky_app_00 kernel: sd 7:0:0:6: [sdg]  Result: hostbyte=DID_OK driverbyte=DRIVER_SENSE
2025-04-23T14:34:01.025438+08:00 Dky_app_00 kernel: sd 7:0:0:6: [sdg]  Sense Key : Illegal Request [current]
2025-04-23T14:34:01.025440+08:00 Dky_app_00 kernel: sd 7:0:0:6: [sdg]  Add. Sense: Logical unit not supported
2025-04-23T14:34:01.025445+08:00 Dky_app_00 kernel: sd 7:0:0:6: [sdg] CDB: Read(10): 28 00 00 00 00 00 00 00 08 00
2025-04-23T14:34:01.025447+08:00 Dky_app_00 kernel: end_request: I/O error, dev sdg, sector 0
2025-04-23T14:34:01.220945+08:00 Dky_app_00 /usr/sbin/cron[107137]: (root) CMD (sh /usr/bin/msmp >> /var/log/msmp.log )
2025-04-23T14:34:01.221217+08:00 Dky_app_00 /usr/sbin/cron[107138]: (root) CMD (/home/dmdba/drop_cached.sh)
2025-04-23T14:34:01.221289+08:00 Dky_app_00 /usr/sbin/cron[107139]: (dmdba) CMD (sh /home/dmdba/dm/db_sessmon.sh)
2025-04-23T14:34:01.221322+08:00 Dky_app_00 /usr/sbin/cron[107140]: (sysadmin) CMD (/usr/sbin/get_max_mem_process.sh)
2025-04-23T14:34:01.221331+08:00 Dky_app_00 /usr/sbin/cron[107141]: (dmdba) CMD (sh net_colsewait_mon.sh)
2025-04-23T14:34:01.224581+08:00 Dky_app_00 linx[107148]: uptime
2025-04-23T14:34:01.254064+08:00 Dky_app_00 linx[107159]:  14:34:01 up 1551 days,  2:16,  7 users,  load average: 11.88, 10.88, 9.68
2025-04-23T14:34:01.255195+08:00 Dky_app_00 linx[107168]: free -m
2025-04-23T14:34:01.258762+08:00 Dky_app_00 linx[107170]:              total       used       free     shared    buffers     cached
2025-04-23T14:34:01.258779+08:00 Dky_app_00 linx[107170]: Mem:        516904     352357     164547          0         60      62568
2025-04-23T14:34:01.258788+08:00 Dky_app_00 linx[107170]: -/+ buffers/cache:     289728     227176
2025-04-23T14:34:01.258801+08:00 Dky_app_00 linx[107170]: Swap:        61034          0      61034
2025-04-23T14:34:01.259994+08:00 Dky_app_00 linx[107172]: df -h
2025-04-23T14:34:01.261711+08:00 Dky_app_00 linx[107175]: Filesystem            Size  Used Avail Use% Mounted on
2025-04-23T14:34:01.261738+08:00 Dky_app_00 linx[107175]: /dev/sda2             185G   75G  101G  43% /
2025-04-23T14:34:01.261772+08:00 Dky_app_00 linx[107175]: /dev/sda3             585G  296G  260G  54% /home
2025-04-23T14:34:01.261784+08:00 Dky_app_00 linx[107175]: /dev/sdav             3.0T  1.3T  1.6T  45% /dbbak
2025-04-23T14:34:01.261798+08:00 Dky_app_00 linx[107175]: /dev/mapper/dmarch_22-arch
2025-04-23T14:34:01.261814+08:00 Dky_app_00 linx[107175]:                       886G  680G  162G  81% /dbarch
2025-04-23T14:34:01.261833+08:00 Dky_app_00 linx[107175]: tmpfs                  20M   48K   20M   1% /tmp/smp
2025-04-23T14:34:01.261846+08:00 Dky_app_00 linx[107175]: 192.168.9.23:/dbarch/arch_rac1
2025-04-23T14:34:01.261861+08:00 Dky_app_00 linx[107175]:                       788G  681G   68G  91% /dbarch/arch_dsc1_kafka
2025-04-23T14:34:01.263205+08:00 Dky_app_00 linx[107179]: df -ih
2025-04-23T14:34:01.264519+08:00 Dky_app_00 linx[107181]: Filesystem            Inodes   IUsed   IFree IUse% Mounted on
2025-04-23T14:34:01.264532+08:00 Dky_app_00 linx[107181]: /dev/sda2                12M    2.1M    9.7M   18% /
2025-04-23T14:34:01.264542+08:00 Dky_app_00 linx[107181]: /dev/sda3                37M     28K     37M    1% /home
2025-04-23T14:34:01.264570+08:00 Dky_app_00 linx[107181]: /dev/sdav               192M     11K    192M    1% /dbbak
2025-04-23T14:34:01.264577+08:00 Dky_app_00 linx[107181]: /dev/mapper/dmarch_22-arch
2025-04-23T14:34:01.264595+08:00 Dky_app_00 linx[107181]:                          57M     463     57M    1% /dbarch
2025-04-23T14:34:01.264607+08:00 Dky_app_00 linx[107181]: tmpfs                    64M      13     64M    1% /tmp/smp
2025-04-23T14:34:01.264616+08:00 Dky_app_00 linx[107181]: 192.168.9.23:/dbarch/arch_rac1
2025-04-23T14:34:01.264627+08:00 Dky_app_00 linx[107181]:                          50M     353     50M    1% /dbarch/arch_dsc1_kafka
2025-04-23T14:34:01.265749+08:00 Dky_app_00 linx[107183]: iostat -x
2025-04-23T14:34:01.270247+08:00 Dky_app_00 linx[107185]: Linux 2.6.32-Rocky4.2-x86_64 (Dky_app_00) #01104/23/25 #011_x86_64_
2025-04-23T14:34:01.270258+08:00 Dky_app_00 linx[107185]:
2025-04-23T14:34:01.274131+08:00 Dky_app_00 linx[107185]: avg-cpu:  %user   %nice %system %iowait  %steal   %idle
2025-04-23T14:34:01.274143+08:00 Dky_app_00 linx[107185]:            3.47    0.00    1.30    0.67    0.00   94.61
2025-04-23T14:34:01.274162+08:00 Dky_app_00 linx[107185]:
2025-04-23T14:34:01.274174+08:00 Dky_app_00 linx[107185]: Device:         rrqm/s   wrqm/s     r/s     w/s   rsec/s   wsec/s avgrq-sz avgqu-sz   await  svctm  %util
2025-04-23T14:34:01.274187+08:00 Dky_app_00 linx[107185]: sda               0.02   223.59    0.15   13.30    17.67  1895.15   142.21     0.01    0.68   0.13   0.18
2025-04-23T14:34:01.274193+08:00 Dky_app_00 linx[107185]: sda1              0.00     0.00    0.00    0.00     0.00     0.00    40.85     0.00    2.01   2.01   0.00
2025-04-23T14:34:01.274207+08:00 Dky_app_00 linx[107185]: sda2              0.02    18.33    0.06    1.67     8.47   159.98    97.22     0.00    0.54   0.35   0.06
2025-04-23T14:34:01.274224+08:00 Dky_app_00 linx[107185]: sda3              0.00   205.26    0.08   11.63     9.20  1735.17   148.86     0.01    0.70   0.11   0.13
2025-04-23T14:34:01.274229+08:00 Dky_app_00 linx[107185]: sdb               0.00     0.00    9.08   71.73   595.37  4604.31    64.34     0.01    0.18   0.29   2.33
2025-04-23T14:34:01.274247+08:00 Dky_app_00 linx[107185]: sdc               0.00     0.00    7.48   35.35   476.05  2281.33    64.39     0.00    0.83   0.70   3.00
2025-04-23T14:34:01.274260+08:00 Dky_app_00 linx[107185]: sdd               0.00     0.00    5.51    5.92   349.88   389.76    64.69     0.02    1.89   1.65   1.89
2025-04-23T14:34:01.274286+08:00 Dky_app_00 linx[107185]: sde               0.00     0.00    9.33   42.90   586.70   984.41    30.08     0.02    0.29   0.29   1.50
2025-04-23T14:34:01.274296+08:00 Dky_app_00 linx[107185]: sdf               0.00     0.00    0.00    0.00     0.00     0.00    28.82     0.00    8.78   8.78   0.00
2025-04-23T14:34:01.274299+08:00 Dky_app_00 linx[107185]: sdg               0.00     0.00    0.20    0.00     1.56     0.00     8.00     0.00    0.10   0.10   0.00
2025-04-23T14:34:01.274314+08:00 Dky_app_00 linx[107185]: sdh               0.00     0.00    0.10    4.38     2.46  2870.00   641.69     0.00    0.85   1.66   0.74
2025-04-23T14:34:01.274327+08:00 Dky_app_00 linx[107185]: sdi               0.00     0.00    9.09   71.72   596.34  4603.33    64.34     0.01    0.08   0.24   1.91
2025-04-23T14:34:01.274341+08:00 Dky_app_00 linx[107185]: sdj               0.00     0.00    7.47   35.35   475.64  2281.77    64.39     0.01    0.93   0.02   0.08
2025-04-23T14:34:01.274348+08:00 Dky_app_00 linx[107185]: sdk               0.00     0.00    5.51    5.92   350.04   389.60    64.69     0.02    1.78   1.58   1.80
2025-04-23T14:34:01.274358+08:00 Dky_app_00 linx[107185]: sdl               0.00     0.00    9.10   43.13   569.60  1000.56    30.06     0.02    0.37   0.37   1.93
2025-04-23T14:34:01.274373+08:00 Dky_app_00 linx[107185]: sdm               0.00     0.00    0.00    0.00     0.00     0.00    28.53     0.00    0.20   0.20   0.00
2025-04-23T14:34:01.274393+08:00 Dky_app_00 linx[107185]: sdn               0.00     0.00    0.20    0.00     1.56     0.00     8.00     0.00    0.10   0.10   0.00
2025-04-23T14:34:01.274411+08:00 Dky_app_00 linx[107185]: sdo               0.00     0.00    0.10    4.38     2.46  2855.95   638.54     0.00    0.52   1.57   0.70
2025-04-23T14:34:01.274429+08:00 Dky_app_00 linx[107185]: sdp               0.00     0.00    9.11   71.71   597.01  4602.67    64.34     0.01    0.08   0.23   1.90
2025-04-23T14:34:01.274449+08:00 Dky_app_00 linx[107185]: sdq               0.00     0.00    7.47   35.36   475.32  2282.07    64.39     0.01    0.92   0.02   0.07
2025-04-23T14:34:01.274467+08:00 Dky_app_00 linx[107185]: sdr               0.00     0.00    5.52    5.92   350.21   389.43    64.69     0.02    1.78   1.57   1.80
2025-04-23T14:34:01.274476+08:00 Dky_app_00 linx[107185]: sds               0.00     0.00    9.21   43.02   577.27  1008.00    30.35     0.02    0.36   0.36   1.90
2025-04-23T14:34:01.274514+08:00 Dky_app_00 linx[107185]: sdt               0.00     0.00    0.00    0.00     0.00     0.00    28.50     0.00    0.16   0.16   0.00
2025-04-23T14:34:01.274538+08:00 Dky_app_00 linx[107185]: sdu               0.00     0.00    0.20    0.00     1.56     0.00     8.00     0.00    0.09   0.09   0.00
2025-04-23T14:34:01.274548+08:00 Dky_app_00 linx[107185]: sdv               0.00     0.00    0.10    4.38     2.46  2844.66   636.01     0.00    0.52   1.57   0.70
2025-04-23T14:34:01.274560+08:00 Dky_app_00 linx[107185]: sdw               0.00     0.00    9.09   71.72   595.93  4603.76    64.34     0.01    0.18   0.29   2.34
2025-04-23T14:34:01.274564+08:00 Dky_app_00 linx[107185]: sdx               0.00     0.00    7.47   35.35   475.67  2281.71    64.39     0.00    0.83   0.71   3.02
2025-04-23T14:34:01.274578+08:00 Dky_app_00 linx[107185]: sdy               0.00     0.00    5.51    5.92   350.00   389.64    64.69     0.02    1.92   1.67   1.91
2025-04-23T14:34:01.274590+08:00 Dky_app_00 linx[107185]: sdz               0.00     0.00    9.36   42.87   587.87   996.05    30.33     0.02    0.29   0.29   1.50
2025-04-23T14:34:01.274596+08:00 Dky_app_00 linx[107185]: sdab              0.00     0.00    0.20    0.00     1.56     0.00     8.00     0.00    0.09   0.09   0.00
2025-04-23T14:34:01.274609+08:00 Dky_app_00 linx[107185]: sdaa              0.00     0.00    0.00    0.00     0.00     0.00    28.50     0.00    0.22   0.22   0.00
2025-04-23T14:34:01.274619+08:00 Dky_app_00 linx[107185]: sdac              0.00     0.00    0.10    4.38     2.46  2852.49   637.77     0.00    0.84   1.66   0.74
2025-04-23T14:34:01.274631+08:00 Dky_app_00 linx[107185]: sdad              0.00     0.00    9.08   71.73   595.16  4604.51    64.34     0.01    0.08   0.23   1.89
2025-04-23T14:34:01.274644+08:00 Dky_app_00 linx[107185]: sdaf              0.00     0.00    5.51    5.92   349.86   389.78    64.69     0.02    1.79   1.58   1.80
2025-04-23T14:34:01.274651+08:00 Dky_app_00 linx[107185]: sdag              0.00     0.00    9.34   42.89   587.82   983.17    30.08     0.02    0.36   0.36   1.89
2025-04-23T14:34:01.274664+08:00 Dky_app_00 linx[107185]: sdah              0.00     0.00    0.00    0.00     0.00     0.00    28.59     0.00    0.12   0.12   0.00
2025-04-23T14:34:01.274674+08:00 Dky_app_00 linx[107185]: sdae              0.00     0.00    7.48   35.34   476.15  2281.24    64.39     0.01    0.92   0.01   0.06
2025-04-23T14:34:01.274682+08:00 Dky_app_00 linx[107185]: sdai              0.00     0.00    0.20    0.00     1.56     0.00     8.00     0.00    0.08   0.08   0.00
2025-04-23T14:34:01.274699+08:00 Dky_app_00 linx[107185]: sdaj              0.00     0.00    0.10    4.38     2.46  2868.52   641.34     0.00    0.51   1.57   0.70
2025-04-23T14:34:01.274709+08:00 Dky_app_00 linx[107185]: sdak              0.00     0.00    9.10   71.71   596.69  4602.98    64.34     0.01    0.08   0.23   1.88
2025-04-23T14:34:01.274717+08:00 Dky_app_00 linx[107185]: sdal              0.00     0.00    7.47   35.36   475.39  2282.01    64.39     0.01    0.92   0.02   0.06
2025-04-23T14:34:01.274730+08:00 Dky_app_00 linx[107185]: sdam              0.00     0.00    5.51    5.92   350.14   389.50    64.69     0.02    1.78   1.57   1.79
2025-04-23T14:34:01.274736+08:00 Dky_app_00 linx[107185]: sdan              0.00     0.00    9.17   43.06   574.91  1006.80    30.28     0.02    0.36   0.36   1.86
2025-04-23T14:34:01.274750+08:00 Dky_app_00 linx[107185]: sdao              0.00     0.00    0.00    0.00     0.00     0.00    28.59     0.00    0.13   0.13   0.00
2025-04-23T14:34:01.274761+08:00 Dky_app_00 linx[107185]: sdap              0.00     0.00    0.20    0.00     1.56     0.00     8.00     0.00    0.08   0.08   0.00
2025-04-23T14:34:01.274797+08:00 Dky_app_00 linx[107185]: sdaq              0.00     0.00    0.10    4.38     2.46  2847.11   636.56     0.00    0.51   1.57   0.70
2025-04-23T14:34:01.274802+08:00 Dky_app_00 linx[107185]: sdar              0.00     0.00    9.11   71.70   597.34  4602.34    64.34     0.02    0.19   0.30   2.39
2025-04-23T14:34:01.274809+08:00 Dky_app_00 linx[107185]: sdas              0.00     0.00    7.47   35.36   475.26  2282.13    64.39     0.00    0.85   0.72   3.07
2025-04-23T14:34:01.274825+08:00 Dky_app_00 linx[107185]: sdat              0.00     0.00    5.52    5.92   350.26   389.38    64.69     0.02    1.96   1.70   1.94
2025-04-23T14:34:01.274833+08:00 Dky_app_00 linx[107185]: sdau              0.00     0.00    9.22   43.01   577.54  1008.70    30.37     0.02    0.31   0.30   1.59
2025-04-23T14:34:01.274846+08:00 Dky_app_00 linx[107185]: sdav              0.00    11.20    0.30    0.11    75.39    90.50   406.11     0.01   12.52   0.70   0.03
2025-04-23T14:34:01.274859+08:00 Dky_app_00 linx[107185]: sdaw              0.00     0.00    0.20    0.00     1.56     0.00     8.00     0.00    0.08   0.08   0.00
2025-04-23T14:34:01.274867+08:00 Dky_app_00 linx[107185]: sday              0.00     0.00    9.08   71.73   595.65  4604.02    64.34     0.01    0.17   0.29   2.31
2025-04-23T14:34:01.274879+08:00 Dky_app_00 linx[107185]: sdaz              0.00     0.00    7.48   35.35   475.90  2281.49    64.39     0.00    0.83   0.70   2.99
2025-04-23T14:34:01.274887+08:00 Dky_app_00 linx[107185]: sdba              0.00     0.00    5.51    5.92   349.90   389.73    64.69     0.02    1.90   1.65   1.89
2025-04-23T14:34:01.274898+08:00 Dky_app_00 linx[107185]: sdbb              0.00     0.00    9.34   42.89   586.93   987.36    30.14     0.01    0.28   0.28   1.45
2025-04-23T14:34:01.274910+08:00 Dky_app_00 linx[107185]: sdbc              0.00     0.00    0.00    0.00     0.00     0.00    28.55     0.00    0.21   0.21   0.00
2025-04-23T14:34:01.274917+08:00 Dky_app_00 linx[107185]: sdbd              0.00     0.00    0.20    0.00     1.56     0.00     8.00     0.00    0.07   0.07   0.00
2025-04-23T14:34:01.274949+08:00 Dky_app_00 linx[107185]: sdbe              0.00     0.00    0.10    4.38     2.46  2844.02   635.88     0.00    0.82   1.65   0.74
2025-04-23T14:34:01.274955+08:00 Dky_app_00 linx[107185]: sdax              0.00     0.00    0.10    4.38     2.46  2871.79   642.09     0.00    0.85   1.66   0.74
2025-04-23T14:34:01.274970+08:00 Dky_app_00 linx[107185]: dm-0              0.00     0.70   72.34  573.75  4766.29 36827.91    64.38     0.02    0.04   0.04   2.82
2025-04-23T14:34:01.274982+08:00 Dky_app_00 linx[107185]: dm-1              0.00     0.34   59.40  282.81  3802.21 18253.75    64.45     0.01    0.04   0.05   1.69
2025-04-23T14:34:01.274990+08:00 Dky_app_00 linx[107185]: dm-2              0.01     0.04   43.70   47.37  2797.11  3116.82    64.94     0.01    0.46   0.18   1.60
2025-04-23T14:34:01.275003+08:00 Dky_app_00 linx[107185]: dm-3              0.00     0.00   73.67  343.78  4645.46  7975.04    30.23     0.01    0.10   0.01   0.59
2025-04-23T14:34:01.275017+08:00 Dky_app_00 linx[107185]: dm-4              0.00     0.00    0.00    0.00     0.00     0.00    15.59     0.00   17.28  17.28   0.00
2025-04-23T14:34:01.275030+08:00 Dky_app_00 linx[107185]: dm-5              0.00  2821.77    0.37   35.04    16.46 22854.54   645.84     0.01    0.38   0.29   1.02
2025-04-23T14:34:01.275040+08:00 Dky_app_00 linx[107185]: dm-6              0.00     0.00   25.49    3.00   333.40     3.00    11.81     0.01    0.36   0.36   1.02
2025-04-23T14:34:01.275050+08:00 Dky_app_00 linx[107185]: dm-7              0.00     0.00   45.80    0.00  4287.10     0.03    93.60     0.02    0.41   0.41   1.89
2025-04-23T14:34:01.275058+08:00 Dky_app_00 linx[107185]: dm-8              0.00     0.00    2.38  340.78    24.97  7972.02    23.30     0.01    0.03   0.03   1.04
2025-04-23T14:34:01.275070+08:00 Dky_app_00 linx[107185]: dm-9              0.00     0.00    0.37 2856.82    16.45 22854.54     8.00     0.02    0.00   0.00   1.03
2025-04-23T14:34:01.275079+08:00 Dky_app_00 linx[107185]:
2025-04-23T14:34:01.276210+08:00 Dky_app_00 linx[107189]: netstat -an |grep -i 'established'|wc -l
2025-04-23T14:34:01.307747+08:00 Dky_app_00 linx[107194]: 925
2025-04-23T14:34:01.308872+08:00 Dky_app_00 linx[107200]: date
2025-04-23T14:34:01.309973+08:00 Dky_app_00 linx[107202]: Wed Apr 23 14:34:01 CST 2025
2025-04-23T14:34:01.310950+08:00 Dky_app_00 linx[107204]: cat   /proc/buddyinfo
2025-04-23T14:34:01.312029+08:00 Dky_app_00 linx[107206]: Node 0, zone      DMA      1      1      1      1      2      1      0      0      1      1      3
2025-04-23T14:34:01.312045+08:00 Dky_app_00 linx[107206]: Node 0, zone    DMA32     80     36     45     33     25     34     10     11      9     54     29
2025-04-23T14:34:01.312053+08:00 Dky_app_00 linx[107206]: Node 0, zone   Normal   2195   2024   1088    267   1327    221  21288  12619   4976    493    169
2025-04-23T14:34:01.312065+08:00 Dky_app_00 linx[107206]: Node 1, zone   Normal    361   1037    703    426   1693  25410  21276  10932   3747    242    400
2025-04-23T14:34:01.312077+08:00 Dky_app_00 linx[107206]: Node 2, zone   Normal     64    490    426    199     73    607   4919   6472   2193    616    676
2025-04-23T14:34:01.312082+08:00 Dky_app_00 linx[107206]: Node 3, zone   Normal   1638   4432   4515    938  18348  60888  32864  12332   3069     28      5
2025-04-23T14:34:01.312103+08:00 Dky_app_00 linx[107206]: Node 4, zone   Normal   1673   1010  73028 121986  96180  64354  33131  10318   1571      5      0
2025-04-23T14:34:01.312109+08:00 Dky_app_00 linx[107206]: Node 5, zone   Normal   1158    970    460    163   3326   6360  19737   9995   3672    733    425
2025-04-23T14:34:01.312115+08:00 Dky_app_00 linx[107206]: Node 6, zone   Normal    424   1213    536    175     94  35168  17186   4590   1379     29      0
2025-04-23T14:34:01.312126+08:00 Dky_app_00 linx[107206]: Node 7, zone   Normal    844   1161  31315  38894  42017  31376  19801  10576   3790    521    292
2025-04-23T14:34:01.313063+08:00 Dky_app_00 linx[107208]: top-detail:
2025-04-23T14:34:01.989896+08:00 Dky_app_00 linx[107211]: top - 14:34:01 up 1551 days,  2:16,  7 users,  load average: 11.88, 10.88, 9.68
2025-04-23T14:34:01.989928+08:00 Dky_app_00 linx[107211]: Tasks: 3084 total,   2 running, 3082 sleeping,   0 stopped,   0 zombie
2025-04-23T14:34:01.989934+08:00 Dky_app_00 linx[107211]: Cpu(s):  3.5%us,  1.2%sy,  0.0%ni, 94.6%id,  0.7%wa,  0.0%hi,  0.0%si,  0.0%st
2025-04-23T14:34:01.989939+08:00 Dky_app_00 linx[107211]: Mem:  529310592k total, 360832860k used, 168477732k free,    61940k buffers
2025-04-23T14:34:01.989942+08:00 Dky_app_00 linx[107211]: Swap: 62499836k total,        0k used, 62499836k free, 64076040k cached
2025-04-23T14:34:01.989946+08:00 Dky_app_00 linx[107211]:
2025-04-23T14:34:01.989948+08:00 Dky_app_00 linx[107211]:    PID USER      PR  NI  VIRT  RES  SHR S %CPU %MEM    TIME+  COMMAND
2025-04-23T14:34:01.989951+08:00 Dky_app_00 linx[107211]:  10414 dmdba     20   0  374g 273g 214m S 1205 54.2  90113,31 dmserver
2025-04-23T14:34:01.989966+08:00 Dky_app_00 linx[107211]: 107238 sysadmin  20   0  9776 5692  628 R   17  0.0   0:00.10 fuser
2025-04-23T14:34:01.989972+08:00 Dky_app_00 linx[107211]: 107209 sysadmin  20   0 12844 3408  760 R   15  0.0   0:00.16 top
2025-04-23T14:34:01.989977+08:00 Dky_app_00 linx[107211]:  69140 dmdba     20   0 1325m  37m 2984 S   10  0.0  83048:04 dmwatcher
2025-04-23T14:34:01.989981+08:00 Dky_app_00 linx[107211]:  41212 sysadmin  20   0 1095m  38m 2944 S    3  0.0  29081:09 linx_smp
2025-04-23T14:34:01.989986+08:00 Dky_app_00 linx[107211]:   1360 root      20   0     0    0    0 S    2  0.0   2841:22 kblockd/54
2025-04-23T14:34:01.989990+08:00 Dky_app_00 linx[107211]:   1414 root      20   0     0    0    0 S    2  0.0   3582:07 kblockd/108
2025-04-23T14:34:01.989997+08:00 Dky_app_00 linx[107211]:      1 root      20   0  7852  612  512 S    0  0.0  31:07.27 init
2025-04-23T14:34:01.990001+08:00 Dky_app_00 linx[107211]:      2 root      20   0     0    0    0 S    0  0.0   0:02.80 kthreadd
2025-04-23T14:34:01.990004+08:00 Dky_app_00 linx[107211]:      3 root      RT   0     0    0    0 S    0  0.0 112:36.32 migration/0
2025-04-23T14:34:01.990008+08:00 Dky_app_00 linx[107211]:      4 root      20   0     0    0    0 S    0  0.0  84:30.31 ksoftirqd/0
2025-04-23T14:34:01.990011+08:00 Dky_app_00 linx[107211]:      5 root      RT   0     0    0    0 S    0  0.0   0:00.00 stopper/0
2025-04-23T14:34:01.990015+08:00 Dky_app_00 linx[107211]:      6 root      RT   0     0    0    0 S    0  0.0   2:55.88 watchdog/0
2025-04-23T14:36:01.105423+08:00 Dky_app_00 kernel: sd 7:0:0:6: [sdg]  Result: hostbyte=DID_OK driverbyte=DRIVER_SENSE
2025-04-23T14:36:01.105440+08:00 Dky_app_00 kernel: sd 7:0:0:6: [sdg]  Sense Key : Illegal Request [current]
2025-04-23T14:36:01.105442+08:00 Dky_app_00 kernel: sd 7:0:0:6: [sdg]  Add. Sense: Logical unit not supported
2025-04-23T14:36:01.105444+08:00 Dky_app_00 kernel: sd 7:0:0:6: [sdg] CDB: Read(10): 28 00 00 00 00 00 00 00 08 00
2025-04-23T14:36:01.105446+08:00 Dky_app_00 kernel: end_request: I/O error, dev sdg, sector 0
2025-04-23T14:36:01.105457+08:00 Dky_app_00 multipathd: 363c7843100c5453e3fb2197100000035: sdg - directio checker reports path is down
2025-04-23T14:36:01.491337+08:00 Dky_app_00 /usr/sbin/cron[110678]: (root) CMD (sh /usr/bin/msmp >> /var/log/msmp.log )
2025-04-23T14:36:01.491369+08:00 Dky_app_00 /usr/sbin/cron[110679]: (root) CMD (/home/dmdba/drop_cached.sh)
2025-04-23T14:36:01.491426+08:00 Dky_app_00 /usr/sbin/cron[110680]: (sysadmin) CMD (/usr/sbin/get_max_mem_process.sh)
2025-04-23T14:36:01.491722+08:00 Dky_app_00 /usr/sbin/cron[110681]: (dmdba) CMD (sh net_colsewait_mon.sh)
2025-04-23T14:36:01.491908+08:00 Dky_app_00 /usr/sbin/cron[110682]: (dmdba) CMD (sh /home/dmdba/dm/db_sessmon.sh)
2025-04-23T14:36:01.495214+08:00 Dky_app_00 linx[110690]: uptime
2025-04-23T14:36:01.517804+08:00 Dky_app_00 linx[110699]:  14:36:01 up 1551 days,  2:18,  7 users,  load average: 8.78, 10.54, 9.73
2025-04-23T14:36:01.519242+08:00 Dky_app_00 linx[110707]: free -m
2025-04-23T14:36:01.522792+08:00 Dky_app_00 linx[110709]:              total       used       free     shared    buffers     cached
2025-04-23T14:36:01.522809+08:00 Dky_app_00 linx[110709]: Mem:        516904     355143     161761          0         61      64846
2025-04-23T14:36:01.522835+08:00 Dky_app_00 linx[110709]: -/+ buffers/cache:     290235     226669
2025-04-23T14:36:01.522861+08:00 Dky_app_00 linx[110709]: Swap:        61034          0      61034
2025-04-23T14:36:01.524026+08:00 Dky_app_00 linx[110712]: df -h
2025-04-23T14:36:01.525507+08:00 Dky_app_00 linx[110714]: Filesystem            Size  Used Avail Use% Mounted on
2025-04-23T14:36:01.525530+08:00 Dky_app_00 linx[110714]: /dev/sda2             185G   75G  101G  43% /
2025-04-23T14:36:01.525536+08:00 Dky_app_00 linx[110714]: /dev/sda3             585G  296G  260G  54% /home
2025-04-23T14:36:01.525540+08:00 Dky_app_00 linx[110714]: /dev/sdav             3.0T  1.3T  1.6T  45% /dbbak
2025-04-23T14:36:01.525545+08:00 Dky_app_00 linx[110714]: /dev/mapper/dmarch_22-arch
2025-04-23T14:36:01.525549+08:00 Dky_app_00 linx[110714]:                       886G  680G  162G  81% /dbarch
2025-04-23T14:36:01.525564+08:00 Dky_app_00 linx[110714]: tmpfs                  20M   48K   20M   1% /tmp/smp
2025-04-23T14:36:01.525595+08:00 Dky_app_00 linx[110714]: 192.168.9.23:/dbarch/arch_rac1
2025-04-23T14:36:01.525641+08:00 Dky_app_00 linx[110714]:                       788G  681G   68G  91% /dbarch/arch_dsc1_kafka
2025-04-23T14:36:01.526912+08:00 Dky_app_00 linx[110716]: df -ih
2025-04-23T14:36:01.528274+08:00 Dky_app_00 linx[110718]: Filesystem            Inodes   IUsed   IFree IUse% Mounted on
2025-04-23T14:36:01.528295+08:00 Dky_app_00 linx[110718]: /dev/sda2                12M    2.1M    9.7M   18% /
2025-04-23T14:36:01.528315+08:00 Dky_app_00 linx[110718]: /dev/sda3                37M     28K     37M    1% /home
2025-04-23T14:36:01.528327+08:00 Dky_app_00 linx[110718]: /dev/sdav               192M     11K    192M    1% /dbbak
2025-04-23T14:36:01.528358+08:00 Dky_app_00 linx[110718]: /dev/mapper/dmarch_22-arch
2025-04-23T14:36:01.528403+08:00 Dky_app_00 linx[110718]:                          57M     463     57M    1% /dbarch
2025-04-23T14:36:01.528410+08:00 Dky_app_00 linx[110718]: tmpfs                    64M      13     64M    1% /tmp/smp
2025-04-23T14:36:01.528437+08:00 Dky_app_00 linx[110718]: 192.168.9.23:/dbarch/arch_rac1
2025-04-23T14:36:01.528463+08:00 Dky_app_00 linx[110718]:                          50M     353     50M    1% /dbarch/arch_dsc1_kafka
2025-04-23T14:36:01.529618+08:00 Dky_app_00 linx[110720]: iostat -x
2025-04-23T14:36:01.537499+08:00 Dky_app_00 linx[110722]: Linux 2.6.32-Rocky4.2-x86_64 (Dky_app_00) #01104/23/25 #011_x86_64_
2025-04-23T14:36:01.537514+08:00 Dky_app_00 linx[110722]:
2025-04-23T14:36:01.541296+08:00 Dky_app_00 linx[110722]: avg-cpu:  %user   %nice %system %iowait  %steal   %idle
2025-04-23T14:36:01.541306+08:00 Dky_app_00 linx[110722]:            3.47    0.00    1.30    0.67    0.00   94.61
2025-04-23T14:36:01.541327+08:00 Dky_app_00 linx[110722]:
2025-04-23T14:36:01.541358+08:00 Dky_app_00 linx[110722]: Device:         rrqm/s   wrqm/s     r/s     w/s   rsec/s   wsec/s avgrq-sz avgqu-sz   await  svctm  %util
2025-04-23T14:36:01.541396+08:00 Dky_app_00 linx[110722]: sda               0.02   223.59    0.15   13.30    17.67  1895.15   142.21     0.01    0.68   0.13   0.18
2025-04-23T14:36:01.541429+08:00 Dky_app_00 linx[110722]: sda1              0.00     0.00    0.00    0.00     0.00     0.00    40.85     0.00    2.01   2.01   0.00
2025-04-23T14:36:01.541457+08:00 Dky_app_00 linx[110722]: sda2              0.02    18.33    0.06    1.67     8.47   159.98    97.22     0.00    0.54   0.35   0.06
2025-04-23T14:36:01.541484+08:00 Dky_app_00 linx[110722]: sda3              0.00   205.26    0.08   11.63     9.20  1735.17   148.86     0.01    0.70   0.11   0.13
2025-04-23T14:36:01.541519+08:00 Dky_app_00 linx[110722]: sdb               0.00     0.00    9.08   71.73   595.37  4604.31    64.34     0.01    0.18   0.29   2.33
2025-04-23T14:36:01.541561+08:00 Dky_app_00 linx[110722]: sdc               0.00     0.00    7.48   35.35   476.06  2281.33    64.39     0.00    0.83   0.70   3.00
2025-04-23T14:36:01.541588+08:00 Dky_app_00 linx[110722]: sdd               0.00     0.00    5.51    5.92   349.88   389.76    64.69     0.02    1.89   1.65   1.89
2025-04-23T14:36:01.541623+08:00 Dky_app_00 linx[110722]: sde               0.00     0.00    9.33   42.90   586.70   984.41    30.08     0.02    0.29   0.29   1.50
2025-04-23T14:36:01.541662+08:00 Dky_app_00 linx[110722]: sdf               0.00     0.00    0.00    0.00     0.00     0.00    28.82     0.00    8.78   8.78   0.00
2025-04-23T14:36:01.541706+08:00 Dky_app_00 linx[110722]: sdg               0.00     0.00    0.20    0.00     1.56     0.00     8.00     0.00    0.10   0.10   0.00
2025-04-23T14:36:01.541715+08:00 Dky_app_00 linx[110722]: sdh               0.00     0.00    0.10    4.38     2.46  2870.00   641.69     0.00    0.85   1.66   0.74
2025-04-23T14:36:01.541769+08:00 Dky_app_00 linx[110722]: sdi               0.00     0.00    9.09   71.72   596.34  4603.33    64.34     0.01    0.08   0.24   1.91
2025-04-23T14:36:01.541784+08:00 Dky_app_00 linx[110722]: sdj               0.00     0.00    7.47   35.35   475.65  2281.77    64.39     0.01    0.93   0.02   0.08
2025-04-23T14:36:01.541811+08:00 Dky_app_00 linx[110722]: sdk               0.00     0.00    5.51    5.92   350.04   389.61    64.69     0.02    1.78   1.58   1.80
2025-04-23T14:36:01.541828+08:00 Dky_app_00 linx[110722]: sdl               0.00     0.00    9.10   43.13   569.60  1000.56    30.06     0.02    0.37   0.37   1.93
2025-04-23T14:36:01.541875+08:00 Dky_app_00 linx[110722]: sdm               0.00     0.00    0.00    0.00     0.00     0.00    28.53     0.00    0.20   0.20   0.00
2025-04-23T14:36:01.541917+08:00 Dky_app_00 linx[110722]: sdn               0.00     0.00    0.20    0.00     1.56     0.00     8.00     0.00    0.10   0.10   0.00
2025-04-23T14:36:01.541951+08:00 Dky_app_00 linx[110722]: sdo               0.00     0.00    0.10    4.38     2.46  2855.96   638.54     0.00    0.52   1.57   0.70
2025-04-23T14:36:01.542014+08:00 Dky_app_00 linx[110722]: sdp               0.00     0.00    9.11   71.71   597.01  4602.67    64.34     0.01    0.08   0.23   1.90
2025-04-23T14:36:01.542033+08:00 Dky_app_00 linx[110722]: sdq               0.00     0.00    7.47   35.36   475.33  2282.07    64.39     0.01    0.92   0.02   0.07
2025-04-23T14:36:01.542076+08:00 Dky_app_00 linx[110722]: sdr               0.00     0.00    5.52    5.92   350.22   389.43    64.69     0.02    1.78   1.57   1.80
2025-04-23T14:36:01.542112+08:00 Dky_app_00 linx[110722]: sds               0.00     0.00    9.21   43.02   577.27  1008.00    30.35     0.02    0.36   0.36   1.90
2025-04-23T14:36:01.542153+08:00 Dky_app_00 linx[110722]: sdt               0.00     0.00    0.00    0.00     0.00     0.00    28.50     0.00    0.16   0.16   0.00
2025-04-23T14:36:01.542171+08:00 Dky_app_00 linx[110722]: sdu               0.00     0.00    0.20    0.00     1.56     0.00     8.00     0.00    0.09   0.09   0.00
2025-04-23T14:36:01.542221+08:00 Dky_app_00 linx[110722]: sdv               0.00     0.00    0.10    4.38     2.46  2844.66   636.01     0.00    0.52   1.57   0.70
2025-04-23T14:36:01.542263+08:00 Dky_app_00 linx[110722]: sdw               0.00     0.00    9.09   71.72   595.93  4603.76    64.34     0.01    0.18   0.29   2.34
2025-04-23T14:36:01.542309+08:00 Dky_app_00 linx[110722]: sdx               0.00     0.00    7.47   35.35   475.68  2281.71    64.39     0.00    0.83   0.71   3.02
2025-04-23T14:36:01.542355+08:00 Dky_app_00 linx[110722]: sdy               0.00     0.00    5.51    5.92   350.01   389.64    64.69     0.02    1.92   1.67   1.91
2025-04-23T14:36:01.542417+08:00 Dky_app_00 linx[110722]: sdz               0.00     0.00    9.36   42.87   587.87   996.05    30.33     0.02    0.29   0.29   1.50
2025-04-23T14:36:01.542484+08:00 Dky_app_00 linx[110722]: sdab              0.00     0.00    0.20    0.00     1.56     0.00     8.00     0.00    0.09   0.09   0.00
2025-04-23T14:36:01.542520+08:00 Dky_app_00 linx[110722]: sdaa              0.00     0.00    0.00    0.00     0.00     0.00    28.50     0.00    0.22   0.22   0.00
2025-04-23T14:36:01.542569+08:00 Dky_app_00 linx[110722]: sdac              0.00     0.00    0.10    4.38     2.46  2852.50   637.77     0.00    0.84   1.66   0.74
2025-04-23T14:36:01.542630+08:00 Dky_app_00 linx[110722]: sdad              0.00     0.00    9.08   71.73   595.16  4604.51    64.34     0.01    0.08   0.23   1.89
2025-04-23T14:36:01.542701+08:00 Dky_app_00 linx[110722]: sdaf              0.00     0.00    5.51    5.92   349.86   389.79    64.69     0.02    1.79   1.58   1.80
2025-04-23T14:36:01.542756+08:00 Dky_app_00 linx[110722]: sdag              0.00     0.00    9.34   42.89   587.82   983.17    30.08     0.02    0.36   0.36   1.89
2025-04-23T14:36:01.542828+08:00 Dky_app_00 linx[110722]: sdah              0.00     0.00    0.00    0.00     0.00     0.00    28.59     0.00    0.12   0.12   0.00
2025-04-23T14:36:01.542904+08:00 Dky_app_00 linx[110722]: sdae              0.00     0.00    7.48   35.34   476.16  2281.24    64.39     0.01    0.92   0.01   0.06
2025-04-23T14:36:01.542972+08:00 Dky_app_00 linx[110722]: sdai              0.00     0.00    0.20    0.00     1.56     0.00     8.00     0.00    0.08   0.08   0.00
2025-04-23T14:36:01.543055+08:00 Dky_app_00 linx[110722]: sdaj              0.00     0.00    0.10    4.38     2.46  2868.52   641.34     0.00    0.51   1.57   0.70
2025-04-23T14:36:01.543126+08:00 Dky_app_00 linx[110722]: sdak              0.00     0.00    9.10   71.71   596.69  4602.98    64.34     0.01    0.08   0.23   1.88
2025-04-23T14:36:01.543214+08:00 Dky_app_00 linx[110722]: sdal              0.00     0.00    7.47   35.36   475.40  2282.01    64.39     0.01    0.92   0.02   0.06
2025-04-23T14:36:01.543288+08:00 Dky_app_00 linx[110722]: sdam              0.00     0.00    5.51    5.92   350.15   389.50    64.69     0.02    1.78   1.57   1.79
2025-04-23T14:36:01.543365+08:00 Dky_app_00 linx[110722]: sdan              0.00     0.00    9.17   43.06   574.91  1006.80    30.28     0.02    0.36   0.36   1.86
2025-04-23T14:36:01.543441+08:00 Dky_app_00 linx[110722]: sdao              0.00     0.00    0.00    0.00     0.00     0.00    28.59     0.00    0.13   0.13   0.00
2025-04-23T14:36:01.543510+08:00 Dky_app_00 linx[110722]: sdap              0.00     0.00    0.20    0.00     1.56     0.00     8.00     0.00    0.08   0.08   0.00
2025-04-23T14:36:01.543568+08:00 Dky_app_00 linx[110722]: sdaq              0.00     0.00    0.10    4.38     2.46  2847.11   636.56     0.00    0.51   1.57   0.70
2025-04-23T14:36:01.543591+08:00 Dky_app_00 linx[110722]: sdar              0.00     0.00    9.11   71.70   597.34  4602.34    64.34     0.02    0.19   0.30   2.39
2025-04-23T14:36:01.543603+08:00 Dky_app_00 linx[110722]: sdas              0.00     0.00    7.47   35.36   475.27  2282.13    64.39     0.00    0.85   0.72   3.07
2025-04-23T14:36:01.543647+08:00 Dky_app_00 linx[110722]: sdat              0.00     0.00    5.52    5.92   350.26   389.38    64.69     0.02    1.96   1.70   1.94
2025-04-23T14:36:01.543684+08:00 Dky_app_00 linx[110722]: sdau              0.00     0.00    9.22   43.01   577.54  1008.70    30.37     0.02    0.31   0.30   1.59
2025-04-23T14:36:01.543727+08:00 Dky_app_00 linx[110722]: sdav              0.00    11.20    0.30    0.11    75.39    90.50   406.11     0.01   12.52   0.70   0.03
2025-04-23T14:36:01.543804+08:00 Dky_app_00 linx[110722]: sdaw              0.00     0.00    0.20    0.00     1.56     0.00     8.00     0.00    0.08   0.08   0.00
2025-04-23T14:36:01.543883+08:00 Dky_app_00 linx[110722]: sday              0.00     0.00    9.08   71.73   595.65  4604.02    64.34     0.01    0.17   0.29   2.31
2025-04-23T14:36:01.543964+08:00 Dky_app_00 linx[110722]: sdaz              0.00     0.00    7.48   35.35   475.90  2281.49    64.39     0.00    0.83   0.70   2.99
2025-04-23T14:36:01.544027+08:00 Dky_app_00 linx[110722]: sdba              0.00     0.00    5.51    5.92   349.91   389.74    64.69     0.02    1.90   1.65   1.89
2025-04-23T14:36:01.544101+08:00 Dky_app_00 linx[110722]: sdbb              0.00     0.00    9.34   42.89   586.93   987.36    30.14     0.01    0.28   0.28   1.45
2025-04-23T14:36:01.544172+08:00 Dky_app_00 linx[110722]: sdbc              0.00     0.00    0.00    0.00     0.00     0.00    28.55     0.00    0.21   0.21   0.00
2025-04-23T14:36:01.544247+08:00 Dky_app_00 linx[110722]: sdbd              0.00     0.00    0.20    0.00     1.56     0.00     8.00     0.00    0.07   0.07   0.00
2025-04-23T14:36:01.544315+08:00 Dky_app_00 linx[110722]: sdbe              0.00     0.00    0.10    4.38     2.46  2844.02   635.88     0.00    0.82   1.65   0.74
2025-04-23T14:36:01.544365+08:00 Dky_app_00 linx[110722]: sdax              0.00     0.00    0.10    4.38     2.46  2871.79   642.09     0.00    0.85   1.66   0.74
2025-04-23T14:36:01.544412+08:00 Dky_app_00 linx[110722]: dm-0              0.00     0.70   72.34  573.75  4766.30 36827.90    64.38     0.02    0.04   0.04   2.82
2025-04-23T14:36:01.544438+08:00 Dky_app_00 linx[110722]: dm-1              0.00     0.34   59.40  282.81  3802.25 18253.74    64.45     0.01    0.04   0.05   1.69
2025-04-23T14:36:01.544500+08:00 Dky_app_00 linx[110722]: dm-2              0.01     0.04   43.70   47.37  2797.14  3116.85    64.94     0.01    0.46   0.18   1.60
2025-04-23T14:36:01.544530+08:00 Dky_app_00 linx[110722]: dm-3              0.00     0.00   73.67  343.78  4645.46  7975.05    30.23     0.01    0.10   0.01   0.59
2025-04-23T14:36:01.544561+08:00 Dky_app_00 linx[110722]: dm-4              0.00     0.00    0.00    0.00     0.00     0.00    15.59     0.00   17.28  17.28   0.00
2025-04-23T14:36:01.544607+08:00 Dky_app_00 linx[110722]: dm-5              0.00  2821.77    0.37   35.05    16.46 22854.56   645.84     0.01    0.38   0.29   1.02
2025-04-23T14:36:01.544644+08:00 Dky_app_00 linx[110722]: dm-6              0.00     0.00   25.49    3.00   333.40     3.00    11.81     0.01    0.36   0.36   1.02
2025-04-23T14:36:01.544681+08:00 Dky_app_00 linx[110722]: dm-7              0.00     0.00   45.80    0.00  4287.10     0.03    93.60     0.02    0.41   0.41   1.89
2025-04-23T14:36:01.544714+08:00 Dky_app_00 linx[110722]: dm-8              0.00     0.00    2.38  340.78    24.97  7972.02    23.30     0.01    0.03   0.03   1.04
2025-04-23T14:36:01.544767+08:00 Dky_app_00 linx[110722]: dm-9              0.00     0.00    0.37 2856.82    16.45 22854.56     8.00     0.02    0.00   0.00   1.03
2025-04-23T14:36:01.544784+08:00 Dky_app_00 linx[110722]:
2025-04-23T14:36:01.546066+08:00 Dky_app_00 linx[110726]: netstat -an |grep -i 'established'|wc -l
2025-04-23T14:36:01.576426+08:00 Dky_app_00 linx[110732]: 927
2025-04-23T14:36:01.577568+08:00 Dky_app_00 linx[110735]: date
2025-04-23T14:36:01.578618+08:00 Dky_app_00 linx[110737]: Wed Apr 23 14:36:01 CST 2025
2025-04-23T14:36:01.579656+08:00 Dky_app_00 linx[110739]: cat   /proc/buddyinfo
2025-04-23T14:36:01.580596+08:00 Dky_app_00 linx[110741]: Node 0, zone      DMA      1      1      1      1      2      1      0      0      1      1      3
2025-04-23T14:36:01.580610+08:00 Dky_app_00 linx[110741]: Node 0, zone    DMA32     80     36     45     33     25     34     10     11      9     54     29
2025-04-23T14:36:01.580618+08:00 Dky_app_00 linx[110741]: Node 0, zone   Normal     74   1005    542    163     50     21  18408  12619   4976    463    169
2025-04-23T14:36:01.580623+08:00 Dky_app_00 linx[110741]: Node 1, zone   Normal    765   1005    649    398   1678  25409  21276  10932   3747    243    400
2025-04-23T14:36:01.580646+08:00 Dky_app_00 linx[110741]: Node 2, zone   Normal    567    818    501    254     87    449   6413   6474   2193    629    676
2025-04-23T14:36:01.580651+08:00 Dky_app_00 linx[110741]: Node 3, zone   Normal   1337   4439   4499    916  17046  60868  32864  12332   3069     30      5
2025-04-23T14:36:01.580655+08:00 Dky_app_00 linx[110741]: Node 4, zone   Normal   1479   1092  68501 121985  96179  64354  33131  10318   1571      5      0
2025-04-23T14:36:01.580666+08:00 Dky_app_00 linx[110741]: Node 5, zone   Normal   1909    903    250    123   3156   6360  19737   9995   3672    734    425
2025-04-23T14:36:01.580678+08:00 Dky_app_00 linx[110741]: Node 6, zone   Normal    646    812    433    171     87  18199  17186   4590   1379     31      0
2025-04-23T14:36:01.580692+08:00 Dky_app_00 linx[110741]: Node 7, zone   Normal    527    915  32782  38894  42017  31376  19801  10576   3790    521    292
2025-04-23T14:36:01.581588+08:00 Dky_app_00 linx[110743]: top-detail:
2025-04-23T14:38:01.187631+08:00 Dky_app_00 multipathd: 363c7843100c5453e3fb2197100000035: sdg - directio checker reports path is down
2025-04-23T14:38:01.188425+08:00 Dky_app_00 kernel: sd 7:0:0:6: [sdg]  Result: hostbyte=DID_OK driverbyte=DRIVER_SENSE
2025-04-23T14:38:01.188438+08:00 Dky_app_00 kernel: sd 7:0:0:6: [sdg]  Sense Key : Illegal Request [current]
2025-04-23T14:38:01.188445+08:00 Dky_app_00 kernel: sd 7:0:0:6: [sdg]  Add. Sense: Logical unit not supported
2025-04-23T14:38:01.188447+08:00 Dky_app_00 kernel: sd 7:0:0:6: [sdg] CDB: Read(10): 28 00 00 00 00 00 00 00 08 00
2025-04-23T14:38:01.188449+08:00 Dky_app_00 kernel: end_request: I/O error, dev sdg, sector 0
2025-04-23T14:38:01.449729+08:00 Dky_app_00 pmcagent[96228]: 10.33.1.200,GetSrcIP conn fail
2025-04-23T14:38:01.659022+08:00 Dky_app_00 /usr/sbin/cron[114137]: (root) CMD (sh /usr/bin/msmp >> /var/log/msmp.log )
2025-04-23T14:38:01.659057+08:00 Dky_app_00 /usr/sbin/cron[114138]: (sysadmin) CMD (/usr/sbin/get_max_mem_process.sh)
2025-04-23T14:38:01.659238+08:00 Dky_app_00 /usr/sbin/cron[114139]: (root) CMD (/home/dmdba/drop_cached.sh)
2025-04-23T14:38:01.659413+08:00 Dky_app_00 /usr/sbin/cron[114140]: (dmdba) CMD (sh net_colsewait_mon.sh)
2025-04-23T14:38:01.659447+08:00 Dky_app_00 /usr/sbin/cron[114141]: (dmdba) CMD (sh /home/dmdba/dm/db_sessmon.sh)
2025-04-23T14:38:01.661872+08:00 Dky_app_00 linx[114144]: uptime
2025-04-23T14:38:01.689873+08:00 Dky_app_00 linx[114157]:  14:38:01 up 1551 days,  2:20,  7 users,  load average: 7.42, 9.60, 9.49
2025-04-23T14:38:01.691092+08:00 Dky_app_00 linx[114168]: free -m
2025-04-23T14:38:01.694178+08:00 Dky_app_00 linx[114170]:              total       used       free     shared    buffers     cached
2025-04-23T14:38:01.694218+08:00 Dky_app_00 linx[114170]: Mem:        516904     355570     161334          0         62      64892
2025-04-23T14:38:01.694266+08:00 Dky_app_00 linx[114170]: -/+ buffers/cache:     290616     226288
2025-04-23T14:38:01.694282+08:00 Dky_app_00 linx[114170]: Swap:        61034          0      61034
2025-04-23T14:38:01.695474+08:00 Dky_app_00 linx[114172]: df -h
2025-04-23T14:38:01.697088+08:00 Dky_app_00 linx[114174]: Filesystem            Size  Used Avail Use% Mounted on
2025-04-23T14:38:01.697127+08:00 Dky_app_00 linx[114174]: /dev/sda2             185G   75G  101G  43% /
2025-04-23T14:38:01.697162+08:00 Dky_app_00 linx[114174]: /dev/sda3             585G  296G  260G  54% /home
2025-04-23T14:38:01.697199+08:00 Dky_app_00 linx[114174]: /dev/sdav             3.0T  1.3T  1.6T  45% /dbbak
2025-04-23T14:38:01.697217+08:00 Dky_app_00 linx[114174]: /dev/mapper/dmarch_22-arch
2025-04-23T14:38:01.697237+08:00 Dky_app_00 linx[114174]:                       886G  680G  162G  81% /dbarch
2025-04-23T14:38:01.697270+08:00 Dky_app_00 linx[114174]: tmpfs                  20M   36K   20M   1% /tmp/smp
2025-04-23T14:38:01.697303+08:00 Dky_app_00 linx[114174]: 192.168.9.23:/dbarch/arch_rac1
2025-04-23T14:38:01.697335+08:00 Dky_app_00 linx[114174]:                       788G  681G   68G  91% /dbarch/arch_dsc1_kafka
2025-04-23T14:38:01.698720+08:00 Dky_app_00 linx[114176]: df -ih
2025-04-23T14:38:01.700248+08:00 Dky_app_00 linx[114179]: Filesystem            Inodes   IUsed   IFree IUse% Mounted on
2025-04-23T14:38:01.700318+08:00 Dky_app_00 linx[114179]: /dev/sda2                12M    2.1M    9.7M   18% /
2025-04-23T14:38:01.700371+08:00 Dky_app_00 linx[114179]: /dev/sda3                37M     28K     37M    1% /home
2025-04-23T14:38:01.700430+08:00 Dky_app_00 linx[114179]: /dev/sdav               192M     11K    192M    1% /dbbak
2025-04-23T14:38:01.700487+08:00 Dky_app_00 linx[114179]: /dev/mapper/dmarch_22-arch
2025-04-23T14:38:01.700562+08:00 Dky_app_00 linx[114179]:                          57M     463     57M    1% /dbarch
2025-04-23T14:38:01.700608+08:00 Dky_app_00 linx[114179]: tmpfs                    64M      13     64M    1% /tmp/smp
2025-04-23T14:38:01.700679+08:00 Dky_app_00 linx[114179]: 192.168.9.23:/dbarch/arch_rac1
2025-04-23T14:38:01.700745+08:00 Dky_app_00 linx[114179]:                          50M     353     50M    1% /dbarch/arch_dsc1_kafka
2025-04-23T14:38:01.702158+08:00 Dky_app_00 linx[114182]: iostat -x
2025-04-23T14:38:01.709202+08:00 Dky_app_00 linx[114184]: Linux 2.6.32-Rocky4.2-x86_64 (Dky_app_00) #01104/23/25 #011_x86_64_
2025-04-23T14:38:01.709226+08:00 Dky_app_00 linx[114184]:
2025-04-23T14:38:01.712773+08:00 Dky_app_00 linx[114184]: avg-cpu:  %user   %nice %system %iowait  %steal   %idle
2025-04-23T14:38:01.712811+08:00 Dky_app_00 linx[114184]:            3.47    0.00    1.30    0.67    0.00   94.61
2025-04-23T14:38:01.712824+08:00 Dky_app_00 linx[114184]:
2025-04-23T14:38:01.712843+08:00 Dky_app_00 linx[114184]: Device:         rrqm/s   wrqm/s     r/s     w/s   rsec/s   wsec/s avgrq-sz avgqu-sz   await  svctm  %util
2025-04-23T14:38:01.712866+08:00 Dky_app_00 linx[114184]: sda               0.02   223.59    0.15   13.30    17.67  1895.15   142.21     0.01    0.68   0.13   0.18
2025-04-23T14:38:01.712893+08:00 Dky_app_00 linx[114184]: sda1              0.00     0.00    0.00    0.00     0.00     0.00    40.85     0.00    2.01   2.01   0.00
2025-04-23T14:38:01.712926+08:00 Dky_app_00 linx[114184]: sda2              0.02    18.33    0.06    1.67     8.47   159.98    97.22     0.00    0.54   0.35   0.06
2025-04-23T14:38:01.712957+08:00 Dky_app_00 linx[114184]: sda3              0.00   205.26    0.08   11.63     9.20  1735.17   148.86     0.01    0.70   0.11   0.13
2025-04-23T14:38:01.712997+08:00 Dky_app_00 linx[114184]: sdb               0.00     0.00    9.08   71.73   595.38  4604.31    64.34     0.01    0.18   0.29   2.33
2025-04-23T14:38:01.713015+08:00 Dky_app_00 linx[114184]: sdc               0.00     0.00    7.48   35.35   476.06  2281.33    64.39     0.00    0.83   0.70   3.00
2025-04-23T14:38:01.713066+08:00 Dky_app_00 linx[114184]: sdd               0.00     0.00    5.51    5.92   349.88   389.76    64.69     0.02    1.89   1.65   1.89
2025-04-23T14:38:01.713080+08:00 Dky_app_00 linx[114184]: sde               0.00     0.00    9.33   42.90   586.70   984.41    30.08     0.02    0.29   0.29   1.50
2025-04-23T14:38:01.713106+08:00 Dky_app_00 linx[114184]: sdf               0.00     0.00    0.00    0.00     0.00     0.00    28.82     0.00    8.78   8.78   0.00
2025-04-23T14:38:01.713124+08:00 Dky_app_00 linx[114184]: sdg               0.00     0.00    0.20    0.00     1.56     0.00     8.00     0.00    0.10   0.10   0.00
2025-04-23T14:38:01.713133+08:00 Dky_app_00 linx[114184]: sdh               0.00     0.00    0.10    4.38     2.46  2870.00   641.69     0.00    0.85   1.66   0.74
2025-04-23T14:38:01.713176+08:00 Dky_app_00 linx[114184]: sdi               0.00     0.00    9.09   71.72   596.34  4603.33    64.34     0.01    0.08   0.24   1.91
2025-04-23T14:38:01.713202+08:00 Dky_app_00 linx[114184]: sdj               0.00     0.00    7.47   35.35   475.65  2281.76    64.39     0.01    0.93   0.02   0.08
2025-04-23T14:38:01.713245+08:00 Dky_app_00 linx[114184]: sdk               0.00     0.00    5.51    5.92   350.04   389.60    64.69     0.02    1.78   1.58   1.80
2025-04-23T14:38:01.713258+08:00 Dky_app_00 linx[114184]: sdl               0.00     0.00    9.10   43.13   569.60  1000.56    30.06     0.02    0.37   0.37   1.93
2025-04-23T14:38:01.713300+08:00 Dky_app_00 linx[114184]: sdm               0.00     0.00    0.00    0.00     0.00     0.00    28.53     0.00    0.20   0.20   0.00
2025-04-23T14:38:01.713334+08:00 Dky_app_00 linx[114184]: sdn               0.00     0.00    0.20    0.00     1.56     0.00     8.00     0.00    0.10   0.10   0.00
2025-04-23T14:38:01.713376+08:00 Dky_app_00 linx[114184]: sdo               0.00     0.00    0.10    4.38     2.46  2855.95   638.54     0.00    0.52   1.57   0.70
2025-04-23T14:38:01.713414+08:00 Dky_app_00 linx[114184]: sdp               0.00     0.00    9.11   71.71   597.01  4602.67    64.34     0.01    0.08   0.23   1.90
2025-04-23T14:38:01.713452+08:00 Dky_app_00 linx[114184]: sdq               0.00     0.00    7.47   35.36   475.33  2282.07    64.39     0.01    0.92   0.02   0.07
2025-04-23T14:38:01.713484+08:00 Dky_app_00 linx[114184]: sdr               0.00     0.00    5.52    5.92   350.22   389.43    64.69     0.02    1.78   1.57   1.80
2025-04-23T14:38:01.713526+08:00 Dky_app_00 linx[114184]: sds               0.00     0.00    9.21   43.02   577.27  1008.00    30.35     0.02    0.36   0.36   1.90
2025-04-23T14:38:01.713548+08:00 Dky_app_00 linx[114184]: sdt               0.00     0.00    0.00    0.00     0.00     0.00    28.50     0.00    0.16   0.16   0.00
2025-04-23T14:38:01.713567+08:00 Dky_app_00 linx[114184]: sdu               0.00     0.00    0.20    0.00     1.56     0.00     8.00     0.00    0.09   0.09   0.00
2025-04-23T14:38:01.713583+08:00 Dky_app_00 linx[114184]: sdv               0.00     0.00    0.10    4.38     2.46  2844.66   636.01     0.00    0.52   1.57   0.70
2025-04-23T14:38:01.713609+08:00 Dky_app_00 linx[114184]: sdw               0.00     0.00    9.09   71.72   595.93  4603.75    64.34     0.01    0.18   0.29   2.34
2025-04-23T14:38:01.713643+08:00 Dky_app_00 linx[114184]: sdx               0.00     0.00    7.48   35.35   475.68  2281.71    64.39     0.00    0.83   0.71   3.02
2025-04-23T14:38:01.713681+08:00 Dky_app_00 linx[114184]: sdy               0.00     0.00    5.51    5.92   350.00   389.64    64.69     0.02    1.92   1.67   1.91
2025-04-23T14:38:01.713728+08:00 Dky_app_00 linx[114184]: sdz               0.00     0.00    9.36   42.87   587.87   996.05    30.33     0.02    0.29   0.29   1.50
2025-04-23T14:38:01.713778+08:00 Dky_app_00 linx[114184]: sdab              0.00     0.00    0.20    0.00     1.56     0.00     8.00     0.00    0.09   0.09   0.00
2025-04-23T14:38:01.713845+08:00 Dky_app_00 linx[114184]: sdaa              0.00     0.00    0.00    0.00     0.00     0.00    28.50     0.00    0.22   0.22   0.00
2025-04-23T14:38:01.713916+08:00 Dky_app_00 linx[114184]: sdac              0.00     0.00    0.10    4.38     2.46  2852.49   637.77     0.00    0.84   1.66   0.74
2025-04-23T14:38:01.713969+08:00 Dky_app_00 linx[114184]: sdad              0.00     0.00    9.08   71.73   595.16  4604.50    64.34     0.01    0.08   0.23   1.89
2025-04-23T14:38:01.714022+08:00 Dky_app_00 linx[114184]: sdaf              0.00     0.00    5.51    5.92   349.86   389.78    64.69     0.02    1.79   1.58   1.80
2025-04-23T14:38:01.714079+08:00 Dky_app_00 linx[114184]: sdag              0.00     0.00    9.34   42.89   587.82   983.17    30.08     0.02    0.36   0.36   1.89
2025-04-23T14:38:01.714125+08:00 Dky_app_00 linx[114184]: sdah              0.00     0.00    0.00    0.00     0.00     0.00    28.59     0.00    0.12   0.12   0.00
2025-04-23T14:38:01.714186+08:00 Dky_app_00 linx[114184]: sdae              0.00     0.00    7.48   35.34   476.16  2281.24    64.39     0.01    0.92   0.01   0.06
2025-04-23T14:38:01.714238+08:00 Dky_app_00 linx[114184]: sdai              0.00     0.00    0.20    0.00     1.56     0.00     8.00     0.00    0.08   0.08   0.00
2025-04-23T14:38:01.714328+08:00 Dky_app_00 linx[114184]: sdaj              0.00     0.00    0.10    4.38     2.46  2868.52   641.34     0.00    0.51   1.57   0.70
2025-04-23T14:38:01.714380+08:00 Dky_app_00 linx[114184]: sdak              0.00     0.00    9.10   71.71   596.69  4602.97    64.34     0.01    0.08   0.23   1.88
2025-04-23T14:38:01.714436+08:00 Dky_app_00 linx[114184]: sdal              0.00     0.00    7.47   35.36   475.40  2282.00    64.39     0.01    0.92   0.02   0.06
2025-04-23T14:38:01.714490+08:00 Dky_app_00 linx[114184]: sdam              0.00     0.00    5.51    5.92   350.15   389.50    64.69     0.02    1.78   1.57   1.79
2025-04-23T14:38:01.714539+08:00 Dky_app_00 linx[114184]: sdan              0.00     0.00    9.17   43.06   574.91  1006.80    30.28     0.02    0.36   0.36   1.86
2025-04-23T14:38:01.714573+08:00 Dky_app_00 linx[114184]: sdao              0.00     0.00    0.00    0.00     0.00     0.00    28.59     0.00    0.13   0.13   0.00
2025-04-23T14:38:01.714595+08:00 Dky_app_00 linx[114184]: sdap              0.00     0.00    0.20    0.00     1.56     0.00     8.00     0.00    0.08   0.08   0.00
2025-04-23T14:38:01.714620+08:00 Dky_app_00 linx[114184]: sdaq              0.00     0.00    0.10    4.38     2.46  2847.11   636.56     0.00    0.51   1.57   0.70
2025-04-23T14:38:01.714655+08:00 Dky_app_00 linx[114184]: sdar              0.00     0.00    9.11   71.70   597.34  4602.34    64.34     0.02    0.19   0.30   2.39
2025-04-23T14:38:01.714684+08:00 Dky_app_00 linx[114184]: sdas              0.00     0.00    7.47   35.36   475.27  2282.13    64.39     0.00    0.85   0.72   3.07
2025-04-23T14:38:01.714728+08:00 Dky_app_00 linx[114184]: sdat              0.00     0.00    5.52    5.92   350.26   389.38    64.69     0.02    1.96   1.70   1.94
2025-04-23T14:38:01.714772+08:00 Dky_app_00 linx[114184]: sdau              0.00     0.00    9.22   43.01   577.54  1008.70    30.37     0.02    0.31   0.30   1.59
2025-04-23T14:38:01.714802+08:00 Dky_app_00 linx[114184]: sdav              0.00    11.20    0.30    0.11    75.39    90.50   406.11     0.01   12.52   0.70   0.03
2025-04-23T14:38:01.714860+08:00 Dky_app_00 linx[114184]: sdaw              0.00     0.00    0.20    0.00     1.56     0.00     8.00     0.00    0.08   0.08   0.00
2025-04-23T14:38:01.714894+08:00 Dky_app_00 linx[114184]: sday              0.00     0.00    9.08   71.73   595.65  4604.02    64.34     0.01    0.17   0.29   2.31
2025-04-23T14:38:01.714932+08:00 Dky_app_00 linx[114184]: sdaz              0.00     0.00    7.48   35.35   475.91  2281.49    64.39     0.00    0.83   0.70   2.99
2025-04-23T14:38:01.714978+08:00 Dky_app_00 linx[114184]: sdba              0.00     0.00    5.51    5.92   349.91   389.74    64.69     0.02    1.90   1.65   1.89
2025-04-23T14:38:01.715028+08:00 Dky_app_00 linx[114184]: sdbb              0.00     0.00    9.34   42.89   586.93   987.36    30.14     0.01    0.28   0.28   1.45
2025-04-23T14:38:01.715073+08:00 Dky_app_00 linx[114184]: sdbc              0.00     0.00    0.00    0.00     0.00     0.00    28.55     0.00    0.21   0.21   0.00
2025-04-23T14:38:01.715119+08:00 Dky_app_00 linx[114184]: sdbd              0.00     0.00    0.20    0.00     1.56     0.00     8.00     0.00    0.07   0.07   0.00
2025-04-23T14:38:01.715179+08:00 Dky_app_00 linx[114184]: sdbe              0.00     0.00    0.10    4.38     2.46  2844.02   635.88     0.00    0.82   1.65   0.74
2025-04-23T14:38:01.715204+08:00 Dky_app_00 linx[114184]: sdax              0.00     0.00    0.10    4.38     2.46  2871.79   642.09     0.00    0.85   1.66   0.74
2025-04-23T14:38:01.715229+08:00 Dky_app_00 linx[114184]: dm-0              0.00     0.70   72.34  573.75  4766.30 36827.88    64.38     0.02    0.04   0.04   2.82
2025-04-23T14:38:01.715258+08:00 Dky_app_00 linx[114184]: dm-1              0.00     0.34   59.40  282.81  3802.28 18253.73    64.45     0.01    0.04   0.05   1.69
2025-04-23T14:38:01.715266+08:00 Dky_app_00 linx[114184]: dm-2              0.01     0.04   43.70   47.37  2797.14  3116.84    64.94     0.01    0.46   0.18   1.60
2025-04-23T14:38:01.715288+08:00 Dky_app_00 linx[114184]: dm-3              0.00     0.00   73.67  343.78  4645.46  7975.04    30.23     0.01    0.10   0.01   0.59
2025-04-23T14:38:01.715306+08:00 Dky_app_00 linx[114184]: dm-4              0.00     0.00    0.00    0.00     0.00     0.00    15.59     0.00   17.28  17.28   0.00
2025-04-23T14:38:01.715323+08:00 Dky_app_00 linx[114184]: dm-5              0.00  2821.77    0.37   35.04    16.46 22854.54   645.84     0.01    0.38   0.29   1.02
2025-04-23T14:38:01.715341+08:00 Dky_app_00 linx[114184]: dm-6              0.00     0.00   25.49    3.00   333.40     3.00    11.81     0.01    0.36   0.36   1.02
2025-04-23T14:38:01.715350+08:00 Dky_app_00 linx[114184]: dm-7              0.00     0.00   45.80    0.00  4287.09     0.03    93.60     0.02    0.41   0.41   1.89
2025-04-23T14:38:01.715356+08:00 Dky_app_00 linx[114184]: dm-8              0.00     0.00    2.38  340.78    24.97  7972.02    23.30     0.01    0.03   0.03   1.04
2025-04-23T14:38:01.715372+08:00 Dky_app_00 linx[114184]: dm-9              0.00     0.00    0.37 2856.82    16.45 22854.54     8.00     0.02    0.00   0.00   1.03
2025-04-23T14:38:01.715388+08:00 Dky_app_00 linx[114184]:
2025-04-23T14:38:01.716549+08:00 Dky_app_00 linx[114188]: netstat -an |grep -i 'established'|wc -l
2025-04-23T14:38:01.746745+08:00 Dky_app_00 linx[114192]: 903
2025-04-23T14:38:01.747945+08:00 Dky_app_00 linx[114195]: date
2025-04-23T14:38:01.749074+08:00 Dky_app_00 linx[114197]: Wed Apr 23 14:38:01 CST 2025
2025-04-23T14:38:01.750063+08:00 Dky_app_00 linx[114199]: cat   /proc/buddyinfo
2025-04-23T14:38:01.750997+08:00 Dky_app_00 linx[114201]: Node 0, zone      DMA      1      1      1      1      2      1      0      0      1      1      3
2025-04-23T14:38:01.751011+08:00 Dky_app_00 linx[114201]: Node 0, zone    DMA32     80     36     45     33     25     34     10     11      9     54     29
2025-04-23T14:38:01.751019+08:00 Dky_app_00 linx[114201]: Node 0, zone   Normal    591   1411    608    191     56     29  18288  12618   4976    464    169
2025-04-23T14:38:01.751024+08:00 Dky_app_00 linx[114201]: Node 1, zone   Normal   1618   1498    873    465   1701  25409  21276  10932   3747    243    400
2025-04-23T14:38:01.751029+08:00 Dky_app_00 linx[114201]: Node 2, zone   Normal   1368   1115    842    457    233    546   5137   6423   2193    629    676
2025-04-23T14:38:01.751044+08:00 Dky_app_00 linx[114201]: Node 3, zone   Normal   2034   4451   4516    919  15614  60847  32864  12332   3069     30      5
2025-04-23T14:38:01.751057+08:00 Dky_app_00 linx[114201]: Node 4, zone   Normal   3460   2196  68870 121986  96178  64354  33131  10318   1571      5      0
2025-04-23T14:38:01.751067+08:00 Dky_app_00 linx[114201]: Node 5, zone   Normal   1464   1034    341    152   2200   6361  19737   9995   3672    731    425
2025-04-23T14:38:01.751071+08:00 Dky_app_00 linx[114201]: Node 6, zone   Normal   1943   1684    843    367    180  18132  17186   4590   1379     33      0
2025-04-23T14:38:01.751085+08:00 Dky_app_00 linx[114201]: Node 7, zone   Normal    753    985  32438  38895  42017  31376  19801  10576   3790    521    292
2025-04-23T14:38:01.752107+08:00 Dky_app_00 linx[114203]: top-detail:
2025-04-23T14:40:01.266199+08:00 Dky_app_00 multipathd: 363c7843100c5453e3fb2197100000035: sdg - directio checker reports path is down
2025-04-23T14:40:01.266427+08:00 Dky_app_00 kernel: sd 7:0:0:6: [sdg]  Result: hostbyte=DID_OK driverbyte=DRIVER_SENSE
2025-04-23T14:40:01.266440+08:00 Dky_app_00 kernel: sd 7:0:0:6: [sdg]  Sense Key : Illegal Request [current]
2025-04-23T14:40:01.266442+08:00 Dky_app_00 kernel: sd 7:0:0:6: [sdg]  Add. Sense: Logical unit not supported
2025-04-23T14:40:01.266448+08:00 Dky_app_00 kernel: sd 7:0:0:6: [sdg] CDB: Read(10): 28 00 00 00 00 00 00 00 08 00
2025-04-23T14:40:01.266449+08:00 Dky_app_00 kernel: end_request: I/O error, dev sdg, sector 0
2025-04-23T14:40:01.794956+08:00 Dky_app_00 /usr/sbin/cron[117508]: (sysadmin) CMD (/usr/sbin/get_max_mem_process.sh)
2025-04-23T14:40:01.795118+08:00 Dky_app_00 /usr/sbin/cron[117510]: (root) CMD (/usr/local/rising/linuxRav/bin/ravdaemon > /dev/null 2>&1)
2025-04-23T14:40:01.795275+08:00 Dky_app_00 /usr/sbin/cron[117511]: (dmdba) CMD (sh net_colsewait_mon.sh)
2025-04-23T14:40:01.795310+08:00 Dky_app_00 /usr/sbin/cron[117512]: (root) CMD (/home/dmdba/drop_cached.sh)
2025-04-23T14:40:01.795323+08:00 Dky_app_00 /usr/sbin/cron[117509]: (root) CMD (sh /usr/bin/msmp >> /var/log/msmp.log )
2025-04-23T14:40:01.795344+08:00 Dky_app_00 /usr/sbin/cron[117513]: (dmdba) CMD (sh /home/dmdba/dm/db_sessmon.sh)
2025-04-23T14:40:01.798206+08:00 Dky_app_00 linx[117517]: uptime
2025-04-23T14:40:01.839377+08:00 Dky_app_00 linx[117529]:  14:40:01 up 1551 days,  2:22,  7 users,  load average: 7.27, 8.75, 9.19
2025-04-23T14:40:01.840969+08:00 Dky_app_00 linx[117545]: free -m
2025-04-23T14:40:01.844790+08:00 Dky_app_00 linx[117547]:              total       used       free     shared    buffers     cached
2025-04-23T14:40:01.844879+08:00 Dky_app_00 linx[117547]: Mem:        516904     355076     161828          0         62      65026
2025-04-23T14:40:01.844974+08:00 Dky_app_00 linx[117547]: -/+ buffers/cache:     289987     226917
2025-04-23T14:40:01.845073+08:00 Dky_app_00 linx[117547]: Swap:        61034          0      61034
2025-04-23T14:40:01.846673+08:00 Dky_app_00 linx[117549]: df -h
2025-04-23T14:40:01.848555+08:00 Dky_app_00 linx[117551]: Filesystem            Size  Used Avail Use% Mounted on
2025-04-23T14:40:01.848615+08:00 Dky_app_00 linx[117551]: /dev/sda2             185G   75G  101G  43% /
2025-04-23T14:40:01.848679+08:00 Dky_app_00 linx[117551]: /dev/sda3             585G  296G  260G  54% /home
2025-04-23T14:40:01.848737+08:00 Dky_app_00 linx[117551]: /dev/sdav             3.0T  1.3T  1.6T  45% /dbbak
2025-04-23T14:40:01.848801+08:00 Dky_app_00 linx[117551]: /dev/mapper/dmarch_22-arch
2025-04-23T14:40:01.848856+08:00 Dky_app_00 linx[117551]:                       886G  680G  162G  81% /dbarch
2025-04-23T14:40:01.848927+08:00 Dky_app_00 linx[117551]: tmpfs                  20M   48K   20M   1% /tmp/smp
2025-04-23T14:40:01.848985+08:00 Dky_app_00 linx[117551]: 192.168.9.23:/dbarch/arch_rac1
2025-04-23T14:40:01.849057+08:00 Dky_app_00 linx[117551]:                       788G  681G   68G  91% /dbarch/arch_dsc1_kafka
2025-04-23T14:40:01.850654+08:00 Dky_app_00 linx[117555]: df -ih
2025-04-23T14:40:01.852504+08:00 Dky_app_00 linx[117557]: Filesystem            Inodes   IUsed   IFree IUse% Mounted on
2025-04-23T14:40:01.852540+08:00 Dky_app_00 linx[117557]: /dev/sda2                12M    2.1M    9.7M   18% /
2025-04-23T14:40:01.852609+08:00 Dky_app_00 linx[117557]: /dev/sda3                37M     28K     37M    1% /home
2025-04-23T14:40:01.852678+08:00 Dky_app_00 linx[117557]: /dev/sdav               192M     11K    192M    1% /dbbak
2025-04-23T14:40:01.852717+08:00 Dky_app_00 linx[117557]: /dev/mapper/dmarch_22-arch
2025-04-23T14:40:01.852747+08:00 Dky_app_00 linx[117557]:                          57M     463     57M    1% /dbarch
2025-04-23T14:40:01.852781+08:00 Dky_app_00 linx[117557]: tmpfs                    64M      13     64M    1% /tmp/smp
2025-04-23T14:40:01.852839+08:00 Dky_app_00 linx[117557]: 192.168.9.23:/dbarch/arch_rac1
2025-04-23T14:40:01.852921+08:00 Dky_app_00 linx[117557]:                          50M     353     50M    1% /dbarch/arch_dsc1_kafka
2025-04-23T14:40:01.854420+08:00 Dky_app_00 linx[117560]: iostat -x
2025-04-23T14:40:01.863909+08:00 Dky_app_00 linx[117562]: Linux 2.6.32-Rocky4.2-x86_64 (Dky_app_00) #01104/23/25 #011_x86_64_
2025-04-23T14:40:01.863942+08:00 Dky_app_00 linx[117562]:
2025-04-23T14:40:01.867528+08:00 Dky_app_00 linx[117562]: avg-cpu:  %user   %nice %system %iowait  %steal   %idle
2025-04-23T14:40:01.867605+08:00 Dky_app_00 linx[117562]:            3.47    0.00    1.30    0.67    0.00   94.61
2025-04-23T14:40:01.867685+08:00 Dky_app_00 linx[117562]:
2025-04-23T14:40:01.867763+08:00 Dky_app_00 linx[117562]: Device:         rrqm/s   wrqm/s     r/s     w/s   rsec/s   wsec/s avgrq-sz avgqu-sz   await  svctm  %util
2025-04-23T14:40:01.867828+08:00 Dky_app_00 linx[117562]: sda               0.02   223.59    0.15   13.30    17.67  1895.15   142.21     0.01    0.68   0.13   0.18
2025-04-23T14:40:01.867888+08:00 Dky_app_00 linx[117562]: sda1              0.00     0.00    0.00    0.00     0.00     0.00    40.85     0.00    2.01   2.01   0.00
2025-04-23T14:40:01.867946+08:00 Dky_app_00 linx[117562]: sda2              0.02    18.33    0.06    1.67     8.47   159.98    97.22     0.00    0.54   0.35   0.06
2025-04-23T14:40:01.868009+08:00 Dky_app_00 linx[117562]: sda3              0.00   205.26    0.08   11.63     9.20  1735.17   148.86     0.01    0.70   0.11   0.13
2025-04-23T14:40:01.868070+08:00 Dky_app_00 linx[117562]: sdb               0.00     0.00    9.08   71.73   595.37  4604.30    64.34     0.01    0.18   0.29   2.33
2025-04-23T14:40:01.868156+08:00 Dky_app_00 linx[117562]: sdc               0.00     0.00    7.48   35.35   476.07  2281.33    64.39     0.00    0.83   0.70   3.00
2025-04-23T14:40:01.868235+08:00 Dky_app_00 linx[117562]: sdd               0.00     0.00    5.51    5.92   349.88   389.76    64.69     0.02    1.89   1.65   1.89
2025-04-23T14:40:01.868299+08:00 Dky_app_00 linx[117562]: sde               0.00     0.00    9.33   42.90   586.70   984.41    30.08     0.02    0.29   0.29   1.50
2025-04-23T14:40:01.868376+08:00 Dky_app_00 linx[117562]: sdf               0.00     0.00    0.00    0.00     0.00     0.00    28.82     0.00    8.78   8.78   0.00
2025-04-23T14:40:01.868447+08:00 Dky_app_00 linx[117562]: sdg               0.00     0.00    0.20    0.00     1.56     0.00     8.00     0.00    0.10   0.10   0.00
2025-04-23T14:40:01.868492+08:00 Dky_app_00 linx[117562]: sdh               0.00     0.00    0.10    4.38     2.46  2869.99   641.69     0.00    0.85   1.66   0.74
2025-04-23T14:40:01.868557+08:00 Dky_app_00 linx[117562]: sdi               0.00     0.00    9.09   71.72   596.34  4603.32    64.34     0.01    0.08   0.24   1.91
2025-04-23T14:40:01.868596+08:00 Dky_app_00 linx[117562]: sdj               0.00     0.00    7.47   35.35   475.65  2281.76    64.39     0.01    0.93   0.02   0.08
2025-04-23T14:40:01.868650+08:00 Dky_app_00 linx[117562]: sdk               0.00     0.00    5.51    5.92   350.04   389.60    64.69     0.02    1.78   1.58   1.80
2025-04-23T14:40:01.868698+08:00 Dky_app_00 linx[117562]: sdl               0.00     0.00    9.10   43.13   569.60  1000.56    30.06     0.02    0.37   0.37   1.93
2025-04-23T14:40:01.868760+08:00 Dky_app_00 linx[117562]: sdm               0.00     0.00    0.00    0.00     0.00     0.00    28.53     0.00    0.20   0.20   0.00
2025-04-23T14:40:01.868820+08:00 Dky_app_00 linx[117562]: sdn               0.00     0.00    0.20    0.00     1.56     0.00     8.00     0.00    0.10   0.10   0.00
2025-04-23T14:40:01.868885+08:00 Dky_app_00 linx[117562]: sdo               0.00     0.00    0.10    4.38     2.46  2855.95   638.54     0.00    0.52   1.57   0.70
2025-04-23T14:40:01.868939+08:00 Dky_app_00 linx[117562]: sdp               0.00     0.00    9.11   71.71   597.01  4602.67    64.34     0.01    0.08   0.23   1.90
2025-04-23T14:40:01.869015+08:00 Dky_app_00 linx[117562]: sdq               0.00     0.00    7.47   35.36   475.34  2282.07    64.39     0.01    0.92   0.02   0.07
2025-04-23T14:40:01.869089+08:00 Dky_app_00 linx[117562]: sdr               0.00     0.00    5.52    5.92   350.22   389.43    64.69     0.02    1.78   1.57   1.80
2025-04-23T14:40:01.869141+08:00 Dky_app_00 linx[117562]: sds               0.00     0.00    9.21   43.02   577.27  1008.00    30.35     0.02    0.36   0.36   1.90
2025-04-23T14:40:01.869192+08:00 Dky_app_00 linx[117562]: sdt               0.00     0.00    0.00    0.00     0.00     0.00    28.50     0.00    0.16   0.16   0.00
2025-04-23T14:40:01.869259+08:00 Dky_app_00 linx[117562]: sdu               0.00     0.00    0.20    0.00     1.56     0.00     8.00     0.00    0.09   0.09   0.00
2025-04-23T14:40:01.869331+08:00 Dky_app_00 linx[117562]: sdv               0.00     0.00    0.10    4.38     2.46  2844.66   636.01     0.00    0.52   1.57   0.70
2025-04-23T14:40:01.869393+08:00 Dky_app_00 linx[117562]: sdw               0.00     0.00    9.09   71.72   595.93  4603.75    64.34     0.01    0.18   0.29   2.34
2025-04-23T14:40:01.869438+08:00 Dky_app_00 linx[117562]: sdx               0.00     0.00    7.48   35.35   475.69  2281.71    64.39     0.00    0.83   0.71   3.02
2025-04-23T14:40:01.869471+08:00 Dky_app_00 linx[117562]: sdy               0.00     0.00    5.51    5.92   350.00   389.64    64.69     0.02    1.92   1.67   1.91
2025-04-23T14:40:01.869527+08:00 Dky_app_00 linx[117562]: sdz               0.00     0.00    9.36   42.87   587.87   996.05    30.33     0.02    0.29   0.29   1.50
2025-04-23T14:40:01.869598+08:00 Dky_app_00 linx[117562]: sdab              0.00     0.00    0.20    0.00     1.56     0.00     8.00     0.00    0.09   0.09   0.00
2025-04-23T14:40:01.869661+08:00 Dky_app_00 linx[117562]: sdaa              0.00     0.00    0.00    0.00     0.00     0.00    28.50     0.00    0.22   0.22   0.00
2025-04-23T14:40:01.869730+08:00 Dky_app_00 linx[117562]: sdac              0.00     0.00    0.10    4.38     2.46  2852.49   637.77     0.00    0.84   1.66   0.74
2025-04-23T14:40:01.869788+08:00 Dky_app_00 linx[117562]: sdad              0.00     0.00    9.08   71.73   595.16  4604.50    64.34     0.01    0.08   0.23   1.89
2025-04-23T14:40:01.869860+08:00 Dky_app_00 linx[117562]: sdaf              0.00     0.00    5.51    5.92   349.86   389.78    64.69     0.02    1.79   1.58   1.80
2025-04-23T14:40:01.869910+08:00 Dky_app_00 linx[117562]: sdag              0.00     0.00    9.34   42.89   587.82   983.17    30.08     0.02    0.36   0.36   1.89
2025-04-23T14:40:01.869988+08:00 Dky_app_00 linx[117562]: sdah              0.00     0.00    0.00    0.00     0.00     0.00    28.59     0.00    0.12   0.12   0.00
2025-04-23T14:40:01.870027+08:00 Dky_app_00 linx[117562]: sdae              0.00     0.00    7.48   35.34   476.17  2281.24    64.39     0.01    0.92   0.01   0.06
2025-04-23T14:40:01.870091+08:00 Dky_app_00 linx[117562]: sdai              0.00     0.00    0.20    0.00     1.56     0.00     8.00     0.00    0.08   0.08   0.00
2025-04-23T14:40:01.870149+08:00 Dky_app_00 linx[117562]: sdaj              0.00     0.00    0.10    4.38     2.46  2868.51   641.34     0.00    0.51   1.57   0.70
2025-04-23T14:40:01.870206+08:00 Dky_app_00 linx[117562]: sdak              0.00     0.00    9.10   71.71   596.69  4602.97    64.34     0.01    0.08   0.23   1.88
2025-04-23T14:40:01.870273+08:00 Dky_app_00 linx[117562]: sdal              0.00     0.00    7.47   35.36   475.40  2282.00    64.39     0.01    0.92   0.02   0.06
2025-04-23T14:40:01.870347+08:00 Dky_app_00 linx[117562]: sdam              0.00     0.00    5.51    5.92   350.15   389.50    64.69     0.02    1.78   1.57   1.79
2025-04-23T14:40:01.870404+08:00 Dky_app_00 linx[117562]: sdan              0.00     0.00    9.17   43.06   574.91  1006.80    30.28     0.02    0.36   0.36   1.86
2025-04-23T14:40:01.870472+08:00 Dky_app_00 linx[117562]: sdao              0.00     0.00    0.00    0.00     0.00     0.00    28.59     0.00    0.13   0.13   0.00
2025-04-23T14:40:01.870516+08:00 Dky_app_00 linx[117562]: sdap              0.00     0.00    0.20    0.00     1.56     0.00     8.00     0.00    0.08   0.08   0.00
2025-04-23T14:40:01.870571+08:00 Dky_app_00 linx[117562]: sdaq              0.00     0.00    0.10    4.38     2.46  2847.11   636.56     0.00    0.51   1.57   0.70
2025-04-23T14:40:01.870636+08:00 Dky_app_00 linx[117562]: sdar              0.00     0.00    9.11   71.70   597.34  4602.33    64.34     0.02    0.19   0.30   2.39
2025-04-23T14:40:01.870701+08:00 Dky_app_00 linx[117562]: sdas              0.00     0.00    7.47   35.36   475.27  2282.13    64.39     0.00    0.85   0.72   3.07
2025-04-23T14:40:01.870770+08:00 Dky_app_00 linx[117562]: sdat              0.00     0.00    5.52    5.92   350.26   389.38    64.69     0.02    1.96   1.70   1.94
2025-04-23T14:40:01.870840+08:00 Dky_app_00 linx[117562]: sdau              0.00     0.00    9.22   43.01   577.54  1008.70    30.37     0.02    0.31   0.30   1.59
2025-04-23T14:40:01.870891+08:00 Dky_app_00 linx[117562]: sdav              0.00    11.20    0.30    0.11    75.39    90.50   406.11     0.01   12.52   0.70   0.03
2025-04-23T14:40:01.870970+08:00 Dky_app_00 linx[117562]: sdaw              0.00     0.00    0.20    0.00     1.56     0.00     8.00     0.00    0.08   0.08   0.00
2025-04-23T14:40:01.871029+08:00 Dky_app_00 linx[117562]: sday              0.00     0.00    9.08   71.73   595.65  4604.01    64.34     0.01    0.17   0.29   2.31
2025-04-23T14:40:01.871098+08:00 Dky_app_00 linx[117562]: sdaz              0.00     0.00    7.48   35.35   475.91  2281.48    64.39     0.00    0.83   0.70   2.99
2025-04-23T14:40:01.871151+08:00 Dky_app_00 linx[117562]: sdba              0.00     0.00    5.51    5.92   349.91   389.74    64.69     0.02    1.90   1.65   1.89
2025-04-23T14:40:01.871190+08:00 Dky_app_00 linx[117562]: sdbb              0.00     0.00    9.34   42.89   586.93   987.36    30.14     0.01    0.28   0.28   1.45
2025-04-23T14:40:01.871260+08:00 Dky_app_00 linx[117562]: sdbc              0.00     0.00    0.00    0.00     0.00     0.00    28.55     0.00    0.21   0.21   0.00
2025-04-23T14:40:01.871334+08:00 Dky_app_00 linx[117562]: sdbd              0.00     0.00    0.20    0.00     1.56     0.00     8.00     0.00    0.07   0.07   0.00
2025-04-23T14:40:01.871398+08:00 Dky_app_00 linx[117562]: sdbe              0.00     0.00    0.10    4.38     2.46  2844.02   635.88     0.00    0.82   1.65   0.74
2025-04-23T14:40:01.871444+08:00 Dky_app_00 linx[117562]: sdax              0.00     0.00    0.10    4.38     2.46  2871.78   642.09     0.00    0.85   1.66   0.74
2025-04-23T14:40:01.871505+08:00 Dky_app_00 linx[117562]: dm-0              0.00     0.70   72.34  573.75  4766.30 36827.86    64.38     0.02    0.04   0.04   2.82
2025-04-23T14:40:01.871559+08:00 Dky_app_00 linx[117562]: dm-1              0.00     0.34   59.40  282.81  3802.30 18253.72    64.45     0.01    0.04   0.05   1.69
2025-04-23T14:40:01.871621+08:00 Dky_app_00 linx[117562]: dm-2              0.01     0.04   43.70   47.37  2797.13  3116.84    64.94     0.01    0.46   0.18   1.60
2025-04-23T14:40:01.871698+08:00 Dky_app_00 linx[117562]: dm-3              0.00     0.00   73.67  343.78  4645.46  7975.04    30.23     0.01    0.10   0.01   0.59
2025-04-23T14:40:01.871768+08:00 Dky_app_00 linx[117562]: dm-4              0.00     0.00    0.00    0.00     0.00     0.00    15.59     0.00   17.28  17.28   0.00
2025-04-23T14:40:01.871844+08:00 Dky_app_00 linx[117562]: dm-5              0.00  2821.77    0.37   35.04    16.46 22854.52   645.84     0.01    0.38   0.29   1.02
2025-04-23T14:40:01.871893+08:00 Dky_app_00 linx[117562]: dm-6              0.00     0.00   25.49    3.00   333.40     3.00    11.81     0.01    0.36   0.36   1.02
2025-04-23T14:40:01.871959+08:00 Dky_app_00 linx[117562]: dm-7              0.00     0.00   45.80    0.00  4287.09     0.03    93.60     0.02    0.41   0.41   1.89
2025-04-23T14:40:01.872022+08:00 Dky_app_00 linx[117562]: dm-8              0.00     0.00    2.38  340.78    24.97  7972.01    23.30     0.01    0.03   0.03   1.04
2025-04-23T14:40:01.872091+08:00 Dky_app_00 linx[117562]: dm-9              0.00     0.00    0.37 2856.82    16.45 22854.52     8.00     0.02    0.00   0.00   1.03
2025-04-23T14:40:01.872157+08:00 Dky_app_00 linx[117562]:
2025-04-23T14:40:01.873669+08:00 Dky_app_00 linx[117564]: netstat -an |grep -i 'established'|wc -l
2025-04-23T14:40:01.905904+08:00 Dky_app_00 linx[117568]: 898
2025-04-23T14:40:01.907564+08:00 Dky_app_00 linx[117574]: date
2025-04-23T14:40:01.908993+08:00 Dky_app_00 linx[117576]: Wed Apr 23 14:40:01 CST 2025
2025-04-23T14:40:01.910471+08:00 Dky_app_00 linx[117578]: cat   /proc/buddyinfo
2025-04-23T14:40:01.911933+08:00 Dky_app_00 linx[117580]: Node 0, zone      DMA      1      1      1      1      2      1      0      0      1      1      3
2025-04-23T14:40:01.911993+08:00 Dky_app_00 linx[117580]: Node 0, zone    DMA32     80     36     45     33     25     34     10     11      9     54     29
2025-04-23T14:40:01.912042+08:00 Dky_app_00 linx[117580]: Node 0, zone   Normal    399    953    557    164     56     28  19125  12619   4974    464    169
2025-04-23T14:40:01.912108+08:00 Dky_app_00 linx[117580]: Node 1, zone   Normal     37    292    857    466   1702  25409  21276  10932   3747    243    400
2025-04-23T14:40:01.912154+08:00 Dky_app_00 linx[117580]: Node 2, zone   Normal    915    851    445    202    124    579   6373   6427   2193    627    676
2025-04-23T14:40:01.912177+08:00 Dky_app_00 linx[117580]: Node 3, zone   Normal   1939   4457   4533    916  15511  60845  32864  12332   3069     25      5
2025-04-23T14:40:01.912191+08:00 Dky_app_00 linx[117580]: Node 4, zone   Normal   3016   2343  68974 121987  96180  64354  33131  10318   1571      6      0
2025-04-23T14:40:01.912233+08:00 Dky_app_00 linx[117580]: Node 5, zone   Normal    971   1072    444    153   2745   6361  19737   9995   3672    734    425
2025-04-23T14:40:01.912300+08:00 Dky_app_00 linx[117580]: Node 6, zone   Normal   1824   1758    864    348    174  18158  17186   4590   1379     32      0
2025-04-23T14:40:01.912348+08:00 Dky_app_00 linx[117580]: Node 7, zone   Normal    746   1156  31653  38895  42017  31376  19801  10576   3790    522    292
2025-04-23T14:40:01.913642+08:00 Dky_app_00 linx[117582]: top-detail:
2025-04-23T14:42:01.052696+08:00 Dky_app_00 /usr/sbin/cron[120993]: (root) CMD (sh /usr/bin/msmp >> /var/log/msmp.log )
2025-04-23T14:42:01.052788+08:00 Dky_app_00 /usr/sbin/cron[120994]: (sysadmin) CMD (/usr/sbin/get_max_mem_process.sh)
2025-04-23T14:42:01.053101+08:00 Dky_app_00 /usr/sbin/cron[120995]: (root) CMD (/home/dmdba/drop_cached.sh)
2025-04-23T14:42:01.053228+08:00 Dky_app_00 /usr/sbin/cron[120996]: (dmdba) CMD (sh net_colsewait_mon.sh)
2025-04-23T14:42:01.053247+08:00 Dky_app_00 /usr/sbin/cron[120997]: (dmdba) CMD (sh /home/dmdba/dm/db_sessmon.sh)
2025-04-23T14:42:01.055620+08:00 Dky_app_00 linx[121000]: uptime
2025-04-23T14:42:01.089797+08:00 Dky_app_00 linx[121009]:  14:42:01 up 1551 days,  2:24,  7 users,  load average: 7.39, 8.46, 9.04
2025-04-23T14:42:01.090999+08:00 Dky_app_00 linx[121022]: free -m
2025-04-23T14:42:01.094360+08:00 Dky_app_00 linx[121025]:              total       used       free     shared    buffers     cached
2025-04-23T14:42:01.094414+08:00 Dky_app_00 linx[121025]: Mem:        516904     354422     162482          0         63      65129
2025-04-23T14:42:01.094476+08:00 Dky_app_00 linx[121025]: -/+ buffers/cache:     289229     227675
2025-04-23T14:42:01.094531+08:00 Dky_app_00 linx[121025]: Swap:        61034          0      61034
2025-04-23T14:42:01.095924+08:00 Dky_app_00 linx[121029]: df -h
2025-04-23T14:42:01.097549+08:00 Dky_app_00 linx[121031]: Filesystem            Size  Used Avail Use% Mounted on
2025-04-23T14:42:01.097609+08:00 Dky_app_00 linx[121031]: /dev/sda2             185G   75G  101G  43% /
2025-04-23T14:42:01.097675+08:00 Dky_app_00 linx[121031]: /dev/sda3             585G  296G  260G  54% /home
2025-04-23T14:42:01.097703+08:00 Dky_app_00 linx[121031]: /dev/sdav             3.0T  1.3T  1.6T  45% /dbbak
2025-04-23T14:42:01.097736+08:00 Dky_app_00 linx[121031]: /dev/mapper/dmarch_22-arch
2025-04-23T14:42:01.097769+08:00 Dky_app_00 linx[121031]:                       886G  680G  162G  81% /dbarch
2025-04-23T14:42:01.097810+08:00 Dky_app_00 linx[121031]: tmpfs                  20M   40K   20M   1% /tmp/smp
2025-04-23T14:42:01.097845+08:00 Dky_app_00 linx[121031]: 192.168.9.23:/dbarch/arch_rac1
2025-04-23T14:42:01.097887+08:00 Dky_app_00 linx[121031]:                       788G  681G   68G  91% /dbarch/arch_dsc1_kafka
2025-04-23T14:42:01.098997+08:00 Dky_app_00 linx[121033]: df -ih
2025-04-23T14:42:01.100285+08:00 Dky_app_00 linx[121035]: Filesystem            Inodes   IUsed   IFree IUse% Mounted on
2025-04-23T14:42:01.100323+08:00 Dky_app_00 linx[121035]: /dev/sda2                12M    2.1M    9.7M   18% /
2025-04-23T14:42:01.100353+08:00 Dky_app_00 linx[121035]: /dev/sda3                37M     28K     37M    1% /home
2025-04-23T14:42:01.100386+08:00 Dky_app_00 linx[121035]: /dev/sdav               192M     11K    192M    1% /dbbak
2025-04-23T14:42:01.100451+08:00 Dky_app_00 linx[121035]: /dev/mapper/dmarch_22-arch
2025-04-23T14:42:01.100507+08:00 Dky_app_00 linx[121035]:                          57M     463     57M    1% /dbarch
2025-04-23T14:42:01.100567+08:00 Dky_app_00 linx[121035]: tmpfs                    64M      13     64M    1% /tmp/smp
2025-04-23T14:42:01.100631+08:00 Dky_app_00 linx[121035]: 192.168.9.23:/dbarch/arch_rac1
2025-04-23T14:42:01.100681+08:00 Dky_app_00 linx[121035]:                          50M     353     50M    1% /dbarch/arch_dsc1_kafka
2025-04-23T14:42:01.101919+08:00 Dky_app_00 linx[121037]: iostat -x
2025-04-23T14:42:01.109274+08:00 Dky_app_00 linx[121039]: Linux 2.6.32-Rocky4.2-x86_64 (Dky_app_00) #01104/23/25 #011_x86_64_
2025-04-23T14:42:01.109317+08:00 Dky_app_00 linx[121039]:
2025-04-23T14:42:01.112809+08:00 Dky_app_00 linx[121039]: avg-cpu:  %user   %nice %system %iowait  %steal   %idle
2025-04-23T14:42:01.112847+08:00 Dky_app_00 linx[121039]:            3.47    0.00    1.30    0.67    0.00   94.61
2025-04-23T14:42:01.112892+08:00 Dky_app_00 linx[121039]:
2025-04-23T14:42:01.112923+08:00 Dky_app_00 linx[121039]: Device:         rrqm/s   wrqm/s     r/s     w/s   rsec/s   wsec/s avgrq-sz avgqu-sz   await  svctm  %util
2025-04-23T14:42:01.112955+08:00 Dky_app_00 linx[121039]: sda               0.02   223.59    0.15   13.30    17.67  1895.15   142.21     0.01    0.68   0.13   0.18
2025-04-23T14:42:01.112981+08:00 Dky_app_00 linx[121039]: sda1              0.00     0.00    0.00    0.00     0.00     0.00    40.85     0.00    2.01   2.01   0.00
2025-04-23T14:42:01.113022+08:00 Dky_app_00 linx[121039]: sda2              0.02    18.33    0.06    1.67     8.47   159.98    97.22     0.00    0.54   0.35   0.06
2025-04-23T14:42:01.113056+08:00 Dky_app_00 linx[121039]: sda3              0.00   205.26    0.08   11.63     9.20  1735.17   148.86     0.01    0.70   0.11   0.13
2025-04-23T14:42:01.113103+08:00 Dky_app_00 linx[121039]: sdb               0.00     0.00    9.08   71.73   595.37  4604.30    64.34     0.01    0.18   0.29   2.33
2025-04-23T14:42:01.113149+08:00 Dky_app_00 linx[121039]: sdc               0.00     0.00    7.48   35.35   476.07  2281.33    64.39     0.00    0.83   0.70   3.00
2025-04-23T14:42:01.113206+08:00 Dky_app_00 linx[121039]: sdd               0.00     0.00    5.51    5.92   349.88   389.76    64.69     0.02    1.89   1.65   1.89
2025-04-23T14:42:01.113271+08:00 Dky_app_00 linx[121039]: sde               0.00     0.00    9.33   42.90   586.70   984.41    30.08     0.02    0.29   0.29   1.50
2025-04-23T14:42:01.113310+08:00 Dky_app_00 linx[121039]: sdf               0.00     0.00    0.00    0.00     0.00     0.00    28.82     0.00    8.78   8.78   0.00
2025-04-23T14:42:01.113357+08:00 Dky_app_00 linx[121039]: sdg               0.00     0.00    0.20    0.00     1.56     0.00     8.00     0.00    0.10   0.10   0.00
2025-04-23T14:42:01.113395+08:00 Dky_app_00 linx[121039]: sdh               0.00     0.00    0.10    4.38     2.46  2869.99   641.69     0.00    0.85   1.66   0.74
2025-04-23T14:42:01.113435+08:00 Dky_app_00 linx[121039]: sdi               0.00     0.00    9.09   71.72   596.34  4603.32    64.34     0.01    0.08   0.24   1.91
2025-04-23T14:42:01.113475+08:00 Dky_app_00 linx[121039]: sdj               0.00     0.00    7.47   35.35   475.66  2281.76    64.39     0.01    0.93   0.02   0.08
2025-04-23T14:42:01.113490+08:00 Dky_app_00 linx[121039]: sdk               0.00     0.00    5.51    5.92   350.04   389.60    64.69     0.02    1.78   1.58   1.80
2025-04-23T14:42:01.113509+08:00 Dky_app_00 linx[121039]: sdl               0.00     0.00    9.10   43.13   569.60  1000.56    30.06     0.02    0.37   0.37   1.93
2025-04-23T14:42:01.113524+08:00 Dky_app_00 linx[121039]: sdm               0.00     0.00    0.00    0.00     0.00     0.00    28.53     0.00    0.20   0.20   0.00
2025-04-23T14:42:01.113562+08:00 Dky_app_00 linx[121039]: sdn               0.00     0.00    0.20    0.00     1.56     0.00     8.00     0.00    0.10   0.10   0.00
2025-04-23T14:42:01.113575+08:00 Dky_app_00 linx[121039]: sdo               0.00     0.00    0.10    4.38     2.46  2855.95   638.54     0.00    0.52   1.57   0.70
2025-04-23T14:42:01.113607+08:00 Dky_app_00 linx[121039]: sdp               0.00     0.00    9.11   71.71   597.01  4602.67    64.34     0.01    0.08   0.23   1.90
2025-04-23T14:42:01.113638+08:00 Dky_app_00 linx[121039]: sdq               0.00     0.00    7.47   35.36   475.34  2282.07    64.39     0.01    0.92   0.02   0.07
2025-04-23T14:42:01.113670+08:00 Dky_app_00 linx[121039]: sdr               0.00     0.00    5.52    5.92   350.22   389.43    64.69     0.02    1.78   1.57   1.80
2025-04-23T14:42:01.113740+08:00 Dky_app_00 linx[121039]: sds               0.00     0.00    9.21   43.02   577.27  1008.00    30.35     0.02    0.36   0.36   1.90
2025-04-23T14:42:01.113800+08:00 Dky_app_00 linx[121039]: sdt               0.00     0.00    0.00    0.00     0.00     0.00    28.50     0.00    0.16   0.16   0.00
2025-04-23T14:42:01.113846+08:00 Dky_app_00 linx[121039]: sdu               0.00     0.00    0.20    0.00     1.56     0.00     8.00     0.00    0.09   0.09   0.00
2025-04-23T14:42:01.113905+08:00 Dky_app_00 linx[121039]: sdv               0.00     0.00    0.10    4.38     2.46  2844.65   636.01     0.00    0.52   1.57   0.70
2025-04-23T14:42:01.113957+08:00 Dky_app_00 linx[121039]: sdw               0.00     0.00    9.09   71.72   595.93  4603.75    64.34     0.01    0.18   0.29   2.34
2025-04-23T14:42:01.114003+08:00 Dky_app_00 linx[121039]: sdx               0.00     0.00    7.48   35.35   475.69  2281.71    64.39     0.00    0.83   0.71   3.02
2025-04-23T14:42:01.114027+08:00 Dky_app_00 linx[121039]: sdy               0.00     0.00    5.51    5.92   350.00   389.64    64.69     0.02    1.92   1.67   1.91
2025-04-23T14:42:01.114075+08:00 Dky_app_00 linx[121039]: sdz               0.00     0.00    9.36   42.87   587.87   996.05    30.33     0.02    0.29   0.29   1.50
2025-04-23T14:42:01.114110+08:00 Dky_app_00 linx[121039]: sdab              0.00     0.00    0.20    0.00     1.56     0.00     8.00     0.00    0.09   0.09   0.00
2025-04-23T14:42:01.114140+08:00 Dky_app_00 linx[121039]: sdaa              0.00     0.00    0.00    0.00     0.00     0.00    28.50     0.00    0.22   0.22   0.00
2025-04-23T14:42:01.114163+08:00 Dky_app_00 linx[121039]: sdac              0.00     0.00    0.10    4.38     2.46  2852.49   637.77     0.00    0.84   1.66   0.74
2025-04-23T14:42:01.114203+08:00 Dky_app_00 linx[121039]: sdad              0.00     0.00    9.08   71.73   595.16  4604.50    64.34     0.01    0.08   0.23   1.89
2025-04-23T14:42:01.114229+08:00 Dky_app_00 linx[121039]: sdaf              0.00     0.00    5.51    5.92   349.86   389.78    64.69     0.02    1.79   1.58   1.80
2025-04-23T14:42:01.114276+08:00 Dky_app_00 linx[121039]: sdag              0.00     0.00    9.34   42.89   587.82   983.17    30.08     0.02    0.36   0.36   1.89
2025-04-23T14:42:01.114301+08:00 Dky_app_00 linx[121039]: sdah              0.00     0.00    0.00    0.00     0.00     0.00    28.59     0.00    0.12   0.12   0.00
2025-04-23T14:42:01.114350+08:00 Dky_app_00 linx[121039]: sdae              0.00     0.00    7.48   35.34   476.17  2281.23    64.39     0.01    0.92   0.01   0.06
2025-04-23T14:42:01.114408+08:00 Dky_app_00 linx[121039]: sdai              0.00     0.00    0.20    0.00     1.56     0.00     8.00     0.00    0.08   0.08   0.00
2025-04-23T14:42:01.114452+08:00 Dky_app_00 linx[121039]: sdaj              0.00     0.00    0.10    4.38     2.46  2868.51   641.34     0.00    0.51   1.57   0.70
2025-04-23T14:42:01.114523+08:00 Dky_app_00 linx[121039]: sdak              0.00     0.00    9.10   71.71   596.69  4602.97    64.34     0.01    0.08   0.23   1.88
2025-04-23T14:42:01.114569+08:00 Dky_app_00 linx[121039]: sdal              0.00     0.00    7.47   35.36   475.41  2282.00    64.39     0.01    0.92   0.02   0.06
2025-04-23T14:42:01.114613+08:00 Dky_app_00 linx[121039]: sdam              0.00     0.00    5.51    5.92   350.15   389.50    64.69     0.02    1.78   1.57   1.79
2025-04-23T14:42:01.114648+08:00 Dky_app_00 linx[121039]: sdan              0.00     0.00    9.17   43.06   574.91  1006.80    30.28     0.02    0.36   0.36   1.86
2025-04-23T14:42:01.114687+08:00 Dky_app_00 linx[121039]: sdao              0.00     0.00    0.00    0.00     0.00     0.00    28.59     0.00    0.13   0.13   0.00
2025-04-23T14:42:01.114722+08:00 Dky_app_00 linx[121039]: sdap              0.00     0.00    0.20    0.00     1.56     0.00     8.00     0.00    0.08   0.08   0.00
2025-04-23T14:42:01.114763+08:00 Dky_app_00 linx[121039]: sdaq              0.00     0.00    0.10    4.38     2.46  2847.11   636.56     0.00    0.51   1.57   0.70
2025-04-23T14:42:01.114803+08:00 Dky_app_00 linx[121039]: sdar              0.00     0.00    9.11   71.70   597.34  4602.33    64.34     0.02    0.19   0.30   2.39
2025-04-23T14:42:01.114861+08:00 Dky_app_00 linx[121039]: sdas              0.00     0.00    7.47   35.36   475.28  2282.13    64.39     0.00    0.85   0.72   3.07
2025-04-23T14:42:01.114924+08:00 Dky_app_00 linx[121039]: sdat              0.00     0.00    5.52    5.92   350.26   389.38    64.69     0.02    1.96   1.70   1.94
2025-04-23T14:42:01.114963+08:00 Dky_app_00 linx[121039]: sdau              0.00     0.00    9.22   43.01   577.54  1008.70    30.37     0.02    0.31   0.30   1.59
2025-04-23T14:42:01.115018+08:00 Dky_app_00 linx[121039]: sdav              0.00    11.20    0.30    0.11    75.39    90.50   406.11     0.01   12.52   0.70   0.03
2025-04-23T14:42:01.115065+08:00 Dky_app_00 linx[121039]: sdaw              0.00     0.00    0.20    0.00     1.56     0.00     8.00     0.00    0.08   0.08   0.00
2025-04-23T14:42:01.115131+08:00 Dky_app_00 linx[121039]: sday              0.00     0.00    9.08   71.73   595.65  4604.01    64.34     0.01    0.17   0.29   2.31
2025-04-23T14:42:01.115200+08:00 Dky_app_00 linx[121039]: sdaz              0.00     0.00    7.48   35.35   475.91  2281.48    64.39     0.00    0.83   0.70   2.99
2025-04-23T14:42:01.115260+08:00 Dky_app_00 linx[121039]: sdba              0.00     0.00    5.51    5.92   349.91   389.74    64.69     0.02    1.90   1.65   1.89
2025-04-23T14:42:01.115328+08:00 Dky_app_00 linx[121039]: sdbb              0.00     0.00    9.34   42.89   586.93   987.36    30.14     0.01    0.28   0.28   1.45
2025-04-23T14:42:01.115390+08:00 Dky_app_00 linx[121039]: sdbc              0.00     0.00    0.00    0.00     0.00     0.00    28.55     0.00    0.21   0.21   0.00
2025-04-23T14:42:01.115446+08:00 Dky_app_00 linx[121039]: sdbd              0.00     0.00    0.20    0.00     1.56     0.00     8.00     0.00    0.07   0.07   0.00
2025-04-23T14:42:01.115469+08:00 Dky_app_00 linx[121039]: sdbe              0.00     0.00    0.10    4.38     2.46  2844.02   635.88     0.00    0.82   1.65   0.74
2025-04-23T14:42:01.115522+08:00 Dky_app_00 linx[121039]: sdax              0.00     0.00    0.10    4.38     2.46  2871.78   642.09     0.00    0.85   1.66   0.74
2025-04-23T14:42:01.115563+08:00 Dky_app_00 linx[121039]: dm-0              0.00     0.70   72.34  573.75  4766.30 36827.86    64.38     0.02    0.04   0.04   2.82
2025-04-23T14:42:01.115612+08:00 Dky_app_00 linx[121039]: dm-1              0.00     0.34   59.40  282.81  3802.33 18253.72    64.45     0.01    0.04   0.05   1.69
2025-04-23T14:42:01.115644+08:00 Dky_app_00 linx[121039]: dm-2              0.01     0.04   43.70   47.37  2797.13  3116.84    64.94     0.01    0.46   0.18   1.60
2025-04-23T14:42:01.115681+08:00 Dky_app_00 linx[121039]: dm-3              0.00     0.00   73.67  343.78  4645.46  7975.04    30.23     0.01    0.10   0.01   0.59
2025-04-23T14:42:01.115722+08:00 Dky_app_00 linx[121039]: dm-4              0.00     0.00    0.00    0.00     0.00     0.00    15.59     0.00   17.28  17.28   0.00
2025-04-23T14:42:01.115770+08:00 Dky_app_00 linx[121039]: dm-5              0.00  2821.77    0.37   35.04    16.46 22854.51   645.84     0.01    0.38   0.29   1.02
2025-04-23T14:42:01.115802+08:00 Dky_app_00 linx[121039]: dm-6              0.00     0.00   25.49    3.00   333.40     3.00    11.81     0.01    0.36   0.36   1.02
2025-04-23T14:42:01.115840+08:00 Dky_app_00 linx[121039]: dm-7              0.00     0.00   45.80    0.00  4287.09     0.03    93.60     0.02    0.41   0.41   1.89
2025-04-23T14:42:01.115866+08:00 Dky_app_00 linx[121039]: dm-8              0.00     0.00    2.38  340.78    24.97  7972.01    23.30     0.01    0.03   0.03   1.04
2025-04-23T14:42:01.115889+08:00 Dky_app_00 linx[121039]: dm-9              0.00     0.00    0.37 2856.81    16.45 22854.51     8.00     0.02    0.00   0.00   1.03
2025-04-23T14:42:01.115902+08:00 Dky_app_00 linx[121039]:
2025-04-23T14:42:01.117104+08:00 Dky_app_00 linx[121044]: netstat -an |grep -i 'established'|wc -l
2025-04-23T14:42:01.148332+08:00 Dky_app_00 linx[121048]: 890
2025-04-23T14:42:01.149363+08:00 Dky_app_00 linx[121050]: date
2025-04-23T14:42:01.150442+08:00 Dky_app_00 linx[121052]: Wed Apr 23 14:42:01 CST 2025
2025-04-23T14:42:01.151457+08:00 Dky_app_00 linx[121054]: cat   /proc/buddyinfo
2025-04-23T14:42:01.152392+08:00 Dky_app_00 linx[121056]: Node 0, zone      DMA      1      1      1      1      2      1      0      0      1      1      3
2025-04-23T14:42:01.152402+08:00 Dky_app_00 linx[121056]: Node 0, zone    DMA32     80     36     45     33     25     34     10     11      9     54     29
2025-04-23T14:42:01.152409+08:00 Dky_app_00 linx[121056]: Node 0, zone   Normal   1649   2232   1250    367   1414    259  20925  12620   4974    494    169
2025-04-23T14:42:01.152419+08:00 Dky_app_00 linx[121056]: Node 1, zone   Normal   3236   1319    848    466   1699  25396  21276  10932   3747    243    400
2025-04-23T14:42:01.152427+08:00 Dky_app_00 linx[121056]: Node 2, zone   Normal   2376   1194    542    269    145    563   6373   6427   2193    628    676
2025-04-23T14:42:01.152445+08:00 Dky_app_00 linx[121056]: Node 3, zone   Normal   1156   4541   4579    979  14149  60824  32864  12332   3069     25      5
2025-04-23T14:42:01.152457+08:00 Dky_app_00 linx[121056]: Node 4, zone   Normal   3008   2695  69460 121985  96178  64354  33131  10318   1571      5      0
2025-04-23T14:42:01.152468+08:00 Dky_app_00 linx[121056]: Node 5, zone   Normal   3328   1486    575    241   2573   6387  19972   9994   3675    735    426
2025-04-23T14:42:01.152483+08:00 Dky_app_00 linx[121056]: Node 6, zone   Normal    347    870    413    258    186  18170  17186   4590   1379     33      0
2025-04-23T14:42:01.152494+08:00 Dky_app_00 linx[121056]: Node 7, zone   Normal   1486   1212  30633  38921  42016  31376  19801  10576   3790    521    292
2025-04-23T14:42:01.153450+08:00 Dky_app_00 linx[121058]: top-detail:
2025-04-23T14:42:01.338793+08:00 Dky_app_00 multipathd: 363c7843100c5453e3fb2197100000035: sdg - directio checker reports path is down
2025-04-23T14:42:01.339422+08:00 Dky_app_00 kernel: sd 7:0:0:6: [sdg]  Result: hostbyte=DID_OK driverbyte=DRIVER_SENSE
2025-04-23T14:42:01.339433+08:00 Dky_app_00 kernel: sd 7:0:0:6: [sdg]  Sense Key : Illegal Request [current]
2025-04-23T14:42:01.339437+08:00 Dky_app_00 kernel: sd 7:0:0:6: [sdg]  Add. Sense: Logical unit not supported
2025-04-23T14:42:01.339440+08:00 Dky_app_00 kernel: sd 7:0:0:6: [sdg] CDB: Read(10): 28 00 00 00 00 00 00 00 08 00
2025-04-23T14:42:01.339442+08:00 Dky_app_00 kernel: end_request: I/O error, dev sdg, sector 0
2025-04-23T14:42:01.792639+08:00 Dky_app_00 linx[121061]: top - 14:42:01 up 1551 days,  2:24,  7 users,  load average: 7.39, 8.46, 9.04
2025-04-23T14:42:01.792658+08:00 Dky_app_00 linx[121061]: Tasks: 3082 total,   1 running, 3081 sleeping,   0 stopped,   0 zombie
2025-04-23T14:42:01.792667+08:00 Dky_app_00 linx[121061]: Cpu(s):  3.5%us,  1.2%sy,  0.0%ni, 94.6%id,  0.7%wa,  0.0%hi,  0.0%si,  0.0%st
2025-04-23T14:42:01.792673+08:00 Dky_app_00 linx[121061]: Mem:  529310592k total, 362924136k used, 166386456k free,    64904k buffers
2025-04-23T14:42:01.792677+08:00 Dky_app_00 linx[121061]: Swap: 62499836k total,        0k used, 62499836k free, 66693344k cached
2025-04-23T14:42:01.792691+08:00 Dky_app_00 linx[121061]:
2025-04-23T14:42:01.792697+08:00 Dky_app_00 linx[121061]:    PID USER      PR  NI  VIRT  RES  SHR S %CPU %MEM    TIME+  COMMAND
2025-04-23T14:42:01.792705+08:00 Dky_app_00 linx[121061]:  10414 dmdba     20   0  373g 272g 214m S  435 54.1  90114,11 dmserver
2025-04-23T14:42:01.792712+08:00 Dky_app_00 linx[121061]:  69140 dmdba     20   0 1325m  37m 2984 S    9  0.0  83048:34 dmwatcher
2025-04-23T14:42:01.792723+08:00 Dky_app_00 linx[121061]: 121059 sysadmin  20   0 12844 3404  760 R    9  0.0   0:00.12 top
2025-04-23T14:42:01.792729+08:00 Dky_app_00 linx[121061]:  41212 sysadmin  20   0 1095m  33m 2944 S    3  0.0  29081:28 linx_smp
2025-04-23T14:42:01.792732+08:00 Dky_app_00 linx[121061]:  77193 dmdba     20   0 1937m 1.7g 1.0g S    2  0.3   3902:22 dmasmsvr
2025-04-23T14:42:01.792737+08:00 Dky_app_00 linx[121061]:      1 root      20   0  7852  612  512 S    0  0.0  31:07.27 init
2025-04-23T14:42:01.792741+08:00 Dky_app_00 linx[121061]:      2 root      20   0     0    0    0 S    0  0.0   0:02.80 kthreadd
2025-04-23T14:42:01.792745+08:00 Dky_app_00 linx[121061]:      3 root      RT   0     0    0    0 S    0  0.0 112:36.32 migration/0
2025-04-23T14:42:01.792749+08:00 Dky_app_00 linx[121061]:      4 root      20   0     0    0    0 S    0  0.0  84:30.32 ksoftirqd/0
2025-04-23T14:42:01.792751+08:00 Dky_app_00 linx[121061]:      5 root      RT   0     0    0    0 S    0  0.0   0:00.00 stopper/0
2025-04-23T14:42:01.792753+08:00 Dky_app_00 linx[121061]:      6 root      RT   0     0    0    0 S    0  0.0   2:55.88 watchdog/0
2025-04-23T14:42:01.792757+08:00 Dky_app_00 linx[121061]:      7 root      RT   0     0    0    0 S    0  0.0  77:01.57 migration/1
2025-04-23T14:42:01.792763+08:00 Dky_app_00 linx[121061]:      8 root      RT   0     0    0    0 S    0  0.0   0:00.00 stopper/1
2025-04-23T14:42:01.882294+08:00 Dky_app_00 linx[121093]: rss(KB) pmem%M pcpu%C vsize(SWAP+RES,KB) process
2025-04-23T14:44:01.216590+08:00 Dky_app_00 /usr/sbin/cron[124394]: (root) CMD (sh /usr/bin/msmp >> /var/log/msmp.log )
2025-04-23T14:44:01.216669+08:00 Dky_app_00 /usr/sbin/cron[124395]: (sysadmin) CMD (/usr/sbin/get_max_mem_process.sh)
2025-04-23T14:44:01.216805+08:00 Dky_app_00 /usr/sbin/cron[124396]: (root) CMD (/home/dmdba/drop_cached.sh)
2025-04-23T14:44:01.217036+08:00 Dky_app_00 /usr/sbin/cron[124397]: (dmdba) CMD (sh net_colsewait_mon.sh)
2025-04-23T14:44:01.217062+08:00 Dky_app_00 /usr/sbin/cron[124398]: (dmdba) CMD (sh /home/dmdba/dm/db_sessmon.sh)
2025-04-23T14:44:01.219616+08:00 Dky_app_00 linx[124403]: uptime
2025-04-23T14:44:01.243227+08:00 Dky_app_00 linx[124414]:  14:44:01 up 1551 days,  2:26,  7 users,  load average: 38.37, 16.71, 11.79
2025-04-23T14:44:01.244580+08:00 Dky_app_00 linx[124423]: free -m
2025-04-23T14:44:01.248056+08:00 Dky_app_00 linx[124425]:              total       used       free     shared    buffers     cached
2025-04-23T14:44:01.248085+08:00 Dky_app_00 linx[124425]: Mem:        516904     354565     162339          0         63      65265
2025-04-23T14:44:01.248110+08:00 Dky_app_00 linx[124425]: -/+ buffers/cache:     289236     227668
2025-04-23T14:44:01.248169+08:00 Dky_app_00 linx[124425]: Swap:        61034          0      61034
2025-04-23T14:44:01.249296+08:00 Dky_app_00 linx[124428]: df -h
2025-04-23T14:44:01.250789+08:00 Dky_app_00 linx[124430]: Filesystem            Size  Used Avail Use% Mounted on
2025-04-23T14:44:01.250805+08:00 Dky_app_00 linx[124430]: /dev/sda2             185G   75G  101G  43% /
2025-04-23T14:44:01.250818+08:00 Dky_app_00 linx[124430]: /dev/sda3             585G  296G  260G  54% /home
2025-04-23T14:44:01.250838+08:00 Dky_app_00 linx[124430]: /dev/sdav             3.0T  1.3T  1.6T  45% /dbbak
2025-04-23T14:44:01.250881+08:00 Dky_app_00 linx[124430]: /dev/mapper/dmarch_22-arch
2025-04-23T14:44:01.250901+08:00 Dky_app_00 linx[124430]:                       886G  680G  162G  81% /dbarch
2025-04-23T14:44:01.250952+08:00 Dky_app_00 linx[124430]: tmpfs                  20M   48K   20M   1% /tmp/smp
2025-04-23T14:44:01.250986+08:00 Dky_app_00 linx[124430]: 192.168.9.23:/dbarch/arch_rac1
2025-04-23T14:44:01.251014+08:00 Dky_app_00 linx[124430]:                       788G  681G   68G  91% /dbarch/arch_dsc1_kafka
2025-04-23T14:44:01.252359+08:00 Dky_app_00 linx[124432]: df -ih
2025-04-23T14:44:01.253733+08:00 Dky_app_00 linx[124434]: Filesystem            Inodes   IUsed   IFree IUse% Mounted on
2025-04-23T14:44:01.253751+08:00 Dky_app_00 linx[124434]: /dev/sda2                12M    2.1M    9.7M   18% /
2025-04-23T14:44:01.253802+08:00 Dky_app_00 linx[124434]: /dev/sda3                37M     28K     37M    1% /home
2025-04-23T14:44:01.253832+08:00 Dky_app_00 linx[124434]: /dev/sdav               192M     11K    192M    1% /dbbak
2025-04-23T14:44:01.253870+08:00 Dky_app_00 linx[124434]: /dev/mapper/dmarch_22-arch
2025-04-23T14:44:01.253889+08:00 Dky_app_00 linx[124434]:                          57M     463     57M    1% /dbarch
2025-04-23T14:44:01.253903+08:00 Dky_app_00 linx[124434]: tmpfs                    64M      13     64M    1% /tmp/smp
2025-04-23T14:44:01.253930+08:00 Dky_app_00 linx[124434]: 192.168.9.23:/dbarch/arch_rac1
2025-04-23T14:44:01.253947+08:00 Dky_app_00 linx[124434]:                          50M     353     50M    1% /dbarch/arch_dsc1_kafka
2025-04-23T14:44:01.255189+08:00 Dky_app_00 linx[124436]: iostat -x
2025-04-23T14:44:01.261820+08:00 Dky_app_00 linx[124438]: Linux 2.6.32-Rocky4.2-x86_64 (Dky_app_00) #01104/23/25 #011_x86_64_
2025-04-23T14:44:01.261849+08:00 Dky_app_00 linx[124438]:
2025-04-23T14:44:01.265337+08:00 Dky_app_00 linx[124438]: avg-cpu:  %user   %nice %system %iowait  %steal   %idle
2025-04-23T14:44:01.265409+08:00 Dky_app_00 linx[124438]:            3.47    0.00    1.30    0.67    0.00   94.61
2025-04-23T14:44:01.265487+08:00 Dky_app_00 linx[124438]:
2025-04-23T14:44:01.265560+08:00 Dky_app_00 linx[124438]: Device:         rrqm/s   wrqm/s     r/s     w/s   rsec/s   wsec/s avgrq-sz avgqu-sz   await  svctm  %util
2025-04-23T14:44:01.265623+08:00 Dky_app_00 linx[124438]: sda               0.02   223.59    0.15   13.30    17.67  1895.15   142.21     0.01    0.68   0.13   0.18
2025-04-23T14:44:01.265705+08:00 Dky_app_00 linx[124438]: sda1              0.00     0.00    0.00    0.00     0.00     0.00    40.85     0.00    2.01   2.01   0.00
2025-04-23T14:44:01.265749+08:00 Dky_app_00 linx[124438]: sda2              0.02    18.33    0.06    1.67     8.47   159.98    97.22     0.00    0.54   0.35   0.06
2025-04-23T14:44:01.265774+08:00 Dky_app_00 linx[124438]: sda3              0.00   205.26    0.08   11.63     9.20  1735.17   148.86     0.01    0.70   0.11   0.13
2025-04-23T14:44:01.265829+08:00 Dky_app_00 linx[124438]: sdb               0.00     0.00    9.08   71.73   595.37  4604.30    64.34     0.01    0.18   0.29   2.33
2025-04-23T14:44:01.265869+08:00 Dky_app_00 linx[124438]: sdc               0.00     0.00    7.48   35.35   476.07  2281.33    64.39     0.00    0.83   0.70   3.00
2025-04-23T14:44:01.265915+08:00 Dky_app_00 linx[124438]: sdd               0.00     0.00    5.51    5.92   349.88   389.76    64.69     0.02    1.89   1.65   1.89
2025-04-23T14:44:01.265959+08:00 Dky_app_00 linx[124438]: sde               0.00     0.00    9.33   42.90   586.70   984.41    30.08     0.02    0.29   0.29   1.50
2025-04-23T14:44:01.265994+08:00 Dky_app_00 linx[124438]: sdf               0.00     0.00    0.00    0.00     0.00     0.00    28.82     0.00    8.78   8.78   0.00
2025-04-23T14:44:01.266031+08:00 Dky_app_00 linx[124438]: sdg               0.00     0.00    0.20    0.00     1.56     0.00     8.00     0.00    0.10   0.10   0.00
2025-04-23T14:44:01.266090+08:00 Dky_app_00 linx[124438]: sdh               0.00     0.00    0.10    4.38     2.46  2869.99   641.69     0.00    0.85   1.66   0.74
2025-04-23T14:44:01.266129+08:00 Dky_app_00 linx[124438]: sdi               0.00     0.00    9.09   71.72   596.34  4603.32    64.34     0.01    0.08   0.24   1.91
2025-04-23T14:44:01.266160+08:00 Dky_app_00 linx[124438]: sdj               0.00     0.00    7.47   35.35   475.66  2281.76    64.39     0.01    0.93   0.02   0.08
2025-04-23T14:44:01.266210+08:00 Dky_app_00 linx[124438]: sdk               0.00     0.00    5.51    5.92   350.04   389.60    64.69     0.02    1.78   1.58   1.80
2025-04-23T14:44:01.266243+08:00 Dky_app_00 linx[124438]: sdl               0.00     0.00    9.10   43.13   569.60  1000.56    30.06     0.02    0.37   0.37   1.93
2025-04-23T14:44:01.266279+08:00 Dky_app_00 linx[124438]: sdm               0.00     0.00    0.00    0.00     0.00     0.00    28.53     0.00    0.20   0.20   0.00
2025-04-23T14:44:01.266323+08:00 Dky_app_00 linx[124438]: sdn               0.00     0.00    0.20    0.00     1.56     0.00     8.00     0.00    0.10   0.10   0.00
2025-04-23T14:44:01.266348+08:00 Dky_app_00 linx[124438]: sdo               0.00     0.00    0.10    4.38     2.46  2855.95   638.54     0.00    0.52   1.57   0.70
2025-04-23T14:44:01.266373+08:00 Dky_app_00 linx[124438]: sdq               0.00     0.00    7.47   35.36   475.34  2282.07    64.39     0.01    0.92   0.02   0.07
2025-04-23T14:44:01.266415+08:00 Dky_app_00 linx[124438]: sdr               0.00     0.00    5.52    5.92   350.22   389.43    64.69     0.02    1.78   1.57   1.80
2025-04-23T14:44:01.266463+08:00 Dky_app_00 linx[124438]: sds               0.00     0.00    9.21   43.02   577.27  1008.00    30.35     0.02    0.36   0.36   1.90
2025-04-23T14:44:01.266509+08:00 Dky_app_00 linx[124438]: sdt               0.00     0.00    0.00    0.00     0.00     0.00    28.50     0.00    0.16   0.16   0.00
2025-04-23T14:44:01.266544+08:00 Dky_app_00 linx[124438]: sdu               0.00     0.00    0.20    0.00     1.56     0.00     8.00     0.00    0.09   0.09   0.00
2025-04-23T14:44:01.266592+08:00 Dky_app_00 linx[124438]: sdv               0.00     0.00    0.10    4.38     2.46  2844.65   636.01     0.00    0.52   1.57   0.70
2025-04-23T14:44:01.266634+08:00 Dky_app_00 linx[124438]: sdw               0.00     0.00    9.09   71.72   595.93  4603.75    64.34     0.01    0.18   0.29   2.34
2025-04-23T14:44:01.266672+08:00 Dky_app_00 linx[124438]: sdx               0.00     0.00    7.48   35.35   475.69  2281.71    64.39     0.00    0.83   0.71   3.02
2025-04-23T14:44:01.266716+08:00 Dky_app_00 linx[124438]: sdy               0.00     0.00    5.51    5.92   350.00   389.64    64.69     0.02    1.92   1.67   1.91
2025-04-23T14:44:01.266753+08:00 Dky_app_00 linx[124438]: sdz               0.00     0.00    9.36   42.87   587.87   996.05    30.33     0.02    0.29   0.29   1.50
2025-04-23T14:44:01.266794+08:00 Dky_app_00 linx[124438]: sdab              0.00     0.00    0.20    0.00     1.56     0.00     8.00     0.00    0.09   0.09   0.00
2025-04-23T14:44:01.266837+08:00 Dky_app_00 linx[124438]: sdaa              0.00     0.00    0.00    0.00     0.00     0.00    28.50     0.00    0.22   0.22   0.00
2025-04-23T14:44:01.266869+08:00 Dky_app_00 linx[124438]: sdac              0.00     0.00    0.10    4.38     2.46  2852.49   637.77     0.00    0.84   1.66   0.74
2025-04-23T14:44:01.266912+08:00 Dky_app_00 linx[124438]: sdad              0.00     0.00    9.08   71.73   595.16  4604.50    64.34     0.01    0.08   0.23   1.89
2025-04-23T14:44:01.266962+08:00 Dky_app_00 linx[124438]: sdaf              0.00     0.00    5.51    5.92   349.86   389.78    64.69     0.02    1.79   1.58   1.80
2025-04-23T14:44:01.266996+08:00 Dky_app_00 linx[124438]: sdag              0.00     0.00    9.34   42.89   587.82   983.17    30.08     0.02    0.36   0.36   1.89
2025-04-23T14:44:01.267011+08:00 Dky_app_00 linx[124438]: sdah              0.00     0.00    0.00    0.00     0.00     0.00    28.59     0.00    0.12   0.12   0.00
2025-04-23T14:44:01.267041+08:00 Dky_app_00 linx[124438]: sdae              0.00     0.00    7.48   35.34   476.17  2281.23    64.39     0.01    0.92   0.01   0.06
2025-04-23T14:44:01.267074+08:00 Dky_app_00 linx[124438]: sdai              0.00     0.00    0.20    0.00     1.56     0.00     8.00     0.00    0.08   0.08   0.00
2025-04-23T14:44:01.267105+08:00 Dky_app_00 linx[124438]: sdaj              0.00     0.00    0.10    4.38     2.46  2868.51   641.34     0.00    0.51   1.57   0.70
2025-04-23T14:44:01.267132+08:00 Dky_app_00 linx[124438]: sdak              0.00     0.00    9.10   71.71   596.69  4602.97    64.34     0.01    0.08   0.23   1.88
2025-04-23T14:44:01.267173+08:00 Dky_app_00 linx[124438]: sdal              0.00     0.00    7.47   35.36   475.41  2282.00    64.39     0.01    0.92   0.02   0.06
2025-04-23T14:44:01.267216+08:00 Dky_app_00 linx[124438]: sdam              0.00     0.00    5.51    5.92   350.15   389.50    64.69     0.02    1.78   1.57   1.79
2025-04-23T14:44:01.267264+08:00 Dky_app_00 linx[124438]: sdan              0.00     0.00    9.17   43.06   574.91  1006.80    30.28     0.02    0.36   0.36   1.86
2025-04-23T14:44:01.267315+08:00 Dky_app_00 linx[124438]: sdao              0.00     0.00    0.00    0.00     0.00     0.00    28.59     0.00    0.13   0.13   0.00
2025-04-23T14:44:01.267348+08:00 Dky_app_00 linx[124438]: sdap              0.00     0.00    0.20    0.00     1.56     0.00     8.00     0.00    0.08   0.08   0.00
2025-04-23T14:44:01.267400+08:00 Dky_app_00 linx[124438]: sdaq              0.00     0.00    0.10    4.38     2.46  2847.11   636.56     0.00    0.51   1.57   0.70
2025-04-23T14:44:01.267448+08:00 Dky_app_00 linx[124438]: sdar              0.00     0.00    9.11   71.70   597.34  4602.33    64.34     0.02    0.19   0.30   2.39
2025-04-23T14:44:01.267478+08:00 Dky_app_00 linx[124438]: sdas              0.00     0.00    7.47   35.36   475.28  2282.13    64.39     0.00    0.85   0.72   3.07
2025-04-23T14:44:01.267502+08:00 Dky_app_00 linx[124438]: sdat              0.00     0.00    5.52    5.92   350.26   389.38    64.69     0.02    1.96   1.70   1.94
2025-04-23T14:44:01.267533+08:00 Dky_app_00 linx[124438]: sdau              0.00     0.00    9.22   43.01   577.54  1008.70    30.37     0.02    0.31   0.30   1.59
2025-04-23T14:44:01.267577+08:00 Dky_app_00 linx[124438]: sdav              0.00    11.20    0.30    0.11    75.39    90.50   406.11     0.01   12.52   0.70   0.03
2025-04-23T14:44:01.267620+08:00 Dky_app_00 linx[124438]: sdaw              0.00     0.00    0.20    0.00     1.56     0.00     8.00     0.00    0.08   0.08   0.00
2025-04-23T14:44:01.267655+08:00 Dky_app_00 linx[124438]: sday              0.00     0.00    9.08   71.73   595.65  4604.01    64.34     0.01    0.17   0.29   2.31
2025-04-23T14:44:01.267687+08:00 Dky_app_00 linx[124438]: sdaz              0.00     0.00    7.48   35.35   475.91  2281.48    64.39     0.00    0.83   0.70   2.99
2025-04-23T14:44:01.267730+08:00 Dky_app_00 linx[124438]: sdba              0.00     0.00    5.51    5.92   349.91   389.74    64.69     0.02    1.90   1.65   1.89
2025-04-23T14:44:01.267769+08:00 Dky_app_00 linx[124438]: sdbb              0.00     0.00    9.34   42.89   586.93   987.35    30.14     0.01    0.28   0.28   1.45
2025-04-23T14:44:01.267794+08:00 Dky_app_00 linx[124438]: sdbc              0.00     0.00    0.00    0.00     0.00     0.00    28.55     0.00    0.21   0.21   0.00
2025-04-23T14:44:01.267847+08:00 Dky_app_00 linx[124438]: sdbd              0.00     0.00    0.20    0.00     1.56     0.00     8.00     0.00    0.07   0.07   0.00
2025-04-23T14:44:01.267885+08:00 Dky_app_00 linx[124438]: sdbe              0.00     0.00    0.10    4.38     2.46  2844.02   635.88     0.00    0.82   1.65   0.74
2025-04-23T14:44:01.267929+08:00 Dky_app_00 linx[124438]: sdax              0.00     0.00    0.10    4.38     2.46  2871.78   642.09     0.00    0.85   1.66   0.74
2025-04-23T14:44:01.267975+08:00 Dky_app_00 linx[124438]: dm-0              0.00     0.70   72.34  573.75  4766.29 36827.83    64.38     0.02    0.04   0.04   2.82
2025-04-23T14:44:01.268020+08:00 Dky_app_00 linx[124438]: dm-1              0.00     0.34   59.40  282.81  3802.33 18253.71    64.45     0.01    0.04   0.05   1.69
2025-04-23T14:44:01.268063+08:00 Dky_app_00 linx[124438]: dm-2              0.01     0.04   43.70   47.37  2797.13  3116.84    64.94     0.01    0.46   0.18   1.60
2025-04-23T14:44:01.268105+08:00 Dky_app_00 linx[124438]: dm-3              0.00     0.00   73.67  343.78  4645.46  7975.03    30.23     0.01    0.10   0.01   0.60
2025-04-23T14:44:01.268139+08:00 Dky_app_00 linx[124438]: dm-4              0.00     0.00    0.00    0.00     0.00     0.00    15.59     0.00   17.28  17.28   0.00
2025-04-23T14:44:01.268167+08:00 Dky_app_00 linx[124438]: dm-5              0.00  2821.77    0.37   35.04    16.46 22854.49   645.84     0.01    0.38   0.29   1.02
2025-04-23T14:44:01.268212+08:00 Dky_app_00 linx[124438]: dm-6              0.00     0.00   25.49    3.00   333.40     3.00    11.81     0.01    0.36   0.36   1.02
2025-04-23T14:44:01.268256+08:00 Dky_app_00 linx[124438]: dm-7              0.00     0.00   45.80    0.00  4287.09     0.03    93.60     0.02    0.41   0.41   1.89
2025-04-23T14:44:01.268291+08:00 Dky_app_00 linx[124438]: dm-8              0.00     0.00    2.38  340.78    24.97  7972.01    23.30     0.01    0.03   0.03   1.04
2025-04-23T14:44:01.268348+08:00 Dky_app_00 linx[124438]: dm-9              0.00     0.00    0.37 2856.81    16.45 22854.49     8.00     0.02    0.00   0.00   1.03
2025-04-23T14:44:01.268379+08:00 Dky_app_00 linx[124438]:
2025-04-23T14:44:01.269571+08:00 Dky_app_00 linx[124440]: netstat -an |grep -i 'established'|wc -l
2025-04-23T14:44:01.300779+08:00 Dky_app_00 linx[124444]: 943
2025-04-23T14:44:01.301894+08:00 Dky_app_00 linx[124446]: date
2025-04-23T14:44:01.303043+08:00 Dky_app_00 linx[124448]: Wed Apr 23 14:44:01 CST 2025
2025-04-23T14:44:01.304072+08:00 Dky_app_00 linx[124450]: cat   /proc/buddyinfo
2025-04-23T14:44:01.305156+08:00 Dky_app_00 linx[124452]: Node 0, zone      DMA      1      1      1      1      2      1      0      0      1      1      3
2025-04-23T14:44:01.305180+08:00 Dky_app_00 linx[124452]: Node 0, zone    DMA32     80     36     45     33     25     34     10     11      9     54     29
2025-04-23T14:44:01.305193+08:00 Dky_app_00 linx[124452]: Node 0, zone   Normal    878   1418   1151    365   1411    256  20927  12620   4974    492    169
2025-04-23T14:44:01.305216+08:00 Dky_app_00 linx[124452]: Node 1, zone   Normal   1075   1214    860    469   1703  25396  21276  10932   3747    242    400
2025-04-23T14:44:01.305236+08:00 Dky_app_00 linx[124452]: Node 2, zone   Normal   2241   1350    552    270    144    563   6373   6427   2193    628    676
2025-04-23T14:44:01.305274+08:00 Dky_app_00 linx[124452]: Node 3, zone   Normal   2437   4461   4490    920  13705  60819  32864  12332   3069     27      5
2025-04-23T14:44:01.305283+08:00 Dky_app_00 linx[124452]: Node 4, zone   Normal   1801   2325  69465 121987  96180  64354  33131  10318   1571      5      0
2025-04-23T14:44:01.305299+08:00 Dky_app_00 linx[124452]: Node 5, zone   Normal   1294   1369    608    260   2582   6387  19972   9994   3675    735    426
2025-04-23T14:44:01.305325+08:00 Dky_app_00 linx[124452]: Node 6, zone   Normal   1147   1077    482    174     82  17670  17186   4590   1379     33      0
2025-04-23T14:44:01.305335+08:00 Dky_app_00 linx[124452]: Node 7, zone   Normal    455   1022  30037  38921  42016  31376  19801  10576   3790    521    292
2025-04-23T14:44:01.306387+08:00 Dky_app_00 linx[124454]: top-detail:
2025-04-23T14:44:01.971427+08:00 Dky_app_00 linx[124457]: top - 14:44:01 up 1551 days,  2:26,  7 users,  load average: 38.37, 16.71, 11.79
2025-04-23T14:44:01.971453+08:00 Dky_app_00 linx[124457]: Tasks: 3083 total,   1 running, 3082 sleeping,   0 stopped,   0 zombie
2025-04-23T14:44:01.971458+08:00 Dky_app_00 linx[124457]: Cpu(s):  3.5%us,  1.2%sy,  0.0%ni, 94.6%id,  0.7%wa,  0.0%hi,  0.0%si,  0.0%st
2025-04-23T14:44:01.971463+08:00 Dky_app_00 linx[124457]: Mem:  529310592k total, 363079188k used, 166231404k free,    65516k buffers
2025-04-23T14:44:01.971467+08:00 Dky_app_00 linx[124457]: Swap: 62499836k total,        0k used, 62499836k free, 66831808k cached
2025-04-23T14:44:01.971470+08:00 Dky_app_00 linx[124457]:
2025-04-23T14:44:01.971473+08:00 Dky_app_00 linx[124457]:    PID USER      PR  NI  VIRT  RES  SHR S %CPU %MEM    TIME+  COMMAND
2025-04-23T14:44:01.971475+08:00 Dky_app_00 linx[124457]:  10414 dmdba     20   0  374g 272g 214m S  187 54.1  90114,21 dmserver
2025-04-23T14:44:01.971479+08:00 Dky_app_00 linx[124457]: 124455 sysadmin  20   0 12844 3404  760 R   10  0.0   0:00.15 top
2025-04-23T14:44:01.971482+08:00 Dky_app_00 linx[124457]:  41212 sysadmin  20   0 1095m  30m 2944 S    3  0.0  29081:33 linx_smp
2025-04-23T14:44:01.971485+08:00 Dky_app_00 linx[124457]:  76127 dmdba     20   0  146m  19m 1868 S    2  0.0   2363:26 dmcss
2025-04-23T14:44:01.971487+08:00 Dky_app_00 linx[124457]:      1 root      20   0  7852  612  512 S    0  0.0  31:07.27 init
2025-04-23T14:44:01.971489+08:00 Dky_app_00 linx[124457]:      2 root      20   0     0    0    0 S    0  0.0   0:02.80 kthreadd
2025-04-23T14:44:01.971501+08:00 Dky_app_00 linx[124457]:      3 root      RT   0     0    0    0 S    0  0.0 112:36.32 migration/0
2025-04-23T14:44:01.971511+08:00 Dky_app_00 linx[124457]:      4 root      20   0     0    0    0 S    0  0.0  84:30.33 ksoftirqd/0
2025-04-23T14:44:01.971517+08:00 Dky_app_00 linx[124457]:      5 root      RT   0     0    0    0 S    0  0.0   0:00.00 stopper/0
2025-04-23T14:44:01.971523+08:00 Dky_app_00 linx[124457]:      6 root      RT   0     0    0    0 S    0  0.0   2:55.88 watchdog/0
2025-04-23T14:44:01.971530+08:00 Dky_app_00 linx[124457]:      7 root      RT   0     0    0    0 S    0  0.0  77:01.57 migration/1
2025-04-23T14:44:01.971535+08:00 Dky_app_00 linx[124457]:      8 root      RT   0     0    0    0 S    0  0.0   0:00.00 stopper/1
2025-04-23T14:44:01.971542+08:00 Dky_app_00 linx[124457]:      9 root      20   0     0    0    0 S    0  0.0 378:06.21 ksoftirqd/1
2025-04-23T14:46:00.499982+08:00 Dky_app_00 pmcagent[96228]: 10.33.1.200,GetSrcIP conn fail
2025-04-23T14:48:01.009094+08:00 Dky_app_00 /usr/sbin/cron[131257]: (root) CMD (sh /usr/bin/msmp >> /var/log/msmp.log )
2025-04-23T14:48:01.009124+08:00 Dky_app_00 /usr/sbin/cron[131258]: (sysadmin) CMD (/usr/sbin/get_max_mem_process.sh)
2025-04-23T14:48:01.009193+08:00 Dky_app_00 /usr/sbin/cron[131259]: (root) CMD (/home/dmdba/drop_cached.sh)
2025-04-23T14:48:01.009356+08:00 Dky_app_00 /usr/sbin/cron[131260]: (dmdba) CMD (sh net_colsewait_mon.sh)
2025-04-23T14:48:01.009447+08:00 Dky_app_00 /usr/sbin/cron[131261]: (dmdba) CMD (sh /home/dmdba/dm/db_sessmon.sh)
2025-04-23T14:48:01.012108+08:00 Dky_app_00 linx[131264]: uptime
2025-04-23T14:48:01.032504+08:00 Dky_app_00 linx[131274]:  14:48:01 up 1551 days,  2:30,  7 users,  load average: 67.08, 44.82, 24.51
2025-04-23T14:48:01.033674+08:00 Dky_app_00 linx[131286]: free -m
2025-04-23T14:48:01.036911+08:00 Dky_app_00 linx[131289]:              total       used       free     shared    buffers     cached
2025-04-23T14:48:01.036924+08:00 Dky_app_00 linx[131289]: Mem:        516904     354709     162194          0         65      65354
2025-04-23T14:48:01.036932+08:00 Dky_app_00 linx[131289]: -/+ buffers/cache:     289289     227615
2025-04-23T14:48:01.036947+08:00 Dky_app_00 linx[131289]: Swap:        61034          0      61034
2025-04-23T14:48:01.037856+08:00 Dky_app_00 linx[131292]: df -h
2025-04-23T14:48:01.039135+08:00 Dky_app_00 linx[131294]: Filesystem            Size  Used Avail Use% Mounted on
2025-04-23T14:48:01.039150+08:00 Dky_app_00 linx[131294]: /dev/sda2             185G   75G  101G  43% /
2025-04-23T14:48:01.039156+08:00 Dky_app_00 linx[131294]: /dev/sda3             585G  296G  260G  54% /home
2025-04-23T14:48:01.039160+08:00 Dky_app_00 linx[131294]: /dev/sdav             3.0T  1.3T  1.6T  45% /dbbak
2025-04-23T14:48:01.039170+08:00 Dky_app_00 linx[131294]: /dev/mapper/dmarch_22-arch
2025-04-23T14:48:01.039186+08:00 Dky_app_00 linx[131294]:                       886G  680G  162G  81% /dbarch
2025-04-23T14:48:01.039195+08:00 Dky_app_00 linx[131294]: tmpfs                  20M   48K   20M   1% /tmp/smp
2025-04-23T14:48:01.039214+08:00 Dky_app_00 linx[131294]: 192.168.9.23:/dbarch/arch_rac1
2025-04-23T14:48:01.039223+08:00 Dky_app_00 linx[131294]:                       788G  681G   68G  91% /dbarch/arch_dsc1_kafka
2025-04-23T14:48:01.040398+08:00 Dky_app_00 linx[131296]: df -ih
2025-04-23T14:48:01.041577+08:00 Dky_app_00 linx[131298]: Filesystem            Inodes   IUsed   IFree IUse% Mounted on
2025-04-23T14:48:01.041590+08:00 Dky_app_00 linx[131298]: /dev/sda2                12M    2.1M    9.7M   18% /
2025-04-23T14:48:01.041595+08:00 Dky_app_00 linx[131298]: /dev/sda3                37M     28K     37M    1% /home
2025-04-23T14:48:01.041608+08:00 Dky_app_00 linx[131298]: /dev/sdav               192M     11K    192M    1% /dbbak
2025-04-23T14:48:01.041622+08:00 Dky_app_00 linx[131298]: /dev/mapper/dmarch_22-arch
2025-04-23T14:48:01.041627+08:00 Dky_app_00 linx[131298]:                          57M     463     57M    1% /dbarch
2025-04-23T14:48:01.041642+08:00 Dky_app_00 linx[131298]: tmpfs                    64M      13     64M    1% /tmp/smp
2025-04-23T14:48:01.041648+08:00 Dky_app_00 linx[131298]: 192.168.9.23:/dbarch/arch_rac1
2025-04-23T14:48:01.041660+08:00 Dky_app_00 linx[131298]:                          50M     353     50M    1% /dbarch/arch_dsc1_kafka
2025-04-23T14:48:01.042738+08:00 Dky_app_00 linx[131300]: iostat -x
2025-04-23T14:48:01.047202+08:00 Dky_app_00 linx[131302]: Linux 2.6.32-Rocky4.2-x86_64 (Dky_app_00) #01104/23/25 #011_x86_64_
2025-04-23T14:48:01.047216+08:00 Dky_app_00 linx[131302]:
2025-04-23T14:48:01.051064+08:00 Dky_app_00 linx[131302]: avg-cpu:  %user   %nice %system %iowait  %steal   %idle
2025-04-23T14:48:01.051075+08:00 Dky_app_00 linx[131302]:            3.47    0.00    1.30    0.67    0.00   94.61
2025-04-23T14:48:01.051093+08:00 Dky_app_00 linx[131302]:
2025-04-23T14:48:01.051100+08:00 Dky_app_00 linx[131302]: Device:         rrqm/s   wrqm/s     r/s     w/s   rsec/s   wsec/s avgrq-sz avgqu-sz   await  svctm  %util
2025-04-23T14:48:01.051111+08:00 Dky_app_00 linx[131302]: sda               0.02   223.59    0.15   13.30    17.67  1895.15   142.21     0.01    0.68   0.13   0.18
2025-04-23T14:48:01.051119+08:00 Dky_app_00 linx[131302]: sda1              0.00     0.00    0.00    0.00     0.00     0.00    40.85     0.00    2.01   2.01   0.00
2025-04-23T14:48:01.051135+08:00 Dky_app_00 linx[131302]: sda2              0.02    18.33    0.06    1.67     8.47   159.98    97.22     0.00    0.54   0.35   0.06
2025-04-23T14:48:01.051142+08:00 Dky_app_00 linx[131302]: sda3              0.00   205.26    0.08   11.63     9.20  1735.17   148.86     0.01    0.70   0.11   0.13
2025-04-23T14:48:01.051154+08:00 Dky_app_00 linx[131302]: sdb               0.00     0.00    9.08   71.73   595.37  4604.29    64.34     0.01    0.18   0.29   2.33
2025-04-23T14:48:01.051162+08:00 Dky_app_00 linx[131302]: sdc               0.00     0.00    7.48   35.35   476.07  2281.32    64.39     0.00    0.83   0.70   3.00
2025-04-23T14:48:01.051176+08:00 Dky_app_00 linx[131302]: sdd               0.00     0.00    5.51    5.92   349.88   389.76    64.69     0.02    1.89   1.65   1.89
2025-04-23T14:48:01.051190+08:00 Dky_app_00 linx[131302]: sde               0.00     0.00    9.33   42.90   586.70   984.40    30.08     0.02    0.29   0.29   1.50
2025-04-23T14:48:01.051201+08:00 Dky_app_00 linx[131302]: sdf               0.00     0.00    0.00    0.00     0.00     0.00    28.82     0.00    8.78   8.78   0.00
2025-04-23T14:48:01.051212+08:00 Dky_app_00 linx[131302]: sdg               0.00     0.00    0.20    0.00     1.56     0.00     8.00     0.00    0.10   0.10   0.00
2025-04-23T14:48:01.051223+08:00 Dky_app_00 linx[131302]: sdh               0.00     0.00    0.10    4.38     2.46  2869.99   641.69     0.00    0.85   1.66   0.74
2025-04-23T14:48:01.051237+08:00 Dky_app_00 linx[131302]: sdi               0.00     0.00    9.09   71.72   596.34  4603.31    64.34     0.01    0.08   0.24   1.91
2025-04-23T14:48:01.051246+08:00 Dky_app_00 linx[131302]: sdj               0.00     0.00    7.47   35.35   475.66  2281.76    64.39     0.01    0.93   0.02   0.08
2025-04-23T14:48:01.051252+08:00 Dky_app_00 linx[131302]: sdk               0.00     0.00    5.51    5.92   350.04   389.60    64.69     0.02    1.78   1.58   1.80
2025-04-23T14:48:01.051266+08:00 Dky_app_00 linx[131302]: sdl               0.00     0.00    9.10   43.13   569.60  1000.56    30.06     0.02    0.37   0.37   1.93
2025-04-23T14:48:01.051278+08:00 Dky_app_00 linx[131302]: sdm               0.00     0.00    0.00    0.00     0.00     0.00    28.53     0.00    0.20   0.20   0.00
2025-04-23T14:48:01.051289+08:00 Dky_app_00 linx[131302]: sdn               0.00     0.00    0.20    0.00     1.56     0.00     8.00     0.00    0.10   0.10   0.00
2025-04-23T14:48:01.051299+08:00 Dky_app_00 linx[131302]: sdo               0.00     0.00    0.10    4.38     2.46  2855.94   638.54     0.00    0.52   1.57   0.70
2025-04-23T14:48:01.051304+08:00 Dky_app_00 linx[131302]: sdq               0.00     0.00    7.47   35.36   475.34  2282.06    64.39     0.01    0.92   0.02   0.07
2025-04-23T14:48:01.051320+08:00 Dky_app_00 linx[131302]: sdr               0.00     0.00    5.52    5.92   350.22   389.43    64.69     0.02    1.78   1.57   1.80
2025-04-23T14:48:01.051334+08:00 Dky_app_00 linx[131302]: sds               0.00     0.00    9.21   43.02   577.27  1007.99    30.35     0.02    0.36   0.36   1.90
2025-04-23T14:48:01.051352+08:00 Dky_app_00 linx[131302]: sdt               0.00     0.00    0.00    0.00     0.00     0.00    28.50     0.00    0.16   0.16   0.00
2025-04-23T14:48:01.051358+08:00 Dky_app_00 linx[131302]: sdu               0.00     0.00    0.20    0.00     1.56     0.00     8.00     0.00    0.09   0.09   0.00
2025-04-23T14:48:01.051364+08:00 Dky_app_00 linx[131302]: sdv               0.00     0.00    0.10    4.38     2.46  2844.65   636.01     0.00    0.52   1.57   0.70
2025-04-23T14:48:01.051377+08:00 Dky_app_00 linx[131302]: sdw               0.00     0.00    9.09   71.72   595.92  4603.74    64.34     0.01    0.18   0.29   2.34
2025-04-23T14:48:01.051399+08:00 Dky_app_00 linx[131302]: sdx               0.00     0.00    7.48   35.35   475.69  2281.70    64.39     0.00    0.83   0.71   3.02
2025-04-23T14:48:01.051418+08:00 Dky_app_00 linx[131302]: sdy               0.00     0.00    5.51    5.92   350.00   389.64    64.69     0.02    1.92   1.67   1.91
2025-04-23T14:48:01.051427+08:00 Dky_app_00 linx[131302]: sdz               0.00     0.00    9.36   42.87   587.87   996.05    30.33     0.02    0.29   0.29   1.50
2025-04-23T14:48:01.051432+08:00 Dky_app_00 linx[131302]: sdab              0.00     0.00    0.20    0.00     1.56     0.00     8.00     0.00    0.09   0.09   0.00
2025-04-23T14:48:01.051445+08:00 Dky_app_00 linx[131302]: sdaa              0.00     0.00    0.00    0.00     0.00     0.00    28.50     0.00    0.22   0.22   0.00
2025-04-23T14:48:01.051453+08:00 Dky_app_00 linx[131302]: sdac              0.00     0.00    0.10    4.38     2.46  2852.48   637.77     0.00    0.84   1.66   0.74
2025-04-23T14:48:01.051458+08:00 Dky_app_00 linx[131302]: sdad              0.00     0.00    9.08   71.73   595.16  4604.49    64.34     0.01    0.08   0.23   1.89
2025-04-23T14:48:01.051466+08:00 Dky_app_00 linx[131302]: sdaf              0.00     0.00    5.51    5.92   349.86   389.78    64.69     0.02    1.79   1.58   1.80
2025-04-23T14:48:01.051481+08:00 Dky_app_00 linx[131302]: sdag              0.00     0.00    9.34   42.89   587.82   983.17    30.08     0.02    0.36   0.36   1.89
2025-04-23T14:48:01.051488+08:00 Dky_app_00 linx[131302]: sdah              0.00     0.00    0.00    0.00     0.00     0.00    28.59     0.00    0.12   0.12   0.00
2025-04-23T14:48:01.051497+08:00 Dky_app_00 linx[131302]: sdae              0.00     0.00    7.48   35.34   476.17  2281.23    64.39     0.01    0.92   0.01   0.06
2025-04-23T14:48:01.051505+08:00 Dky_app_00 linx[131302]: sdai              0.00     0.00    0.20    0.00     1.56     0.00     8.00     0.00    0.08   0.08   0.00
2025-04-23T14:48:01.051519+08:00 Dky_app_00 linx[131302]: sdaj              0.00     0.00    0.10    4.38     2.46  2868.51   641.34     0.00    0.51   1.57   0.70
2025-04-23T14:48:01.051529+08:00 Dky_app_00 linx[131302]: sdak              0.00     0.00    9.10   71.71   596.69  4602.96    64.34     0.01    0.08   0.23   1.88
2025-04-23T14:48:01.051538+08:00 Dky_app_00 linx[131302]: sdal              0.00     0.00    7.47   35.36   475.41  2282.00    64.39     0.01    0.92   0.02   0.06
2025-04-23T14:48:01.051547+08:00 Dky_app_00 linx[131302]: sdam              0.00     0.00    5.51    5.92   350.15   389.50    64.69     0.02    1.78   1.57   1.79
2025-04-23T14:48:01.051557+08:00 Dky_app_00 linx[131302]: sdan              0.00     0.00    9.17   43.06   574.91  1006.80    30.28     0.02    0.36   0.36   1.86
2025-04-23T14:48:01.051570+08:00 Dky_app_00 linx[131302]: sdao              0.00     0.00    0.00    0.00     0.00     0.00    28.59     0.00    0.13   0.13   0.00
2025-04-23T14:48:01.051580+08:00 Dky_app_00 linx[131302]: sdap              0.00     0.00    0.20    0.00     1.56     0.00     8.00     0.00    0.08   0.08   0.00
2025-04-23T14:48:01.051592+08:00 Dky_app_00 linx[131302]: sdaq              0.00     0.00    0.10    4.38     2.46  2847.10   636.56     0.00    0.51   1.57   0.70
2025-04-23T14:48:01.051603+08:00 Dky_app_00 linx[131302]: sdar              0.00     0.00    9.11   71.70   597.33  4602.32    64.34     0.02    0.19   0.30   2.39
2025-04-23T14:48:01.051614+08:00 Dky_app_00 linx[131302]: sdas              0.00     0.00    7.47   35.36   475.28  2282.12    64.39     0.00    0.85   0.72   3.07
2025-04-23T14:48:01.051627+08:00 Dky_app_00 linx[131302]: sdat              0.00     0.00    5.52    5.92   350.26   389.38    64.69     0.02    1.96   1.70   1.94
2025-04-23T14:48:01.051642+08:00 Dky_app_00 linx[131302]: sdau              0.00     0.00    9.22   43.01   577.54  1008.70    30.37     0.02    0.31   0.30   1.59
2025-04-23T14:48:01.051648+08:00 Dky_app_00 linx[131302]: sdav              0.00    11.20    0.30    0.11    75.39    90.50   406.11     0.01   12.52   0.70   0.03
2025-04-23T14:48:01.051664+08:00 Dky_app_00 linx[131302]: sdaw              0.00     0.00    0.20    0.00     1.56     0.00     8.00     0.00    0.08   0.08   0.00
2025-04-23T14:48:01.051674+08:00 Dky_app_00 linx[131302]: sday              0.00     0.00    9.08   71.73   595.65  4604.00    64.34     0.01    0.17   0.29   2.31
2025-04-23T14:48:01.051684+08:00 Dky_app_00 linx[131302]: sdaz              0.00     0.00    7.48   35.35   475.91  2281.48    64.39     0.00    0.83   0.70   2.99
2025-04-23T14:48:01.051692+08:00 Dky_app_00 linx[131302]: sdba              0.00     0.00    5.51    5.92   349.91   389.74    64.69     0.02    1.90   1.65   1.89
2025-04-23T14:48:01.051703+08:00 Dky_app_00 linx[131302]: sdbb              0.00     0.00    9.34   42.89   586.93   987.35    30.14     0.01    0.28   0.28   1.45
2025-04-23T14:48:01.051725+08:00 Dky_app_00 linx[131302]: sdbc              0.00     0.00    0.00    0.00     0.00     0.00    28.55     0.00    0.21   0.21   0.00
2025-04-23T14:48:01.051733+08:00 Dky_app_00 linx[131302]: sdbd              0.00     0.00    0.20    0.00     1.56     0.00     8.00     0.00    0.07   0.07   0.00
2025-04-23T14:48:01.051738+08:00 Dky_app_00 linx[131302]: sdbe              0.00     0.00    0.10    4.38     2.46  2844.01   635.88     0.00    0.82   1.65   0.74
2025-04-23T14:48:01.051749+08:00 Dky_app_00 linx[131302]: sdax              0.00     0.00    0.10    4.38     2.46  2871.78   642.09     0.00    0.85   1.66   0.74
2025-04-23T14:48:01.051763+08:00 Dky_app_00 linx[131302]: dm-0              0.00     0.70   72.34  573.75  4766.28 36827.76    64.38     0.02    0.04   0.04   2.82
2025-04-23T14:48:01.051771+08:00 Dky_app_00 linx[131302]: dm-1              0.00     0.34   59.40  282.81  3802.33 18253.68    64.45     0.01    0.04   0.05   1.69
2025-04-23T14:48:01.051786+08:00 Dky_app_00 linx[131302]: dm-2              0.01     0.04   43.70   47.37  2797.12  3116.83    64.94     0.01    0.46   0.18   1.60
2025-04-23T14:48:01.051793+08:00 Dky_app_00 linx[131302]: dm-3              0.00     0.00   73.67  343.78  4645.45  7975.02    30.23     0.01    0.10   0.01   0.60
2025-04-23T14:48:01.051809+08:00 Dky_app_00 linx[131302]: dm-4              0.00     0.00    0.00    0.00     0.00     0.00    15.59     0.00   17.28  17.28   0.00
2025-04-23T14:48:01.051816+08:00 Dky_app_00 linx[131302]: dm-5              0.00  2821.76    0.37   35.04    16.46 22854.45   645.84     0.01    0.38   0.29   1.02
2025-04-23T14:48:01.051827+08:00 Dky_app_00 linx[131302]: dm-6              0.00     0.00   25.49    3.00   333.40     3.00    11.81     0.01    0.36   0.36   1.02
2025-04-23T14:48:01.051836+08:00 Dky_app_00 linx[131302]: dm-7              0.00     0.00   45.80    0.00  4287.09     0.03    93.60     0.02    0.41   0.41   1.89
2025-04-23T14:48:01.051854+08:00 Dky_app_00 linx[131302]: dm-8              0.00     0.00    2.38  340.78    24.97  7971.99    23.30     0.01    0.03   0.03   1.04
2025-04-23T14:48:01.051863+08:00 Dky_app_00 linx[131302]: dm-9              0.00     0.00    0.37 2856.81    16.45 22854.45     8.00     0.02    0.00   0.00   1.03
2025-04-23T14:48:01.051876+08:00 Dky_app_00 linx[131302]:
2025-04-23T14:48:01.052814+08:00 Dky_app_00 linx[131304]: netstat -an |grep -i 'established'|wc -l
2025-04-23T14:48:01.089956+08:00 Dky_app_00 linx[131308]: 1147
2025-04-23T14:48:01.091004+08:00 Dky_app_00 linx[131314]: date
2025-04-23T14:48:01.092113+08:00 Dky_app_00 linx[131316]: Wed Apr 23 14:48:01 CST 2025
2025-04-23T14:48:01.093164+08:00 Dky_app_00 linx[131318]: cat   /proc/buddyinfo
2025-04-23T14:48:01.094121+08:00 Dky_app_00 linx[131320]: Node 0, zone      DMA      1      1      1      1      2      1      0      0      1      1      3
2025-04-23T14:48:01.094132+08:00 Dky_app_00 linx[131320]: Node 0, zone    DMA32     80     36     45     33     25     34     10     11      9     54     29
2025-04-23T14:48:01.094145+08:00 Dky_app_00 linx[131320]: Node 0, zone   Normal   1038   1481    764    294   1411    256  20927  12620   4974    492    169
2025-04-23T14:48:01.094161+08:00 Dky_app_00 linx[131320]: Node 1, zone   Normal    216    947    645    420   1698  25333  21276  10932   3747    242    400
2025-04-23T14:48:01.094181+08:00 Dky_app_00 linx[131320]: Node 2, zone   Normal   1406   1181    550    268    143    563   6373   6427   2193    628    676
2025-04-23T14:48:01.094189+08:00 Dky_app_00 linx[131320]: Node 3, zone   Normal   2353   4393   4265    918  13060  60811  32864  12332   3069     21      4
2025-04-23T14:48:01.094194+08:00 Dky_app_00 linx[131320]: Node 4, zone   Normal   1765   1089  68393 121987  96180  64354  33131  10318   1571      5      0
2025-04-23T14:48:01.094205+08:00 Dky_app_00 linx[131320]: Node 5, zone   Normal   1264   1066    472    141   2458   6387  19972   9994   3675    735    426
2025-04-23T14:48:01.094215+08:00 Dky_app_00 linx[131320]: Node 6, zone   Normal   2241   1146    477    184     88  17542  17186   4590   1379     34      0
2025-04-23T14:48:01.094227+08:00 Dky_app_00 linx[131320]: Node 7, zone   Normal    869   1051  29870  38922  42017  31376  19801  10576   3790    522    292
2025-04-23T14:48:01.095185+08:00 Dky_app_00 linx[131322]: top-detail:
2025-04-23T14:48:01.744993+08:00 Dky_app_00 linx[131325]: top - 14:48:01 up 1551 days,  2:30,  7 users,  load average: 67.08, 44.82, 24.51
2025-04-23T14:48:01.745008+08:00 Dky_app_00 linx[131325]: Tasks: 3099 total,   1 running, 3098 sleeping,   0 stopped,   0 zombie
2025-04-23T14:48:01.745013+08:00 Dky_app_00 linx[131325]: Cpu(s):  3.5%us,  1.2%sy,  0.0%ni, 94.6%id,  0.7%wa,  0.0%hi,  0.0%si,  0.0%st
2025-04-23T14:48:01.745017+08:00 Dky_app_00 linx[131325]: Mem:  529310592k total, 363233880k used, 166076712k free,    66884k buffers
2025-04-23T14:48:01.745020+08:00 Dky_app_00 linx[131325]: Swap: 62499836k total,        0k used, 62499836k free, 66923308k cached
2025-04-23T14:48:01.745022+08:00 Dky_app_00 linx[131325]:
2025-04-23T14:48:01.745025+08:00 Dky_app_00 linx[131325]:    PID USER      PR  NI  VIRT  RES  SHR S %CPU %MEM    TIME+  COMMAND
2025-04-23T14:48:01.745028+08:00 Dky_app_00 linx[131325]:  10414 dmdba     20   0  375g 272g 214m S  237 54.1  90114,30 dmserver
2025-04-23T14:48:01.745040+08:00 Dky_app_00 linx[131325]: 131323 sysadmin  20   0 12844 3432  760 R   10  0.0   0:00.13 top
2025-04-23T14:48:01.745050+08:00 Dky_app_00 linx[131325]:     81 root      20   0     0    0    0 S    2  0.0 349:18.73 ksoftirqd/19
2025-04-23T14:48:01.745059+08:00 Dky_app_00 linx[131325]:    295 root      RT   0     0    0    0 S    2  0.0 103:12.36 migration/73
2025-04-23T14:48:01.745065+08:00 Dky_app_00 linx[131325]:    656 root      20   0     0    0    0 S    2  0.0  59:40.37 events/77
2025-04-23T14:48:01.745074+08:00 Dky_app_00 linx[131325]:    685 root      20   0     0    0    0 S    2  0.0  57:09.62 events/106
2025-04-23T14:48:01.745085+08:00 Dky_app_00 linx[131325]:  41212 sysadmin  20   0 1095m  30m 2944 S    2  0.0  29081:41 linx_smp
2025-04-23T14:48:01.745088+08:00 Dky_app_00 linx[131325]:      1 root      20   0  7852  612  512 S    0  0.0  31:07.27 init
2025-04-23T14:48:01.745092+08:00 Dky_app_00 linx[131325]:      2 root      20   0     0    0    0 S    0  0.0   0:02.80 kthreadd
2025-04-23T14:48:01.745110+08:00 Dky_app_00 linx[131325]:      3 root      RT   0     0    0    0 S    0  0.0 112:36.32 migration/0
2025-04-23T14:48:01.745117+08:00 Dky_app_00 linx[131325]:      4 root      20   0     0    0    0 S    0  0.0  84:30.34 ksoftirqd/0
2025-04-23T14:48:01.745122+08:00 Dky_app_00 linx[131325]:      5 root      RT   0     0    0    0 S    0  0.0   0:00.00 stopper/0
2025-04-23T14:48:01.745130+08:00 Dky_app_00 linx[131325]:      6 root      RT   0     0    0    0 S    0  0.0   2:55.88 watchdog/0
2025-04-23T14:50:01.865466+08:00 Dky_app_00 /usr/sbin/cron[135069]: (root) CMD (sh /usr/bin/msmp >> /var/log/msmp.log )
2025-04-23T14:50:01.865545+08:00 Dky_app_00 /usr/sbin/cron[135070]: (sysadmin) CMD (/usr/sbin/get_max_mem_process.sh)
2025-04-23T14:50:01.865641+08:00 Dky_app_00 /usr/sbin/cron[135071]: (root) CMD (/usr/local/rising/linuxRav/bin/ravdaemon > /dev/null 2>&1)
2025-04-23T14:50:01.865728+08:00 Dky_app_00 /usr/sbin/cron[135072]: (root) CMD (/home/dmdba/drop_cached.sh)
2025-04-23T14:50:01.865888+08:00 Dky_app_00 /usr/sbin/cron[135073]: (dmdba) CMD (sh /home/dmdba/dm/db_sessmon.sh)
2025-04-23T14:50:01.865923+08:00 Dky_app_00 /usr/sbin/cron[135074]: (dmdba) CMD (sh net_colsewait_mon.sh)
2025-04-23T14:50:01.868909+08:00 Dky_app_00 linx[135079]: uptime
2025-04-23T14:50:01.917204+08:00 Dky_app_00 linx[135093]:  14:50:01 up 1551 days,  2:32,  7 users,  load average: 67.95, 52.45, 29.76
2025-04-23T14:50:01.918369+08:00 Dky_app_00 linx[135104]: free -m
2025-04-23T14:50:01.921875+08:00 Dky_app_00 linx[135106]:              total       used       free     shared    buffers     cached
2025-04-23T14:50:01.921891+08:00 Dky_app_00 linx[135106]: Mem:        516904     354702     162202          0         65      65287
2025-04-23T14:50:01.921897+08:00 Dky_app_00 linx[135106]: -/+ buffers/cache:     289348     227556
2025-04-23T14:50:01.921909+08:00 Dky_app_00 linx[135106]: Swap:        61034          0      61034
2025-04-23T14:50:01.923114+08:00 Dky_app_00 linx[135108]: df -h
2025-04-23T14:50:01.924552+08:00 Dky_app_00 linx[135110]: Filesystem            Size  Used Avail Use% Mounted on
2025-04-23T14:50:01.924569+08:00 Dky_app_00 linx[135110]: /dev/sda2             185G   75G  101G  43% /
2025-04-23T14:50:01.924574+08:00 Dky_app_00 linx[135110]: /dev/sda3             585G  296G  260G  54% /home
2025-04-23T14:50:01.924584+08:00 Dky_app_00 linx[135110]: /dev/sdav             3.0T  1.3T  1.6T  45% /dbbak
2025-04-23T14:50:01.924592+08:00 Dky_app_00 linx[135110]: /dev/mapper/dmarch_22-arch
2025-04-23T14:50:01.924611+08:00 Dky_app_00 linx[135110]:                       886G  680G  162G  81% /dbarch
2025-04-23T14:50:01.924627+08:00 Dky_app_00 linx[135110]: tmpfs                  20M   36K   20M   1% /tmp/smp
2025-04-23T14:50:01.924631+08:00 Dky_app_00 linx[135110]: 192.168.9.23:/dbarch/arch_rac1
2025-04-23T14:50:01.924647+08:00 Dky_app_00 linx[135110]:                       788G  681G   68G  91% /dbarch/arch_dsc1_kafka
2025-04-23T14:50:01.925836+08:00 Dky_app_00 linx[135112]: df -ih
2025-04-23T14:50:01.927136+08:00 Dky_app_00 linx[135114]: Filesystem            Inodes   IUsed   IFree IUse% Mounted on
2025-04-23T14:50:01.927149+08:00 Dky_app_00 linx[135114]: /dev/sda2                12M    2.1M    9.7M   18% /
2025-04-23T14:50:01.927159+08:00 Dky_app_00 linx[135114]: /dev/sda3                37M     28K     37M    1% /home
2025-04-23T14:50:01.927176+08:00 Dky_app_00 linx[135114]: /dev/sdav               192M     11K    192M    1% /dbbak
2025-04-23T14:50:01.927193+08:00 Dky_app_00 linx[135114]: /dev/mapper/dmarch_22-arch
2025-04-23T14:50:01.927201+08:00 Dky_app_00 linx[135114]:                          57M     463     57M    1% /dbarch
2025-04-23T14:50:01.927212+08:00 Dky_app_00 linx[135114]: tmpfs                    64M      13     64M    1% /tmp/smp
2025-04-23T14:50:01.927229+08:00 Dky_app_00 linx[135114]: 192.168.9.23:/dbarch/arch_rac1
2025-04-23T14:50:01.927236+08:00 Dky_app_00 linx[135114]:                          50M     353     50M    1% /dbarch/arch_dsc1_kafka
2025-04-23T14:50:01.928343+08:00 Dky_app_00 linx[135116]: iostat -x
2025-04-23T14:50:01.933015+08:00 Dky_app_00 linx[135118]: Linux 2.6.32-Rocky4.2-x86_64 (Dky_app_00) #01104/23/25 #011_x86_64_
2025-04-23T14:50:01.933030+08:00 Dky_app_00 linx[135118]:
2025-04-23T14:50:01.936882+08:00 Dky_app_00 linx[135118]: avg-cpu:  %user   %nice %system %iowait  %steal   %idle
2025-04-23T14:50:01.936892+08:00 Dky_app_00 linx[135118]:            3.47    0.00    1.30    0.67    0.00   94.61
2025-04-23T14:50:01.936901+08:00 Dky_app_00 linx[135118]:
2025-04-23T14:50:01.936925+08:00 Dky_app_00 linx[135118]: Device:         rrqm/s   wrqm/s     r/s     w/s   rsec/s   wsec/s avgrq-sz avgqu-sz   await  svctm  %util
2025-04-23T14:50:01.936937+08:00 Dky_app_00 linx[135118]: sda               0.02   223.59    0.15   13.30    17.67  1895.15   142.21     0.01    0.68   0.13   0.18
2025-04-23T14:50:01.936945+08:00 Dky_app_00 linx[135118]: sda1              0.00     0.00    0.00    0.00     0.00     0.00    40.85     0.00    2.01   2.01   0.00
2025-04-23T14:50:01.936962+08:00 Dky_app_00 linx[135118]: sda2              0.02    18.33    0.06    1.67     8.47   159.98    97.22     0.00    0.54   0.35   0.06
2025-04-23T14:50:01.936973+08:00 Dky_app_00 linx[135118]: sda3              0.00   205.26    0.08   11.63     9.20  1735.17   148.86     0.01    0.70   0.11   0.13
2025-04-23T14:50:01.936984+08:00 Dky_app_00 linx[135118]: sdb               0.00     0.00    9.08   71.73   595.37  4604.29    64.34     0.01    0.18   0.29   2.33
2025-04-23T14:50:01.936991+08:00 Dky_app_00 linx[135118]: sdc               0.00     0.00    7.48   35.35   476.07  2281.32    64.39     0.00    0.83   0.70   3.00
2025-04-23T14:50:01.936998+08:00 Dky_app_00 linx[135118]: sdd               0.00     0.00    5.51    5.92   349.88   389.76    64.69     0.02    1.89   1.65   1.89
2025-04-23T14:50:01.937019+08:00 Dky_app_00 linx[135118]: sde               0.00     0.00    9.33   42.90   586.70   984.40    30.08     0.02    0.29   0.29   1.50
2025-04-23T14:50:01.937033+08:00 Dky_app_00 linx[135118]: sdf               0.00     0.00    0.00    0.00     0.00     0.00    28.82     0.00    8.78   8.78   0.00
2025-04-23T14:50:01.937039+08:00 Dky_app_00 linx[135118]: sdg               0.00     0.00    0.20    0.00     1.56     0.00     8.00     0.00    0.10   0.10   0.00
2025-04-23T14:50:01.937053+08:00 Dky_app_00 linx[135118]: sdh               0.00     0.00    0.10    4.38     2.46  2869.98   641.69     0.00    0.85   1.66   0.74
2025-04-23T14:50:01.937070+08:00 Dky_app_00 linx[135118]: sdi               0.00     0.00    9.09   71.72   596.34  4603.31    64.34     0.01    0.08   0.24   1.91
2025-04-23T14:50:01.937076+08:00 Dky_app_00 linx[135118]: sdj               0.00     0.00    7.47   35.35   475.66  2281.76    64.39     0.01    0.93   0.02   0.08
2025-04-23T14:50:01.937088+08:00 Dky_app_00 linx[135118]: sdk               0.00     0.00    5.51    5.92   350.04   389.60    64.69     0.02    1.78   1.58   1.80
2025-04-23T14:50:01.937095+08:00 Dky_app_00 linx[135118]: sdl               0.00     0.00    9.10   43.13   569.60  1000.56    30.06     0.02    0.37   0.37   1.93
2025-04-23T14:50:01.937112+08:00 Dky_app_00 linx[135118]: sdm               0.00     0.00    0.00    0.00     0.00     0.00    28.53     0.00    0.20   0.20   0.00
2025-04-23T14:50:01.937122+08:00 Dky_app_00 linx[135118]: sdn               0.00     0.00    0.20    0.00     1.56     0.00     8.00     0.00    0.10   0.10   0.00
2025-04-23T14:50:01.937146+08:00 Dky_app_00 linx[135118]: sdo               0.00     0.00    0.10    4.38     2.46  2855.94   638.54     0.00    0.52   1.57   0.70
2025-04-23T14:50:01.937152+08:00 Dky_app_00 linx[135118]: sdq               0.00     0.00    7.47   35.36   475.34  2282.06    64.39     0.01    0.92   0.02   0.07
2025-04-23T14:50:01.937171+08:00 Dky_app_00 linx[135118]: sdr               0.00     0.00    5.52    5.92   350.22   389.43    64.69     0.02    1.78   1.57   1.80
2025-04-23T14:50:01.937182+08:00 Dky_app_00 linx[135118]: sds               0.00     0.00    9.21   43.02   577.27  1007.99    30.35     0.02    0.36   0.36   1.90
2025-04-23T14:50:01.937192+08:00 Dky_app_00 linx[135118]: sdt               0.00     0.00    0.00    0.00     0.00     0.00    28.50     0.00    0.16   0.16   0.00
2025-04-23T14:50:01.937215+08:00 Dky_app_00 linx[135118]: sdu               0.00     0.00    0.20    0.00     1.56     0.00     8.00     0.00    0.09   0.09   0.00
2025-04-23T14:50:01.937234+08:00 Dky_app_00 linx[135118]: sdv               0.00     0.00    0.10    4.38     2.46  2844.64   636.01     0.00    0.52   1.57   0.70
2025-04-23T14:50:01.937243+08:00 Dky_app_00 linx[135118]: sdw               0.00     0.00    9.09   71.72   595.92  4603.73    64.34     0.01    0.18   0.29   2.34
2025-04-23T14:50:01.937249+08:00 Dky_app_00 linx[135118]: sdx               0.00     0.00    7.48   35.35   475.69  2281.70    64.39     0.00    0.83   0.71   3.02
2025-04-23T14:50:01.937260+08:00 Dky_app_00 linx[135118]: sdy               0.00     0.00    5.51    5.92   350.00   389.64    64.69     0.02    1.92   1.67   1.91
2025-04-23T14:50:01.937266+08:00 Dky_app_00 linx[135118]: sdz               0.00     0.00    9.36   42.87   587.87   996.05    30.33     0.02    0.29   0.29   1.50
2025-04-23T14:50:01.937283+08:00 Dky_app_00 linx[135118]: sdab              0.00     0.00    0.20    0.00     1.56     0.00     8.00     0.00    0.09   0.09   0.00
2025-04-23T14:50:01.937289+08:00 Dky_app_00 linx[135118]: sdaa              0.00     0.00    0.00    0.00     0.00     0.00    28.50     0.00    0.22   0.22   0.00
2025-04-23T14:50:01.937303+08:00 Dky_app_00 linx[135118]: sdac              0.00     0.00    0.10    4.38     2.46  2852.48   637.77     0.00    0.84   1.66   0.74
2025-04-23T14:50:01.937308+08:00 Dky_app_00 linx[135118]: sdad              0.00     0.00    9.08   71.73   595.16  4604.49    64.34     0.01    0.08   0.23   1.89
2025-04-23T14:50:01.937327+08:00 Dky_app_00 linx[135118]: sdaf              0.00     0.00    5.51    5.92   349.86   389.78    64.69     0.02    1.79   1.58   1.80
2025-04-23T14:50:01.937345+08:00 Dky_app_00 linx[135118]: sdag              0.00     0.00    9.34   42.89   587.82   983.17    30.08     0.02    0.36   0.36   1.89
2025-04-23T14:50:01.937361+08:00 Dky_app_00 linx[135118]: sdah              0.00     0.00    0.00    0.00     0.00     0.00    28.59     0.00    0.12   0.12   0.00
2025-04-23T14:50:01.937376+08:00 Dky_app_00 linx[135118]: sdae              0.00     0.00    7.48   35.34   476.17  2281.23    64.39     0.01    0.92   0.01   0.06
2025-04-23T14:50:01.937385+08:00 Dky_app_00 linx[135118]: sdai              0.00     0.00    0.20    0.00     1.56     0.00     8.00     0.00    0.08   0.08   0.00
2025-04-23T14:50:01.937402+08:00 Dky_app_00 linx[135118]: sdaj              0.00     0.00    0.10    4.38     2.46  2868.50   641.34     0.00    0.51   1.57   0.70
2025-04-23T14:50:01.937414+08:00 Dky_app_00 linx[135118]: sdak              0.00     0.00    9.10   71.71   596.68  4602.95    64.34     0.01    0.08   0.23   1.88
2025-04-23T14:50:01.937431+08:00 Dky_app_00 linx[135118]: sdal              0.00     0.00    7.47   35.36   475.41  2281.99    64.39     0.01    0.92   0.02   0.06
2025-04-23T14:50:01.937448+08:00 Dky_app_00 linx[135118]: sdam              0.00     0.00    5.51    5.92   350.14   389.50    64.69     0.02    1.78   1.57   1.79
2025-04-23T14:50:01.937461+08:00 Dky_app_00 linx[135118]: sdan              0.00     0.00    9.17   43.06   574.91  1006.79    30.28     0.02    0.36   0.36   1.86
2025-04-23T14:50:01.937472+08:00 Dky_app_00 linx[135118]: sdao              0.00     0.00    0.00    0.00     0.00     0.00    28.59     0.00    0.13   0.13   0.00
2025-04-23T14:50:01.937480+08:00 Dky_app_00 linx[135118]: sdap              0.00     0.00    0.20    0.00     1.56     0.00     8.00     0.00    0.08   0.08   0.00
2025-04-23T14:50:01.937493+08:00 Dky_app_00 linx[135118]: sdaq              0.00     0.00    0.10    4.38     2.46  2847.10   636.56     0.00    0.51   1.57   0.70
2025-04-23T14:50:01.937510+08:00 Dky_app_00 linx[135118]: sdar              0.00     0.00    9.11   71.70   597.33  4602.32    64.34     0.02    0.19   0.30   2.39
2025-04-23T14:50:01.937522+08:00 Dky_app_00 linx[135118]: sdas              0.00     0.00    7.47   35.36   475.28  2282.12    64.39     0.00    0.85   0.72   3.07
2025-04-23T14:50:01.937535+08:00 Dky_app_00 linx[135118]: sdat              0.00     0.00    5.52    5.92   350.26   389.38    64.69     0.02    1.96   1.70   1.94
2025-04-23T14:50:01.937552+08:00 Dky_app_00 linx[135118]: sdau              0.00     0.00    9.22   43.01   577.54  1008.70    30.37     0.02    0.31   0.30   1.59
2025-04-23T14:50:01.937562+08:00 Dky_app_00 linx[135118]: sdav              0.00    11.20    0.30    0.11    75.39    90.50   406.11     0.01   12.52   0.70   0.03
2025-04-23T14:50:01.937573+08:00 Dky_app_00 linx[135118]: sdaw              0.00     0.00    0.20    0.00     1.56     0.00     8.00     0.00    0.08   0.08   0.00
2025-04-23T14:50:01.937586+08:00 Dky_app_00 linx[135118]: sday              0.00     0.00    9.08   71.73   595.65  4604.00    64.34     0.01    0.17   0.29   2.31
2025-04-23T14:50:01.937607+08:00 Dky_app_00 linx[135118]: sdaz              0.00     0.00    7.48   35.35   475.91  2281.48    64.39     0.00    0.83   0.70   2.99
2025-04-23T14:50:01.937611+08:00 Dky_app_00 linx[135118]: sdba              0.00     0.00    5.51    5.92   349.91   389.73    64.69     0.02    1.90   1.65   1.89
2025-04-23T14:50:01.937635+08:00 Dky_app_00 linx[135118]: sdbb              0.00     0.00    9.34   42.89   586.93   987.35    30.14     0.01    0.28   0.28   1.45
2025-04-23T14:50:01.937645+08:00 Dky_app_00 linx[135118]: sdbc              0.00     0.00    0.00    0.00     0.00     0.00    28.55     0.00    0.21   0.21   0.00
2025-04-23T14:50:01.937658+08:00 Dky_app_00 linx[135118]: sdbd              0.00     0.00    0.20    0.00     1.56     0.00     8.00     0.00    0.07   0.07   0.00
2025-04-23T14:50:01.937678+08:00 Dky_app_00 linx[135118]: sdbe              0.00     0.00    0.10    4.38     2.46  2844.01   635.88     0.00    0.82   1.65   0.74
2025-04-23T14:50:01.937683+08:00 Dky_app_00 linx[135118]: sdax              0.00     0.00    0.10    4.38     2.46  2871.77   642.09     0.00    0.85   1.66   0.74
2025-04-23T14:50:01.937687+08:00 Dky_app_00 linx[135118]: dm-0              0.00     0.70   72.34  573.75  4766.28 36827.73    64.38     0.02    0.04   0.04   2.82
2025-04-23T14:50:01.937709+08:00 Dky_app_00 linx[135118]: dm-1              0.00     0.34   59.40  282.81  3802.32 18253.66    64.45     0.01    0.04   0.05   1.69
2025-04-23T14:50:01.937718+08:00 Dky_app_00 linx[135118]: dm-2              0.01     0.04   43.70   47.37  2797.12  3116.83    64.94     0.01    0.46   0.18   1.60
2025-04-23T14:50:01.937737+08:00 Dky_app_00 linx[135118]: dm-3              0.00     0.00   73.67  343.78  4645.45  7975.01    30.23     0.01    0.10   0.01   0.60
2025-04-23T14:50:01.937753+08:00 Dky_app_00 linx[135118]: dm-4              0.00     0.00    0.00    0.00     0.00     0.00    15.59     0.00   17.28  17.28   0.00
2025-04-23T14:50:01.937765+08:00 Dky_app_00 linx[135118]: dm-5              0.00  2821.76    0.37   35.04    16.46 22854.43   645.84     0.01    0.38   0.29   1.02
2025-04-23T14:50:01.937777+08:00 Dky_app_00 linx[135118]: dm-6              0.00     0.00   25.49    3.00   333.40     3.00    11.81     0.01    0.36   0.36   1.02
2025-04-23T14:50:01.937795+08:00 Dky_app_00 linx[135118]: dm-7              0.00     0.00   45.80    0.00  4287.08     0.03    93.60     0.02    0.41   0.41   1.89
2025-04-23T14:50:01.937809+08:00 Dky_app_00 linx[135118]: dm-8              0.00     0.00    2.38  340.78    24.97  7971.99    23.30     0.01    0.03   0.03   1.04
2025-04-23T14:50:01.937816+08:00 Dky_app_00 linx[135118]: dm-9              0.00     0.00    0.37 2856.80    16.45 22854.43     8.00     0.02    0.00   0.00   1.03
2025-04-23T14:50:01.937829+08:00 Dky_app_00 linx[135118]:
2025-04-23T14:50:01.938883+08:00 Dky_app_00 linx[135120]: netstat -an |grep -i 'established'|wc -l
2025-04-23T14:50:01.980934+08:00 Dky_app_00 linx[135124]: 1293
2025-04-23T14:50:01.982135+08:00 Dky_app_00 linx[135132]: date
2025-04-23T14:50:01.983182+08:00 Dky_app_00 linx[135134]: Wed Apr 23 14:50:01 CST 2025
2025-04-23T14:50:01.984166+08:00 Dky_app_00 linx[135136]: cat   /proc/buddyinfo
2025-04-23T14:50:01.985149+08:00 Dky_app_00 linx[135138]: Node 0, zone      DMA      1      1      1      1      2      1      0      0      1      1      3
2025-04-23T14:50:01.985169+08:00 Dky_app_00 linx[135138]: Node 0, zone    DMA32     80     36     45     33     25     34     10     11      9     54     29
2025-04-23T14:50:01.985184+08:00 Dky_app_00 linx[135138]: Node 0, zone   Normal    992   1603    884    240   1414    256  20927  12620   4974    492    169
2025-04-23T14:50:01.985204+08:00 Dky_app_00 linx[135138]: Node 1, zone   Normal     88   1371   1007    515   1710  25286  21276  10932   3747    242    400
2025-04-23T14:50:01.985232+08:00 Dky_app_00 linx[135138]: Node 2, zone   Normal   2980   1370    586    273    145    563   6373   6427   2193    628    676
2025-04-23T14:50:01.985259+08:00 Dky_app_00 linx[135138]: Node 3, zone   Normal   2010   4332   4110    919  12889  60807  32864  12332   3069     20      0
2025-04-23T14:50:01.985268+08:00 Dky_app_00 linx[135138]: Node 4, zone   Normal   1809   1531  68416 121986  96179  64354  33131  10318   1571      5      0
2025-04-23T14:50:01.985274+08:00 Dky_app_00 linx[135138]: Node 5, zone   Normal   1679   1406    541    230   2432   6397  19972   9994   3675    732    426
2025-04-23T14:50:01.985288+08:00 Dky_app_00 linx[135138]: Node 6, zone   Normal    971   1514    700    236     87  17521  17186   4590   1379     34      0
2025-04-23T14:50:01.985307+08:00 Dky_app_00 linx[135138]: Node 7, zone   Normal   2227   1986  29965  39067  42017  31376  19801  10576   3790    522    292
2025-04-23T14:50:01.986356+08:00 Dky_app_00 linx[135140]: top-detail:
2025-04-23T14:52:01.774901+08:00 Dky_app_00 /usr/sbin/cron[138453]: (root) CMD (sh /usr/bin/msmp >> /var/log/msmp.log )
2025-04-23T14:52:01.774934+08:00 Dky_app_00 /usr/sbin/cron[138454]: (sysadmin) CMD (/usr/sbin/get_max_mem_process.sh)
2025-04-23T14:52:01.775069+08:00 Dky_app_00 /usr/sbin/cron[138455]: (root) CMD (/home/dmdba/drop_cached.sh)
2025-04-23T14:52:01.775167+08:00 Dky_app_00 /usr/sbin/cron[138456]: (dmdba) CMD (sh net_colsewait_mon.sh)
2025-04-23T14:52:01.775247+08:00 Dky_app_00 /usr/sbin/cron[138457]: (dmdba) CMD (sh /home/dmdba/dm/db_sessmon.sh)
2025-04-23T14:52:01.778110+08:00 Dky_app_00 linx[138461]: uptime
2025-04-23T14:52:01.799341+08:00 Dky_app_00 linx[138473]:  14:52:01 up 1551 days,  2:34,  7 users,  load average: 68.45, 57.76, 34.46
2025-04-23T14:52:01.800526+08:00 Dky_app_00 linx[138480]: free -m
2025-04-23T14:52:01.803885+08:00 Dky_app_00 linx[138482]:              total       used       free     shared    buffers     cached
2025-04-23T14:52:01.803900+08:00 Dky_app_00 linx[138482]: Mem:        516904     354808     162096          0         66      65320
2025-04-23T14:52:01.803912+08:00 Dky_app_00 linx[138482]: -/+ buffers/cache:     289421     227483
2025-04-23T14:52:01.803920+08:00 Dky_app_00 linx[138482]: Swap:        61034          0      61034
2025-04-23T14:52:01.805003+08:00 Dky_app_00 linx[138484]: df -h
2025-04-23T14:52:01.806500+08:00 Dky_app_00 linx[138486]: Filesystem            Size  Used Avail Use% Mounted on
2025-04-23T14:52:01.806523+08:00 Dky_app_00 linx[138486]: /dev/sda2             185G   75G  101G  43% /
2025-04-23T14:52:01.806528+08:00 Dky_app_00 linx[138486]: /dev/sda3             585G  296G  260G  54% /home
2025-04-23T14:52:01.806538+08:00 Dky_app_00 linx[138486]: /dev/sdav             3.0T  1.3T  1.6T  45% /dbbak
2025-04-23T14:52:01.806561+08:00 Dky_app_00 linx[138486]: /dev/mapper/dmarch_22-arch
2025-04-23T14:52:01.806575+08:00 Dky_app_00 linx[138486]:                       886G  680G  162G  81% /dbarch
2025-04-23T14:52:01.806594+08:00 Dky_app_00 linx[138486]: tmpfs                  20M   36K   20M   1% /tmp/smp
2025-04-23T14:52:01.806607+08:00 Dky_app_00 linx[138486]: 192.168.9.23:/dbarch/arch_rac1
2025-04-23T14:52:01.806626+08:00 Dky_app_00 linx[138486]:                       788G  681G   68G  91% /dbarch/arch_dsc1_kafka
2025-04-23T14:52:01.807850+08:00 Dky_app_00 linx[138488]: df -ih
2025-04-23T14:52:01.809042+08:00 Dky_app_00 linx[138490]: Filesystem            Inodes   IUsed   IFree IUse% Mounted on
2025-04-23T14:52:01.809065+08:00 Dky_app_00 linx[138490]: /dev/sda2                12M    2.1M    9.7M   18% /
2025-04-23T14:52:01.809080+08:00 Dky_app_00 linx[138490]: /dev/sda3                37M     28K     37M    1% /home
2025-04-23T14:52:01.809094+08:00 Dky_app_00 linx[138490]: /dev/sdav               192M     11K    192M    1% /dbbak
2025-04-23T14:52:01.809123+08:00 Dky_app_00 linx[138490]: /dev/mapper/dmarch_22-arch
2025-04-23T14:52:01.809150+08:00 Dky_app_00 linx[138490]:                          57M     463     57M    1% /dbarch
2025-04-23T14:52:01.809170+08:00 Dky_app_00 linx[138490]: tmpfs                    64M      13     64M    1% /tmp/smp
2025-04-23T14:52:01.809192+08:00 Dky_app_00 linx[138490]: 192.168.9.23:/dbarch/arch_rac1
2025-04-23T14:52:01.809224+08:00 Dky_app_00 linx[138490]:                          50M     353     50M    1% /dbarch/arch_dsc1_kafka
2025-04-23T14:52:01.810301+08:00 Dky_app_00 linx[138492]: iostat -x
2025-04-23T14:52:01.815172+08:00 Dky_app_00 linx[138494]: Linux 2.6.32-Rocky4.2-x86_64 (Dky_app_00) #01104/23/25 #011_x86_64_
2025-04-23T14:52:01.815185+08:00 Dky_app_00 linx[138494]:
2025-04-23T14:52:01.818845+08:00 Dky_app_00 linx[138494]: avg-cpu:  %user   %nice %system %iowait  %steal   %idle
2025-04-23T14:52:01.818861+08:00 Dky_app_00 linx[138494]:            3.47    0.00    1.30    0.67    0.00   94.61
2025-04-23T14:52:01.818874+08:00 Dky_app_00 linx[138494]:
2025-04-23T14:52:01.818887+08:00 Dky_app_00 linx[138494]: Device:         rrqm/s   wrqm/s     r/s     w/s   rsec/s   wsec/s avgrq-sz avgqu-sz   await  svctm  %util
2025-04-23T14:52:01.818930+08:00 Dky_app_00 linx[138494]: sda               0.02   223.59    0.15   13.30    17.67  1895.15   142.21     0.01    0.68   0.13   0.18
2025-04-23T14:52:01.818938+08:00 Dky_app_00 linx[138494]: sda1              0.00     0.00    0.00    0.00     0.00     0.00    40.85     0.00    2.01   2.01   0.00
2025-04-23T14:52:01.818954+08:00 Dky_app_00 linx[138494]: sda2              0.02    18.33    0.06    1.67     8.47   159.98    97.22     0.00    0.54   0.35   0.06
2025-04-23T14:52:01.818963+08:00 Dky_app_00 linx[138494]: sda3              0.00   205.26    0.08   11.63     9.20  1735.17   148.86     0.01    0.70   0.11   0.13
2025-04-23T14:52:01.818983+08:00 Dky_app_00 linx[138494]: sdb               0.00     0.00    9.08   71.73   595.37  4604.28    64.34     0.01    0.18   0.29   2.33
2025-04-23T14:52:01.819000+08:00 Dky_app_00 linx[138494]: sdc               0.00     0.00    7.48   35.35   476.07  2281.32    64.39     0.00    0.83   0.70   3.00
2025-04-23T14:52:01.819009+08:00 Dky_app_00 linx[138494]: sdd               0.00     0.00    5.51    5.92   349.88   389.76    64.69     0.02    1.89   1.65   1.89
2025-04-23T14:52:01.819038+08:00 Dky_app_00 linx[138494]: sde               0.00     0.00    9.33   42.90   586.70   984.40    30.08     0.02    0.29   0.29   1.50
2025-04-23T14:52:01.819052+08:00 Dky_app_00 linx[138494]: sdf               0.00     0.00    0.00    0.00     0.00     0.00    28.82     0.00    8.78   8.78   0.00
2025-04-23T14:52:01.819080+08:00 Dky_app_00 linx[138494]: sdg               0.00     0.00    0.20    0.00     1.56     0.00     8.00     0.00    0.10   0.10   0.00
2025-04-23T14:52:01.819088+08:00 Dky_app_00 linx[138494]: sdh               0.00     0.00    0.10    4.38     2.46  2869.98   641.69     0.00    0.85   1.66   0.74
2025-04-23T14:52:01.819116+08:00 Dky_app_00 linx[138494]: sdi               0.00     0.00    9.09   71.72   596.34  4603.30    64.34     0.01    0.08   0.24   1.91
2025-04-23T14:52:01.819125+08:00 Dky_app_00 linx[138494]: sdj               0.00     0.00    7.47   35.35   475.66  2281.75    64.39     0.01    0.93   0.02   0.08
2025-04-23T14:52:01.819136+08:00 Dky_app_00 linx[138494]: sdk               0.00     0.00    5.51    5.92   350.04   389.60    64.69     0.02    1.78   1.58   1.80
2025-04-23T14:52:01.819166+08:00 Dky_app_00 linx[138494]: sdl               0.00     0.00    9.10   43.13   569.60  1000.56    30.06     0.02    0.37   0.37   1.93
2025-04-23T14:52:01.819186+08:00 Dky_app_00 linx[138494]: sdm               0.00     0.00    0.00    0.00     0.00     0.00    28.53     0.00    0.20   0.20   0.00
2025-04-23T14:52:01.819211+08:00 Dky_app_00 linx[138494]: sdn               0.00     0.00    0.20    0.00     1.56     0.00     8.00     0.00    0.10   0.10   0.00
2025-04-23T14:52:01.819224+08:00 Dky_app_00 linx[138494]: sdo               0.00     0.00    0.10    4.38     2.46  2855.94   638.54     0.00    0.52   1.57   0.70
2025-04-23T14:52:01.819241+08:00 Dky_app_00 linx[138494]: sdq               0.00     0.00    7.47   35.36   475.34  2282.06    64.39     0.01    0.92   0.02   0.07
2025-04-23T14:52:01.819262+08:00 Dky_app_00 linx[138494]: sdr               0.00     0.00    5.52    5.92   350.22   389.43    64.69     0.02    1.78   1.57   1.80
2025-04-23T14:52:01.819271+08:00 Dky_app_00 linx[138494]: sds               0.00     0.00    9.21   43.02   577.27  1007.99    30.35     0.02    0.36   0.36   1.90
2025-04-23T14:52:01.819289+08:00 Dky_app_00 linx[138494]: sdt               0.00     0.00    0.00    0.00     0.00     0.00    28.50     0.00    0.16   0.16   0.00
2025-04-23T14:52:01.819304+08:00 Dky_app_00 linx[138494]: sdu               0.00     0.00    0.20    0.00     1.56     0.00     8.00     0.00    0.09   0.09   0.00
2025-04-23T14:52:01.819318+08:00 Dky_app_00 linx[138494]: sdv               0.00     0.00    0.10    4.38     2.46  2844.64   636.01     0.00    0.52   1.57   0.70
2025-04-23T14:52:01.819342+08:00 Dky_app_00 linx[138494]: sdw               0.00     0.00    9.09   71.72   595.92  4603.73    64.34     0.01    0.18   0.29   2.34
2025-04-23T14:52:01.819351+08:00 Dky_app_00 linx[138494]: sdx               0.00     0.00    7.48   35.35   475.69  2281.70    64.39     0.00    0.83   0.71   3.02
2025-04-23T14:52:01.819375+08:00 Dky_app_00 linx[138494]: sdy               0.00     0.00    5.51    5.92   350.00   389.64    64.69     0.02    1.92   1.67   1.91
2025-04-23T14:52:01.819398+08:00 Dky_app_00 linx[138494]: sdz               0.00     0.00    9.36   42.87   587.87   996.05    30.33     0.02    0.29   0.29   1.50
2025-04-23T14:52:01.819416+08:00 Dky_app_00 linx[138494]: sdab              0.00     0.00    0.20    0.00     1.56     0.00     8.00     0.00    0.09   0.09   0.00
2025-04-23T14:52:01.819432+08:00 Dky_app_00 linx[138494]: sdaa              0.00     0.00    0.00    0.00     0.00     0.00    28.50     0.00    0.22   0.22   0.00
2025-04-23T14:52:01.819450+08:00 Dky_app_00 linx[138494]: sdac              0.00     0.00    0.10    4.38     2.46  2852.48   637.77     0.00    0.84   1.66   0.74
2025-04-23T14:52:01.819466+08:00 Dky_app_00 linx[138494]: sdad              0.00     0.00    9.08   71.73   595.16  4604.48    64.34     0.01    0.08   0.23   1.89
2025-04-23T14:52:01.819476+08:00 Dky_app_00 linx[138494]: sdaf              0.00     0.00    5.51    5.92   349.86   389.78    64.69     0.02    1.79   1.58   1.80
2025-04-23T14:52:01.819503+08:00 Dky_app_00 linx[138494]: sdag              0.00     0.00    9.34   42.89   587.82   983.17    30.08     0.02    0.36   0.36   1.89
2025-04-23T14:52:01.819516+08:00 Dky_app_00 linx[138494]: sdah              0.00     0.00    0.00    0.00     0.00     0.00    28.59     0.00    0.12   0.12   0.00
2025-04-23T14:52:01.819536+08:00 Dky_app_00 linx[138494]: sdae              0.00     0.00    7.48   35.34   476.17  2281.23    64.39     0.01    0.92   0.01   0.06
2025-04-23T14:52:01.819545+08:00 Dky_app_00 linx[138494]: sdai              0.00     0.00    0.20    0.00     1.56     0.00     8.00     0.00    0.08   0.08   0.00
2025-04-23T14:52:01.819563+08:00 Dky_app_00 linx[138494]: sdaj              0.00     0.00    0.10    4.38     2.46  2868.50   641.34     0.00    0.51   1.57   0.70
2025-04-23T14:52:01.819576+08:00 Dky_app_00 linx[138494]: sdak              0.00     0.00    9.10   71.71   596.68  4602.95    64.34     0.01    0.08   0.23   1.88
2025-04-23T14:52:01.819586+08:00 Dky_app_00 linx[138494]: sdal              0.00     0.00    7.47   35.36   475.41  2281.99    64.39     0.01    0.92   0.02   0.06
2025-04-23T14:52:01.819591+08:00 Dky_app_00 linx[138494]: sdam              0.00     0.00    5.51    5.92   350.14   389.50    64.69     0.02    1.78   1.57   1.79
2025-04-23T14:52:01.819604+08:00 Dky_app_00 linx[138494]: sdan              0.00     0.00    9.17   43.06   574.91  1006.79    30.28     0.02    0.36   0.36   1.86
2025-04-23T14:52:01.819624+08:00 Dky_app_00 linx[138494]: sdao              0.00     0.00    0.00    0.00     0.00     0.00    28.59     0.00    0.13   0.13   0.00
2025-04-23T14:52:01.819634+08:00 Dky_app_00 linx[138494]: sdap              0.00     0.00    0.20    0.00     1.56     0.00     8.00     0.00    0.08   0.08   0.00
2025-04-23T14:52:01.819639+08:00 Dky_app_00 linx[138494]: sdaq              0.00     0.00    0.10    4.38     2.46  2847.10   636.56     0.00    0.51   1.57   0.70
2025-04-23T14:52:01.819650+08:00 Dky_app_00 linx[138494]: sdar              0.00     0.00    9.11   71.70   597.33  4602.31    64.34     0.02    0.19   0.30   2.39
2025-04-23T14:52:01.819667+08:00 Dky_app_00 linx[138494]: sdas              0.00     0.00    7.47   35.36   475.28  2282.12    64.39     0.00    0.85   0.72   3.07
2025-04-23T14:52:01.819679+08:00 Dky_app_00 linx[138494]: sdat              0.00     0.00    5.52    5.92   350.26   389.38    64.69     0.02    1.96   1.70   1.94
2025-04-23T14:52:01.819691+08:00 Dky_app_00 linx[138494]: sdau              0.00     0.00    9.22   43.01   577.54  1008.70    30.37     0.02    0.31   0.30   1.59
2025-04-23T14:52:01.819704+08:00 Dky_app_00 linx[138494]: sdav              0.00    11.20    0.30    0.11    75.39    90.50   406.11     0.01   12.52   0.70   0.03
2025-04-23T14:52:01.819718+08:00 Dky_app_00 linx[138494]: sdaw              0.00     0.00    0.20    0.00     1.56     0.00     8.00     0.00    0.08   0.08   0.00
2025-04-23T14:52:01.819730+08:00 Dky_app_00 linx[138494]: sday              0.00     0.00    9.08   71.73   595.65  4603.99    64.34     0.01    0.17   0.29   2.31
2025-04-23T14:52:01.819741+08:00 Dky_app_00 linx[138494]: sdaz              0.00     0.00    7.48   35.35   475.91  2281.47    64.39     0.00    0.83   0.70   2.99
2025-04-23T14:52:01.819748+08:00 Dky_app_00 linx[138494]: sdba              0.00     0.00    5.51    5.92   349.91   389.73    64.69     0.02    1.90   1.65   1.89
2025-04-23T14:52:01.819759+08:00 Dky_app_00 linx[138494]: sdbb              0.00     0.00    9.34   42.89   586.93   987.35    30.14     0.01    0.28   0.28   1.45
2025-04-23T14:52:01.819780+08:00 Dky_app_00 linx[138494]: sdbc              0.00     0.00    0.00    0.00     0.00     0.00    28.55     0.00    0.21   0.21   0.00
2025-04-23T14:52:01.819791+08:00 Dky_app_00 linx[138494]: sdbd              0.00     0.00    0.20    0.00     1.56     0.00     8.00     0.00    0.07   0.07   0.00
2025-04-23T14:52:01.819804+08:00 Dky_app_00 linx[138494]: sdbe              0.00     0.00    0.10    4.38     2.46  2844.01   635.88     0.00    0.82   1.65   0.74
2025-04-23T14:52:01.819823+08:00 Dky_app_00 linx[138494]: sdax              0.00     0.00    0.10    4.38     2.46  2871.77   642.09     0.00    0.85   1.66   0.74
2025-04-23T14:52:01.819839+08:00 Dky_app_00 linx[138494]: dm-0              0.00     0.70   72.34  573.75  4766.27 36827.70    64.38     0.02    0.04   0.04   2.82
2025-04-23T14:52:01.819859+08:00 Dky_app_00 linx[138494]: dm-1              0.00     0.34   59.40  282.81  3802.32 18253.64    64.45     0.01    0.04   0.05   1.69
2025-04-23T14:52:01.819868+08:00 Dky_app_00 linx[138494]: dm-2              0.01     0.04   43.70   47.37  2797.12  3116.82    64.94     0.01    0.46   0.18   1.60
2025-04-23T14:52:01.819877+08:00 Dky_app_00 linx[138494]: dm-3              0.00     0.00   73.67  343.77  4645.45  7975.01    30.23     0.01    0.10   0.01   0.60
2025-04-23T14:52:01.819893+08:00 Dky_app_00 linx[138494]: dm-4              0.00     0.00    0.00    0.00     0.00     0.00    15.59     0.00   17.28  17.28   0.00
2025-04-23T14:52:01.819910+08:00 Dky_app_00 linx[138494]: dm-5              0.00  2821.76    0.37   35.04    16.46 22854.41   645.84     0.01    0.38   0.29   1.02
2025-04-23T14:52:01.819931+08:00 Dky_app_00 linx[138494]: dm-6              0.00     0.00   25.49    3.00   333.40     3.00    11.81     0.01    0.36   0.36   1.02
2025-04-23T14:52:01.819953+08:00 Dky_app_00 linx[138494]: dm-7              0.00     0.00   45.80    0.00  4287.08     0.03    93.60     0.02    0.41   0.41   1.89
2025-04-23T14:52:01.819960+08:00 Dky_app_00 linx[138494]: dm-8              0.00     0.00    2.38  340.78    24.97  7971.98    23.30     0.01    0.03   0.03   1.04
2025-04-23T14:52:01.819983+08:00 Dky_app_00 linx[138494]: dm-9              0.00     0.00    0.37 2856.80    16.45 22854.41     8.00     0.02    0.00   0.00   1.03
2025-04-23T14:52:01.819994+08:00 Dky_app_00 linx[138494]:
2025-04-23T14:52:01.821115+08:00 Dky_app_00 linx[138496]: netstat -an |grep -i 'established'|wc -l
2025-04-23T14:52:01.873694+08:00 Dky_app_00 linx[138500]: 1336
2025-04-23T14:52:01.874743+08:00 Dky_app_00 linx[138504]: date
2025-04-23T14:52:01.875806+08:00 Dky_app_00 linx[138506]: Wed Apr 23 14:52:01 CST 2025
2025-04-23T14:52:01.876967+08:00 Dky_app_00 linx[138512]: cat   /proc/buddyinfo
2025-04-23T14:52:01.878023+08:00 Dky_app_00 linx[138515]: Node 0, zone      DMA      1      1      1      1      2      1      0      0      1      1      3
2025-04-23T14:52:01.878035+08:00 Dky_app_00 linx[138515]: Node 0, zone    DMA32     80     36     45     33     25     34     10     11      9     54     29
2025-04-23T14:52:01.878044+08:00 Dky_app_00 linx[138515]: Node 0, zone   Normal    774   1662    812    249   1415    256  20927  12620   4974    492    169
2025-04-23T14:52:01.878059+08:00 Dky_app_00 linx[138515]: Node 1, zone   Normal    200   1297    734    514   1709  25286  21276  10932   3747    242    400
2025-04-23T14:52:01.878066+08:00 Dky_app_00 linx[138515]: Node 2, zone   Normal   3089   1377    587    273    145    563   6373   6427   2193    628    676
2025-04-23T14:52:01.878084+08:00 Dky_app_00 linx[138515]: Node 3, zone   Normal   1495   4162   3731    944  12742  60803  32864  12332   3069      4      0
2025-04-23T14:52:01.878095+08:00 Dky_app_00 linx[138515]: Node 4, zone   Normal   1110   1271  68040 121986  96179  64354  33131  10318   1571      5      0
2025-04-23T14:52:01.878107+08:00 Dky_app_00 linx[138515]: Node 5, zone   Normal   1083   1132    498    109   2424   6397  19972   9994   3675    732    426
2025-04-23T14:52:01.878119+08:00 Dky_app_00 linx[138515]: Node 6, zone   Normal    602   1410    516    237     90  17521  17186   4590   1379     25      0
2025-04-23T14:52:01.878133+08:00 Dky_app_00 linx[138515]: Node 7, zone   Normal    713   1863  29962  39066  42016  31376  19801  10576   3790    522    292
2025-04-23T14:52:01.879058+08:00 Dky_app_00 linx[138517]: top-detail:
2025-04-23T14:54:01.656236+08:00 Dky_app_00 /usr/sbin/cron[141659]: (root) CMD (sh /usr/bin/msmp >> /var/log/msmp.log )
2025-04-23T14:54:01.656394+08:00 Dky_app_00 /usr/sbin/cron[141660]: (root) CMD (/home/dmdba/drop_cached.sh)
2025-04-23T14:54:01.656430+08:00 Dky_app_00 /usr/sbin/cron[141661]: (sysadmin) CMD (/usr/sbin/get_max_mem_process.sh)
2025-04-23T14:54:01.656578+08:00 Dky_app_00 /usr/sbin/cron[141662]: (dmdba) CMD (sh net_colsewait_mon.sh)
2025-04-23T14:54:01.657576+08:00 Dky_app_00 /usr/sbin/cron[141663]: (dmdba) CMD (sh /home/dmdba/dm/db_sessmon.sh)
2025-04-23T14:54:01.659470+08:00 Dky_app_00 linx[141667]: uptime
2025-04-23T14:54:01.684856+08:00 Dky_app_00 linx[141676]:  14:54:01 up 1551 days,  2:36,  7 users,  load average: 68.25, 61.21, 38.54
2025-04-23T14:54:01.685876+08:00 Dky_app_00 linx[141701]: free -m
2025-04-23T14:54:01.689173+08:00 Dky_app_00 linx[141703]:              total       used       free     shared    buffers     cached
2025-04-23T14:54:01.689188+08:00 Dky_app_00 linx[141703]: Mem:        516904     354943     161961          0         66      65352
2025-04-23T14:54:01.689197+08:00 Dky_app_00 linx[141703]: -/+ buffers/cache:     289524     227380
2025-04-23T14:54:01.689221+08:00 Dky_app_00 linx[141703]: Swap:        61034          0      61034
2025-04-23T14:54:01.690407+08:00 Dky_app_00 linx[141707]: df -h
2025-04-23T14:54:01.691839+08:00 Dky_app_00 linx[141709]: Filesystem            Size  Used Avail Use% Mounted on
2025-04-23T14:54:01.691863+08:00 Dky_app_00 linx[141709]: /dev/sda2             185G   75G  101G  43% /
2025-04-23T14:54:01.691867+08:00 Dky_app_00 linx[141709]: /dev/sda3             585G  296G  260G  54% /home
2025-04-23T14:54:01.691890+08:00 Dky_app_00 linx[141709]: /dev/sdav             3.0T  1.3T  1.6T  45% /dbbak
2025-04-23T14:54:01.691910+08:00 Dky_app_00 linx[141709]: /dev/mapper/dmarch_22-arch
2025-04-23T14:54:01.691956+08:00 Dky_app_00 linx[141709]:                       886G  680G  162G  81% /dbarch
2025-04-23T14:54:01.691977+08:00 Dky_app_00 linx[141709]: tmpfs                  20M   48K   20M   1% /tmp/smp
2025-04-23T14:54:01.692032+08:00 Dky_app_00 linx[141709]: 192.168.9.23:/dbarch/arch_rac1
2025-04-23T14:54:01.692041+08:00 Dky_app_00 linx[141709]:                       788G  681G   68G  91% /dbarch/arch_dsc1_kafka
2025-04-23T14:54:01.693167+08:00 Dky_app_00 linx[141714]: df -ih
2025-04-23T14:54:01.694367+08:00 Dky_app_00 linx[141716]: Filesystem            Inodes   IUsed   IFree IUse% Mounted on
2025-04-23T14:54:01.694381+08:00 Dky_app_00 linx[141716]: /dev/sda2                12M    2.1M    9.7M   18% /
2025-04-23T14:54:01.694401+08:00 Dky_app_00 linx[141716]: /dev/sda3                37M     28K     37M    1% /home
2025-04-23T14:54:01.694426+08:00 Dky_app_00 linx[141716]: /dev/sdav               192M     11K    192M    1% /dbbak
2025-04-23T14:54:01.694434+08:00 Dky_app_00 linx[141716]: /dev/mapper/dmarch_22-arch
2025-04-23T14:54:01.694456+08:00 Dky_app_00 linx[141716]:                          57M     463     57M    1% /dbarch
2025-04-23T14:54:01.694476+08:00 Dky_app_00 linx[141716]: tmpfs                    64M      13     64M    1% /tmp/smp
2025-04-23T14:54:01.694484+08:00 Dky_app_00 linx[141716]: 192.168.9.23:/dbarch/arch_rac1
2025-04-23T14:54:01.694505+08:00 Dky_app_00 linx[141716]:                          50M     353     50M    1% /dbarch/arch_dsc1_kafka
2025-04-23T14:54:01.695543+08:00 Dky_app_00 linx[141718]: iostat -x
2025-04-23T14:54:01.700816+08:00 Dky_app_00 linx[141720]: Linux 2.6.32-Rocky4.2-x86_64 (Dky_app_00) #01104/23/25 #011_x86_64_
2025-04-23T14:54:01.700838+08:00 Dky_app_00 linx[141720]:
2025-04-23T14:54:01.704448+08:00 Dky_app_00 linx[141720]: avg-cpu:  %user   %nice %system %iowait  %steal   %idle
2025-04-23T14:54:01.704475+08:00 Dky_app_00 linx[141720]:            3.47    0.00    1.30    0.67    0.00   94.61
2025-04-23T14:54:01.704483+08:00 Dky_app_00 linx[141720]:
2025-04-23T14:54:01.704500+08:00 Dky_app_00 linx[141720]: Device:         rrqm/s   wrqm/s     r/s     w/s   rsec/s   wsec/s avgrq-sz avgqu-sz   await  svctm  %util
2025-04-23T14:54:01.704528+08:00 Dky_app_00 linx[141720]: sda               0.02   223.59    0.15   13.30    17.67  1895.15   142.21     0.01    0.68   0.13   0.18
2025-04-23T14:54:01.704543+08:00 Dky_app_00 linx[141720]: sda1              0.00     0.00    0.00    0.00     0.00     0.00    40.85     0.00    2.01   2.01   0.00
2025-04-23T14:54:01.704557+08:00 Dky_app_00 linx[141720]: sda2              0.02    18.33    0.06    1.67     8.47   159.98    97.22     0.00    0.54   0.35   0.06
2025-04-23T14:54:01.704574+08:00 Dky_app_00 linx[141720]: sda3              0.00   205.26    0.08   11.63     9.20  1735.17   148.86     0.01    0.70   0.11   0.13
2025-04-23T14:54:01.704586+08:00 Dky_app_00 linx[141720]: sdb               0.00     0.00    9.08   71.73   595.37  4604.28    64.34     0.01    0.18   0.29   2.33
2025-04-23T14:54:01.704601+08:00 Dky_app_00 linx[141720]: sdc               0.00     0.00    7.48   35.34   476.07  2281.32    64.39     0.00    0.83   0.70   3.00
2025-04-23T14:54:01.704627+08:00 Dky_app_00 linx[141720]: sdd               0.00     0.00    5.51    5.92   349.88   389.76    64.69     0.02    1.89   1.65   1.89
2025-04-23T14:54:01.704636+08:00 Dky_app_00 linx[141720]: sde               0.00     0.00    9.33   42.90   586.70   984.40    30.08     0.02    0.29   0.29   1.50
2025-04-23T14:54:01.704655+08:00 Dky_app_00 linx[141720]: sdf               0.00     0.00    0.00    0.00     0.00     0.00    28.82     0.00    8.78   8.78   0.00
2025-04-23T14:54:01.704692+08:00 Dky_app_00 linx[141720]: sdg               0.00     0.00    0.20    0.00     1.56     0.00     8.00     0.00    0.10   0.10   0.00
2025-04-23T14:54:01.704700+08:00 Dky_app_00 linx[141720]: sdh               0.00     0.00    0.10    4.38     2.46  2869.98   641.69     0.00    0.85   1.66   0.74
2025-04-23T14:54:01.704717+08:00 Dky_app_00 linx[141720]: sdi               0.00     0.00    9.09   71.72   596.34  4603.30    64.34     0.01    0.08   0.24   1.91
2025-04-23T14:54:01.704736+08:00 Dky_app_00 linx[141720]: sdj               0.00     0.00    7.47   35.35   475.65  2281.75    64.39     0.01    0.93   0.02   0.08
2025-04-23T14:54:01.704766+08:00 Dky_app_00 linx[141720]: sdk               0.00     0.00    5.51    5.92   350.04   389.60    64.69     0.02    1.78   1.58   1.80
2025-04-23T14:54:01.704788+08:00 Dky_app_00 linx[141720]: sdl               0.00     0.00    9.10   43.13   569.60  1000.56    30.06     0.02    0.37   0.37   1.93
2025-04-23T14:54:01.704797+08:00 Dky_app_00 linx[141720]: sdm               0.00     0.00    0.00    0.00     0.00     0.00    28.53     0.00    0.20   0.20   0.00
2025-04-23T14:54:01.704812+08:00 Dky_app_00 linx[141720]: sdn               0.00     0.00    0.20    0.00     1.56     0.00     8.00     0.00    0.10   0.10   0.00
2025-04-23T14:54:01.704831+08:00 Dky_app_00 linx[141720]: sdo               0.00     0.00    0.10    4.38     2.46  2855.93   638.54     0.00    0.52   1.57   0.70
2025-04-23T14:54:01.704843+08:00 Dky_app_00 linx[141720]: sdq               0.00     0.00    7.47   35.36   475.34  2282.06    64.39     0.01    0.92   0.02   0.07
2025-04-23T14:54:01.704866+08:00 Dky_app_00 linx[141720]: sdr               0.00     0.00    5.52    5.92   350.22   389.43    64.69     0.02    1.78   1.57   1.80
2025-04-23T14:54:01.704895+08:00 Dky_app_00 linx[141720]: sds               0.00     0.00    9.21   43.02   577.27  1007.99    30.35     0.02    0.36   0.36   1.90
2025-04-23T14:54:01.704910+08:00 Dky_app_00 linx[141720]: sdt               0.00     0.00    0.00    0.00     0.00     0.00    28.50     0.00    0.16   0.16   0.00
2025-04-23T14:54:01.704928+08:00 Dky_app_00 linx[141720]: sdu               0.00     0.00    0.20    0.00     1.56     0.00     8.00     0.00    0.09   0.09   0.00
2025-04-23T14:54:01.704938+08:00 Dky_app_00 linx[141720]: sdv               0.00     0.00    0.10    4.38     2.46  2844.64   636.01     0.00    0.52   1.57   0.70
2025-04-23T14:54:01.704954+08:00 Dky_app_00 linx[141720]: sdw               0.00     0.00    9.09   71.72   595.92  4603.73    64.34     0.01    0.18   0.29   2.34
2025-04-23T14:54:01.704985+08:00 Dky_app_00 linx[141720]: sdx               0.00     0.00    7.48   35.35   475.69  2281.70    64.39     0.00    0.83   0.71   3.02
2025-04-23T14:54:01.705007+08:00 Dky_app_00 linx[141720]: sdy               0.00     0.00    5.51    5.92   350.00   389.64    64.69     0.02    1.92   1.67   1.91
2025-04-23T14:54:01.705021+08:00 Dky_app_00 linx[141720]: sdz               0.00     0.00    9.36   42.87   587.87   996.04    30.33     0.02    0.29   0.29   1.50
2025-04-23T14:54:01.705051+08:00 Dky_app_00 linx[141720]: sdab              0.00     0.00    0.20    0.00     1.56     0.00     8.00     0.00    0.09   0.09   0.00
2025-04-23T14:54:01.705063+08:00 Dky_app_00 linx[141720]: sdaa              0.00     0.00    0.00    0.00     0.00     0.00    28.50     0.00    0.22   0.22   0.00
2025-04-23T14:54:01.705073+08:00 Dky_app_00 linx[141720]: sdac              0.00     0.00    0.10    4.38     2.46  2852.48   637.77     0.00    0.84   1.66   0.74
2025-04-23T14:54:01.705089+08:00 Dky_app_00 linx[141720]: sdad              0.00     0.00    9.08   71.73   595.16  4604.48    64.34     0.01    0.08   0.23   1.89
2025-04-23T14:54:01.705103+08:00 Dky_app_00 linx[141720]: sdaf              0.00     0.00    5.51    5.92   349.86   389.78    64.69     0.02    1.79   1.58   1.80
2025-04-23T14:54:01.705118+08:00 Dky_app_00 linx[141720]: sdag              0.00     0.00    9.34   42.89   587.82   983.17    30.08     0.02    0.36   0.36   1.89
2025-04-23T14:54:01.705138+08:00 Dky_app_00 linx[141720]: sdah              0.00     0.00    0.00    0.00     0.00     0.00    28.59     0.00    0.12   0.12   0.00
2025-04-23T14:54:01.705178+08:00 Dky_app_00 linx[141720]: sdae              0.00     0.00    7.48   35.34   476.17  2281.22    64.39     0.01    0.92   0.01   0.06
2025-04-23T14:54:01.705194+08:00 Dky_app_00 linx[141720]: sdai              0.00     0.00    0.20    0.00     1.56     0.00     8.00     0.00    0.08   0.08   0.00
2025-04-23T14:54:01.705204+08:00 Dky_app_00 linx[141720]: sdaj              0.00     0.00    0.10    4.38     2.46  2868.50   641.34     0.00    0.51   1.57   0.70
2025-04-23T14:54:01.705214+08:00 Dky_app_00 linx[141720]: sdak              0.00     0.00    9.10   71.71   596.68  4602.95    64.34     0.01    0.08   0.23   1.88
2025-04-23T14:54:01.705225+08:00 Dky_app_00 linx[141720]: sdal              0.00     0.00    7.47   35.36   475.41  2281.99    64.39     0.01    0.92   0.02   0.06
2025-04-23T14:54:01.705231+08:00 Dky_app_00 linx[141720]: sdam              0.00     0.00    5.51    5.92   350.14   389.50    64.69     0.02    1.78   1.57   1.79
2025-04-23T14:54:01.705239+08:00 Dky_app_00 linx[141720]: sdan              0.00     0.00    9.17   43.06   574.91  1006.79    30.28     0.02    0.36   0.36   1.86
2025-04-23T14:54:01.705255+08:00 Dky_app_00 linx[141720]: sdao              0.00     0.00    0.00    0.00     0.00     0.00    28.59     0.00    0.13   0.13   0.00
2025-04-23T14:54:01.705272+08:00 Dky_app_00 linx[141720]: sdap              0.00     0.00    0.20    0.00     1.56     0.00     8.00     0.00    0.08   0.08   0.00
2025-04-23T14:54:01.705280+08:00 Dky_app_00 linx[141720]: sdaq              0.00     0.00    0.10    4.38     2.46  2847.09   636.56     0.00    0.51   1.57   0.70
2025-04-23T14:54:01.705286+08:00 Dky_app_00 linx[141720]: sdar              0.00     0.00    9.11   71.70   597.33  4602.31    64.34     0.02    0.19   0.30   2.39
2025-04-23T14:54:01.705309+08:00 Dky_app_00 linx[141720]: sdas              0.00     0.00    7.47   35.36   475.27  2282.12    64.39     0.00    0.85   0.72   3.07
2025-04-23T14:54:01.705322+08:00 Dky_app_00 linx[141720]: sdat              0.00     0.00    5.52    5.92   350.26   389.38    64.69     0.02    1.96   1.70   1.94
2025-04-23T14:54:01.705345+08:00 Dky_app_00 linx[141720]: sdau              0.00     0.00    9.22   43.01   577.54  1008.70    30.37     0.02    0.31   0.30   1.59
2025-04-23T14:54:01.705358+08:00 Dky_app_00 linx[141720]: sdav              0.00    11.20    0.30    0.11    75.39    90.50   406.11     0.01   12.52   0.70   0.03
2025-04-23T14:54:01.705379+08:00 Dky_app_00 linx[141720]: sdaw              0.00     0.00    0.20    0.00     1.56     0.00     8.00     0.00    0.08   0.08   0.00
2025-04-23T14:54:01.705400+08:00 Dky_app_00 linx[141720]: sday              0.00     0.00    9.08   71.73   595.65  4603.99    64.34     0.01    0.17   0.29   2.31
2025-04-23T14:54:01.705417+08:00 Dky_app_00 linx[141720]: sdaz              0.00     0.00    7.48   35.35   475.91  2281.47    64.39     0.00    0.83   0.70   2.99
2025-04-23T14:54:01.705434+08:00 Dky_app_00 linx[141720]: sdba              0.00     0.00    5.51    5.92   349.91   389.73    64.69     0.02    1.90   1.65   1.89
2025-04-23T14:54:01.705452+08:00 Dky_app_00 linx[141720]: sdbb              0.00     0.00    9.34   42.89   586.93   987.35    30.14     0.01    0.28   0.28   1.45
2025-04-23T14:54:01.705484+08:00 Dky_app_00 linx[141720]: sdbc              0.00     0.00    0.00    0.00     0.00     0.00    28.55     0.00    0.21   0.21   0.00
2025-04-23T14:54:01.705503+08:00 Dky_app_00 linx[141720]: sdbd              0.00     0.00    0.20    0.00     1.56     0.00     8.00     0.00    0.07   0.07   0.00
2025-04-23T14:54:01.705516+08:00 Dky_app_00 linx[141720]: sdbe              0.00     0.00    0.10    4.38     2.46  2844.00   635.88     0.00    0.82   1.65   0.74
2025-04-23T14:54:01.705521+08:00 Dky_app_00 linx[141720]: sdax              0.00     0.00    0.10    4.38     2.46  2871.77   642.09     0.00    0.85   1.66   0.74
2025-04-23T14:54:01.705529+08:00 Dky_app_00 linx[141720]: dm-0              0.00     0.70   72.34  573.74  4766.27 36827.67    64.38     0.02    0.04   0.04   2.82
2025-04-23T14:54:01.705555+08:00 Dky_app_00 linx[141720]: dm-1              0.00     0.34   59.40  282.81  3802.32 18253.63    64.45     0.01    0.04   0.05   1.69
2025-04-23T14:54:01.705575+08:00 Dky_app_00 linx[141720]: dm-2              0.01     0.04   43.70   47.37  2797.12  3116.82    64.94     0.01    0.46   0.18   1.60
2025-04-23T14:54:01.705588+08:00 Dky_app_00 linx[141720]: dm-3              0.00     0.00   73.67  343.77  4645.45  7975.00    30.23     0.01    0.10   0.01   0.60
2025-04-23T14:54:01.705608+08:00 Dky_app_00 linx[141720]: dm-4              0.00     0.00    0.00    0.00     0.00     0.00    15.59     0.00   17.28  17.28   0.00
2025-04-23T14:54:01.705622+08:00 Dky_app_00 linx[141720]: dm-5              0.00  2821.75    0.37   35.04    16.46 22854.39   645.84     0.01    0.38   0.29   1.02
2025-04-23T14:54:01.705643+08:00 Dky_app_00 linx[141720]: dm-6              0.00     0.00   25.49    3.00   333.40     3.00    11.81     0.01    0.36   0.36   1.02
2025-04-23T14:54:01.705667+08:00 Dky_app_00 linx[141720]: dm-7              0.00     0.00   45.80    0.00  4287.08     0.03    93.60     0.02    0.41   0.41   1.89
2025-04-23T14:54:01.705693+08:00 Dky_app_00 linx[141720]: dm-8              0.00     0.00    2.38  340.78    24.97  7971.97    23.30     0.01    0.03   0.03   1.04
2025-04-23T14:54:01.705710+08:00 Dky_app_00 linx[141720]: dm-9              0.00     0.00    0.37 2856.80    16.45 22854.39     8.00     0.02    0.00   0.00   1.03
2025-04-23T14:54:01.705727+08:00 Dky_app_00 linx[141720]:
2025-04-23T14:54:01.706731+08:00 Dky_app_00 linx[141722]: netstat -an |grep -i 'established'|wc -l
2025-04-23T14:54:01.753584+08:00 Dky_app_00 linx[141726]: 1323
2025-04-23T14:54:01.754592+08:00 Dky_app_00 linx[141728]: date
2025-04-23T14:54:01.755533+08:00 Dky_app_00 linx[141730]: Wed Apr 23 14:54:01 CST 2025
2025-04-23T14:54:01.756463+08:00 Dky_app_00 linx[141732]: cat   /proc/buddyinfo
2025-04-23T14:54:01.757460+08:00 Dky_app_00 linx[141734]: Node 0, zone      DMA      1      1      1      1      2      1      0      0      1      1      3
2025-04-23T14:54:01.757472+08:00 Dky_app_00 linx[141734]: Node 0, zone    DMA32     80     36     45     33     25     34     10     11      9     54     29
2025-04-23T14:54:01.757477+08:00 Dky_app_00 linx[141734]: Node 0, zone   Normal    586   1271    785    240   1414    257  20927  12621   4973    492    169
2025-04-23T14:54:01.757498+08:00 Dky_app_00 linx[141734]: Node 1, zone   Normal     80    892    752    393   1680  25280  21276  10932   3747    242    400
2025-04-23T14:54:01.757502+08:00 Dky_app_00 linx[141734]: Node 2, zone   Normal   3026   1378    587    274    146    563   6373   6427   2193    607    676
2025-04-23T14:54:01.757509+08:00 Dky_app_00 linx[141734]: Node 3, zone   Normal    683   4065   3488    957  12624  60799  32864  12332   3069      4      0
2025-04-23T14:54:01.757513+08:00 Dky_app_00 linx[141734]: Node 4, zone   Normal    887   1103  67744 121986  96179  64354  33131  10318   1571      5      0
2025-04-23T14:54:01.757516+08:00 Dky_app_00 linx[141734]: Node 5, zone   Normal    792    996    521    123   2381   6397  19972   9994   3675    732    426
2025-04-23T14:54:01.757526+08:00 Dky_app_00 linx[141734]: Node 6, zone   Normal    498   1037    557    168     86  17500  17186   4590   1379      4      0
2025-04-23T14:54:01.757537+08:00 Dky_app_00 linx[141734]: Node 7, zone   Normal    663   1703  29968  39068  42018  31376  19801  10576   3790    522    292
2025-04-23T14:54:01.758422+08:00 Dky_app_00 linx[141736]: top-detail:
2025-04-23T14:56:01.571889+08:00 Dky_app_00 /usr/sbin/cron[144601]: (root) CMD (sh /usr/bin/msmp >> /var/log/msmp.log )
2025-04-23T14:56:01.571913+08:00 Dky_app_00 /usr/sbin/cron[144602]: (sysadmin) CMD (/usr/sbin/get_max_mem_process.sh)
2025-04-23T14:56:01.572009+08:00 Dky_app_00 /usr/sbin/cron[144603]: (root) CMD (/home/dmdba/drop_cached.sh)
2025-04-23T14:56:01.572042+08:00 Dky_app_00 /usr/sbin/cron[144604]: (dmdba) CMD (sh net_colsewait_mon.sh)
2025-04-23T14:56:01.572261+08:00 Dky_app_00 /usr/sbin/cron[144605]: (dmdba) CMD (sh /home/dmdba/dm/db_sessmon.sh)
2025-04-23T14:56:01.574879+08:00 Dky_app_00 linx[144608]: uptime
2025-04-23T14:56:01.599855+08:00 Dky_app_00 linx[144621]:  14:56:01 up 1551 days,  2:38,  7 users,  load average: 68.46, 63.62, 42.18
2025-04-23T14:56:01.601014+08:00 Dky_app_00 linx[144632]: free -m
2025-04-23T14:56:01.604201+08:00 Dky_app_00 linx[144635]:              total       used       free     shared    buffers     cached
2025-04-23T14:56:01.604215+08:00 Dky_app_00 linx[144635]: Mem:        516904     354986     161918          0         68      65387
2025-04-23T14:56:01.604226+08:00 Dky_app_00 linx[144635]: -/+ buffers/cache:     289530     227373
2025-04-23T14:56:01.604247+08:00 Dky_app_00 linx[144635]: Swap:        61034          0      61034
2025-04-23T14:56:01.605384+08:00 Dky_app_00 linx[144641]: df -h
2025-04-23T14:56:01.606736+08:00 Dky_app_00 linx[144643]: Filesystem            Size  Used Avail Use% Mounted on
2025-04-23T14:56:01.606758+08:00 Dky_app_00 linx[144643]: /dev/sda2             185G   75G  101G  43% /
2025-04-23T14:56:01.606764+08:00 Dky_app_00 linx[144643]: /dev/sda3             585G  296G  260G  54% /home
2025-04-23T14:56:01.606768+08:00 Dky_app_00 linx[144643]: /dev/sdav             3.0T  1.3T  1.6T  45% /dbbak
2025-04-23T14:56:01.606784+08:00 Dky_app_00 linx[144643]: /dev/mapper/dmarch_22-arch
2025-04-23T14:56:01.606803+08:00 Dky_app_00 linx[144643]:                       886G  680G  162G  81% /dbarch
2025-04-23T14:56:01.606815+08:00 Dky_app_00 linx[144643]: tmpfs                  20M   48K   20M   1% /tmp/smp
2025-04-23T14:56:01.606833+08:00 Dky_app_00 linx[144643]: 192.168.9.23:/dbarch/arch_rac1
2025-04-23T14:56:01.606845+08:00 Dky_app_00 linx[144643]:                       788G  681G   68G  91% /dbarch/arch_dsc1_kafka
2025-04-23T14:56:01.608033+08:00 Dky_app_00 linx[144645]: df -ih
2025-04-23T14:56:01.609298+08:00 Dky_app_00 linx[144647]: Filesystem            Inodes   IUsed   IFree IUse% Mounted on
2025-04-23T14:56:01.609333+08:00 Dky_app_00 linx[144647]: /dev/sda2                12M    2.1M    9.7M   18% /
2025-04-23T14:56:01.609340+08:00 Dky_app_00 linx[144647]: /dev/sda3                37M     28K     37M    1% /home
2025-04-23T14:56:01.609352+08:00 Dky_app_00 linx[144647]: /dev/sdav               192M     11K    192M    1% /dbbak
2025-04-23T14:56:01.609369+08:00 Dky_app_00 linx[144647]: /dev/mapper/dmarch_22-arch
2025-04-23T14:56:01.609376+08:00 Dky_app_00 linx[144647]:                          57M     463     57M    1% /dbarch
2025-04-23T14:56:01.609397+08:00 Dky_app_00 linx[144647]: tmpfs                    64M      13     64M    1% /tmp/smp
2025-04-23T14:56:01.609407+08:00 Dky_app_00 linx[144647]: 192.168.9.23:/dbarch/arch_rac1
2025-04-23T14:56:01.609418+08:00 Dky_app_00 linx[144647]:                          50M     353     50M    1% /dbarch/arch_dsc1_kafka
2025-04-23T14:56:01.610503+08:00 Dky_app_00 linx[144649]: iostat -x
2025-04-23T14:56:01.615889+08:00 Dky_app_00 linx[144651]: Linux 2.6.32-Rocky4.2-x86_64 (Dky_app_00) #01104/23/25 #011_x86_64_
2025-04-23T14:56:01.615904+08:00 Dky_app_00 linx[144651]:
2025-04-23T14:56:01.619745+08:00 Dky_app_00 linx[144651]: avg-cpu:  %user   %nice %system %iowait  %steal   %idle
2025-04-23T14:56:01.619755+08:00 Dky_app_00 linx[144651]:            3.47    0.00    1.30    0.67    0.00   94.61
2025-04-23T14:56:01.619759+08:00 Dky_app_00 linx[144651]:
2025-04-23T14:56:01.619777+08:00 Dky_app_00 linx[144651]: Device:         rrqm/s   wrqm/s     r/s     w/s   rsec/s   wsec/s avgrq-sz avgqu-sz   await  svctm  %util
2025-04-23T14:56:01.619789+08:00 Dky_app_00 linx[144651]: sda               0.02   223.59    0.15   13.30    17.67  1895.14   142.21     0.01    0.68   0.13   0.18
2025-04-23T14:56:01.619801+08:00 Dky_app_00 linx[144651]: sda1              0.00     0.00    0.00    0.00     0.00     0.00    40.85     0.00    2.01   2.01   0.00
2025-04-23T14:56:01.619817+08:00 Dky_app_00 linx[144651]: sda2              0.02    18.33    0.06    1.67     8.47   159.98    97.22     0.00    0.54   0.35   0.06
2025-04-23T14:56:01.619824+08:00 Dky_app_00 linx[144651]: sda3              0.00   205.26    0.08   11.63     9.20  1735.16   148.86     0.01    0.70   0.11   0.13
2025-04-23T14:56:01.619836+08:00 Dky_app_00 linx[144651]: sdb               0.00     0.00    9.08   71.73   595.37  4604.27    64.34     0.01    0.18   0.29   2.33
2025-04-23T14:56:01.619853+08:00 Dky_app_00 linx[144651]: sdc               0.00     0.00    7.48   35.34   476.07  2281.32    64.39     0.00    0.83   0.70   3.00
2025-04-23T14:56:01.619860+08:00 Dky_app_00 linx[144651]: sdd               0.00     0.00    5.51    5.92   349.88   389.76    64.69     0.02    1.89   1.65   1.89
2025-04-23T14:56:01.619875+08:00 Dky_app_00 linx[144651]: sde               0.00     0.00    9.33   42.90   586.70   984.40    30.08     0.02    0.29   0.29   1.50
2025-04-23T14:56:01.619883+08:00 Dky_app_00 linx[144651]: sdf               0.00     0.00    0.00    0.00     0.00     0.00    28.82     0.00    8.78   8.78   0.00
2025-04-23T14:56:01.619901+08:00 Dky_app_00 linx[144651]: sdg               0.00     0.00    0.20    0.00     1.56     0.00     8.00     0.00    0.10   0.10   0.00
2025-04-23T14:56:01.619911+08:00 Dky_app_00 linx[144651]: sdh               0.00     0.00    0.10    4.38     2.46  2869.98   641.69     0.00    0.85   1.66   0.74
2025-04-23T14:56:01.619922+08:00 Dky_app_00 linx[144651]: sdi               0.00     0.00    9.09   71.72   596.34  4603.30    64.34     0.01    0.08   0.24   1.91
2025-04-23T14:56:01.619932+08:00 Dky_app_00 linx[144651]: sdj               0.00     0.00    7.47   35.35   475.65  2281.75    64.39     0.01    0.93   0.02   0.08
2025-04-23T14:56:01.619943+08:00 Dky_app_00 linx[144651]: sdk               0.00     0.00    5.51    5.92   350.04   389.60    64.69     0.02    1.78   1.58   1.80
2025-04-23T14:56:01.619955+08:00 Dky_app_00 linx[144651]: sdl               0.00     0.00    9.10   43.13   569.60  1000.55    30.06     0.02    0.37   0.37   1.93
2025-04-23T14:56:01.619967+08:00 Dky_app_00 linx[144651]: sdm               0.00     0.00    0.00    0.00     0.00     0.00    28.53     0.00    0.20   0.20   0.00
2025-04-23T14:56:01.619978+08:00 Dky_app_00 linx[144651]: sdn               0.00     0.00    0.20    0.00     1.56     0.00     8.00     0.00    0.10   0.10   0.00
2025-04-23T14:56:01.619990+08:00 Dky_app_00 linx[144651]: sdo               0.00     0.00    0.10    4.38     2.46  2855.93   638.54     0.00    0.52   1.57   0.70
2025-04-23T14:56:01.619996+08:00 Dky_app_00 linx[144651]: sdq               0.00     0.00    7.47   35.36   475.34  2282.06    64.39     0.01    0.92   0.02   0.07
2025-04-23T14:56:01.620016+08:00 Dky_app_00 linx[144651]: sdr               0.00     0.00    5.52    5.92   350.22   389.43    64.69     0.02    1.78   1.57   1.80
2025-04-23T14:56:01.620029+08:00 Dky_app_00 linx[144651]: sds               0.00     0.00    9.21   43.02   577.27  1007.99    30.35     0.02    0.36   0.36   1.90
2025-04-23T14:56:01.620036+08:00 Dky_app_00 linx[144651]: sdt               0.00     0.00    0.00    0.00     0.00     0.00    28.50     0.00    0.16   0.16   0.00
2025-04-23T14:56:01.620039+08:00 Dky_app_00 linx[144651]: sdu               0.00     0.00    0.20    0.00     1.56     0.00     8.00     0.00    0.09   0.09   0.00
2025-04-23T14:56:01.620049+08:00 Dky_app_00 linx[144651]: sdv               0.00     0.00    0.10    4.38     2.46  2844.64   636.01     0.00    0.52   1.57   0.70
2025-04-23T14:56:01.620064+08:00 Dky_app_00 linx[144651]: sdw               0.00     0.00    9.09   71.72   595.92  4603.72    64.34     0.01    0.18   0.29   2.34
2025-04-23T14:56:01.620080+08:00 Dky_app_00 linx[144651]: sdx               0.00     0.00    7.48   35.35   475.69  2281.70    64.39     0.00    0.83   0.71   3.02
2025-04-23T14:56:01.620095+08:00 Dky_app_00 linx[144651]: sdy               0.00     0.00    5.51    5.92   350.00   389.64    64.69     0.02    1.92   1.67   1.91
2025-04-23T14:56:01.620103+08:00 Dky_app_00 linx[144651]: sdz               0.00     0.00    9.36   42.87   587.87   996.04    30.33     0.02    0.29   0.29   1.50
2025-04-23T14:56:01.620106+08:00 Dky_app_00 linx[144651]: sdab              0.00     0.00    0.20    0.00     1.56     0.00     8.00     0.00    0.09   0.09   0.00
2025-04-23T14:56:01.620123+08:00 Dky_app_00 linx[144651]: sdaa              0.00     0.00    0.00    0.00     0.00     0.00    28.50     0.00    0.22   0.22   0.00
2025-04-23T14:56:01.620135+08:00 Dky_app_00 linx[144651]: sdac              0.00     0.00    0.10    4.38     2.46  2852.47   637.77     0.00    0.84   1.66   0.74
2025-04-23T14:56:01.620149+08:00 Dky_app_00 linx[144651]: sdad              0.00     0.00    9.08   71.73   595.16  4604.47    64.34     0.01    0.08   0.23   1.89
2025-04-23T14:56:01.620156+08:00 Dky_app_00 linx[144651]: sdaf              0.00     0.00    5.51    5.92   349.86   389.78    64.69     0.02    1.79   1.58   1.80
2025-04-23T14:56:01.620168+08:00 Dky_app_00 linx[144651]: sdag              0.00     0.00    9.34   42.89   587.82   983.16    30.08     0.02    0.36   0.36   1.89
2025-04-23T14:56:01.620182+08:00 Dky_app_00 linx[144651]: sdah              0.00     0.00    0.00    0.00     0.00     0.00    28.59     0.00    0.12   0.12   0.00
2025-04-23T14:56:01.620186+08:00 Dky_app_00 linx[144651]: sdae              0.00     0.00    7.48   35.34   476.17  2281.22    64.39     0.01    0.92   0.01   0.06
2025-04-23T14:56:01.620199+08:00 Dky_app_00 linx[144651]: sdai              0.00     0.00    0.20    0.00     1.56     0.00     8.00     0.00    0.08   0.08   0.00
2025-04-23T14:56:01.620206+08:00 Dky_app_00 linx[144651]: sdaj              0.00     0.00    0.10    4.38     2.46  2868.50   641.34     0.00    0.51   1.57   0.70
2025-04-23T14:56:01.620221+08:00 Dky_app_00 linx[144651]: sdak              0.00     0.00    9.10   71.71   596.68  4602.94    64.34     0.01    0.08   0.23   1.88
2025-04-23T14:56:01.620229+08:00 Dky_app_00 linx[144651]: sdal              0.00     0.00    7.47   35.36   475.41  2281.99    64.39     0.01    0.92   0.02   0.06
2025-04-23T14:56:01.620242+08:00 Dky_app_00 linx[144651]: sdam              0.00     0.00    5.51    5.92   350.14   389.50    64.69     0.02    1.78   1.57   1.79
2025-04-23T14:56:01.620256+08:00 Dky_app_00 linx[144651]: sdan              0.00     0.00    9.17   43.06   574.91  1006.79    30.28     0.02    0.36   0.36   1.86
2025-04-23T14:56:01.620266+08:00 Dky_app_00 linx[144651]: sdao              0.00     0.00    0.00    0.00     0.00     0.00    28.59     0.00    0.13   0.13   0.00
2025-04-23T14:56:01.620272+08:00 Dky_app_00 linx[144651]: sdap              0.00     0.00    0.20    0.00     1.56     0.00     8.00     0.00    0.08   0.08   0.00
2025-04-23T14:56:01.620284+08:00 Dky_app_00 linx[144651]: sdaq              0.00     0.00    0.10    4.38     2.46  2847.09   636.56     0.00    0.51   1.57   0.70
2025-04-23T14:56:01.620298+08:00 Dky_app_00 linx[144651]: sdar              0.00     0.00    9.11   71.70   597.33  4602.30    64.34     0.02    0.19   0.30   2.39
2025-04-23T14:56:01.620304+08:00 Dky_app_00 linx[144651]: sdas              0.00     0.00    7.47   35.36   475.27  2282.11    64.39     0.00    0.85   0.72   3.07
2025-04-23T14:56:01.620318+08:00 Dky_app_00 linx[144651]: sdat              0.00     0.00    5.52    5.92   350.26   389.38    64.69     0.02    1.96   1.70   1.94
2025-04-23T14:56:01.620323+08:00 Dky_app_00 linx[144651]: sdau              0.00     0.00    9.22   43.01   577.54  1008.70    30.37     0.02    0.31   0.30   1.59
2025-04-23T14:56:01.620338+08:00 Dky_app_00 linx[144651]: sdav              0.00    11.20    0.30    0.11    75.39    90.50   406.11     0.01   12.52   0.70   0.03
2025-04-23T14:56:01.620340+08:00 Dky_app_00 linx[144651]: sdaw              0.00     0.00    0.20    0.00     1.56     0.00     8.00     0.00    0.08   0.08   0.00
2025-04-23T14:56:01.620344+08:00 Dky_app_00 linx[144651]: sday              0.00     0.00    9.08   71.73   595.64  4603.98    64.34     0.01    0.17   0.29   2.31
2025-04-23T14:56:01.620355+08:00 Dky_app_00 linx[144651]: sdaz              0.00     0.00    7.48   35.35   475.91  2281.47    64.39     0.00    0.83   0.70   2.99
2025-04-23T14:56:01.620363+08:00 Dky_app_00 linx[144651]: sdba              0.00     0.00    5.51    5.92   349.91   389.73    64.69     0.02    1.90   1.65   1.89
2025-04-23T14:56:01.620372+08:00 Dky_app_00 linx[144651]: sdbb              0.00     0.00    9.34   42.89   586.93   987.35    30.14     0.01    0.28   0.28   1.45
2025-04-23T14:56:01.620376+08:00 Dky_app_00 linx[144651]: sdbc              0.00     0.00    0.00    0.00     0.00     0.00    28.55     0.00    0.21   0.21   0.00
2025-04-23T14:56:01.620385+08:00 Dky_app_00 linx[144651]: sdbd              0.00     0.00    0.20    0.00     1.56     0.00     8.00     0.00    0.07   0.07   0.00
2025-04-23T14:56:01.620397+08:00 Dky_app_00 linx[144651]: sdbe              0.00     0.00    0.10    4.38     2.46  2844.00   635.88     0.00    0.82   1.65   0.74
2025-04-23T14:56:01.620412+08:00 Dky_app_00 linx[144651]: sdax              0.00     0.00    0.10    4.38     2.46  2871.77   642.09     0.00    0.85   1.66   0.74
2025-04-23T14:56:01.620420+08:00 Dky_app_00 linx[144651]: dm-0              0.00     0.70   72.34  573.74  4766.27 36827.63    64.38     0.02    0.04   0.04   2.82
2025-04-23T14:56:01.620426+08:00 Dky_app_00 linx[144651]: dm-1              0.00     0.34   59.40  282.81  3802.31 18253.61    64.45     0.01    0.04   0.05   1.69
2025-04-23T14:56:01.620442+08:00 Dky_app_00 linx[144651]: dm-2              0.01     0.04   43.70   47.37  2797.11  3116.82    64.94     0.01    0.46   0.18   1.60
2025-04-23T14:56:01.620447+08:00 Dky_app_00 linx[144651]: dm-3              0.00     0.00   73.67  343.77  4645.45  7974.99    30.23     0.01    0.10   0.01   0.60
2025-04-23T14:56:01.620450+08:00 Dky_app_00 linx[144651]: dm-4              0.00     0.00    0.00    0.00     0.00     0.00    15.59     0.00   17.28  17.28   0.00
2025-04-23T14:56:01.620465+08:00 Dky_app_00 linx[144651]: dm-5              0.00  2821.75    0.37   35.04    16.46 22854.37   645.84     0.01    0.38   0.29   1.02
2025-04-23T14:56:01.620484+08:00 Dky_app_00 linx[144651]: dm-6              0.00     0.00   25.49    3.00   333.40     3.00    11.81     0.01    0.36   0.36   1.02
2025-04-23T14:56:01.620491+08:00 Dky_app_00 linx[144651]: dm-7              0.00     0.00   45.80    0.00  4287.08     0.03    93.60     0.02    0.41   0.41   1.89
2025-04-23T14:56:01.620498+08:00 Dky_app_00 linx[144651]: dm-8              0.00     0.00    2.38  340.78    24.97  7971.97    23.30     0.01    0.03   0.03   1.04
2025-04-23T14:56:01.620503+08:00 Dky_app_00 linx[144651]: dm-9              0.00     0.00    0.37 2856.80    16.45 22854.37     8.00     0.02    0.00   0.00   1.03
2025-04-23T14:56:01.620508+08:00 Dky_app_00 linx[144651]:
2025-04-23T14:56:01.621699+08:00 Dky_app_00 linx[144653]: netstat -an |grep -i 'established'|wc -l
2025-04-23T14:56:01.666053+08:00 Dky_app_00 linx[144657]: 1290
2025-04-23T14:56:01.667079+08:00 Dky_app_00 linx[144663]: date
2025-04-23T14:56:01.668177+08:00 Dky_app_00 linx[144665]: Wed Apr 23 14:56:01 CST 2025
2025-04-23T14:56:01.669199+08:00 Dky_app_00 linx[144667]: cat   /proc/buddyinfo
2025-04-23T14:56:01.670254+08:00 Dky_app_00 linx[144669]: Node 0, zone      DMA      1      1      1      1      2      1      0      0      1      1      3
2025-04-23T14:56:01.670268+08:00 Dky_app_00 linx[144669]: Node 0, zone    DMA32     80     36     45     33     25     34     10     11      9     54     29
2025-04-23T14:56:01.670279+08:00 Dky_app_00 linx[144669]: Node 0, zone   Normal    788   1298    720    187   1372    256  20927  12621   4973    492    169
2025-04-23T14:56:01.670287+08:00 Dky_app_00 linx[144669]: Node 1, zone   Normal    122    791    600    433   1685  25203  21276  10932   3747    242    400
2025-04-23T14:56:01.670301+08:00 Dky_app_00 linx[144669]: Node 2, zone   Normal   3189   1386    588    274    146    563   6373   6427   2193    607    676
2025-04-23T14:56:01.670311+08:00 Dky_app_00 linx[144669]: Node 3, zone   Normal    642   4019   3419    970  12573  60798  32864  12332   3069      4      0
2025-04-23T14:56:01.670317+08:00 Dky_app_00 linx[144669]: Node 4, zone   Normal    734   1106  67384 121987  96180  64354  33131  10318   1571      5      0
2025-04-23T14:56:01.670324+08:00 Dky_app_00 linx[144669]: Node 5, zone   Normal    744    965    384    149   2259   6397  19972   9994   3675    733    426
2025-04-23T14:56:01.670349+08:00 Dky_app_00 linx[144669]: Node 6, zone   Normal    487   1041    523    192     79  17439  17186   4590   1379      4      0
2025-04-23T14:56:01.670356+08:00 Dky_app_00 linx[144669]: Node 7, zone   Normal    524   1666  29957  39067  42017  31376  19801  10576   3790    522    292
2025-04-23T14:56:01.671436+08:00 Dky_app_00 linx[144671]: top-detail:
2025-04-23T14:58:01.485561+08:00 Dky_app_00 /usr/sbin/cron[2396]: (root) CMD (sh /usr/bin/msmp >> /var/log/msmp.log )
2025-04-23T14:58:01.485661+08:00 Dky_app_00 /usr/sbin/cron[2397]: (sysadmin) CMD (/usr/sbin/get_max_mem_process.sh)
2025-04-23T14:58:01.485740+08:00 Dky_app_00 /usr/sbin/cron[2398]: (root) CMD (/home/dmdba/drop_cached.sh)
2025-04-23T14:58:01.485936+08:00 Dky_app_00 /usr/sbin/cron[2399]: (dmdba) CMD (sh net_colsewait_mon.sh)
2025-04-23T14:58:01.486034+08:00 Dky_app_00 /usr/sbin/cron[2400]: (dmdba) CMD (sh /home/dmdba/dm/db_sessmon.sh)
2025-04-23T14:58:01.488397+08:00 Dky_app_00 linx[2403]: uptime
2025-04-23T14:58:01.518747+08:00 Dky_app_00 linx[2416]:  14:58:01 up 1551 days,  2:40,  7 users,  load average: 68.52, 65.23, 45.36
2025-04-23T14:58:01.519916+08:00 Dky_app_00 linx[2426]: free -m
2025-04-23T14:58:01.523253+08:00 Dky_app_00 linx[2428]:              total       used       free     shared    buffers     cached
2025-04-23T14:58:01.523279+08:00 Dky_app_00 linx[2428]: Mem:        516904     354914     161990          0         68      65318
2025-04-23T14:58:01.523286+08:00 Dky_app_00 linx[2428]: -/+ buffers/cache:     289526     227378
2025-04-23T14:58:01.523297+08:00 Dky_app_00 linx[2428]: Swap:        61034          0      61034
2025-04-23T14:58:01.524376+08:00 Dky_app_00 linx[2430]: df -h
2025-04-23T14:58:01.525592+08:00 Dky_app_00 linx[2432]: Filesystem            Size  Used Avail Use% Mounted on
2025-04-23T14:58:01.525614+08:00 Dky_app_00 linx[2432]: /dev/sda2             185G   75G  101G  43% /
2025-04-23T14:58:01.525618+08:00 Dky_app_00 linx[2432]: /dev/sda3             585G  296G  260G  54% /home
2025-04-23T14:58:01.525633+08:00 Dky_app_00 linx[2432]: /dev/sdav             3.0T  1.3T  1.6T  45% /dbbak
2025-04-23T14:58:01.525656+08:00 Dky_app_00 linx[2432]: /dev/mapper/dmarch_22-arch
2025-04-23T14:58:01.525671+08:00 Dky_app_00 linx[2432]:                       886G  680G  162G  81% /dbarch
2025-04-23T14:58:01.525687+08:00 Dky_app_00 linx[2432]: tmpfs                  20M   48K   20M   1% /tmp/smp
2025-04-23T14:58:01.525697+08:00 Dky_app_00 linx[2432]: 192.168.9.23:/dbarch/arch_rac1
2025-04-23T14:58:01.525721+08:00 Dky_app_00 linx[2432]:                       788G  681G   68G  91% /dbarch/arch_dsc1_kafka
2025-04-23T14:58:01.526885+08:00 Dky_app_00 linx[2434]: df -ih
2025-04-23T14:58:01.528132+08:00 Dky_app_00 linx[2436]: Filesystem            Inodes   IUsed   IFree IUse% Mounted on
2025-04-23T14:58:01.528143+08:00 Dky_app_00 linx[2436]: /dev/sda2                12M    2.1M    9.7M   18% /
2025-04-23T14:58:01.528162+08:00 Dky_app_00 linx[2436]: /dev/sda3                37M     28K     37M    1% /home
2025-04-23T14:58:01.528191+08:00 Dky_app_00 linx[2436]: /dev/sdav               192M     11K    192M    1% /dbbak
2025-04-23T14:58:01.528201+08:00 Dky_app_00 linx[2436]: /dev/mapper/dmarch_22-arch
2025-04-23T14:58:01.528227+08:00 Dky_app_00 linx[2436]:                          57M     463     57M    1% /dbarch
2025-04-23T14:58:01.528255+08:00 Dky_app_00 linx[2436]: tmpfs                    64M      13     64M    1% /tmp/smp
2025-04-23T14:58:01.528289+08:00 Dky_app_00 linx[2436]: 192.168.9.23:/dbarch/arch_rac1
2025-04-23T14:58:01.528311+08:00 Dky_app_00 linx[2436]:                          50M     353     50M    1% /dbarch/arch_dsc1_kafka
2025-04-23T14:58:01.529387+08:00 Dky_app_00 linx[2438]: iostat -x
2025-04-23T14:58:01.534548+08:00 Dky_app_00 linx[2440]: Linux 2.6.32-Rocky4.2-x86_64 (Dky_app_00) #01104/23/25 #011_x86_64_
2025-04-23T14:58:01.534568+08:00 Dky_app_00 linx[2440]:
2025-04-23T14:58:01.538381+08:00 Dky_app_00 linx[2440]: avg-cpu:  %user   %nice %system %iowait  %steal   %idle
2025-04-23T14:58:01.538404+08:00 Dky_app_00 linx[2440]:            3.47    0.00    1.30    0.67    0.00   94.61
2025-04-23T14:58:01.538415+08:00 Dky_app_00 linx[2440]:
2025-04-23T14:58:01.538442+08:00 Dky_app_00 linx[2440]: Device:         rrqm/s   wrqm/s     r/s     w/s   rsec/s   wsec/s avgrq-sz avgqu-sz   await  svctm  %util
2025-04-23T14:58:01.538460+08:00 Dky_app_00 linx[2440]: sda               0.02   223.59    0.15   13.30    17.67  1895.14   142.21     0.01    0.68   0.13   0.18
2025-04-23T14:58:01.538485+08:00 Dky_app_00 linx[2440]: sda1              0.00     0.00    0.00    0.00     0.00     0.00    40.85     0.00    2.01   2.01   0.00
2025-04-23T14:58:01.538494+08:00 Dky_app_00 linx[2440]: sda2              0.02    18.33    0.06    1.67     8.47   159.98    97.22     0.00    0.54   0.35   0.06
2025-04-23T14:58:01.538506+08:00 Dky_app_00 linx[2440]: sda3              0.00   205.26    0.08   11.63     9.20  1735.16   148.86     0.01    0.70   0.11   0.13
2025-04-23T14:58:01.538532+08:00 Dky_app_00 linx[2440]: sdb               0.00     0.00    9.08   71.73   595.37  4604.27    64.34     0.01    0.18   0.29   2.33
2025-04-23T14:58:01.538556+08:00 Dky_app_00 linx[2440]: sdc               0.00     0.00    7.48   35.34   476.07  2281.31    64.39     0.00    0.83   0.70   3.00
2025-04-23T14:58:01.538572+08:00 Dky_app_00 linx[2440]: sdd               0.00     0.00    5.51    5.92   349.88   389.76    64.69     0.02    1.89   1.65   1.89
2025-04-23T14:58:01.538591+08:00 Dky_app_00 linx[2440]: sde               0.00     0.00    9.33   42.90   586.70   984.40    30.08     0.02    0.29   0.29   1.50
2025-04-23T14:58:01.538615+08:00 Dky_app_00 linx[2440]: sdf               0.00     0.00    0.00    0.00     0.00     0.00    28.82     0.00    8.78   8.78   0.00
2025-04-23T14:58:01.538630+08:00 Dky_app_00 linx[2440]: sdg               0.00     0.00    0.20    0.00     1.56     0.00     8.00     0.00    0.10   0.10   0.00
2025-04-23T14:58:01.538650+08:00 Dky_app_00 linx[2440]: sdh               0.00     0.00    0.10    4.38     2.46  2869.97   641.69     0.00    0.85   1.66   0.74
2025-04-23T14:58:01.538666+08:00 Dky_app_00 linx[2440]: sdi               0.00     0.00    9.09   71.72   596.34  4603.29    64.34     0.01    0.08   0.24   1.91
2025-04-23T14:58:01.538691+08:00 Dky_app_00 linx[2440]: sdj               0.00     0.00    7.47   35.35   475.65  2281.75    64.39     0.01    0.93   0.02   0.08
2025-04-23T14:58:01.538700+08:00 Dky_app_00 linx[2440]: sdk               0.00     0.00    5.51    5.92   350.04   389.60    64.69     0.02    1.78   1.58   1.80
2025-04-23T14:58:01.538727+08:00 Dky_app_00 linx[2440]: sdl               0.00     0.00    9.10   43.13   569.60  1000.55    30.06     0.02    0.37   0.37   1.93
2025-04-23T14:58:01.538739+08:00 Dky_app_00 linx[2440]: sdm               0.00     0.00    0.00    0.00     0.00     0.00    28.53     0.00    0.20   0.20   0.00
2025-04-23T14:58:01.538754+08:00 Dky_app_00 linx[2440]: sdn               0.00     0.00    0.20    0.00     1.56     0.00     8.00     0.00    0.10   0.10   0.00
2025-04-23T14:58:01.538763+08:00 Dky_app_00 linx[2440]: sdo               0.00     0.00    0.10    4.38     2.46  2855.93   638.54     0.00    0.52   1.57   0.70
2025-04-23T14:58:01.538782+08:00 Dky_app_00 linx[2440]: sdq               0.00     0.00    7.47   35.36   475.34  2282.05    64.39     0.01    0.92   0.02   0.07
2025-04-23T14:58:01.538813+08:00 Dky_app_00 linx[2440]: sdr               0.00     0.00    5.52    5.92   350.22   389.43    64.69     0.02    1.78   1.57   1.80
2025-04-23T14:58:01.538831+08:00 Dky_app_00 linx[2440]: sds               0.00     0.00    9.21   43.02   577.27  1007.99    30.35     0.02    0.36   0.36   1.90
2025-04-23T14:58:01.538851+08:00 Dky_app_00 linx[2440]: sdt               0.00     0.00    0.00    0.00     0.00     0.00    28.50     0.00    0.16   0.16   0.00
2025-04-23T14:58:01.538859+08:00 Dky_app_00 linx[2440]: sdu               0.00     0.00    0.20    0.00     1.56     0.00     8.00     0.00    0.09   0.09   0.00
2025-04-23T14:58:01.538900+08:00 Dky_app_00 linx[2440]: sdv               0.00     0.00    0.10    4.38     2.46  2844.63   636.01     0.00    0.52   1.57   0.70
2025-04-23T14:58:01.538908+08:00 Dky_app_00 linx[2440]: sdw               0.00     0.00    9.09   71.72   595.92  4603.72    64.34     0.01    0.18   0.29   2.34
2025-04-23T14:58:01.538931+08:00 Dky_app_00 linx[2440]: sdx               0.00     0.00    7.48   35.35   475.69  2281.69    64.39     0.00    0.83   0.71   3.02
2025-04-23T14:58:01.538948+08:00 Dky_app_00 linx[2440]: sdy               0.00     0.00    5.51    5.92   350.00   389.64    64.69     0.02    1.92   1.67   1.91
2025-04-23T14:58:01.538960+08:00 Dky_app_00 linx[2440]: sdz               0.00     0.00    9.36   42.87   587.87   996.04    30.33     0.02    0.29   0.29   1.50
2025-04-23T14:58:01.538979+08:00 Dky_app_00 linx[2440]: sdab              0.00     0.00    0.20    0.00     1.56     0.00     8.00     0.00    0.09   0.09   0.00
2025-04-23T14:58:01.538985+08:00 Dky_app_00 linx[2440]: sdaa              0.00     0.00    0.00    0.00     0.00     0.00    28.50     0.00    0.22   0.22   0.00
2025-04-23T14:58:01.538991+08:00 Dky_app_00 linx[2440]: sdac              0.00     0.00    0.10    4.38     2.46  2852.47   637.77     0.00    0.84   1.66   0.74
2025-04-23T14:58:01.539003+08:00 Dky_app_00 linx[2440]: sdad              0.00     0.00    9.08   71.73   595.16  4604.47    64.34     0.01    0.08   0.23   1.89
2025-04-23T14:58:01.539016+08:00 Dky_app_00 linx[2440]: sdaf              0.00     0.00    5.51    5.92   349.86   389.78    64.69     0.02    1.79   1.58   1.80
2025-04-23T14:58:01.539029+08:00 Dky_app_00 linx[2440]: sdag              0.00     0.00    9.34   42.89   587.82   983.16    30.08     0.02    0.36   0.36   1.89
2025-04-23T14:58:01.539052+08:00 Dky_app_00 linx[2440]: sdah              0.00     0.00    0.00    0.00     0.00     0.00    28.59     0.00    0.12   0.12   0.00
2025-04-23T14:58:01.539059+08:00 Dky_app_00 linx[2440]: sdae              0.00     0.00    7.48   35.34   476.17  2281.22    64.39     0.01    0.92   0.01   0.06
2025-04-23T14:58:01.539068+08:00 Dky_app_00 linx[2440]: sdai              0.00     0.00    0.20    0.00     1.56     0.00     8.00     0.00    0.08   0.08   0.00
2025-04-23T14:58:01.539075+08:00 Dky_app_00 linx[2440]: sdaj              0.00     0.00    0.10    4.38     2.46  2868.49   641.34     0.00    0.51   1.57   0.70
2025-04-23T14:58:01.539086+08:00 Dky_app_00 linx[2440]: sdak              0.00     0.00    9.10   71.71   596.68  4602.94    64.34     0.01    0.08   0.23   1.88
2025-04-23T14:58:01.539097+08:00 Dky_app_00 linx[2440]: sdal              0.00     0.00    7.47   35.36   475.41  2281.99    64.39     0.01    0.92   0.02   0.06
2025-04-23T14:58:01.539106+08:00 Dky_app_00 linx[2440]: sdam              0.00     0.00    5.51    5.92   350.14   389.50    64.69     0.02    1.78   1.57   1.79
2025-04-23T14:58:01.539117+08:00 Dky_app_00 linx[2440]: sdan              0.00     0.00    9.17   43.06   574.91  1006.79    30.28     0.02    0.36   0.36   1.86
2025-04-23T14:58:01.539128+08:00 Dky_app_00 linx[2440]: sdao              0.00     0.00    0.00    0.00     0.00     0.00    28.59     0.00    0.13   0.13   0.00
2025-04-23T14:58:01.539144+08:00 Dky_app_00 linx[2440]: sdap              0.00     0.00    0.20    0.00     1.56     0.00     8.00     0.00    0.08   0.08   0.00
2025-04-23T14:58:01.539155+08:00 Dky_app_00 linx[2440]: sdaq              0.00     0.00    0.10    4.38     2.46  2847.09   636.56     0.00    0.51   1.57   0.70
2025-04-23T14:58:01.539165+08:00 Dky_app_00 linx[2440]: sdar              0.00     0.00    9.11   71.70   597.33  4602.30    64.34     0.02    0.19   0.30   2.39
2025-04-23T14:58:01.539175+08:00 Dky_app_00 linx[2440]: sdas              0.00     0.00    7.47   35.36   475.27  2282.11    64.39     0.00    0.85   0.72   3.07
2025-04-23T14:58:01.539184+08:00 Dky_app_00 linx[2440]: sdat              0.00     0.00    5.52    5.92   350.26   389.38    64.69     0.02    1.96   1.70   1.94
2025-04-23T14:58:01.539195+08:00 Dky_app_00 linx[2440]: sdau              0.00     0.00    9.22   43.01   577.54  1008.70    30.37     0.02    0.31   0.30   1.59
2025-04-23T14:58:01.539200+08:00 Dky_app_00 linx[2440]: sdav              0.00    11.20    0.30    0.11    75.39    90.50   406.11     0.01   12.52   0.70   0.03
2025-04-23T14:58:01.539212+08:00 Dky_app_00 linx[2440]: sdaw              0.00     0.00    0.20    0.00     1.56     0.00     8.00     0.00    0.08   0.08   0.00
2025-04-23T14:58:01.539221+08:00 Dky_app_00 linx[2440]: sday              0.00     0.00    9.08   71.73   595.64  4603.98    64.34     0.01    0.17   0.29   2.31
2025-04-23T14:58:01.539234+08:00 Dky_app_00 linx[2440]: sdaz              0.00     0.00    7.48   35.35   475.91  2281.47    64.39     0.00    0.83   0.70   2.99
2025-04-23T14:58:01.539248+08:00 Dky_app_00 linx[2440]: sdba              0.00     0.00    5.51    5.92   349.91   389.73    64.69     0.02    1.90   1.65   1.89
2025-04-23T14:58:01.539256+08:00 Dky_app_00 linx[2440]: sdbb              0.00     0.00    9.34   42.89   586.93   987.35    30.14     0.01    0.28   0.28   1.45
2025-04-23T14:58:01.539264+08:00 Dky_app_00 linx[2440]: sdbc              0.00     0.00    0.00    0.00     0.00     0.00    28.55     0.00    0.21   0.21   0.00
2025-04-23T14:58:01.539276+08:00 Dky_app_00 linx[2440]: sdbd              0.00     0.00    0.20    0.00     1.56     0.00     8.00     0.00    0.07   0.07   0.00
2025-04-23T14:58:01.539288+08:00 Dky_app_00 linx[2440]: sdbe              0.00     0.00    0.10    4.38     2.46  2844.00   635.88     0.00    0.82   1.65   0.74
2025-04-23T14:58:01.539301+08:00 Dky_app_00 linx[2440]: sdax              0.00     0.00    0.10    4.38     2.46  2871.76   642.09     0.00    0.85   1.66   0.74
2025-04-23T14:58:01.539315+08:00 Dky_app_00 linx[2440]: dm-0              0.00     0.70   72.34  573.74  4766.26 36827.60    64.38     0.03    0.04   0.04   2.82
2025-04-23T14:58:01.539321+08:00 Dky_app_00 linx[2440]: dm-1              0.00     0.34   59.40  282.81  3802.31 18253.59    64.45     0.01    0.04   0.05   1.69
2025-04-23T14:58:01.539335+08:00 Dky_app_00 linx[2440]: dm-2              0.01     0.04   43.70   47.37  2797.11  3116.82    64.94     0.01    0.46   0.18   1.60
2025-04-23T14:58:01.539348+08:00 Dky_app_00 linx[2440]: dm-3              0.00     0.00   73.67  343.77  4645.44  7974.98    30.23     0.01    0.10   0.01   0.60
2025-04-23T14:58:01.539358+08:00 Dky_app_00 linx[2440]: dm-4              0.00     0.00    0.00    0.00     0.00     0.00    15.59     0.00   17.28  17.28   0.00
2025-04-23T14:58:01.539368+08:00 Dky_app_00 linx[2440]: dm-5              0.00  2821.75    0.37   35.04    16.46 22854.35   645.84     0.01    0.38   0.29   1.02
2025-04-23T14:58:01.539379+08:00 Dky_app_00 linx[2440]: dm-6              0.00     0.00   25.49    3.00   333.40     3.00    11.81     0.01    0.36   0.36   1.02
2025-04-23T14:58:01.539387+08:00 Dky_app_00 linx[2440]: dm-7              0.00     0.00   45.80    0.00  4287.08     0.03    93.60     0.02    0.41   0.41   1.89
2025-04-23T14:58:01.539398+08:00 Dky_app_00 linx[2440]: dm-8              0.00     0.00    2.38  340.78    24.97  7971.96    23.30     0.01    0.03   0.03   1.04
2025-04-23T14:58:01.539410+08:00 Dky_app_00 linx[2440]: dm-9              0.00     0.00    0.37 2856.79    16.45 22854.35     8.00     0.02    0.00   0.00   1.03
2025-04-23T14:58:01.539424+08:00 Dky_app_00 linx[2440]:
2025-04-23T14:58:01.540364+08:00 Dky_app_00 linx[2442]: netstat -an |grep -i 'established'|wc -l
2025-04-23T14:58:01.579714+08:00 Dky_app_00 linx[2446]: 1274
2025-04-23T14:58:01.580908+08:00 Dky_app_00 linx[2450]: date
2025-04-23T14:58:01.582077+08:00 Dky_app_00 linx[2454]: Wed Apr 23 14:58:01 CST 2025
2025-04-23T14:58:01.583038+08:00 Dky_app_00 linx[2456]: cat   /proc/buddyinfo
2025-04-23T14:58:01.584070+08:00 Dky_app_00 linx[2458]: Node 0, zone      DMA      1      1      1      1      2      1      0      0      1      1      3
2025-04-23T14:58:01.584091+08:00 Dky_app_00 linx[2458]: Node 0, zone    DMA32     80     36     45     33     25     34     10     11      9     54     29
2025-04-23T14:58:01.584098+08:00 Dky_app_00 linx[2458]: Node 0, zone   Normal   1913   1740    842    215   1376    260  20927  12621   4973    492    169
2025-04-23T14:58:01.584109+08:00 Dky_app_00 linx[2458]: Node 1, zone   Normal    205    677    612    387   1696  25108  21276  10932   3747    242    400
2025-04-23T14:58:01.584116+08:00 Dky_app_00 linx[2458]: Node 2, zone   Normal   3912   1482    624    288    153    564   6374   6427   2193    607    676
2025-04-23T14:58:01.584123+08:00 Dky_app_00 linx[2458]: Node 3, zone   Normal    673   4018   3430    943  12524  60797  32864  12332   3069      4      0
2025-04-23T14:58:01.584127+08:00 Dky_app_00 linx[2458]: Node 4, zone   Normal   3786   2192  68112 121986  96179  64354  33131  10318   1571      5      0
2025-04-23T14:58:01.584133+08:00 Dky_app_00 linx[2458]: Node 5, zone   Normal   2246   1847    780    223   2302   6397  19972   9994   3675    733    426
2025-04-23T14:58:01.584136+08:00 Dky_app_00 linx[2458]: Node 6, zone   Normal    671   1262    511    207     82  17414  17186   4590   1379      4      0
2025-04-23T14:58:01.584140+08:00 Dky_app_00 linx[2458]: Node 7, zone   Normal   1253   2526  30134  39074  42017  31376  19801  10576   3790    522    292
2025-04-23T14:58:01.585099+08:00 Dky_app_00 linx[2460]: top-detail:
2025-04-23T15:00:01.378772+08:00 Dky_app_00 /usr/sbin/cron[5655]: (root) CMD (sh /usr/bin/msmp >> /var/log/msmp.log )
2025-04-23T15:00:01.378808+08:00 Dky_app_00 /usr/sbin/cron[5656]: (sysadmin) CMD (/usr/sbin/get_system_load_average_15_minutes.sh)
2025-04-23T15:00:01.378950+08:00 Dky_app_00 /usr/sbin/cron[5657]: (sysadmin) CMD (/usr/sbin/get_max_mem_process.sh)
2025-04-23T15:00:01.379052+08:00 Dky_app_00 /usr/sbin/cron[5658]: (sysadmin) CMD (/usr/sbin/update_time.sh)
2025-04-23T15:00:01.379198+08:00 Dky_app_00 /usr/sbin/cron[5659]: (root) CMD (/usr/local/rising/ravmonsys.sh >> /usr/local/rising/sys.log)
2025-04-23T15:00:01.379276+08:00 Dky_app_00 /usr/sbin/cron[5660]: (root) CMD (/usr/local/rising/linuxRav/bin/ravdaemon > /dev/null 2>&1)
2025-04-23T15:00:01.379337+08:00 Dky_app_00 /usr/sbin/cron[5661]: (dmdba) CMD (sh net_colsewait_mon.sh)
2025-04-23T15:00:01.379746+08:00 Dky_app_00 /usr/sbin/cron[5662]: (dmdba) CMD (sh /home/dmdba/dm/db_sessmon.sh)
2025-04-23T15:00:01.382164+08:00 Dky_app_00 linx[5669]: uptime
2025-04-23T15:00:01.446102+08:00 Dky_app_00 linx[5682]:  15:00:01 up 1551 days,  2:42,  7 users,  load average: 68.89, 66.37, 48.19
2025-04-23T15:00:01.447255+08:00 Dky_app_00 linx[5695]: free -m
2025-04-23T15:00:01.453373+08:00 Dky_app_00 linx[5702]:              total       used       free     shared    buffers     cached
2025-04-23T15:00:01.453389+08:00 Dky_app_00 linx[5702]: Mem:        516904     360335     156569          0         70      67878
2025-04-23T15:00:01.453394+08:00 Dky_app_00 linx[5702]: -/+ buffers/cache:     292386     224518
2025-04-23T15:00:01.453409+08:00 Dky_app_00 linx[5702]: Swap:        61034          0      61034
2025-04-23T15:00:01.454604+08:00 Dky_app_00 linx[5711]: df -h
2025-04-23T15:00:01.456059+08:00 Dky_app_00 linx[5713]: Filesystem            Size  Used Avail Use% Mounted on
2025-04-23T15:00:01.456083+08:00 Dky_app_00 linx[5713]: /dev/sda2             185G   75G  101G  43% /
2025-04-23T15:00:01.456088+08:00 Dky_app_00 linx[5713]: /dev/sda3             585G  296G  260G  54% /home
2025-04-23T15:00:01.456115+08:00 Dky_app_00 linx[5713]: /dev/sdav             3.0T  1.3T  1.6T  45% /dbbak
2025-04-23T15:00:01.456145+08:00 Dky_app_00 linx[5713]: /dev/mapper/dmarch_22-arch
2025-04-23T15:00:01.456164+08:00 Dky_app_00 linx[5713]:                       886G  680G  162G  81% /dbarch
2025-04-23T15:00:01.456195+08:00 Dky_app_00 linx[5713]: tmpfs                  20M   48K   20M   1% /tmp/smp
2025-04-23T15:00:01.456211+08:00 Dky_app_00 linx[5713]: 192.168.9.23:/dbarch/arch_rac1
2025-04-23T15:00:01.456225+08:00 Dky_app_00 linx[5713]:                       788G  681G   68G  91% /dbarch/arch_dsc1_kafka
2025-04-23T15:00:01.457540+08:00 Dky_app_00 linx[5715]: df -ih
2025-04-23T15:00:01.458958+08:00 Dky_app_00 linx[5717]: Filesystem            Inodes   IUsed   IFree IUse% Mounted on
2025-04-23T15:00:01.458981+08:00 Dky_app_00 linx[5717]: /dev/sda2                12M    2.1M    9.7M   18% /
2025-04-23T15:00:01.458991+08:00 Dky_app_00 linx[5717]: /dev/sda3                37M     28K     37M    1% /home
2025-04-23T15:00:01.459016+08:00 Dky_app_00 linx[5717]: /dev/sdav               192M     11K    192M    1% /dbbak
2025-04-23T15:00:01.459033+08:00 Dky_app_00 linx[5717]: /dev/mapper/dmarch_22-arch
2025-04-23T15:00:01.459059+08:00 Dky_app_00 linx[5717]:                          57M     463     57M    1% /dbarch
2025-04-23T15:00:01.459082+08:00 Dky_app_00 linx[5717]: tmpfs                    64M      13     64M    1% /tmp/smp
2025-04-23T15:00:01.459131+08:00 Dky_app_00 linx[5717]: 192.168.9.23:/dbarch/arch_rac1
2025-04-23T15:00:01.459143+08:00 Dky_app_00 linx[5717]:                          50M     353     50M    1% /dbarch/arch_dsc1_kafka
2025-04-23T15:00:01.460235+08:00 Dky_app_00 linx[5719]: iostat -x
2025-04-23T15:00:01.465652+08:00 Dky_app_00 linx[5721]: Linux 2.6.32-Rocky4.2-x86_64 (Dky_app_00) #01104/23/25 #011_x86_64_
2025-04-23T15:00:01.465669+08:00 Dky_app_00 linx[5721]:
2025-04-23T15:00:01.469289+08:00 Dky_app_00 linx[5721]: avg-cpu:  %user   %nice %system %iowait  %steal   %idle
2025-04-23T15:00:01.469308+08:00 Dky_app_00 linx[5721]:            3.47    0.00    1.30    0.67    0.00   94.61
2025-04-23T15:00:01.469367+08:00 Dky_app_00 linx[5721]:
2025-04-23T15:00:01.469419+08:00 Dky_app_00 linx[5721]: Device:         rrqm/s   wrqm/s     r/s     w/s   rsec/s   wsec/s avgrq-sz avgqu-sz   await  svctm  %util
2025-04-23T15:00:01.469471+08:00 Dky_app_00 linx[5721]: sda               0.02   223.59    0.15   13.30    17.71  1895.14   142.21     0.01    0.68   0.13   0.18
2025-04-23T15:00:01.469516+08:00 Dky_app_00 linx[5721]: sda1              0.00     0.00    0.00    0.00     0.00     0.00    40.85     0.00    2.01   2.01   0.00
2025-04-23T15:00:01.469596+08:00 Dky_app_00 linx[5721]: sda2              0.02    18.33    0.06    1.67     8.47   159.98    97.22     0.00    0.54   0.35   0.06
2025-04-23T15:00:01.469659+08:00 Dky_app_00 linx[5721]: sda3              0.00   205.26    0.08   11.63     9.24  1735.16   148.86     0.01    0.70   0.11   0.13
2025-04-23T15:00:01.469733+08:00 Dky_app_00 linx[5721]: sdb               0.00     0.00    9.08   71.73   595.37  4604.27    64.34     0.01    0.18   0.29   2.33
2025-04-23T15:00:01.469826+08:00 Dky_app_00 linx[5721]: sdc               0.00     0.00    7.48   35.34   476.07  2281.31    64.39     0.00    0.83   0.70   3.00
2025-04-23T15:00:01.469858+08:00 Dky_app_00 linx[5721]: sdd               0.00     0.00    5.51    5.92   349.88   389.76    64.69     0.02    1.89   1.65   1.89
2025-04-23T15:00:01.469916+08:00 Dky_app_00 linx[5721]: sde               0.00     0.00    9.33   42.90   586.70   984.40    30.08     0.02    0.29   0.29   1.50
2025-04-23T15:00:01.469942+08:00 Dky_app_00 linx[5721]: sdf               0.00     0.00    0.00    0.00     0.00     0.00    28.82     0.00    8.78   8.78   0.00
2025-04-23T15:00:01.470001+08:00 Dky_app_00 linx[5721]: sdg               0.00     0.00    0.20    0.00     1.56     0.00     8.00     0.00    0.10   0.10   0.00
2025-04-23T15:00:01.470062+08:00 Dky_app_00 linx[5721]: sdh               0.00     0.00    0.10    4.38     2.46  2869.97   641.69     0.00    0.85   1.66   0.74
2025-04-23T15:00:01.470105+08:00 Dky_app_00 linx[5721]: sdi               0.00     0.00    9.09   71.72   596.34  4603.29    64.34     0.01    0.08   0.24   1.91
2025-04-23T15:00:01.470150+08:00 Dky_app_00 linx[5721]: sdj               0.00     0.00    7.47   35.35   475.65  2281.74    64.39     0.01    0.93   0.02   0.08
2025-04-23T15:00:01.470179+08:00 Dky_app_00 linx[5721]: sdk               0.00     0.00    5.51    5.92   350.04   389.60    64.69     0.02    1.78   1.58   1.80
2025-04-23T15:00:01.470208+08:00 Dky_app_00 linx[5721]: sdl               0.00     0.00    9.10   43.13   569.60  1000.55    30.06     0.02    0.37   0.37   1.93
2025-04-23T15:00:01.470251+08:00 Dky_app_00 linx[5721]: sdm               0.00     0.00    0.00    0.00     0.00     0.00    28.53     0.00    0.20   0.20   0.00
2025-04-23T15:00:01.470304+08:00 Dky_app_00 linx[5721]: sdn               0.00     0.00    0.20    0.00     1.56     0.00     8.00     0.00    0.10   0.10   0.00
2025-04-23T15:00:01.470349+08:00 Dky_app_00 linx[5721]: sdo               0.00     0.00    0.10    4.38     2.46  2855.93   638.54     0.00    0.52   1.57   0.70
2025-04-23T15:00:01.470382+08:00 Dky_app_00 linx[5721]: sdq               0.00     0.00    7.47   35.36   475.34  2282.05    64.39     0.01    0.92   0.02   0.07
2025-04-23T15:00:01.470446+08:00 Dky_app_00 linx[5721]: sdr               0.00     0.00    5.52    5.92   350.22   389.43    64.69     0.02    1.78   1.57   1.80
2025-04-23T15:00:01.470497+08:00 Dky_app_00 linx[5721]: sds               0.00     0.00    9.21   43.02   577.27  1007.99    30.35     0.02    0.36   0.36   1.90
2025-04-23T15:00:01.470556+08:00 Dky_app_00 linx[5721]: sdt               0.00     0.00    0.00    0.00     0.00     0.00    28.50     0.00    0.16   0.16   0.00
2025-04-23T15:00:01.470605+08:00 Dky_app_00 linx[5721]: sdu               0.00     0.00    0.20    0.00     1.56     0.00     8.00     0.00    0.09   0.09   0.00
2025-04-23T15:00:01.470684+08:00 Dky_app_00 linx[5721]: sdv               0.00     0.00    0.10    4.38     2.46  2844.63   636.01     0.00    0.52   1.57   0.70
2025-04-23T15:00:01.470767+08:00 Dky_app_00 linx[5721]: sdw               0.00     0.00    9.09   71.72   595.92  4603.71    64.34     0.01    0.18   0.29   2.34
2025-04-23T15:00:01.470814+08:00 Dky_app_00 linx[5721]: sdx               0.00     0.00    7.48   35.35   475.69  2281.69    64.39     0.00    0.83   0.71   3.02
2025-04-23T15:00:01.470877+08:00 Dky_app_00 linx[5721]: sdy               0.00     0.00    5.51    5.92   350.00   389.64    64.69     0.02    1.92   1.67   1.91
2025-04-23T15:00:01.470929+08:00 Dky_app_00 linx[5721]: sdz               0.00     0.00    9.36   42.87   587.87   996.04    30.33     0.02    0.29   0.29   1.50
2025-04-23T15:00:01.471004+08:00 Dky_app_00 linx[5721]: sdab              0.00     0.00    0.20    0.00     1.56     0.00     8.00     0.00    0.09   0.09   0.00
2025-04-23T15:00:01.471067+08:00 Dky_app_00 linx[5721]: sdaa              0.00     0.00    0.00    0.00     0.00     0.00    28.50     0.00    0.22   0.22   0.00
2025-04-23T15:00:01.471125+08:00 Dky_app_00 linx[5721]: sdac              0.00     0.00    0.10    4.38     2.46  2852.47   637.77     0.00    0.84   1.66   0.74
2025-04-23T15:00:01.471154+08:00 Dky_app_00 linx[5721]: sdad              0.00     0.00    9.08   71.73   595.16  4604.46    64.34     0.01    0.08   0.23   1.89
2025-04-23T15:00:01.471201+08:00 Dky_app_00 linx[5721]: sdaf              0.00     0.00    5.51    5.92   349.86   389.78    64.69     0.02    1.79   1.58   1.80
2025-04-23T15:00:01.471228+08:00 Dky_app_00 linx[5721]: sdag              0.00     0.00    9.34   42.89   587.82   983.16    30.08     0.02    0.36   0.36   1.89
2025-04-23T15:00:01.471250+08:00 Dky_app_00 linx[5721]: sdah              0.00     0.00    0.00    0.00     0.00     0.00    28.59     0.00    0.12   0.12   0.00
2025-04-23T15:00:01.471310+08:00 Dky_app_00 linx[5721]: sdae              0.00     0.00    7.48   35.34   476.17  2281.22    64.39     0.01    0.92   0.01   0.06
2025-04-23T15:00:01.471340+08:00 Dky_app_00 linx[5721]: sdai              0.00     0.00    0.20    0.00     1.56     0.00     8.00     0.00    0.08   0.08   0.00
2025-04-23T15:00:01.471398+08:00 Dky_app_00 linx[5721]: sdaj              0.00     0.00    0.10    4.38     2.46  2868.49   641.34     0.00    0.51   1.57   0.70
2025-04-23T15:00:01.471444+08:00 Dky_app_00 linx[5721]: sdak              0.00     0.00    9.10   71.71   596.68  4602.93    64.34     0.01    0.08   0.23   1.88
2025-04-23T15:00:01.471482+08:00 Dky_app_00 linx[5721]: sdal              0.00     0.00    7.47   35.36   475.41  2281.98    64.39     0.01    0.92   0.02   0.06
2025-04-23T15:00:01.471527+08:00 Dky_app_00 linx[5721]: sdam              0.00     0.00    5.51    5.92   350.14   389.50    64.69     0.02    1.78   1.57   1.79
2025-04-23T15:00:01.471568+08:00 Dky_app_00 linx[5721]: sdan              0.00     0.00    9.17   43.06   574.91  1006.79    30.28     0.02    0.36   0.36   1.86
2025-04-23T15:00:01.471590+08:00 Dky_app_00 linx[5721]: sdao              0.00     0.00    0.00    0.00     0.00     0.00    28.59     0.00    0.13   0.13   0.00
2025-04-23T15:00:01.471622+08:00 Dky_app_00 linx[5721]: sdap              0.00     0.00    0.20    0.00     1.56     0.00     8.00     0.00    0.08   0.08   0.00
2025-04-23T15:00:01.471632+08:00 Dky_app_00 linx[5721]: sdaq              0.00     0.00    0.10    4.38     2.46  2847.09   636.56     0.00    0.51   1.57   0.70
2025-04-23T15:00:01.471690+08:00 Dky_app_00 linx[5721]: sdar              0.00     0.00    9.11   71.70   597.33  4602.30    64.34     0.02    0.19   0.30   2.39
2025-04-23T15:00:01.471738+08:00 Dky_app_00 linx[5721]: sdas              0.00     0.00    7.47   35.36   475.27  2282.11    64.39     0.00    0.85   0.72   3.07
2025-04-23T15:00:01.471804+08:00 Dky_app_00 linx[5721]: sdat              0.00     0.00    5.52    5.92   350.26   389.38    64.69     0.02    1.96   1.70   1.94
2025-04-23T15:00:01.471847+08:00 Dky_app_00 linx[5721]: sdau              0.00     0.00    9.22   43.01   577.54  1008.69    30.37     0.02    0.31   0.30   1.59
2025-04-23T15:00:01.471919+08:00 Dky_app_00 linx[5721]: sdav              0.00    11.20    0.30    0.11    75.39    90.50   406.11     0.01   12.52   0.70   0.03
2025-04-23T15:00:01.471964+08:00 Dky_app_00 linx[5721]: sdaw              0.00     0.00    0.20    0.00     1.56     0.00     8.00     0.00    0.08   0.08   0.00
2025-04-23T15:00:01.472016+08:00 Dky_app_00 linx[5721]: sday              0.00     0.00    9.08   71.73   595.64  4603.98    64.34     0.01    0.17   0.29   2.31
2025-04-23T15:00:01.472059+08:00 Dky_app_00 linx[5721]: sdaz              0.00     0.00    7.48   35.35   475.91  2281.47    64.39     0.00    0.83   0.70   2.99
2025-04-23T15:00:01.472132+08:00 Dky_app_00 linx[5721]: sdba              0.00     0.00    5.51    5.92   349.90   389.73    64.69     0.02    1.90   1.65   1.89
2025-04-23T15:00:01.472224+08:00 Dky_app_00 linx[5721]: sdbb              0.00     0.00    9.34   42.89   586.93   987.35    30.14     0.01    0.28   0.28   1.45
2025-04-23T15:00:01.472248+08:00 Dky_app_00 linx[5721]: sdbc              0.00     0.00    0.00    0.00     0.00     0.00    28.55     0.00    0.21   0.21   0.00
2025-04-23T15:00:01.472284+08:00 Dky_app_00 linx[5721]: sdbd              0.00     0.00    0.20    0.00     1.56     0.00     8.00     0.00    0.07   0.07   0.00
2025-04-23T15:00:01.472312+08:00 Dky_app_00 linx[5721]: sdbe              0.00     0.00    0.10    4.38     2.46  2844.00   635.88     0.00    0.82   1.65   0.74
2025-04-23T15:00:01.472379+08:00 Dky_app_00 linx[5721]: sdax              0.00     0.00    0.10    4.38     2.46  2871.76   642.09     0.00    0.85   1.66   0.74
2025-04-23T15:00:01.472430+08:00 Dky_app_00 linx[5721]: dm-0              0.00     0.70   72.34  573.74  4766.26 36827.57    64.38     0.03    0.04   0.04   2.82
2025-04-23T15:00:01.472477+08:00 Dky_app_00 linx[5721]: dm-1              0.00     0.34   59.40  282.81  3802.31 18253.58    64.45     0.01    0.04   0.05   1.69
2025-04-23T15:00:01.472544+08:00 Dky_app_00 linx[5721]: dm-2              0.01     0.04   43.70   47.37  2797.11  3116.81    64.94     0.01    0.46   0.18   1.60
2025-04-23T15:00:01.472588+08:00 Dky_app_00 linx[5721]: dm-3              0.00     0.00   73.67  343.77  4645.44  7974.98    30.23     0.01    0.10   0.01   0.60
2025-04-23T15:00:01.472634+08:00 Dky_app_00 linx[5721]: dm-4              0.00     0.00    0.00    0.00     0.00     0.00    15.59     0.00   17.28  17.28   0.00
2025-04-23T15:00:01.472690+08:00 Dky_app_00 linx[5721]: dm-5              0.00  2821.75    0.37   35.04    16.46 22854.33   645.84     0.01    0.38   0.29   1.02
2025-04-23T15:00:01.472774+08:00 Dky_app_00 linx[5721]: dm-6              0.00     0.00   25.49    3.00   333.40     3.00    11.81     0.01    0.36   0.36   1.02
2025-04-23T15:00:01.472843+08:00 Dky_app_00 linx[5721]: dm-7              0.00     0.00   45.80    0.00  4287.08     0.03    93.60     0.02    0.41   0.41   1.89
2025-04-23T15:00:01.472907+08:00 Dky_app_00 linx[5721]: dm-8              0.00     0.00    2.38  340.78    24.97  7971.95    23.30     0.01    0.03   0.03   1.04
2025-04-23T15:00:01.472968+08:00 Dky_app_00 linx[5721]: dm-9              0.00     0.00    0.37 2856.79    16.45 22854.33     8.00     0.02    0.00   0.00   1.03
2025-04-23T15:00:01.473027+08:00 Dky_app_00 linx[5721]:
2025-04-23T15:00:01.474378+08:00 Dky_app_00 linx[5727]: netstat -an |grep -i 'established'|wc -l
2025-04-23T15:00:01.515386+08:00 Dky_app_00 linx[5731]: 1243
2025-04-23T15:00:01.516733+08:00 Dky_app_00 linx[5733]: date
2025-04-23T15:00:01.518039+08:00 Dky_app_00 linx[5735]: Wed Apr 23 15:00:01 CST 2025
2025-04-23T15:00:01.519257+08:00 Dky_app_00 linx[5737]: cat   /proc/buddyinfo
2025-04-23T15:00:01.520352+08:00 Dky_app_00 linx[5739]: Node 0, zone      DMA      1      1      1      1      2      1      0      0      1      1      3
2025-04-23T15:00:01.520391+08:00 Dky_app_00 linx[5739]: Node 0, zone    DMA32     80     36     45     33     25     34     10     11      9     54     29
2025-04-23T15:00:01.520409+08:00 Dky_app_00 linx[5739]: Node 0, zone   Normal   1547   1614    880    222   1383    260  20927  12621   4973    492    169
2025-04-23T15:00:01.520445+08:00 Dky_app_00 linx[5739]: Node 1, zone   Normal    104    616    560    338   1679  25005  21276  10932   3747    242    400
2025-04-23T15:00:01.520464+08:00 Dky_app_00 linx[5739]: Node 2, zone   Normal   3636   1489    619    285    150    565   6374   6427   2193    606    676
2025-04-23T15:00:01.520504+08:00 Dky_app_00 linx[5739]: Node 3, zone   Normal    544   4078   3498    982  12435  60795  32864  12332   3069      5      0
2025-04-23T15:00:01.520527+08:00 Dky_app_00 linx[5739]: Node 4, zone   Normal    355   1085   4677 121987  96179  64354  33131  10318   1571      5      0
2025-04-23T15:00:01.520560+08:00 Dky_app_00 linx[5739]: Node 5, zone   Normal    575   1420    719    223   2301   6397  19972   9994   3675    733    426
2025-04-23T15:00:01.520583+08:00 Dky_app_00 linx[5739]: Node 6, zone   Normal     25    465    396    139     88     22   8407   4590   1379      4      0
2025-04-23T15:00:01.520607+08:00 Dky_app_00 linx[5739]: Node 7, zone   Normal   1137   2515  30150  39073  42020  31376  19801  10576   3790    522    292
2025-04-23T15:00:01.521655+08:00 Dky_app_00 linx[5741]: top-detail:
2025-04-23T15:02:01.398007+08:00 Dky_app_00 /usr/sbin/cron[8808]: (root) CMD (sh /usr/bin/msmp >> /var/log/msmp.log )
2025-04-23T15:02:01.398036+08:00 Dky_app_00 /usr/sbin/cron[8809]: (sysadmin) CMD (/usr/sbin/get_max_mem_process.sh)
2025-04-23T15:02:01.398132+08:00 Dky_app_00 /usr/sbin/cron[8810]: (dmdba) CMD (sh net_colsewait_mon.sh)
2025-04-23T15:02:01.398215+08:00 Dky_app_00 /usr/sbin/cron[8811]: (dmdba) CMD (sh /home/dmdba/dm/db_sessmon.sh)
2025-04-23T15:02:01.401700+08:00 Dky_app_00 linx[8820]: uptime
2025-04-23T15:02:01.416485+08:00 Dky_app_00 linx[8825]:  15:02:01 up 1551 days,  2:44,  7 users,  load average: 68.24, 66.97, 50.61
2025-04-23T15:02:01.417643+08:00 Dky_app_00 linx[8832]: free -m
2025-04-23T15:02:01.421007+08:00 Dky_app_00 linx[8834]:              total       used       free     shared    buffers     cached
2025-04-23T15:02:01.421029+08:00 Dky_app_00 linx[8834]: Mem:        516904     358705     158199          0         71      69123
2025-04-23T15:02:01.421058+08:00 Dky_app_00 linx[8834]: -/+ buffers/cache:     289510     227394
2025-04-23T15:02:01.421090+08:00 Dky_app_00 linx[8834]: Swap:        61034          0      61034
2025-04-23T15:02:01.422054+08:00 Dky_app_00 linx[8837]: df -h
2025-04-23T15:02:01.423245+08:00 Dky_app_00 linx[8839]: Filesystem            Size  Used Avail Use% Mounted on
2025-04-23T15:02:01.423279+08:00 Dky_app_00 linx[8839]: /dev/sda2             185G   75G  101G  43% /
2025-04-23T15:02:01.423303+08:00 Dky_app_00 linx[8839]: /dev/sda3             585G  296G  260G  54% /home
2025-04-23T15:02:01.423315+08:00 Dky_app_00 linx[8839]: /dev/sdav             3.0T  1.3T  1.6T  45% /dbbak
2025-04-23T15:02:01.423338+08:00 Dky_app_00 linx[8839]: /dev/mapper/dmarch_22-arch
2025-04-23T15:02:01.423357+08:00 Dky_app_00 linx[8839]:                       886G  680G  162G  81% /dbarch
2025-04-23T15:02:01.423378+08:00 Dky_app_00 linx[8839]: tmpfs                  20M   48K   20M   1% /tmp/smp
2025-04-23T15:02:01.423389+08:00 Dky_app_00 linx[8839]: 192.168.9.23:/dbarch/arch_rac1
2025-04-23T15:02:01.423419+08:00 Dky_app_00 linx[8839]:                       788G  681G   68G  91% /dbarch/arch_dsc1_kafka
2025-04-23T15:02:01.424462+08:00 Dky_app_00 linx[8841]: df -ih
2025-04-23T15:02:01.425531+08:00 Dky_app_00 linx[8844]: Filesystem            Inodes   IUsed   IFree IUse% Mounted on
2025-04-23T15:02:01.425556+08:00 Dky_app_00 linx[8844]: /dev/sda2                12M    2.1M    9.7M   18% /
2025-04-23T15:02:01.425569+08:00 Dky_app_00 linx[8844]: /dev/sda3                37M     28K     37M    1% /home
2025-04-23T15:02:01.425612+08:00 Dky_app_00 linx[8844]: /dev/sdav               192M     11K    192M    1% /dbbak
2025-04-23T15:02:01.425629+08:00 Dky_app_00 linx[8844]: /dev/mapper/dmarch_22-arch
2025-04-23T15:02:01.425653+08:00 Dky_app_00 linx[8844]:                          57M     463     57M    1% /dbarch
2025-04-23T15:02:01.425683+08:00 Dky_app_00 linx[8844]: tmpfs                    64M      13     64M    1% /tmp/smp
2025-04-23T15:02:01.425723+08:00 Dky_app_00 linx[8844]: 192.168.9.23:/dbarch/arch_rac1
2025-04-23T15:02:01.425740+08:00 Dky_app_00 linx[8844]:                          50M     353     50M    1% /dbarch/arch_dsc1_kafka
2025-04-23T15:02:01.426781+08:00 Dky_app_00 linx[8846]: iostat -x
2025-04-23T15:02:01.432215+08:00 Dky_app_00 linx[8848]: Linux 2.6.32-Rocky4.2-x86_64 (Dky_app_00) #01104/23/25 #011_x86_64_
2025-04-23T15:02:01.432229+08:00 Dky_app_00 linx[8848]:
2025-04-23T15:02:01.435799+08:00 Dky_app_00 linx[8848]: avg-cpu:  %user   %nice %system %iowait  %steal   %idle
2025-04-23T15:02:01.435815+08:00 Dky_app_00 linx[8848]:            3.47    0.00    1.30    0.67    0.00   94.61
2025-04-23T15:02:01.435854+08:00 Dky_app_00 linx[8848]:
2025-04-23T15:02:01.435895+08:00 Dky_app_00 linx[8848]: Device:         rrqm/s   wrqm/s     r/s     w/s   rsec/s   wsec/s avgrq-sz avgqu-sz   await  svctm  %util
2025-04-23T15:02:01.435924+08:00 Dky_app_00 linx[8848]: sda               0.02   223.59    0.15   13.30    17.72  1895.14   142.21     0.01    0.68   0.13   0.18
2025-04-23T15:02:01.435979+08:00 Dky_app_00 linx[8848]: sda1              0.00     0.00    0.00    0.00     0.00     0.00    40.85     0.00    2.01   2.01   0.00
2025-04-23T15:02:01.436039+08:00 Dky_app_00 linx[8848]: sda2              0.02    18.33    0.06    1.67     8.47   159.98    97.22     0.00    0.54   0.35   0.06
2025-04-23T15:02:01.436112+08:00 Dky_app_00 linx[8848]: sda3              0.00   205.26    0.08   11.63     9.25  1735.16   148.86     0.01    0.70   0.11   0.13
2025-04-23T15:02:01.436187+08:00 Dky_app_00 linx[8848]: sdb               0.00     0.00    9.08   71.73   595.37  4604.26    64.34     0.01    0.18   0.29   2.33
2025-04-23T15:02:01.436248+08:00 Dky_app_00 linx[8848]: sdc               0.00     0.00    7.48   35.34   476.07  2281.31    64.39     0.00    0.83   0.70   3.00
2025-04-23T15:02:01.436286+08:00 Dky_app_00 linx[8848]: sdd               0.00     0.00    5.51    5.92   349.88   389.76    64.69     0.02    1.89   1.65   1.89
2025-04-23T15:02:01.436337+08:00 Dky_app_00 linx[8848]: sde               0.00     0.00    9.33   42.90   586.70   984.40    30.08     0.02    0.29   0.29   1.50
2025-04-23T15:02:01.436369+08:00 Dky_app_00 linx[8848]: sdf               0.00     0.00    0.00    0.00     0.00     0.00    28.82     0.00    8.78   8.78   0.00
2025-04-23T15:02:01.436395+08:00 Dky_app_00 linx[8848]: sdg               0.00     0.00    0.20    0.00     1.56     0.00     8.00     0.00    0.10   0.10   0.00
2025-04-23T15:02:01.436447+08:00 Dky_app_00 linx[8848]: sdh               0.00     0.00    0.10    4.38     2.46  2869.97   641.69     0.00    0.85   1.66   0.74
2025-04-23T15:02:01.436480+08:00 Dky_app_00 linx[8848]: sdi               0.00     0.00    9.09   71.72   596.34  4603.28    64.34     0.01    0.08   0.24   1.91
2025-04-23T15:02:01.436495+08:00 Dky_app_00 linx[8848]: sdj               0.00     0.00    7.47   35.35   475.65  2281.74    64.39     0.01    0.93   0.02   0.08
2025-04-23T15:02:01.436529+08:00 Dky_app_00 linx[8848]: sdk               0.00     0.00    5.51    5.92   350.04   389.60    64.69     0.02    1.78   1.58   1.80
2025-04-23T15:02:01.436561+08:00 Dky_app_00 linx[8848]: sdl               0.00     0.00    9.10   43.13   569.60  1000.55    30.06     0.02    0.37   0.37   1.93
2025-04-23T15:02:01.436594+08:00 Dky_app_00 linx[8848]: sdm               0.00     0.00    0.00    0.00     0.00     0.00    28.53     0.00    0.20   0.20   0.00
2025-04-23T15:02:01.436610+08:00 Dky_app_00 linx[8848]: sdn               0.00     0.00    0.20    0.00     1.56     0.00     8.00     0.00    0.10   0.10   0.00
2025-04-23T15:02:01.436644+08:00 Dky_app_00 linx[8848]: sdo               0.00     0.00    0.10    4.38     2.46  2855.92   638.54     0.00    0.52   1.57   0.70
2025-04-23T15:02:01.436658+08:00 Dky_app_00 linx[8848]: sdq               0.00     0.00    7.47   35.36   475.34  2282.05    64.39     0.01    0.92   0.02   0.07
2025-04-23T15:02:01.436691+08:00 Dky_app_00 linx[8848]: sdr               0.00     0.00    5.52    5.92   350.21   389.43    64.69     0.02    1.78   1.57   1.80
2025-04-23T15:02:01.436722+08:00 Dky_app_00 linx[8848]: sds               0.00     0.00    9.21   43.02   577.27  1007.99    30.35     0.02    0.36   0.36   1.90
2025-04-23T15:02:01.436743+08:00 Dky_app_00 linx[8848]: sdt               0.00     0.00    0.00    0.00     0.00     0.00    28.50     0.00    0.16   0.16   0.00
2025-04-23T15:02:01.436766+08:00 Dky_app_00 linx[8848]: sdu               0.00     0.00    0.20    0.00     1.56     0.00     8.00     0.00    0.09   0.09   0.00
2025-04-23T15:02:01.436784+08:00 Dky_app_00 linx[8848]: sdv               0.00     0.00    0.10    4.38     2.46  2844.63   636.01     0.00    0.52   1.57   0.70
2025-04-23T15:02:01.436823+08:00 Dky_app_00 linx[8848]: sdw               0.00     0.00    9.09   71.72   595.92  4603.71    64.34     0.01    0.18   0.29   2.34
2025-04-23T15:02:01.436893+08:00 Dky_app_00 linx[8848]: sdx               0.00     0.00    7.48   35.35   475.69  2281.69    64.39     0.00    0.83   0.71   3.02
2025-04-23T15:02:01.436931+08:00 Dky_app_00 linx[8848]: sdy               0.00     0.00    5.51    5.92   350.00   389.64    64.69     0.02    1.92   1.67   1.91
2025-04-23T15:02:01.436981+08:00 Dky_app_00 linx[8848]: sdz               0.00     0.00    9.36   42.87   587.87   996.04    30.33     0.02    0.29   0.29   1.50
2025-04-23T15:02:01.436995+08:00 Dky_app_00 linx[8848]: sdab              0.00     0.00    0.20    0.00     1.56     0.00     8.00     0.00    0.09   0.09   0.00
2025-04-23T15:02:01.437029+08:00 Dky_app_00 linx[8848]: sdaa              0.00     0.00    0.00    0.00     0.00     0.00    28.50     0.00    0.22   0.22   0.00
2025-04-23T15:02:01.437054+08:00 Dky_app_00 linx[8848]: sdac              0.00     0.00    0.10    4.38     2.46  2852.47   637.77     0.00    0.84   1.66   0.74
2025-04-23T15:02:01.437097+08:00 Dky_app_00 linx[8848]: sdad              0.00     0.00    9.08   71.73   595.16  4604.46    64.34     0.01    0.08   0.23   1.89
2025-04-23T15:02:01.437141+08:00 Dky_app_00 linx[8848]: sdaf              0.00     0.00    5.51    5.92   349.86   389.78    64.69     0.02    1.79   1.58   1.80
2025-04-23T15:02:01.437152+08:00 Dky_app_00 linx[8848]: sdag              0.00     0.00    9.34   42.89   587.82   983.16    30.08     0.02    0.36   0.36   1.89
2025-04-23T15:02:01.437179+08:00 Dky_app_00 linx[8848]: sdah              0.00     0.00    0.00    0.00     0.00     0.00    28.59     0.00    0.12   0.12   0.00
2025-04-23T15:02:01.437219+08:00 Dky_app_00 linx[8848]: sdae              0.00     0.00    7.48   35.34   476.17  2281.21    64.39     0.01    0.92   0.01   0.06
2025-04-23T15:02:01.437251+08:00 Dky_app_00 linx[8848]: sdai              0.00     0.00    0.20    0.00     1.56     0.00     8.00     0.00    0.08   0.08   0.00
2025-04-23T15:02:01.437286+08:00 Dky_app_00 linx[8848]: sdaj              0.00     0.00    0.10    4.38     2.46  2868.49   641.34     0.00    0.51   1.57   0.70
2025-04-23T15:02:01.437303+08:00 Dky_app_00 linx[8848]: sdak              0.00     0.00    9.10   71.71   596.68  4602.93    64.34     0.01    0.08   0.23   1.88
2025-04-23T15:02:01.437333+08:00 Dky_app_00 linx[8848]: sdal              0.00     0.00    7.47   35.36   475.40  2281.98    64.39     0.01    0.92   0.02   0.06
2025-04-23T15:02:01.437381+08:00 Dky_app_00 linx[8848]: sdam              0.00     0.00    5.51    5.92   350.14   389.50    64.69     0.02    1.78   1.57   1.79
2025-04-23T15:02:01.437399+08:00 Dky_app_00 linx[8848]: sdan              0.00     0.00    9.17   43.06   574.91  1006.79    30.28     0.02    0.36   0.36   1.86
2025-04-23T15:02:01.437436+08:00 Dky_app_00 linx[8848]: sdao              0.00     0.00    0.00    0.00     0.00     0.00    28.59     0.00    0.13   0.13   0.00
2025-04-23T15:02:01.437457+08:00 Dky_app_00 linx[8848]: sdap              0.00     0.00    0.20    0.00     1.56     0.00     8.00     0.00    0.08   0.08   0.00
2025-04-23T15:02:01.437497+08:00 Dky_app_00 linx[8848]: sdaq              0.00     0.00    0.10    4.38     2.46  2847.08   636.56     0.00    0.51   1.57   0.70
2025-04-23T15:02:01.437525+08:00 Dky_app_00 linx[8848]: sdar              0.00     0.00    9.11   71.70   597.33  4602.29    64.34     0.02    0.19   0.30   2.39
2025-04-23T15:02:01.437550+08:00 Dky_app_00 linx[8848]: sdas              0.00     0.00    7.47   35.36   475.27  2282.11    64.39     0.00    0.85   0.72   3.07
2025-04-23T15:02:01.437581+08:00 Dky_app_00 linx[8848]: sdat              0.00     0.00    5.52    5.92   350.26   389.38    64.69     0.02    1.96   1.70   1.94
2025-04-23T15:02:01.437630+08:00 Dky_app_00 linx[8848]: sdau              0.00     0.00    9.22   43.01   577.54  1008.69    30.37     0.02    0.31   0.30   1.59
2025-04-23T15:02:01.437647+08:00 Dky_app_00 linx[8848]: sdav              0.00    11.20    0.30    0.11    75.39    90.50   406.11     0.01   12.52   0.70   0.03
2025-04-23T15:02:01.437682+08:00 Dky_app_00 linx[8848]: sdaw              0.00     0.00    0.20    0.00     1.56     0.00     8.00     0.00    0.08   0.08   0.00
2025-04-23T15:02:01.437703+08:00 Dky_app_00 linx[8848]: sday              0.00     0.00    9.08   71.73   595.64  4603.97    64.34     0.01    0.17   0.29   2.31
2025-04-23T15:02:01.437757+08:00 Dky_app_00 linx[8848]: sdaz              0.00     0.00    7.48   35.35   475.91  2281.46    64.39     0.00    0.83   0.70   2.99
2025-04-23T15:02:01.437779+08:00 Dky_app_00 linx[8848]: sdba              0.00     0.00    5.51    5.92   349.90   389.73    64.69     0.02    1.90   1.65   1.89
2025-04-23T15:02:01.437811+08:00 Dky_app_00 linx[8848]: sdbb              0.00     0.00    9.34   42.89   586.93   987.35    30.14     0.01    0.28   0.28   1.45
2025-04-23T15:02:01.437849+08:00 Dky_app_00 linx[8848]: sdbc              0.00     0.00    0.00    0.00     0.00     0.00    28.55     0.00    0.21   0.21   0.00
2025-04-23T15:02:01.437900+08:00 Dky_app_00 linx[8848]: sdbd              0.00     0.00    0.20    0.00     1.56     0.00     8.00     0.00    0.07   0.07   0.00
2025-04-23T15:02:01.437947+08:00 Dky_app_00 linx[8848]: sdbe              0.00     0.00    0.10    4.38     2.46  2843.99   635.88     0.00    0.82   1.65   0.74
2025-04-23T15:02:01.437990+08:00 Dky_app_00 linx[8848]: sdax              0.00     0.00    0.10    4.38     2.46  2871.76   642.09     0.00    0.85   1.66   0.74
2025-04-23T15:02:01.438031+08:00 Dky_app_00 linx[8848]: dm-0              0.00     0.70   72.34  573.74  4766.25 36827.53    64.38     0.03    0.04   0.04   2.82
2025-04-23T15:02:01.438061+08:00 Dky_app_00 linx[8848]: dm-1              0.00     0.34   59.40  282.81  3802.30 18253.56    64.45     0.01    0.04   0.05   1.69
2025-04-23T15:02:01.438113+08:00 Dky_app_00 linx[8848]: dm-2              0.01     0.04   43.70   47.37  2797.11  3116.81    64.94     0.01    0.46   0.18   1.60
2025-04-23T15:02:01.438137+08:00 Dky_app_00 linx[8848]: dm-3              0.00     0.00   73.67  343.77  4645.44  7974.97    30.23     0.01    0.10   0.01   0.60
2025-04-23T15:02:01.438184+08:00 Dky_app_00 linx[8848]: dm-4              0.00     0.00    0.00    0.00     0.00     0.00    15.59     0.00   17.28  17.28   0.00
2025-04-23T15:02:01.438223+08:00 Dky_app_00 linx[8848]: dm-5              0.00  2821.74    0.37   35.04    16.46 22854.31   645.84     0.01    0.38   0.29   1.02
2025-04-23T15:02:01.438241+08:00 Dky_app_00 linx[8848]: dm-6              0.00     0.00   25.49    3.00   333.40     3.00    11.81     0.01    0.36   0.36   1.02
2025-04-23T15:02:01.438264+08:00 Dky_app_00 linx[8848]: dm-7              0.00     0.00   45.80    0.00  4287.07     0.03    93.60     0.02    0.41   0.41   1.89
2025-04-23T15:02:01.438293+08:00 Dky_app_00 linx[8848]: dm-8              0.00     0.00    2.38  340.78    24.97  7971.94    23.30     0.01    0.03   0.03   1.04
2025-04-23T15:02:01.438332+08:00 Dky_app_00 linx[8848]: dm-9              0.00     0.00    0.37 2856.79    16.45 22854.31     8.00     0.02    0.00   0.00   1.03
2025-04-23T15:02:01.438375+08:00 Dky_app_00 linx[8848]:
2025-04-23T15:02:01.439602+08:00 Dky_app_00 linx[8854]: netstat -an |grep -i 'established'|wc -l
2025-04-23T15:02:01.478254+08:00 Dky_app_00 linx[8858]: 1196
2025-04-23T15:02:01.479421+08:00 Dky_app_00 linx[8860]: date
2025-04-23T15:02:01.480547+08:00 Dky_app_00 linx[8862]: Wed Apr 23 15:02:01 CST 2025
2025-04-23T15:02:01.481551+08:00 Dky_app_00 linx[8864]: cat   /proc/buddyinfo
2025-04-23T15:02:01.482520+08:00 Dky_app_00 linx[8866]: Node 0, zone      DMA      1      1      1      1      2      1      0      0      1      1      3
2025-04-23T15:02:01.482545+08:00 Dky_app_00 linx[8866]: Node 0, zone    DMA32     80     36     45     33     25     34     10     11      9     54     29
2025-04-23T15:02:01.482551+08:00 Dky_app_00 linx[8866]: Node 0, zone   Normal   1406   1638    894    223   1383    260  20927  12621   4973    492    170
2025-04-23T15:02:01.482564+08:00 Dky_app_00 linx[8866]: Node 1, zone   Normal    119    661    565    376   1697  24877  21276  10932   3747    242    400
2025-04-23T15:02:01.482575+08:00 Dky_app_00 linx[8866]: Node 2, zone   Normal   4005   1511    626    288    152    565   6374   6427   2193    605    677
2025-04-23T15:02:01.482596+08:00 Dky_app_00 linx[8866]: Node 3, zone   Normal    549   4090   3517    971  12370  60794  32865  12334   3069      5      0
2025-04-23T15:02:01.482611+08:00 Dky_app_00 linx[8866]: Node 4, zone   Normal  16509  15218  43453  75457  96181  64354  33131  10318   1571      5      0
2025-04-23T15:02:01.482626+08:00 Dky_app_00 linx[8866]: Node 5, zone   Normal    606    963    529    167   2303   6397  19972   9994   3675    734    426
2025-04-23T15:02:01.482643+08:00 Dky_app_00 linx[8866]: Node 6, zone   Normal  17614  17409  17135  16681  16365   2629   8389   4590   1379      6      0
2025-04-23T15:02:01.482659+08:00 Dky_app_00 linx[8866]: Node 7, zone   Normal   1201   2488  30143  39071  42018  31376  19801  10576   3790    524    292
2025-04-23T15:02:01.483644+08:00 Dky_app_00 linx[8868]: top-detail:
2025-04-23T15:04:01.289079+08:00 Dky_app_00 /usr/sbin/cron[11799]: (root) CMD (sh /usr/bin/msmp >> /var/log/msmp.log )
2025-04-23T15:04:01.289133+08:00 Dky_app_00 /usr/sbin/cron[11800]: (sysadmin) CMD (/usr/sbin/get_max_mem_process.sh)
2025-04-23T15:04:01.289311+08:00 Dky_app_00 /usr/sbin/cron[11801]: (dmdba) CMD (sh net_colsewait_mon.sh)
2025-04-23T15:04:01.289659+08:00 Dky_app_00 /usr/sbin/cron[11802]: (dmdba) CMD (sh /home/dmdba/dm/db_sessmon.sh)
2025-04-23T15:04:01.292690+08:00 Dky_app_00 linx[11811]: uptime
2025-04-23T15:04:01.310523+08:00 Dky_app_00 linx[11818]:  15:04:01 up 1551 days,  2:46,  7 users,  load average: 68.03, 67.28, 52.71
2025-04-23T15:04:01.311772+08:00 Dky_app_00 linx[11826]: free -m
2025-04-23T15:04:01.315317+08:00 Dky_app_00 linx[11828]:              total       used       free     shared    buffers     cached
2025-04-23T15:04:01.315338+08:00 Dky_app_00 linx[11828]: Mem:        516904     358748     158155          0         72      69152
2025-04-23T15:04:01.315375+08:00 Dky_app_00 linx[11828]: -/+ buffers/cache:     289523     227381
2025-04-23T15:04:01.315443+08:00 Dky_app_00 linx[11828]: Swap:        61034          0      61034
2025-04-23T15:04:01.316568+08:00 Dky_app_00 linx[11830]: df -h
2025-04-23T15:04:01.318308+08:00 Dky_app_00 linx[11832]: Filesystem            Size  Used Avail Use% Mounted on
2025-04-23T15:04:01.318407+08:00 Dky_app_00 linx[11832]: /dev/sda2             185G   75G  101G  43% /
2025-04-23T15:04:01.318491+08:00 Dky_app_00 linx[11832]: /dev/sda3             585G  296G  260G  54% /home
2025-04-23T15:04:01.318579+08:00 Dky_app_00 linx[11832]: /dev/sdav             3.0T  1.3T  1.6T  45% /dbbak
2025-04-23T15:04:01.318629+08:00 Dky_app_00 linx[11832]: /dev/mapper/dmarch_22-arch
2025-04-23T15:04:01.318698+08:00 Dky_app_00 linx[11832]:                       886G  680G  162G  81% /dbarch
2025-04-23T15:04:01.318723+08:00 Dky_app_00 linx[11832]: tmpfs                  20M   36K   20M   1% /tmp/smp
2025-04-23T15:04:01.318754+08:00 Dky_app_00 linx[11832]: 192.168.9.23:/dbarch/arch_rac1
2025-04-23T15:04:01.318766+08:00 Dky_app_00 linx[11832]:                       788G  681G   68G  91% /dbarch/arch_dsc1_kafka
2025-04-23T15:04:01.320081+08:00 Dky_app_00 linx[11834]: df -ih
2025-04-23T15:04:01.321414+08:00 Dky_app_00 linx[11836]: Filesystem            Inodes   IUsed   IFree IUse% Mounted on
2025-04-23T15:04:01.321472+08:00 Dky_app_00 linx[11836]: /dev/sda2                12M    2.1M    9.7M   18% /
2025-04-23T15:04:01.321527+08:00 Dky_app_00 linx[11836]: /dev/sda3                37M     28K     37M    1% /home
2025-04-23T15:04:01.321572+08:00 Dky_app_00 linx[11836]: /dev/sdav               192M     11K    192M    1% /dbbak
2025-04-23T15:04:01.321615+08:00 Dky_app_00 linx[11836]: /dev/mapper/dmarch_22-arch
2025-04-23T15:04:01.321671+08:00 Dky_app_00 linx[11836]:                          57M     463     57M    1% /dbarch
2025-04-23T15:04:01.321686+08:00 Dky_app_00 linx[11836]: tmpfs                    64M      13     64M    1% /tmp/smp
2025-04-23T15:04:01.321709+08:00 Dky_app_00 linx[11836]: 192.168.9.23:/dbarch/arch_rac1
2025-04-23T15:04:01.321723+08:00 Dky_app_00 linx[11836]:                          50M     353     50M    1% /dbarch/arch_dsc1_kafka
2025-04-23T15:04:01.323021+08:00 Dky_app_00 linx[11838]: iostat -x
2025-04-23T15:04:01.329861+08:00 Dky_app_00 linx[11840]: Linux 2.6.32-Rocky4.2-x86_64 (Dky_app_00) #01104/23/25 #011_x86_64_
2025-04-23T15:04:01.329877+08:00 Dky_app_00 linx[11840]:
2025-04-23T15:04:01.333809+08:00 Dky_app_00 linx[11840]: avg-cpu:  %user   %nice %system %iowait  %steal   %idle
2025-04-23T15:04:01.333840+08:00 Dky_app_00 linx[11840]:            3.47    0.00    1.30    0.67    0.00   94.61
2025-04-23T15:04:01.333855+08:00 Dky_app_00 linx[11840]:
2025-04-23T15:04:01.333899+08:00 Dky_app_00 linx[11840]: Device:         rrqm/s   wrqm/s     r/s     w/s   rsec/s   wsec/s avgrq-sz avgqu-sz   await  svctm  %util
2025-04-23T15:04:01.333923+08:00 Dky_app_00 linx[11840]: sda               0.02   223.59    0.15   13.30    17.72  1895.14   142.21     0.01    0.68   0.13   0.18
2025-04-23T15:04:01.333962+08:00 Dky_app_00 linx[11840]: sda1              0.00     0.00    0.00    0.00     0.00     0.00    40.85     0.00    2.01   2.01   0.00
2025-04-23T15:04:01.334011+08:00 Dky_app_00 linx[11840]: sda2              0.02    18.33    0.06    1.67     8.47   159.98    97.22     0.00    0.54   0.35   0.06
2025-04-23T15:04:01.334043+08:00 Dky_app_00 linx[11840]: sda3              0.00   205.26    0.08   11.63     9.25  1735.16   148.86     0.01    0.70   0.11   0.13
2025-04-23T15:04:01.334079+08:00 Dky_app_00 linx[11840]: sdb               0.00     0.00    9.08   71.73   595.37  4604.26    64.34     0.01    0.18   0.29   2.33
2025-04-23T15:04:01.334132+08:00 Dky_app_00 linx[11840]: sdc               0.00     0.00    7.48   35.34   476.07  2281.31    64.39     0.00    0.83   0.70   3.00
2025-04-23T15:04:01.334179+08:00 Dky_app_00 linx[11840]: sdd               0.00     0.00    5.51    5.92   349.88   389.76    64.69     0.02    1.89   1.65   1.89
2025-04-23T15:04:01.334203+08:00 Dky_app_00 linx[11840]: sde               0.00     0.00    9.33   42.90   586.70   984.40    30.08     0.02    0.29   0.29   1.50
2025-04-23T15:04:01.334235+08:00 Dky_app_00 linx[11840]: sdf               0.00     0.00    0.00    0.00     0.00     0.00    28.82     0.00    8.78   8.78   0.00
2025-04-23T15:04:01.334279+08:00 Dky_app_00 linx[11840]: sdg               0.00     0.00    0.20    0.00     1.56     0.00     8.00     0.00    0.10   0.10   0.00
2025-04-23T15:04:01.334313+08:00 Dky_app_00 linx[11840]: sdh               0.00     0.00    0.10    4.38     2.46  2869.97   641.69     0.00    0.85   1.66   0.74
2025-04-23T15:04:01.334340+08:00 Dky_app_00 linx[11840]: sdi               0.00     0.00    9.09   71.72   596.34  4603.28    64.34     0.01    0.08   0.24   1.91
2025-04-23T15:04:01.334387+08:00 Dky_app_00 linx[11840]: sdj               0.00     0.00    7.47   35.35   475.65  2281.74    64.39     0.01    0.93   0.02   0.08
2025-04-23T15:04:01.334402+08:00 Dky_app_00 linx[11840]: sdk               0.00     0.00    5.51    5.92   350.04   389.60    64.69     0.02    1.78   1.58   1.80
2025-04-23T15:04:01.334421+08:00 Dky_app_00 linx[11840]: sdl               0.00     0.00    9.10   43.13   569.60  1000.55    30.06     0.02    0.37   0.37   1.93
2025-04-23T15:04:01.334435+08:00 Dky_app_00 linx[11840]: sdm               0.00     0.00    0.00    0.00     0.00     0.00    28.53     0.00    0.20   0.20   0.00
2025-04-23T15:04:01.334463+08:00 Dky_app_00 linx[11840]: sdn               0.00     0.00    0.20    0.00     1.56     0.00     8.00     0.00    0.10   0.10   0.00
2025-04-23T15:04:01.334505+08:00 Dky_app_00 linx[11840]: sdo               0.00     0.00    0.10    4.38     2.46  2855.92   638.54     0.00    0.52   1.57   0.70
2025-04-23T15:04:01.334546+08:00 Dky_app_00 linx[11840]: sdq               0.00     0.00    7.47   35.36   475.34  2282.05    64.39     0.01    0.92   0.02   0.07
2025-04-23T15:04:01.334590+08:00 Dky_app_00 linx[11840]: sdr               0.00     0.00    5.52    5.92   350.21   389.42    64.69     0.02    1.78   1.57   1.80
2025-04-23T15:04:01.334640+08:00 Dky_app_00 linx[11840]: sds               0.00     0.00    9.21   43.02   577.27  1007.99    30.35     0.02    0.36   0.36   1.90
2025-04-23T15:04:01.334669+08:00 Dky_app_00 linx[11840]: sdt               0.00     0.00    0.00    0.00     0.00     0.00    28.50     0.00    0.16   0.16   0.00
2025-04-23T15:04:01.334683+08:00 Dky_app_00 linx[11840]: sdu               0.00     0.00    0.20    0.00     1.56     0.00     8.00     0.00    0.09   0.09   0.00
2025-04-23T15:04:01.334723+08:00 Dky_app_00 linx[11840]: sdv               0.00     0.00    0.10    4.38     2.46  2844.63   636.01     0.00    0.52   1.57   0.70
2025-04-23T15:04:01.334777+08:00 Dky_app_00 linx[11840]: sdw               0.00     0.00    9.09   71.72   595.92  4603.70    64.34     0.01    0.18   0.29   2.34
2025-04-23T15:04:01.334797+08:00 Dky_app_00 linx[11840]: sdx               0.00     0.00    7.48   35.35   475.69  2281.69    64.39     0.00    0.83   0.71   3.02
2025-04-23T15:04:01.334841+08:00 Dky_app_00 linx[11840]: sdy               0.00     0.00    5.51    5.92   350.00   389.64    64.69     0.02    1.92   1.67   1.91
2025-04-23T15:04:01.334853+08:00 Dky_app_00 linx[11840]: sdz               0.00     0.00    9.36   42.87   587.87   996.04    30.33     0.02    0.29   0.29   1.50
2025-04-23T15:04:01.334890+08:00 Dky_app_00 linx[11840]: sdab              0.00     0.00    0.20    0.00     1.56     0.00     8.00     0.00    0.09   0.09   0.00
2025-04-23T15:04:01.334914+08:00 Dky_app_00 linx[11840]: sdaa              0.00     0.00    0.00    0.00     0.00     0.00    28.50     0.00    0.22   0.22   0.00
2025-04-23T15:04:01.334973+08:00 Dky_app_00 linx[11840]: sdac              0.00     0.00    0.10    4.38     2.46  2852.46   637.77     0.00    0.84   1.66   0.74
2025-04-23T15:04:01.334982+08:00 Dky_app_00 linx[11840]: sdad              0.00     0.00    9.08   71.73   595.16  4604.46    64.34     0.01    0.08   0.23   1.89
2025-04-23T15:04:01.335014+08:00 Dky_app_00 linx[11840]: sdaf              0.00     0.00    5.51    5.92   349.86   389.78    64.69     0.02    1.79   1.58   1.80
2025-04-23T15:04:01.335047+08:00 Dky_app_00 linx[11840]: sdag              0.00     0.00    9.34   42.89   587.82   983.16    30.08     0.02    0.36   0.36   1.89
2025-04-23T15:04:01.335099+08:00 Dky_app_00 linx[11840]: sdah              0.00     0.00    0.00    0.00     0.00     0.00    28.59     0.00    0.12   0.12   0.00
2025-04-23T15:04:01.335128+08:00 Dky_app_00 linx[11840]: sdae              0.00     0.00    7.48   35.34   476.16  2281.21    64.39     0.01    0.92   0.01   0.06
2025-04-23T15:04:01.335177+08:00 Dky_app_00 linx[11840]: sdai              0.00     0.00    0.20    0.00     1.56     0.00     8.00     0.00    0.08   0.08   0.00
2025-04-23T15:04:01.335232+08:00 Dky_app_00 linx[11840]: sdaj              0.00     0.00    0.10    4.38     2.46  2868.48   641.34     0.00    0.51   1.57   0.70
2025-04-23T15:04:01.335246+08:00 Dky_app_00 linx[11840]: sdak              0.00     0.00    9.10   71.71   596.68  4602.93    64.34     0.01    0.08   0.23   1.88
2025-04-23T15:04:01.335297+08:00 Dky_app_00 linx[11840]: sdal              0.00     0.00    7.47   35.36   475.40  2281.98    64.39     0.01    0.92   0.02   0.06
2025-04-23T15:04:01.335338+08:00 Dky_app_00 linx[11840]: sdam              0.00     0.00    5.51    5.92   350.14   389.50    64.69     0.02    1.78   1.57   1.79
2025-04-23T15:04:01.335378+08:00 Dky_app_00 linx[11840]: sdan              0.00     0.00    9.17   43.06   574.91  1006.79    30.28     0.02    0.36   0.36   1.86
2025-04-23T15:04:01.335402+08:00 Dky_app_00 linx[11840]: sdao              0.00     0.00    0.00    0.00     0.00     0.00    28.59     0.00    0.13   0.13   0.00
2025-04-23T15:04:01.335447+08:00 Dky_app_00 linx[11840]: sdap              0.00     0.00    0.20    0.00     1.56     0.00     8.00     0.00    0.08   0.08   0.00
2025-04-23T15:04:01.335480+08:00 Dky_app_00 linx[11840]: sdaq              0.00     0.00    0.10    4.38     2.46  2847.08   636.56     0.00    0.51   1.57   0.70
2025-04-23T15:04:01.335505+08:00 Dky_app_00 linx[11840]: sdar              0.00     0.00    9.11   71.70   597.33  4602.29    64.34     0.02    0.19   0.30   2.39
2025-04-23T15:04:01.335529+08:00 Dky_app_00 linx[11840]: sdas              0.00     0.00    7.47   35.36   475.27  2282.10    64.39     0.00    0.85   0.72   3.07
2025-04-23T15:04:01.335562+08:00 Dky_app_00 linx[11840]: sdat              0.00     0.00    5.52    5.92   350.26   389.38    64.69     0.02    1.96   1.70   1.94
2025-04-23T15:04:01.335605+08:00 Dky_app_00 linx[11840]: sdau              0.00     0.00    9.22   43.01   577.54  1008.69    30.37     0.02    0.31   0.30   1.59
2025-04-23T15:04:01.335638+08:00 Dky_app_00 linx[11840]: sdav              0.00    11.20    0.30    0.11    75.39    90.50   406.11     0.01   12.52   0.70   0.03
2025-04-23T15:04:01.335653+08:00 Dky_app_00 linx[11840]: sdaw              0.00     0.00    0.20    0.00     1.56     0.00     8.00     0.00    0.08   0.08   0.00
2025-04-23T15:04:01.335698+08:00 Dky_app_00 linx[11840]: sday              0.00     0.00    9.08   71.73   595.64  4603.97    64.34     0.01    0.17   0.29   2.31
2025-04-23T15:04:01.335727+08:00 Dky_app_00 linx[11840]: sdaz              0.00     0.00    7.48   35.35   475.91  2281.46    64.39     0.00    0.83   0.70   2.99
2025-04-23T15:04:01.335750+08:00 Dky_app_00 linx[11840]: sdba              0.00     0.00    5.51    5.92   349.90   389.73    64.69     0.02    1.90   1.65   1.89
2025-04-23T15:04:01.335809+08:00 Dky_app_00 linx[11840]: sdbb              0.00     0.00    9.34   42.89   586.93   987.35    30.14     0.01    0.28   0.28   1.45
2025-04-23T15:04:01.335848+08:00 Dky_app_00 linx[11840]: sdbc              0.00     0.00    0.00    0.00     0.00     0.00    28.55     0.00    0.21   0.21   0.00
2025-04-23T15:04:01.335893+08:00 Dky_app_00 linx[11840]: sdbd              0.00     0.00    0.20    0.00     1.56     0.00     8.00     0.00    0.07   0.07   0.00
2025-04-23T15:04:01.335923+08:00 Dky_app_00 linx[11840]: sdbe              0.00     0.00    0.10    4.38     2.46  2843.99   635.88     0.00    0.82   1.65   0.74
2025-04-23T15:04:01.335960+08:00 Dky_app_00 linx[11840]: sdax              0.00     0.00    0.10    4.38     2.46  2871.75   642.09     0.00    0.85   1.66   0.74
2025-04-23T15:04:01.335986+08:00 Dky_app_00 linx[11840]: dm-0              0.00     0.70   72.34  573.74  4766.25 36827.50    64.38     0.03    0.04   0.04   2.82
2025-04-23T15:04:01.336030+08:00 Dky_app_00 linx[11840]: dm-1              0.00     0.34   59.40  282.81  3802.30 18253.54    64.45     0.01    0.04   0.05   1.69
2025-04-23T15:04:01.336059+08:00 Dky_app_00 linx[11840]: dm-2              0.01     0.04   43.70   47.37  2797.10  3116.81    64.94     0.01    0.46   0.18   1.60
2025-04-23T15:04:01.336101+08:00 Dky_app_00 linx[11840]: dm-3              0.00     0.00   73.67  343.77  4645.44  7974.96    30.23     0.01    0.10   0.01   0.60
2025-04-23T15:04:01.336160+08:00 Dky_app_00 linx[11840]: dm-4              0.00     0.00    0.00    0.00     0.00     0.00    15.59     0.00   17.28  17.28   0.00
2025-04-23T15:04:01.336169+08:00 Dky_app_00 linx[11840]: dm-5              0.00  2821.74    0.37   35.04    16.46 22854.29   645.84     0.01    0.38   0.29   1.02
2025-04-23T15:04:01.336207+08:00 Dky_app_00 linx[11840]: dm-6              0.00     0.00   25.49    3.00   333.40     3.00    11.81     0.01    0.36   0.36   1.02
2025-04-23T15:04:01.336261+08:00 Dky_app_00 linx[11840]: dm-7              0.00     0.00   45.80    0.00  4287.07     0.03    93.60     0.02    0.41   0.41   1.89
2025-04-23T15:04:01.336314+08:00 Dky_app_00 linx[11840]: dm-8              0.00     0.00    2.38  340.78    24.97  7971.94    23.30     0.01    0.03   0.03   1.04
2025-04-23T15:04:01.336329+08:00 Dky_app_00 linx[11840]: dm-9              0.00     0.00    0.37 2856.79    16.45 22854.29     8.00     0.02    0.00   0.00   1.03
2025-04-23T15:04:01.336379+08:00 Dky_app_00 linx[11840]:
2025-04-23T15:04:01.337582+08:00 Dky_app_00 linx[11842]: netstat -an |grep -i 'established'|wc -l
2025-04-23T15:04:01.375560+08:00 Dky_app_00 linx[11846]: 1188
2025-04-23T15:04:01.376615+08:00 Dky_app_00 linx[11848]: date
2025-04-23T15:04:01.377728+08:00 Dky_app_00 linx[11850]: Wed Apr 23 15:04:01 CST 2025
2025-04-23T15:04:01.378748+08:00 Dky_app_00 linx[11852]: cat   /proc/buddyinfo
2025-04-23T15:04:01.379701+08:00 Dky_app_00 linx[11854]: Node 0, zone      DMA      1      1      1      1      2      1      0      0      1      1      3
2025-04-23T15:04:01.379715+08:00 Dky_app_00 linx[11854]: Node 0, zone    DMA32     80     36     45     33     25     34     10     11      9     54     29
2025-04-23T15:04:01.379727+08:00 Dky_app_00 linx[11854]: Node 0, zone   Normal    834   1546    732    219   1385    259  20927  12621   4973    492    170
2025-04-23T15:04:01.379742+08:00 Dky_app_00 linx[11854]: Node 1, zone   Normal     48    612    568    315   1681  24780  21276  10932   3747    242    400
2025-04-23T15:04:01.379755+08:00 Dky_app_00 linx[11854]: Node 2, zone   Normal   4044   1513    626    288    152    565   6374   6427   2193    605    677
2025-04-23T15:04:01.379767+08:00 Dky_app_00 linx[11854]: Node 3, zone   Normal    483   4114   3553    988  12322  60794  32865  12334   3069      5      0
2025-04-23T15:04:01.379782+08:00 Dky_app_00 linx[11854]: Node 4, zone   Normal  15560  15355  43482  75491  96180  64354  33131  10318   1571      5      0
2025-04-23T15:04:01.379792+08:00 Dky_app_00 linx[11854]: Node 5, zone   Normal    463    956    499    132   2213   6397  19972   9994   3675    734    426
2025-04-23T15:04:01.379807+08:00 Dky_app_00 linx[11854]: Node 6, zone   Normal  15125  17655  17116  16696  16372   2637   8389   4590   1379      6      0
2025-04-23T15:04:01.379820+08:00 Dky_app_00 linx[11854]: Node 7, zone   Normal    933   2348  30169  39072  42019  31376  19801  10576   3790    524    292
2025-04-23T15:04:01.380781+08:00 Dky_app_00 linx[11856]: top-detail:
2025-04-23T15:06:01.202023+08:00 Dky_app_00 /usr/sbin/cron[14979]: (root) CMD (sh /usr/bin/msmp >> /var/log/msmp.log )
2025-04-23T15:06:01.202055+08:00 Dky_app_00 /usr/sbin/cron[14978]: (sysadmin) CMD (/usr/sbin/get_max_mem_process.sh)
2025-04-23T15:06:01.202197+08:00 Dky_app_00 /usr/sbin/cron[14980]: (dmdba) CMD (sh net_colsewait_mon.sh)
2025-04-23T15:06:01.202302+08:00 Dky_app_00 /usr/sbin/cron[14981]: (dmdba) CMD (sh /home/dmdba/dm/db_sessmon.sh)
2025-04-23T15:06:01.205149+08:00 Dky_app_00 linx[14984]: uptime
2025-04-23T15:06:01.218298+08:00 Dky_app_00 linx[14993]:  15:06:01 up 1551 days,  2:48,  7 users,  load average: 68.16, 67.56, 54.58
2025-04-23T15:06:01.219578+08:00 Dky_app_00 linx[15004]: free -m
2025-04-23T15:06:01.223091+08:00 Dky_app_00 linx[15010]:              total       used       free     shared    buffers     cached
2025-04-23T15:06:01.223139+08:00 Dky_app_00 linx[15010]: Mem:        516904     358697     158207          0         73      69093
2025-04-23T15:06:01.223180+08:00 Dky_app_00 linx[15010]: -/+ buffers/cache:     289530     227374
2025-04-23T15:06:01.223220+08:00 Dky_app_00 linx[15010]: Swap:        61034          0      61034
2025-04-23T15:06:01.224279+08:00 Dky_app_00 linx[15012]: df -h
2025-04-23T15:06:01.225854+08:00 Dky_app_00 linx[15014]: Filesystem            Size  Used Avail Use% Mounted on
2025-04-23T15:06:01.225903+08:00 Dky_app_00 linx[15014]: /dev/sda2             185G   75G  101G  43% /
2025-04-23T15:06:01.225950+08:00 Dky_app_00 linx[15014]: /dev/sda3             585G  296G  260G  54% /home
2025-04-23T15:06:01.225974+08:00 Dky_app_00 linx[15014]: /dev/sdav             3.0T  1.3T  1.6T  45% /dbbak
2025-04-23T15:06:01.225996+08:00 Dky_app_00 linx[15014]: /dev/mapper/dmarch_22-arch
2025-04-23T15:06:01.226040+08:00 Dky_app_00 linx[15014]:                       886G  680G  162G  81% /dbarch
2025-04-23T15:06:01.226091+08:00 Dky_app_00 linx[15014]: tmpfs                  20M   48K   20M   1% /tmp/smp
2025-04-23T15:06:01.226152+08:00 Dky_app_00 linx[15014]: 192.168.9.23:/dbarch/arch_rac1
2025-04-23T15:06:01.226240+08:00 Dky_app_00 linx[15014]:                       788G  681G   68G  91% /dbarch/arch_dsc1_kafka
2025-04-23T15:06:01.227494+08:00 Dky_app_00 linx[15016]: df -ih
2025-04-23T15:06:01.228748+08:00 Dky_app_00 linx[15018]: Filesystem            Inodes   IUsed   IFree IUse% Mounted on
2025-04-23T15:06:01.228790+08:00 Dky_app_00 linx[15018]: /dev/sda2                12M    2.1M    9.7M   18% /
2025-04-23T15:06:01.228843+08:00 Dky_app_00 linx[15018]: /dev/sda3                37M     28K     37M    1% /home
2025-04-23T15:06:01.228877+08:00 Dky_app_00 linx[15018]: /dev/sdav               192M     11K    192M    1% /dbbak
2025-04-23T15:06:01.228924+08:00 Dky_app_00 linx[15018]: /dev/mapper/dmarch_22-arch
2025-04-23T15:06:01.228985+08:00 Dky_app_00 linx[15018]:                          57M     463     57M    1% /dbarch
2025-04-23T15:06:01.229027+08:00 Dky_app_00 linx[15018]: tmpfs                    64M      13     64M    1% /tmp/smp
2025-04-23T15:06:01.229068+08:00 Dky_app_00 linx[15018]: 192.168.9.23:/dbarch/arch_rac1
2025-04-23T15:06:01.229135+08:00 Dky_app_00 linx[15018]:                          50M     353     50M    1% /dbarch/arch_dsc1_kafka
2025-04-23T15:06:01.230264+08:00 Dky_app_00 linx[15020]: iostat -x
2025-04-23T15:06:01.237430+08:00 Dky_app_00 linx[15022]: Linux 2.6.32-Rocky4.2-x86_64 (Dky_app_00) #01104/23/25 #011_x86_64_
2025-04-23T15:06:01.237471+08:00 Dky_app_00 linx[15022]:
2025-04-23T15:06:01.241092+08:00 Dky_app_00 linx[15022]: avg-cpu:  %user   %nice %system %iowait  %steal   %idle
2025-04-23T15:06:01.241130+08:00 Dky_app_00 linx[15022]:            3.47    0.00    1.30    0.67    0.00   94.61
2025-04-23T15:06:01.241181+08:00 Dky_app_00 linx[15022]:
2025-04-23T15:06:01.241220+08:00 Dky_app_00 linx[15022]: Device:         rrqm/s   wrqm/s     r/s     w/s   rsec/s   wsec/s avgrq-sz avgqu-sz   await  svctm  %util
2025-04-23T15:06:01.241250+08:00 Dky_app_00 linx[15022]: sda               0.02   223.59    0.15   13.30    17.72  1895.14   142.21     0.01    0.68   0.13   0.18
2025-04-23T15:06:01.241297+08:00 Dky_app_00 linx[15022]: sda1              0.00     0.00    0.00    0.00     0.00     0.00    40.85     0.00    2.01   2.01   0.00
2025-04-23T15:06:01.241333+08:00 Dky_app_00 linx[15022]: sda2              0.02    18.33    0.06    1.67     8.47   159.98    97.22     0.00    0.54   0.35   0.06
2025-04-23T15:06:01.241383+08:00 Dky_app_00 linx[15022]: sda3              0.00   205.26    0.08   11.63     9.25  1735.16   148.86     0.01    0.70   0.11   0.13
2025-04-23T15:06:01.241414+08:00 Dky_app_00 linx[15022]: sdb               0.00     0.00    9.08   71.73   595.37  4604.25    64.34     0.01    0.18   0.29   2.33
2025-04-23T15:06:01.241468+08:00 Dky_app_00 linx[15022]: sdc               0.00     0.00    7.48   35.34   476.07  2281.31    64.39     0.00    0.83   0.70   3.00
2025-04-23T15:06:01.241515+08:00 Dky_app_00 linx[15022]: sdd               0.00     0.00    5.51    5.92   349.88   389.76    64.69     0.02    1.89   1.65   1.89
2025-04-23T15:06:01.241545+08:00 Dky_app_00 linx[15022]: sde               0.00     0.00    9.33   42.90   586.70   984.40    30.08     0.02    0.29   0.29   1.50
2025-04-23T15:06:01.241592+08:00 Dky_app_00 linx[15022]: sdf               0.00     0.00    0.00    0.00     0.00     0.00    28.82     0.00    8.78   8.78   0.00
2025-04-23T15:06:01.241627+08:00 Dky_app_00 linx[15022]: sdg               0.00     0.00    0.20    0.00     1.56     0.00     8.00     0.00    0.10   0.10   0.00
2025-04-23T15:06:01.241666+08:00 Dky_app_00 linx[15022]: sdh               0.00     0.00    0.10    4.38     2.46  2869.96   641.69     0.00    0.85   1.66   0.74
2025-04-23T15:06:01.241698+08:00 Dky_app_00 linx[15022]: sdi               0.00     0.00    9.09   71.72   596.34  4603.27    64.34     0.01    0.08   0.24   1.91
2025-04-23T15:06:01.241749+08:00 Dky_app_00 linx[15022]: sdj               0.00     0.00    7.47   35.35   475.65  2281.74    64.39     0.01    0.93   0.02   0.08
2025-04-23T15:06:01.241805+08:00 Dky_app_00 linx[15022]: sdk               0.00     0.00    5.51    5.92   350.04   389.60    64.69     0.02    1.78   1.58   1.80
2025-04-23T15:06:01.241839+08:00 Dky_app_00 linx[15022]: sdl               0.00     0.00    9.10   43.13   569.60  1000.55    30.06     0.02    0.37   0.37   1.93
2025-04-23T15:06:01.241884+08:00 Dky_app_00 linx[15022]: sdm               0.00     0.00    0.00    0.00     0.00     0.00    28.53     0.00    0.20   0.20   0.00
2025-04-23T15:06:01.241920+08:00 Dky_app_00 linx[15022]: sdn               0.00     0.00    0.20    0.00     1.56     0.00     8.00     0.00    0.10   0.10   0.00
2025-04-23T15:06:01.241967+08:00 Dky_app_00 linx[15022]: sdo               0.00     0.00    0.10    4.38     2.46  2855.92   638.54     0.00    0.52   1.57   0.70
2025-04-23T15:06:01.242005+08:00 Dky_app_00 linx[15022]: sdq               0.00     0.00    7.47   35.36   475.34  2282.05    64.39     0.01    0.92   0.02   0.07
2025-04-23T15:06:01.242038+08:00 Dky_app_00 linx[15022]: sdr               0.00     0.00    5.52    5.92   350.21   389.42    64.69     0.02    1.78   1.57   1.80
2025-04-23T15:06:01.242089+08:00 Dky_app_00 linx[15022]: sds               0.00     0.00    9.21   43.02   577.27  1007.99    30.35     0.02    0.36   0.36   1.90
2025-04-23T15:06:01.242129+08:00 Dky_app_00 linx[15022]: sdt               0.00     0.00    0.00    0.00     0.00     0.00    28.50     0.00    0.16   0.16   0.00
2025-04-23T15:06:01.242169+08:00 Dky_app_00 linx[15022]: sdu               0.00     0.00    0.20    0.00     1.56     0.00     8.00     0.00    0.09   0.09   0.00
2025-04-23T15:06:01.242195+08:00 Dky_app_00 linx[15022]: sdv               0.00     0.00    0.10    4.38     2.46  2844.62   636.01     0.00    0.52   1.57   0.70
2025-04-23T15:06:01.242245+08:00 Dky_app_00 linx[15022]: sdw               0.00     0.00    9.09   71.72   595.92  4603.70    64.34     0.01    0.18   0.29   2.34
2025-04-23T15:06:01.242297+08:00 Dky_app_00 linx[15022]: sdx               0.00     0.00    7.48   35.35   475.68  2281.69    64.39     0.00    0.83   0.71   3.02
2025-04-23T15:06:01.242345+08:00 Dky_app_00 linx[15022]: sdy               0.00     0.00    5.51    5.92   350.00   389.64    64.69     0.02    1.92   1.67   1.91
2025-04-23T15:06:01.242395+08:00 Dky_app_00 linx[15022]: sdz               0.00     0.00    9.36   42.87   587.87   996.04    30.33     0.02    0.29   0.29   1.50
2025-04-23T15:06:01.242431+08:00 Dky_app_00 linx[15022]: sdab              0.00     0.00    0.20    0.00     1.56     0.00     8.00     0.00    0.09   0.09   0.00
2025-04-23T15:06:01.242460+08:00 Dky_app_00 linx[15022]: sdaa              0.00     0.00    0.00    0.00     0.00     0.00    28.50     0.00    0.22   0.22   0.00
2025-04-23T15:06:01.242490+08:00 Dky_app_00 linx[15022]: sdac              0.00     0.00    0.10    4.38     2.46  2852.46   637.77     0.00    0.84   1.66   0.74
2025-04-23T15:06:01.242535+08:00 Dky_app_00 linx[15022]: sdad              0.00     0.00    9.08   71.73   595.16  4604.45    64.34     0.01    0.08   0.23   1.89
2025-04-23T15:06:01.242574+08:00 Dky_app_00 linx[15022]: sdaf              0.00     0.00    5.51    5.92   349.86   389.78    64.69     0.02    1.79   1.58   1.80
2025-04-23T15:06:01.242610+08:00 Dky_app_00 linx[15022]: sdag              0.00     0.00    9.34   42.89   587.82   983.16    30.08     0.02    0.36   0.36   1.89
2025-04-23T15:06:01.242640+08:00 Dky_app_00 linx[15022]: sdah              0.00     0.00    0.00    0.00     0.00     0.00    28.59     0.00    0.12   0.12   0.00
2025-04-23T15:06:01.242682+08:00 Dky_app_00 linx[15022]: sdae              0.00     0.00    7.48   35.34   476.16  2281.21    64.39     0.01    0.92   0.01   0.06
2025-04-23T15:06:01.242717+08:00 Dky_app_00 linx[15022]: sdai              0.00     0.00    0.20    0.00     1.56     0.00     8.00     0.00    0.08   0.08   0.00
2025-04-23T15:06:01.242766+08:00 Dky_app_00 linx[15022]: sdaj              0.00     0.00    0.10    4.38     2.46  2868.48   641.34     0.00    0.51   1.57   0.70
2025-04-23T15:06:01.242803+08:00 Dky_app_00 linx[15022]: sdak              0.00     0.00    9.10   71.71   596.68  4602.92    64.34     0.01    0.08   0.23   1.88
2025-04-23T15:06:01.242835+08:00 Dky_app_00 linx[15022]: sdal              0.00     0.00    7.47   35.36   475.40  2281.98    64.39     0.01    0.92   0.02   0.06
2025-04-23T15:06:01.242876+08:00 Dky_app_00 linx[15022]: sdam              0.00     0.00    5.51    5.92   350.14   389.50    64.69     0.02    1.78   1.57   1.79
2025-04-23T15:06:01.242907+08:00 Dky_app_00 linx[15022]: sdan              0.00     0.00    9.17   43.06   574.91  1006.79    30.28     0.02    0.36   0.36   1.86
2025-04-23T15:06:01.242940+08:00 Dky_app_00 linx[15022]: sdao              0.00     0.00    0.00    0.00     0.00     0.00    28.59     0.00    0.13   0.13   0.00
2025-04-23T15:06:01.242988+08:00 Dky_app_00 linx[15022]: sdap              0.00     0.00    0.20    0.00     1.56     0.00     8.00     0.00    0.08   0.08   0.00
2025-04-23T15:06:01.243032+08:00 Dky_app_00 linx[15022]: sdaq              0.00     0.00    0.10    4.38     2.46  2847.08   636.56     0.00    0.51   1.57   0.70
2025-04-23T15:06:01.243044+08:00 Dky_app_00 linx[15022]: sdar              0.00     0.00    9.11   71.70   597.33  4602.28    64.34     0.02    0.19   0.30   2.39
2025-04-23T15:06:01.243068+08:00 Dky_app_00 linx[15022]: sdas              0.00     0.00    7.47   35.36   475.27  2282.10    64.39     0.00    0.85   0.72   3.07
2025-04-23T15:06:01.243107+08:00 Dky_app_00 linx[15022]: sdat              0.00     0.00    5.52    5.92   350.26   389.38    64.69     0.02    1.96   1.70   1.94
2025-04-23T15:06:01.243136+08:00 Dky_app_00 linx[15022]: sdau              0.00     0.00    9.22   43.01   577.54  1008.69    30.37     0.02    0.31   0.30   1.59
2025-04-23T15:06:01.243187+08:00 Dky_app_00 linx[15022]: sdav              0.00    11.20    0.30    0.11    75.39    90.50   406.11     0.01   12.52   0.70   0.03
2025-04-23T15:06:01.243233+08:00 Dky_app_00 linx[15022]: sdaw              0.00     0.00    0.20    0.00     1.56     0.00     8.00     0.00    0.08   0.08   0.00
2025-04-23T15:06:01.243286+08:00 Dky_app_00 linx[15022]: sday              0.00     0.00    9.08   71.73   595.64  4603.96    64.34     0.01    0.17   0.29   2.31
2025-04-23T15:06:01.243337+08:00 Dky_app_00 linx[15022]: sdaz              0.00     0.00    7.48   35.35   475.91  2281.46    64.39     0.00    0.83   0.70   2.99
2025-04-23T15:06:01.243371+08:00 Dky_app_00 linx[15022]: sdba              0.00     0.00    5.51    5.92   349.90   389.73    64.69     0.02    1.90   1.65   1.89
2025-04-23T15:06:01.243397+08:00 Dky_app_00 linx[15022]: sdbb              0.00     0.00    9.34   42.89   586.93   987.35    30.14     0.01    0.28   0.28   1.45
2025-04-23T15:06:01.243438+08:00 Dky_app_00 linx[15022]: sdbc              0.00     0.00    0.00    0.00     0.00     0.00    28.55     0.00    0.21   0.21   0.00
2025-04-23T15:06:01.243476+08:00 Dky_app_00 linx[15022]: sdbd              0.00     0.00    0.20    0.00     1.56     0.00     8.00     0.00    0.07   0.07   0.00
2025-04-23T15:06:01.243516+08:00 Dky_app_00 linx[15022]: sdbe              0.00     0.00    0.10    4.38     2.46  2843.99   635.88     0.00    0.82   1.65   0.74
2025-04-23T15:06:01.243556+08:00 Dky_app_00 linx[15022]: sdax              0.00     0.00    0.10    4.38     2.46  2871.75   642.09     0.00    0.85   1.66   0.74
2025-04-23T15:06:01.243604+08:00 Dky_app_00 linx[15022]: dm-0              0.00     0.70   72.34  573.74  4766.24 36827.47    64.38     0.03    0.04   0.04   2.82
2025-04-23T15:06:01.243630+08:00 Dky_app_00 linx[15022]: dm-1              0.00     0.34   59.40  282.81  3802.30 18253.53    64.45     0.01    0.04   0.05   1.69
2025-04-23T15:06:01.243686+08:00 Dky_app_00 linx[15022]: dm-2              0.01     0.04   43.70   47.37  2797.10  3116.81    64.94     0.01    0.46   0.18   1.60
2025-04-23T15:06:01.243723+08:00 Dky_app_00 linx[15022]: dm-3              0.00     0.00   73.67  343.77  4645.44  7974.96    30.23     0.01    0.10   0.01   0.60
2025-04-23T15:06:01.243755+08:00 Dky_app_00 linx[15022]: dm-4              0.00     0.00    0.00    0.00     0.00     0.00    15.59     0.00   17.28  17.28   0.00
2025-04-23T15:06:01.243790+08:00 Dky_app_00 linx[15022]: dm-5              0.00  2821.74    0.37   35.04    16.46 22854.27   645.84     0.01    0.38   0.29   1.02
2025-04-23T15:06:01.243837+08:00 Dky_app_00 linx[15022]: dm-6              0.00     0.00   25.49    3.00   333.40     3.00    11.81     0.01    0.36   0.36   1.02
2025-04-23T15:06:01.243865+08:00 Dky_app_00 linx[15022]: dm-7              0.00     0.00   45.80    0.00  4287.07     0.03    93.60     0.02    0.41   0.41   1.89
2025-04-23T15:06:01.243909+08:00 Dky_app_00 linx[15022]: dm-8              0.00     0.00    2.38  340.78    24.97  7971.93    23.30     0.01    0.03   0.03   1.04
2025-04-23T15:06:01.243945+08:00 Dky_app_00 linx[15022]: dm-9              0.00     0.00    0.37 2856.78    16.45 22854.27     8.00     0.02    0.00   0.00   1.03
2025-04-23T15:06:01.243994+08:00 Dky_app_00 linx[15022]:
2025-04-23T15:06:01.245110+08:00 Dky_app_00 linx[15024]: netstat -an |grep -i 'established'|wc -l
2025-04-23T15:06:01.282136+08:00 Dky_app_00 linx[15028]: 1176
2025-04-23T15:06:01.283248+08:00 Dky_app_00 linx[15031]: date
2025-04-23T15:06:01.284289+08:00 Dky_app_00 linx[15033]: Wed Apr 23 15:06:01 CST 2025
2025-04-23T15:06:01.285400+08:00 Dky_app_00 linx[15036]: cat   /proc/buddyinfo
2025-04-23T15:06:01.286429+08:00 Dky_app_00 linx[15038]: Node 0, zone      DMA      1      1      1      1      2      1      0      0      1      1      3
2025-04-23T15:06:01.286464+08:00 Dky_app_00 linx[15038]: Node 0, zone    DMA32     80     36     45     33     25     34     10     11      9     54     29
2025-04-23T15:06:01.286509+08:00 Dky_app_00 linx[15038]: Node 0, zone   Normal   2137   2200    972    247   1388    261  20927  12621   4973    492    170
2025-04-23T15:06:01.286522+08:00 Dky_app_00 linx[15038]: Node 1, zone   Normal    210    644    796    340   1671  24737  21276  10932   3747    242    400
2025-04-23T15:06:01.286551+08:00 Dky_app_00 linx[15038]: Node 2, zone   Normal   4920   1616    678    291    152    565   6374   6427   2193    605    677
2025-04-23T15:06:01.286590+08:00 Dky_app_00 linx[15038]: Node 3, zone   Normal    604   4039   3543   1028  12273  60794  32865  12334   3069      6      0
2025-04-23T15:06:01.286638+08:00 Dky_app_00 linx[15038]: Node 4, zone   Normal  16799  15601  43590  75496  96180  64354  33131  10318   1571      5      0
2025-04-23T15:06:01.286669+08:00 Dky_app_00 linx[15038]: Node 5, zone   Normal    273    946    262    114   2026   6397  19972   9994   3675    725    426
2025-04-23T15:06:01.286689+08:00 Dky_app_00 linx[15038]: Node 6, zone   Normal  18281  18566  17455  16817  16406   2655   8389   4590   1379      7      0
2025-04-23T15:06:01.286723+08:00 Dky_app_00 linx[15038]: Node 7, zone   Normal   2467   3174  30588  39077  42020  31376  19801  10576   3790    524    292
2025-04-23T15:06:01.287814+08:00 Dky_app_00 linx[15040]: top-detail:
2025-04-23T15:06:01.958450+08:00 Dky_app_00 linx[15047]: top - 15:06:01 up 1551 days,  2:48,  7 users,  load average: 68.16, 67.56, 54.58
2025-04-23T15:06:01.958474+08:00 Dky_app_00 linx[15047]: Tasks: 3116 total,   1 running, 3115 sleeping,   0 stopped,   0 zombie
2025-04-23T15:06:01.958479+08:00 Dky_app_00 linx[15047]: Cpu(s):  3.5%us,  1.2%sy,  0.0%ni, 94.6%id,  0.7%wa,  0.0%hi,  0.0%si,  0.0%st
2025-04-23T15:06:01.958483+08:00 Dky_app_00 linx[15047]: Mem:  529310592k total, 367311436k used, 161999156k free,    74968k buffers
2025-04-23T15:06:01.958486+08:00 Dky_app_00 linx[15047]: Swap: 62499836k total,        0k used, 62499836k free, 70753012k cached
2025-04-23T15:06:01.958489+08:00 Dky_app_00 linx[15047]:
2025-04-23T15:06:01.958491+08:00 Dky_app_00 linx[15047]:    PID USER      PR  NI  VIRT  RES  SHR S %CPU %MEM    TIME+  COMMAND
2025-04-23T15:06:01.958494+08:00 Dky_app_00 linx[15047]:  10414 dmdba     20   0  382g 273g 214m S  110 54.1  90114,59 dmserver
2025-04-23T15:06:01.958497+08:00 Dky_app_00 linx[15047]:  15045 sysadmin  20   0 12844 3428  760 R   10  0.0   0:00.15 top
2025-04-23T15:06:01.958500+08:00 Dky_app_00 linx[15047]:  80065 dmdba     20   0 12864 3596  844 S   10  0.0 543:07.20 top
2025-04-23T15:06:01.958511+08:00 Dky_app_00 linx[15047]:  41212 sysadmin  20   0 1095m  25m 2944 S    7  0.0  29082:19 linx_smp
2025-04-23T15:06:01.958514+08:00 Dky_app_00 linx[15047]:  96228 root      20   0  302m 4704 2908 S    2  0.0  17:53.95 guard-pmc
2025-04-23T15:06:01.958521+08:00 Dky_app_00 linx[15047]:      1 root      20   0  7852  612  512 S    0  0.0  31:07.29 init
2025-04-23T15:06:01.958532+08:00 Dky_app_00 linx[15047]:      2 root      20   0     0    0    0 S    0  0.0   0:02.80 kthreadd
2025-04-23T15:06:01.958536+08:00 Dky_app_00 linx[15047]:      3 root      RT   0     0    0    0 S    0  0.0 112:36.32 migration/0
2025-04-23T15:06:01.958544+08:00 Dky_app_00 linx[15047]:      4 root      20   0     0    0    0 S    0  0.0  84:30.40 ksoftirqd/0
2025-04-23T15:06:01.958549+08:00 Dky_app_00 linx[15047]:      5 root      RT   0     0    0    0 S    0  0.0   0:00.00 stopper/0
2025-04-23T15:06:01.958560+08:00 Dky_app_00 linx[15047]:      6 root      RT   0     0    0    0 S    0  0.0   2:55.88 watchdog/0
2025-04-23T15:06:01.958564+08:00 Dky_app_00 linx[15047]:      7 root      RT   0     0    0    0 S    0  0.0  77:01.59 migration/1
2025-04-23T15:06:01.958575+08:00 Dky_app_00 linx[15047]:      8 root      RT   0     0    0    0 S    0  0.0   0:00.00 stopper/1
2025-04-23T15:08:01.078968+08:00 Dky_app_00 /usr/sbin/cron[18024]: (root) CMD (sh /usr/bin/msmp >> /var/log/msmp.log )
2025-04-23T15:08:01.079157+08:00 Dky_app_00 /usr/sbin/cron[18025]: (sysadmin) CMD (/usr/sbin/get_max_mem_process.sh)
2025-04-23T15:08:01.079185+08:00 Dky_app_00 /usr/sbin/cron[18026]: (dmdba) CMD (sh net_colsewait_mon.sh)
2025-04-23T15:08:01.079342+08:00 Dky_app_00 /usr/sbin/cron[18027]: (dmdba) CMD (sh /home/dmdba/dm/db_sessmon.sh)
2025-04-23T15:08:01.082131+08:00 Dky_app_00 linx[18031]: uptime
2025-04-23T15:08:01.103732+08:00 Dky_app_00 linx[18039]:  15:08:01 up 1551 days,  2:50,  7 users,  load average: 67.79, 67.60, 56.16
2025-04-23T15:08:01.105145+08:00 Dky_app_00 linx[18048]: free -m
2025-04-23T15:08:01.108510+08:00 Dky_app_00 linx[18050]:              total       used       free     shared    buffers     cached
2025-04-23T15:08:01.108524+08:00 Dky_app_00 linx[18050]: Mem:        516904     358745     158159          0         73      69137
2025-04-23T15:08:01.108534+08:00 Dky_app_00 linx[18050]: -/+ buffers/cache:     289533     227370
2025-04-23T15:08:01.108548+08:00 Dky_app_00 linx[18050]: Swap:        61034          0      61034
2025-04-23T15:08:01.109608+08:00 Dky_app_00 linx[18052]: df -h
2025-04-23T15:08:01.110899+08:00 Dky_app_00 linx[18054]: Filesystem            Size  Used Avail Use% Mounted on
2025-04-23T15:08:01.110925+08:00 Dky_app_00 linx[18054]: /dev/sda2             185G   75G  101G  43% /
2025-04-23T15:08:01.110929+08:00 Dky_app_00 linx[18054]: /dev/sda3             585G  296G  260G  54% /home
2025-04-23T15:08:01.110934+08:00 Dky_app_00 linx[18054]: /dev/sdav             3.0T  1.3T  1.6T  45% /dbbak
2025-04-23T15:08:01.110947+08:00 Dky_app_00 linx[18054]: /dev/mapper/dmarch_22-arch
2025-04-23T15:08:01.110968+08:00 Dky_app_00 linx[18054]:                       886G  680G  162G  81% /dbarch
2025-04-23T15:08:01.110986+08:00 Dky_app_00 linx[18054]: tmpfs                  20M   48K   20M   1% /tmp/smp
2025-04-23T15:08:01.111002+08:00 Dky_app_00 linx[18054]: 192.168.9.23:/dbarch/arch_rac1
2025-04-23T15:08:01.111020+08:00 Dky_app_00 linx[18054]:                       788G  681G   68G  91% /dbarch/arch_dsc1_kafka
2025-04-23T15:08:01.112130+08:00 Dky_app_00 linx[18056]: df -ih
2025-04-23T15:08:01.113196+08:00 Dky_app_00 linx[18058]: Filesystem            Inodes   IUsed   IFree IUse% Mounted on
2025-04-23T15:08:01.113211+08:00 Dky_app_00 linx[18058]: /dev/sda2                12M    2.1M    9.7M   18% /
2025-04-23T15:08:01.113218+08:00 Dky_app_00 linx[18058]: /dev/sda3                37M     28K     37M    1% /home
2025-04-23T15:08:01.113224+08:00 Dky_app_00 linx[18058]: /dev/sdav               192M     11K    192M    1% /dbbak
2025-04-23T15:08:01.113245+08:00 Dky_app_00 linx[18058]: /dev/mapper/dmarch_22-arch
2025-04-23T15:08:01.113264+08:00 Dky_app_00 linx[18058]:                          57M     463     57M    1% /dbarch
2025-04-23T15:08:01.113272+08:00 Dky_app_00 linx[18058]: tmpfs                    64M      13     64M    1% /tmp/smp
2025-04-23T15:08:01.113284+08:00 Dky_app_00 linx[18058]: 192.168.9.23:/dbarch/arch_rac1
2025-04-23T15:08:01.113299+08:00 Dky_app_00 linx[18058]:                          50M     353     50M    1% /dbarch/arch_dsc1_kafka
2025-04-23T15:08:01.114303+08:00 Dky_app_00 linx[18060]: iostat -x
2025-04-23T15:08:01.119338+08:00 Dky_app_00 linx[18062]: Linux 2.6.32-Rocky4.2-x86_64 (Dky_app_00) #01104/23/25 #011_x86_64_
2025-04-23T15:08:01.119353+08:00 Dky_app_00 linx[18062]:
2025-04-23T15:08:01.123000+08:00 Dky_app_00 linx[18062]: avg-cpu:  %user   %nice %system %iowait  %steal   %idle
2025-04-23T15:08:01.123014+08:00 Dky_app_00 linx[18062]:            3.47    0.00    1.30    0.67    0.00   94.61
2025-04-23T15:08:01.123028+08:00 Dky_app_00 linx[18062]:
2025-04-23T15:08:01.123054+08:00 Dky_app_00 linx[18062]: Device:         rrqm/s   wrqm/s     r/s     w/s   rsec/s   wsec/s avgrq-sz avgqu-sz   await  svctm  %util
2025-04-23T15:08:01.123065+08:00 Dky_app_00 linx[18062]: sda               0.02   223.59    0.15   13.30    17.72  1895.14   142.21     0.01    0.68   0.13   0.18
2025-04-23T15:08:01.123083+08:00 Dky_app_00 linx[18062]: sda1              0.00     0.00    0.00    0.00     0.00     0.00    40.85     0.00    2.01   2.01   0.00
2025-04-23T15:08:01.123105+08:00 Dky_app_00 linx[18062]: sda2              0.02    18.33    0.06    1.67     8.47   159.98    97.22     0.00    0.54   0.35   0.06
2025-04-23T15:08:01.123117+08:00 Dky_app_00 linx[18062]: sda3              0.00   205.26    0.08   11.63     9.25  1735.16   148.86     0.01    0.70   0.11   0.13
2025-04-23T15:08:01.123145+08:00 Dky_app_00 linx[18062]: sdb               0.00     0.00    9.08   71.73   595.37  4604.25    64.34     0.01    0.18   0.29   2.33
2025-04-23T15:08:01.123163+08:00 Dky_app_00 linx[18062]: sdc               0.00     0.00    7.48   35.34   476.07  2281.30    64.39     0.00    0.83   0.70   3.00
2025-04-23T15:08:01.123189+08:00 Dky_app_00 linx[18062]: sdd               0.00     0.00    5.51    5.92   349.88   389.76    64.69     0.02    1.89   1.65   1.89
2025-04-23T15:08:01.123203+08:00 Dky_app_00 linx[18062]: sde               0.00     0.00    9.33   42.90   586.70   984.39    30.08     0.02    0.29   0.29   1.50
2025-04-23T15:08:01.123231+08:00 Dky_app_00 linx[18062]: sdf               0.00     0.00    0.00    0.00     0.00     0.00    28.82     0.00    8.78   8.78   0.00
2025-04-23T15:08:01.123249+08:00 Dky_app_00 linx[18062]: sdg               0.00     0.00    0.20    0.00     1.56     0.00     8.00     0.00    0.10   0.10   0.00
2025-04-23T15:08:01.123272+08:00 Dky_app_00 linx[18062]: sdh               0.00     0.00    0.10    4.38     2.46  2869.96   641.69     0.00    0.85   1.66   0.74
2025-04-23T15:08:01.123284+08:00 Dky_app_00 linx[18062]: sdi               0.00     0.00    9.09   71.72   596.34  4603.27    64.34     0.01    0.08   0.24   1.91
2025-04-23T15:08:01.123314+08:00 Dky_app_00 linx[18062]: sdj               0.00     0.00    7.47   35.35   475.65  2281.74    64.39     0.01    0.93   0.02   0.08
2025-04-23T15:08:01.123341+08:00 Dky_app_00 linx[18062]: sdk               0.00     0.00    5.51    5.92   350.04   389.60    64.69     0.02    1.78   1.58   1.80
2025-04-23T15:08:01.123355+08:00 Dky_app_00 linx[18062]: sdl               0.00     0.00    9.10   43.13   569.60  1000.55    30.06     0.02    0.37   0.37   1.93
2025-04-23T15:08:01.123360+08:00 Dky_app_00 linx[18062]: sdm               0.00     0.00    0.00    0.00     0.00     0.00    28.53     0.00    0.20   0.20   0.00
2025-04-23T15:08:01.123371+08:00 Dky_app_00 linx[18062]: sdn               0.00     0.00    0.20    0.00     1.56     0.00     8.00     0.00    0.10   0.10   0.00
2025-04-23T15:08:01.123405+08:00 Dky_app_00 linx[18062]: sdo               0.00     0.00    0.10    4.38     2.46  2855.92   638.54     0.00    0.52   1.57   0.70
2025-04-23T15:08:01.123412+08:00 Dky_app_00 linx[18062]: sdq               0.00     0.00    7.47   35.36   475.34  2282.04    64.39     0.01    0.92   0.02   0.07
2025-04-23T15:08:01.123436+08:00 Dky_app_00 linx[18062]: sdr               0.00     0.00    5.52    5.92   350.21   389.42    64.69     0.02    1.78   1.57   1.80
2025-04-23T15:08:01.123445+08:00 Dky_app_00 linx[18062]: sds               0.00     0.00    9.21   43.02   577.27  1007.99    30.35     0.02    0.36   0.36   1.90
2025-04-23T15:08:01.123464+08:00 Dky_app_00 linx[18062]: sdt               0.00     0.00    0.00    0.00     0.00     0.00    28.50     0.00    0.16   0.16   0.00
2025-04-23T15:08:01.123487+08:00 Dky_app_00 linx[18062]: sdu               0.00     0.00    0.20    0.00     1.56     0.00     8.00     0.00    0.09   0.09   0.00
2025-04-23T15:08:01.123505+08:00 Dky_app_00 linx[18062]: sdv               0.00     0.00    0.10    4.38     2.46  2844.62   636.01     0.00    0.52   1.57   0.70
2025-04-23T15:08:01.123523+08:00 Dky_app_00 linx[18062]: sdw               0.00     0.00    9.09   71.72   595.92  4603.70    64.34     0.01    0.18   0.29   2.34
2025-04-23T15:08:01.123548+08:00 Dky_app_00 linx[18062]: sdx               0.00     0.00    7.48   35.35   475.68  2281.68    64.39     0.00    0.83   0.71   3.02
2025-04-23T15:08:01.123558+08:00 Dky_app_00 linx[18062]: sdy               0.00     0.00    5.51    5.92   350.00   389.63    64.69     0.02    1.92   1.67   1.91
2025-04-23T15:08:01.123571+08:00 Dky_app_00 linx[18062]: sdz               0.00     0.00    9.36   42.87   587.87   996.04    30.33     0.02    0.29   0.29   1.50
2025-04-23T15:08:01.123577+08:00 Dky_app_00 linx[18062]: sdab              0.00     0.00    0.20    0.00     1.56     0.00     8.00     0.00    0.09   0.09   0.00
2025-04-23T15:08:01.123591+08:00 Dky_app_00 linx[18062]: sdaa              0.00     0.00    0.00    0.00     0.00     0.00    28.50     0.00    0.22   0.22   0.00
2025-04-23T15:08:01.123605+08:00 Dky_app_00 linx[18062]: sdac              0.00     0.00    0.10    4.38     2.46  2852.46   637.77     0.00    0.84   1.66   0.74
2025-04-23T15:08:01.123616+08:00 Dky_app_00 linx[18062]: sdad              0.00     0.00    9.08   71.73   595.16  4604.45    64.34     0.01    0.08   0.23   1.89
2025-04-23T15:08:01.123632+08:00 Dky_app_00 linx[18062]: sdaf              0.00     0.00    5.51    5.92   349.86   389.78    64.69     0.02    1.79   1.58   1.80
2025-04-23T15:08:01.123644+08:00 Dky_app_00 linx[18062]: sdag              0.00     0.00    9.34   42.89   587.82   983.16    30.08     0.02    0.36   0.36   1.89
2025-04-23T15:08:01.123675+08:00 Dky_app_00 linx[18062]: sdah              0.00     0.00    0.00    0.00     0.00     0.00    28.59     0.00    0.12   0.12   0.00
2025-04-23T15:08:01.123688+08:00 Dky_app_00 linx[18062]: sdae              0.00     0.00    7.48   35.34   476.16  2281.21    64.39     0.01    0.92   0.01   0.06
2025-04-23T15:08:01.123705+08:00 Dky_app_00 linx[18062]: sdai              0.00     0.00    0.20    0.00     1.56     0.00     8.00     0.00    0.08   0.08   0.00
2025-04-23T15:08:01.123729+08:00 Dky_app_00 linx[18062]: sdaj              0.00     0.00    0.10    4.38     2.46  2868.48   641.34     0.00    0.51   1.57   0.70
2025-04-23T15:08:01.123744+08:00 Dky_app_00 linx[18062]: sdak              0.00     0.00    9.10   71.71   596.68  4602.92    64.34     0.01    0.08   0.23   1.88
2025-04-23T15:08:01.123777+08:00 Dky_app_00 linx[18062]: sdal              0.00     0.00    7.47   35.36   475.40  2281.98    64.39     0.01    0.92   0.02   0.06
2025-04-23T15:08:01.123800+08:00 Dky_app_00 linx[18062]: sdam              0.00     0.00    5.51    5.92   350.14   389.50    64.69     0.02    1.78   1.57   1.79
2025-04-23T15:08:01.123836+08:00 Dky_app_00 linx[18062]: sdan              0.00     0.00    9.17   43.06   574.91  1006.79    30.28     0.02    0.36   0.36   1.86
2025-04-23T15:08:01.123864+08:00 Dky_app_00 linx[18062]: sdao              0.00     0.00    0.00    0.00     0.00     0.00    28.59     0.00    0.13   0.13   0.00
2025-04-23T15:08:01.123881+08:00 Dky_app_00 linx[18062]: sdap              0.00     0.00    0.20    0.00     1.56     0.00     8.00     0.00    0.08   0.08   0.00
2025-04-23T15:08:01.123896+08:00 Dky_app_00 linx[18062]: sdaq              0.00     0.00    0.10    4.38     2.46  2847.08   636.56     0.00    0.51   1.57   0.70
2025-04-23T15:08:01.123929+08:00 Dky_app_00 linx[18062]: sdar              0.00     0.00    9.11   71.70   597.33  4602.28    64.34     0.02    0.19   0.30   2.39
2025-04-23T15:08:01.123943+08:00 Dky_app_00 linx[18062]: sdas              0.00     0.00    7.47   35.36   475.27  2282.10    64.39     0.00    0.85   0.72   3.07
2025-04-23T15:08:01.123955+08:00 Dky_app_00 linx[18062]: sdat              0.00     0.00    5.52    5.92   350.26   389.38    64.69     0.02    1.96   1.70   1.94
2025-04-23T15:08:01.123968+08:00 Dky_app_00 linx[18062]: sdau              0.00     0.00    9.22   43.01   577.54  1008.69    30.37     0.02    0.31   0.30   1.59
2025-04-23T15:08:01.124006+08:00 Dky_app_00 linx[18062]: sdav              0.00    11.20    0.30    0.11    75.39    90.50   406.11     0.01   12.52   0.70   0.03
2025-04-23T15:08:01.124022+08:00 Dky_app_00 linx[18062]: sdaw              0.00     0.00    0.20    0.00     1.56     0.00     8.00     0.00    0.08   0.08   0.00
2025-04-23T15:08:01.124049+08:00 Dky_app_00 linx[18062]: sday              0.00     0.00    9.08   71.73   595.64  4603.96    64.34     0.01    0.17   0.29   2.31
2025-04-23T15:08:01.124058+08:00 Dky_app_00 linx[18062]: sdaz              0.00     0.00    7.48   35.35   475.91  2281.46    64.39     0.00    0.83   0.70   2.99
2025-04-23T15:08:01.124087+08:00 Dky_app_00 linx[18062]: sdba              0.00     0.00    5.51    5.92   349.90   389.73    64.69     0.02    1.90   1.65   1.89
2025-04-23T15:08:01.124104+08:00 Dky_app_00 linx[18062]: sdbb              0.00     0.00    9.34   42.89   586.93   987.34    30.14     0.01    0.28   0.28   1.45
2025-04-23T15:08:01.124129+08:00 Dky_app_00 linx[18062]: sdbc              0.00     0.00    0.00    0.00     0.00     0.00    28.55     0.00    0.21   0.21   0.00
2025-04-23T15:08:01.124155+08:00 Dky_app_00 linx[18062]: sdbd              0.00     0.00    0.20    0.00     1.56     0.00     8.00     0.00    0.07   0.07   0.00
2025-04-23T15:08:01.124168+08:00 Dky_app_00 linx[18062]: sdbe              0.00     0.00    0.10    4.38     2.46  2843.99   635.88     0.00    0.82   1.65   0.74
2025-04-23T15:08:01.124186+08:00 Dky_app_00 linx[18062]: sdax              0.00     0.00    0.10    4.38     2.46  2871.75   642.09     0.00    0.85   1.66   0.74
2025-04-23T15:08:01.124201+08:00 Dky_app_00 linx[18062]: dm-0              0.00     0.70   72.34  573.74  4766.24 36827.44    64.38     0.03    0.04   0.04   2.82
2025-04-23T15:08:01.124229+08:00 Dky_app_00 linx[18062]: dm-1              0.00     0.34   59.40  282.81  3802.29 18253.51    64.45     0.01    0.04   0.05   1.69
2025-04-23T15:08:01.124248+08:00 Dky_app_00 linx[18062]: dm-2              0.01     0.04   43.70   47.37  2797.10  3116.80    64.94     0.01    0.46   0.18   1.60
2025-04-23T15:08:01.124269+08:00 Dky_app_00 linx[18062]: dm-3              0.00     0.00   73.67  343.77  4645.44  7974.95    30.23     0.01    0.10   0.01   0.60
2025-04-23T15:08:01.124286+08:00 Dky_app_00 linx[18062]: dm-4              0.00     0.00    0.00    0.00     0.00     0.00    15.59     0.00   17.28  17.28   0.00
2025-04-23T15:08:01.124307+08:00 Dky_app_00 linx[18062]: dm-5              0.00  2821.74    0.37   35.04    16.46 22854.25   645.84     0.01    0.38   0.29   1.02
2025-04-23T15:08:01.124319+08:00 Dky_app_00 linx[18062]: dm-6              0.00     0.00   25.49    3.00   333.40     3.00    11.81     0.01    0.36   0.36   1.02
2025-04-23T15:08:01.124333+08:00 Dky_app_00 linx[18062]: dm-7              0.00     0.00   45.80    0.00  4287.07     0.03    93.60     0.02    0.41   0.41   1.89
2025-04-23T15:08:01.124350+08:00 Dky_app_00 linx[18062]: dm-8              0.00     0.00    2.38  340.78    24.97  7971.92    23.30     0.01    0.03   0.03   1.04
2025-04-23T15:08:01.124369+08:00 Dky_app_00 linx[18062]: dm-9              0.00     0.00    0.37 2856.78    16.45 22854.25     8.00     0.02    0.00   0.00   1.03
2025-04-23T15:08:01.124376+08:00 Dky_app_00 linx[18062]:
2025-04-23T15:08:01.125382+08:00 Dky_app_00 linx[18064]: netstat -an |grep -i 'established'|wc -l
2025-04-23T15:08:01.164325+08:00 Dky_app_00 linx[18068]: 1163
2025-04-23T15:08:01.165394+08:00 Dky_app_00 linx[18070]: date
2025-04-23T15:08:01.166464+08:00 Dky_app_00 linx[18072]: Wed Apr 23 15:08:01 CST 2025
2025-04-23T15:08:01.167524+08:00 Dky_app_00 linx[18074]: cat   /proc/buddyinfo
2025-04-23T15:08:01.168583+08:00 Dky_app_00 linx[18076]: Node 0, zone      DMA      1      1      1      1      2      1      0      0      1      1      3
2025-04-23T15:08:01.168592+08:00 Dky_app_00 linx[18076]: Node 0, zone    DMA32     80     36     45     33     25     34     10     11      9     54     29
2025-04-23T15:08:01.168603+08:00 Dky_app_00 linx[18076]: Node 0, zone   Normal    652   1491    877    247   1388    261  20927  12621   4973    492    170
2025-04-23T15:08:01.168607+08:00 Dky_app_00 linx[18076]: Node 1, zone   Normal    112    474    569    313   1674  24674  21276  10932   3747    242    400
2025-04-23T15:08:01.168616+08:00 Dky_app_00 linx[18076]: Node 2, zone   Normal   4907   1618    680    291    152    565   6374   6427   2193    605    677
2025-04-23T15:08:01.168630+08:00 Dky_app_00 linx[18076]: Node 3, zone   Normal    733   4245   3607    981  12251  60793  32865  12334   3069      6      0
2025-04-23T15:08:01.168634+08:00 Dky_app_00 linx[18076]: Node 4, zone   Normal  16202  15598  43586  75498  96180  64354  33131  10318   1571      5      0
2025-04-23T15:08:01.168645+08:00 Dky_app_00 linx[18076]: Node 5, zone   Normal    523   1041    359    173   1826   6397  19972   9994   3675    725    426
2025-04-23T15:08:01.168655+08:00 Dky_app_00 linx[18076]: Node 6, zone   Normal  17274  18585  17454  16817  16405   2655   8389   4590   1379      7      0
2025-04-23T15:08:01.168663+08:00 Dky_app_00 linx[18076]: Node 7, zone   Normal   1169   3096  30601  39077  42020  31376  19801  10576   3790    524    292
2025-04-23T15:08:01.169576+08:00 Dky_app_00 linx[18078]: top-detail:
2025-04-23T15:08:01.590410+08:00 Dky_app_00 pmcagent[96228]: login_pmc: post req fail(28)
2025-04-23T15:08:01.590479+08:00 Dky_app_00 pmcagent[96228]: Pmcagent login error.
2025-04-23T15:08:01.833046+08:00 Dky_app_00 linx[18082]: top - 15:08:01 up 1551 days,  2:50,  7 users,  load average: 67.79, 67.60, 56.16
2025-04-23T15:08:01.833065+08:00 Dky_app_00 linx[18082]: Tasks: 3121 total,   2 running, 3119 sleeping,   0 stopped,   0 zombie
2025-04-23T15:08:01.833075+08:00 Dky_app_00 linx[18082]: Cpu(s):  3.5%us,  1.2%sy,  0.0%ni, 94.6%id,  0.7%wa,  0.0%hi,  0.0%si,  0.0%st
2025-04-23T15:08:01.833084+08:00 Dky_app_00 linx[18082]: Mem:  529310592k total, 367368792k used, 161941800k free,    75532k buffers
2025-04-23T15:08:01.833088+08:00 Dky_app_00 linx[18082]: Swap: 62499836k total,        0k used, 62499836k free, 70798120k cached
2025-04-23T15:08:01.833099+08:00 Dky_app_00 linx[18082]:
2025-04-23T15:08:01.833104+08:00 Dky_app_00 linx[18082]:    PID USER      PR  NI  VIRT  RES  SHR S %CPU %MEM    TIME+  COMMAND
2025-04-23T15:08:01.833112+08:00 Dky_app_00 linx[18082]:  10414 dmdba     20   0  382g 273g 214m S  114 54.1  90115,01 dmserver
2025-04-23T15:08:01.833118+08:00 Dky_app_00 linx[18082]:  26146 snmpd     20   0 39808 5228 1360 S   29  0.0 305205:15 snmpd
2025-04-23T15:08:01.833127+08:00 Dky_app_00 linx[18082]:  18111 sysadmin  20   0  9788 5692  628 R   15  0.0   0:00.09 fuser
2025-04-23T15:08:01.833133+08:00 Dky_app_00 linx[18082]:  18079 sysadmin  20   0 12844 3428  760 R   12  0.0   0:00.14 top
2025-04-23T15:08:01.833140+08:00 Dky_app_00 linx[18082]:  80065 dmdba     20   0 12864 3596  844 S   10  0.0 543:09.83 top
2025-04-23T15:08:01.833146+08:00 Dky_app_00 linx[18082]:  41212 sysadmin  20   0 1095m  24m 2944 S    7  0.0  29082:24 linx_smp
2025-04-23T15:08:01.833151+08:00 Dky_app_00 linx[18082]:     13 root      20   0     0    0    0 S    2  0.0 108:42.78 ksoftirqd/2
2025-04-23T15:08:01.833162+08:00 Dky_app_00 linx[18082]:     81 root      20   0     0    0    0 S    2  0.0 349:19.20 ksoftirqd/19
2025-04-23T15:08:01.833166+08:00 Dky_app_00 linx[18082]:  96228 root      20   0  302m 4704 2908 S    2  0.0  17:54.79 guard-pmc
2025-04-23T15:08:01.833170+08:00 Dky_app_00 linx[18082]: 105640 dmdba     20   0 59928 4440 2324 S    2  0.0  73:00.28 lcm_script
2025-04-23T15:08:01.833175+08:00 Dky_app_00 linx[18082]:      1 root      20   0  7852  612  512 S    0  0.0  31:07.29 init
2025-04-23T15:08:01.833186+08:00 Dky_app_00 linx[18082]:      2 root      20   0     0    0    0 S    0  0.0   0:02.80 kthreadd
2025-04-23T15:08:01.833198+08:00 Dky_app_00 linx[18082]:      3 root      RT   0     0    0    0 S    0  0.0 112:36.32 migration/0
2025-04-23T15:10:01.943940+08:00 Dky_app_00 /usr/sbin/cron[21151]: (root) CMD (sh /usr/bin/msmp >> /var/log/msmp.log )
2025-04-23T15:10:01.944103+08:00 Dky_app_00 /usr/sbin/cron[21152]: (sysadmin) CMD (/usr/sbin/get_max_mem_process.sh)
2025-04-23T15:10:01.944257+08:00 Dky_app_00 /usr/sbin/cron[21153]: (root) CMD (/usr/local/rising/linuxRav/bin/ravdaemon > /dev/null 2>&1)
2025-04-23T15:10:01.944408+08:00 Dky_app_00 /usr/sbin/cron[21154]: (dmdba) CMD (sh net_colsewait_mon.sh)
2025-04-23T15:10:01.944566+08:00 Dky_app_00 /usr/sbin/cron[21155]: (dmdba) CMD (sh /home/dmdba/dm/db_sessmon.sh)
2025-04-23T15:10:01.946983+08:00 Dky_app_00 linx[21163]: uptime
2025-04-23T15:10:01.976571+08:00 Dky_app_00 linx[21172]:  15:10:01 up 1551 days,  2:52,  7 users,  load average: 68.21, 67.79, 57.62
2025-04-23T15:10:01.977960+08:00 Dky_app_00 linx[21183]: free -m
2025-04-23T15:10:01.981428+08:00 Dky_app_00 linx[21185]:              total       used       free     shared    buffers     cached
2025-04-23T15:10:01.981506+08:00 Dky_app_00 linx[21185]: Mem:        516904     361625     155279          0         74      69086
2025-04-23T15:10:01.981548+08:00 Dky_app_00 linx[21185]: -/+ buffers/cache:     292464     224440
2025-04-23T15:10:01.981602+08:00 Dky_app_00 linx[21185]: Swap:        61034          0      61034
2025-04-23T15:10:01.982980+08:00 Dky_app_00 linx[21187]: df -h
2025-04-23T15:10:01.984686+08:00 Dky_app_00 linx[21189]: Filesystem            Size  Used Avail Use% Mounted on
2025-04-23T15:10:01.984741+08:00 Dky_app_00 linx[21189]: /dev/sda2             185G   75G  101G  43% /
2025-04-23T15:10:01.984780+08:00 Dky_app_00 linx[21189]: /dev/sda3             585G  296G  260G  54% /home
2025-04-23T15:10:01.984843+08:00 Dky_app_00 linx[21189]: /dev/sdav             3.0T  1.3T  1.6T  45% /dbbak
2025-04-23T15:10:01.984905+08:00 Dky_app_00 linx[21189]: /dev/mapper/dmarch_22-arch
2025-04-23T15:10:01.984964+08:00 Dky_app_00 linx[21189]:                       886G  680G  162G  81% /dbarch
2025-04-23T15:10:01.984994+08:00 Dky_app_00 linx[21189]: tmpfs                  20M   48K   20M   1% /tmp/smp
2025-04-23T15:10:01.985047+08:00 Dky_app_00 linx[21189]: 192.168.9.23:/dbarch/arch_rac1
2025-04-23T15:10:01.985098+08:00 Dky_app_00 linx[21189]:                       788G  681G   68G  91% /dbarch/arch_dsc1_kafka
2025-04-23T15:10:01.986433+08:00 Dky_app_00 linx[21191]: df -ih
2025-04-23T15:10:01.987893+08:00 Dky_app_00 linx[21193]: Filesystem            Inodes   IUsed   IFree IUse% Mounted on
2025-04-23T15:10:01.987924+08:00 Dky_app_00 linx[21193]: /dev/sda2                12M    2.1M    9.7M   18% /
2025-04-23T15:10:01.987965+08:00 Dky_app_00 linx[21193]: /dev/sda3                37M     28K     37M    1% /home
2025-04-23T15:10:01.988012+08:00 Dky_app_00 linx[21193]: /dev/sdav               192M     11K    192M    1% /dbbak
2025-04-23T15:10:01.988080+08:00 Dky_app_00 linx[21193]: /dev/mapper/dmarch_22-arch
2025-04-23T15:10:01.988132+08:00 Dky_app_00 linx[21193]:                          57M     463     57M    1% /dbarch
2025-04-23T15:10:01.988200+08:00 Dky_app_00 linx[21193]: tmpfs                    64M      13     64M    1% /tmp/smp
2025-04-23T15:10:01.988254+08:00 Dky_app_00 linx[21193]: 192.168.9.23:/dbarch/arch_rac1
2025-04-23T15:10:01.988323+08:00 Dky_app_00 linx[21193]:                          50M     353     50M    1% /dbarch/arch_dsc1_kafka
2025-04-23T15:10:01.989592+08:00 Dky_app_00 linx[21195]: iostat -x
2025-04-23T15:10:01.998126+08:00 Dky_app_00 linx[21197]: Linux 2.6.32-Rocky4.2-x86_64 (Dky_app_00) #01104/23/25 #011_x86_64_
2025-04-23T15:10:01.998186+08:00 Dky_app_00 linx[21197]:
2025-04-23T15:12:01.906683+08:00 Dky_app_00 /usr/sbin/cron[24083]: (root) CMD (sh /usr/bin/msmp >> /var/log/msmp.log )
2025-04-23T15:12:01.906735+08:00 Dky_app_00 /usr/sbin/cron[24084]: (sysadmin) CMD (/usr/sbin/get_max_mem_process.sh)
2025-04-23T15:12:01.906935+08:00 Dky_app_00 /usr/sbin/cron[24085]: (dmdba) CMD (sh net_colsewait_mon.sh)
2025-04-23T15:12:01.906980+08:00 Dky_app_00 /usr/sbin/cron[24086]: (dmdba) CMD (sh /home/dmdba/dm/db_sessmon.sh)
2025-04-23T15:12:01.909821+08:00 Dky_app_00 linx[24090]: uptime
2025-04-23T15:12:01.924506+08:00 Dky_app_00 linx[24099]:  15:12:01 up 1551 days,  2:54,  7 users,  load average: 67.94, 67.86, 58.88
2025-04-23T15:12:01.925573+08:00 Dky_app_00 linx[24108]: free -m
2025-04-23T15:12:01.928874+08:00 Dky_app_00 linx[24110]:              total       used       free     shared    buffers     cached
2025-04-23T15:12:01.928887+08:00 Dky_app_00 linx[24110]: Mem:        516904     358726     158178          0         75      69119
2025-04-23T15:12:01.928902+08:00 Dky_app_00 linx[24110]: -/+ buffers/cache:     289532     227372
2025-04-23T15:12:01.928914+08:00 Dky_app_00 linx[24110]: Swap:        61034          0      61034
2025-04-23T15:12:01.929886+08:00 Dky_app_00 linx[24112]: df -h
2025-04-23T15:12:01.931180+08:00 Dky_app_00 linx[24114]: Filesystem            Size  Used Avail Use% Mounted on
2025-04-23T15:12:01.931202+08:00 Dky_app_00 linx[24114]: /dev/sda2             185G   75G  101G  43% /
2025-04-23T15:12:01.931219+08:00 Dky_app_00 linx[24114]: /dev/sda3             585G  296G  260G  54% /home
2025-04-23T15:12:01.931250+08:00 Dky_app_00 linx[24114]: /dev/sdav             3.0T  1.3T  1.6T  45% /dbbak
2025-04-23T15:12:01.931268+08:00 Dky_app_00 linx[24114]: /dev/mapper/dmarch_22-arch
2025-04-23T15:12:01.931292+08:00 Dky_app_00 linx[24114]:                       886G  680G  162G  81% /dbarch
2025-04-23T15:12:01.931304+08:00 Dky_app_00 linx[24114]: tmpfs                  20M   40K   20M   1% /tmp/smp
2025-04-23T15:12:01.931313+08:00 Dky_app_00 linx[24114]: 192.168.9.23:/dbarch/arch_rac1
2025-04-23T15:12:01.931342+08:00 Dky_app_00 linx[24114]:                       788G  681G   68G  91% /dbarch/arch_dsc1_kafka
2025-04-23T15:12:01.932416+08:00 Dky_app_00 linx[24116]: df -ih
2025-04-23T15:12:01.933711+08:00 Dky_app_00 linx[24118]: Filesystem            Inodes   IUsed   IFree IUse% Mounted on
2025-04-23T15:12:01.933722+08:00 Dky_app_00 linx[24118]: /dev/sda2                12M    2.1M    9.7M   18% /
2025-04-23T15:12:01.933737+08:00 Dky_app_00 linx[24118]: /dev/sda3                37M     28K     37M    1% /home
2025-04-23T15:12:01.933752+08:00 Dky_app_00 linx[24118]: /dev/sdav               192M     11K    192M    1% /dbbak
2025-04-23T15:12:01.933780+08:00 Dky_app_00 linx[24118]: /dev/mapper/dmarch_22-arch
2025-04-23T15:12:01.933795+08:00 Dky_app_00 linx[24118]:                          57M     463     57M    1% /dbarch
2025-04-23T15:12:01.933813+08:00 Dky_app_00 linx[24118]: tmpfs                    64M      13     64M    1% /tmp/smp
2025-04-23T15:12:01.933839+08:00 Dky_app_00 linx[24118]: 192.168.9.23:/dbarch/arch_rac1
2025-04-23T15:12:01.933859+08:00 Dky_app_00 linx[24118]:                          50M     353     50M    1% /dbarch/arch_dsc1_kafka
2025-04-23T15:12:01.934962+08:00 Dky_app_00 linx[24120]: iostat -x
2025-04-23T15:12:01.940066+08:00 Dky_app_00 linx[24122]: Linux 2.6.32-Rocky4.2-x86_64 (Dky_app_00) #01104/23/25 #011_x86_64_
2025-04-23T15:12:01.940095+08:00 Dky_app_00 linx[24122]:
2025-04-23T15:12:01.943733+08:00 Dky_app_00 linx[24122]: avg-cpu:  %user   %nice %system %iowait  %steal   %idle
2025-04-23T15:12:01.943754+08:00 Dky_app_00 linx[24122]:            3.47    0.00    1.30    0.67    0.00   94.61
2025-04-23T15:12:01.943808+08:00 Dky_app_00 linx[24122]:
2025-04-23T15:12:01.943834+08:00 Dky_app_00 linx[24122]: Device:         rrqm/s   wrqm/s     r/s     w/s   rsec/s   wsec/s avgrq-sz avgqu-sz   await  svctm  %util
2025-04-23T15:12:01.943868+08:00 Dky_app_00 linx[24122]: sda               0.02   223.59    0.15   13.30    17.72  1895.14   142.21     0.01    0.68   0.13   0.18
2025-04-23T15:12:01.943883+08:00 Dky_app_00 linx[24122]: sda1              0.00     0.00    0.00    0.00     0.00     0.00    40.85     0.00    2.01   2.01   0.00
2025-04-23T15:12:01.943920+08:00 Dky_app_00 linx[24122]: sda2              0.02    18.33    0.06    1.67     8.47   159.98    97.22     0.00    0.54   0.35   0.06
2025-04-23T15:12:01.943931+08:00 Dky_app_00 linx[24122]: sda3              0.00   205.26    0.08   11.63     9.25  1735.15   148.86     0.01    0.70   0.11   0.13
2025-04-23T15:12:01.943949+08:00 Dky_app_00 linx[24122]: sdb               0.00     0.00    9.08   71.73   595.37  4604.24    64.34     0.01    0.18   0.29   2.33
2025-04-23T15:12:01.943959+08:00 Dky_app_00 linx[24122]: sdc               0.00     0.00    7.48   35.34   476.06  2281.30    64.39     0.00    0.83   0.70   3.00
2025-04-23T15:12:01.943980+08:00 Dky_app_00 linx[24122]: sdd               0.00     0.00    5.51    5.92   349.88   389.76    64.69     0.02    1.89   1.65   1.89
2025-04-23T15:12:01.943994+08:00 Dky_app_00 linx[24122]: sde               0.00     0.00    9.33   42.90   586.70   984.39    30.08     0.02    0.29   0.29   1.50
2025-04-23T15:12:01.944005+08:00 Dky_app_00 linx[24122]: sdf               0.00     0.00    0.00    0.00     0.00     0.00    28.82     0.00    8.78   8.78   0.00
2025-04-23T15:12:01.944031+08:00 Dky_app_00 linx[24122]: sdg               0.00     0.00    0.20    0.00     1.56     0.00     8.00     0.00    0.10   0.10   0.00
2025-04-23T15:12:01.944061+08:00 Dky_app_00 linx[24122]: sdh               0.00     0.00    0.10    4.38     2.46  2869.95   641.69     0.00    0.85   1.66   0.74
2025-04-23T15:12:01.944073+08:00 Dky_app_00 linx[24122]: sdi               0.00     0.00    9.09   71.72   596.33  4603.26    64.34     0.01    0.08   0.24   1.91
2025-04-23T15:12:01.944087+08:00 Dky_app_00 linx[24122]: sdj               0.00     0.00    7.47   35.35   475.65  2281.73    64.39     0.01    0.93   0.02   0.08
2025-04-23T15:12:01.944099+08:00 Dky_app_00 linx[24122]: sdk               0.00     0.00    5.51    5.92   350.04   389.60    64.69     0.02    1.78   1.58   1.80
2025-04-23T15:12:01.944125+08:00 Dky_app_00 linx[24122]: sdl               0.00     0.00    9.10   43.13   569.60  1000.55    30.06     0.02    0.37   0.37   1.93
2025-04-23T15:12:01.944133+08:00 Dky_app_00 linx[24122]: sdm               0.00     0.00    0.00    0.00     0.00     0.00    28.53     0.00    0.20   0.20   0.00
2025-04-23T15:12:01.944162+08:00 Dky_app_00 linx[24122]: sdn               0.00     0.00    0.20    0.00     1.56     0.00     8.00     0.00    0.10   0.10   0.00
2025-04-23T15:12:01.944176+08:00 Dky_app_00 linx[24122]: sdo               0.00     0.00    0.10    4.38     2.46  2855.91   638.54     0.00    0.52   1.57   0.70
2025-04-23T15:12:01.944205+08:00 Dky_app_00 linx[24122]: sdq               0.00     0.00    7.47   35.36   475.33  2282.04    64.39     0.01    0.92   0.02   0.07
2025-04-23T15:12:01.944213+08:00 Dky_app_00 linx[24122]: sdr               0.00     0.00    5.52    5.92   350.21   389.42    64.69     0.02    1.78   1.57   1.80
2025-04-23T15:12:01.944237+08:00 Dky_app_00 linx[24122]: sds               0.00     0.00    9.21   43.02   577.27  1007.98    30.35     0.02    0.36   0.36   1.90
2025-04-23T15:12:01.944254+08:00 Dky_app_00 linx[24122]: sdt               0.00     0.00    0.00    0.00     0.00     0.00    28.50     0.00    0.16   0.16   0.00
2025-04-23T15:12:01.944269+08:00 Dky_app_00 linx[24122]: sdu               0.00     0.00    0.20    0.00     1.56     0.00     8.00     0.00    0.09   0.09   0.00
2025-04-23T15:12:01.944288+08:00 Dky_app_00 linx[24122]: sdv               0.00     0.00    0.10    4.38     2.46  2844.62   636.01     0.00    0.52   1.57   0.70
2025-04-23T15:12:01.944299+08:00 Dky_app_00 linx[24122]: sdw               0.00     0.00    9.09   71.72   595.92  4603.69    64.34     0.01    0.18   0.29   2.34
2025-04-23T15:12:01.944341+08:00 Dky_app_00 linx[24122]: sdx               0.00     0.00    7.48   35.35   475.68  2281.68    64.39     0.00    0.83   0.71   3.02
2025-04-23T15:12:01.944365+08:00 Dky_app_00 linx[24122]: sdy               0.00     0.00    5.51    5.92   350.00   389.63    64.69     0.02    1.92   1.67   1.91
2025-04-23T15:12:01.944415+08:00 Dky_app_00 linx[24122]: sdz               0.00     0.00    9.36   42.87   587.87   996.04    30.33     0.02    0.29   0.29   1.50
2025-04-23T15:12:01.944447+08:00 Dky_app_00 linx[24122]: sdab              0.00     0.00    0.20    0.00     1.56     0.00     8.00     0.00    0.09   0.09   0.00
2025-04-23T15:12:01.944480+08:00 Dky_app_00 linx[24122]: sdaa              0.00     0.00    0.00    0.00     0.00     0.00    28.50     0.00    0.22   0.22   0.00
2025-04-23T15:12:01.944488+08:00 Dky_app_00 linx[24122]: sdac              0.00     0.00    0.10    4.38     2.46  2852.45   637.77     0.00    0.84   1.66   0.74
2025-04-23T15:12:01.944533+08:00 Dky_app_00 linx[24122]: sdad              0.00     0.00    9.08   71.73   595.16  4604.44    64.34     0.01    0.08   0.23   1.89
2025-04-23T15:12:01.944569+08:00 Dky_app_00 linx[24122]: sdaf              0.00     0.00    5.51    5.92   349.86   389.78    64.69     0.02    1.79   1.58   1.80
2025-04-23T15:12:01.944592+08:00 Dky_app_00 linx[24122]: sdag              0.00     0.00    9.34   42.89   587.82   983.16    30.08     0.02    0.36   0.36   1.89
2025-04-23T15:12:01.944639+08:00 Dky_app_00 linx[24122]: sdah              0.00     0.00    0.00    0.00     0.00     0.00    28.59     0.00    0.12   0.12   0.00
2025-04-23T15:12:01.944679+08:00 Dky_app_00 linx[24122]: sdae              0.00     0.00    7.48   35.34   476.16  2281.20    64.39     0.01    0.92   0.01   0.06
2025-04-23T15:12:01.944719+08:00 Dky_app_00 linx[24122]: sdai              0.00     0.00    0.20    0.00     1.56     0.00     8.00     0.00    0.08   0.08   0.00
2025-04-23T15:12:01.944762+08:00 Dky_app_00 linx[24122]: sdaj              0.00     0.00    0.10    4.38     2.46  2868.47   641.34     0.00    0.51   1.57   0.70
2025-04-23T15:12:01.944802+08:00 Dky_app_00 linx[24122]: sdak              0.00     0.00    9.10   71.71   596.68  4602.91    64.34     0.01    0.08   0.23   1.88
2025-04-23T15:12:01.944832+08:00 Dky_app_00 linx[24122]: sdal              0.00     0.00    7.47   35.36   475.40  2281.97    64.39     0.01    0.92   0.02   0.06
2025-04-23T15:12:01.944856+08:00 Dky_app_00 linx[24122]: sdam              0.00     0.00    5.51    5.92   350.14   389.49    64.69     0.02    1.78   1.57   1.79
2025-04-23T15:12:01.944879+08:00 Dky_app_00 linx[24122]: sdan              0.00     0.00    9.17   43.06   574.91  1006.78    30.28     0.02    0.36   0.36   1.86
2025-04-23T15:12:01.944915+08:00 Dky_app_00 linx[24122]: sdao              0.00     0.00    0.00    0.00     0.00     0.00    28.59     0.00    0.13   0.13   0.00
2025-04-23T15:12:01.944946+08:00 Dky_app_00 linx[24122]: sdap              0.00     0.00    0.20    0.00     1.56     0.00     8.00     0.00    0.08   0.08   0.00
2025-04-23T15:12:01.944988+08:00 Dky_app_00 linx[24122]: sdaq              0.00     0.00    0.10    4.38     2.46  2847.07   636.56     0.00    0.51   1.57   0.70
2025-04-23T15:12:01.945028+08:00 Dky_app_00 linx[24122]: sdar              0.00     0.00    9.11   71.70   597.33  4602.27    64.34     0.02    0.19   0.30   2.39
2025-04-23T15:12:01.945062+08:00 Dky_app_00 linx[24122]: sdas              0.00     0.00    7.47   35.36   475.27  2282.10    64.39     0.00    0.85   0.72   3.07
2025-04-23T15:12:01.945103+08:00 Dky_app_00 linx[24122]: sdat              0.00     0.00    5.52    5.92   350.26   389.38    64.69     0.02    1.96   1.70   1.94
2025-04-23T15:12:01.945151+08:00 Dky_app_00 linx[24122]: sdau              0.00     0.00    9.22   43.01   577.54  1008.69    30.37     0.02    0.31   0.30   1.59
2025-04-23T15:12:01.945211+08:00 Dky_app_00 linx[24122]: sdav              0.00    11.20    0.30    0.11    75.39    90.50   406.11     0.01   12.52   0.70   0.03
2025-04-23T15:12:01.945237+08:00 Dky_app_00 linx[24122]: sdaw              0.00     0.00    0.20    0.00     1.56     0.00     8.00     0.00    0.08   0.08   0.00
2025-04-23T15:12:01.945276+08:00 Dky_app_00 linx[24122]: sday              0.00     0.00    9.08   71.73   595.64  4603.95    64.34     0.01    0.17   0.29   2.31
2025-04-23T15:12:01.945329+08:00 Dky_app_00 linx[24122]: sdaz              0.00     0.00    7.48   35.35   475.91  2281.45    64.39     0.00    0.83   0.70   2.99
2025-04-23T15:12:01.945370+08:00 Dky_app_00 linx[24122]: sdba              0.00     0.00    5.51    5.92   349.90   389.73    64.69     0.02    1.90   1.65   1.89
2025-04-23T15:12:01.945416+08:00 Dky_app_00 linx[24122]: sdbb              0.00     0.00    9.34   42.89   586.93   987.34    30.14     0.01    0.28   0.28   1.45
2025-04-23T15:12:01.945458+08:00 Dky_app_00 linx[24122]: sdbc              0.00     0.00    0.00    0.00     0.00     0.00    28.55     0.00    0.21   0.21   0.00
2025-04-23T15:12:01.945507+08:00 Dky_app_00 linx[24122]: sdbd              0.00     0.00    0.20    0.00     1.56     0.00     8.00     0.00    0.07   0.07   0.00
2025-04-23T15:12:01.945540+08:00 Dky_app_00 linx[24122]: sdbe              0.00     0.00    0.10    4.38     2.46  2843.98   635.88     0.00    0.82   1.65   0.74
2025-04-23T15:12:01.945588+08:00 Dky_app_00 linx[24122]: sdax              0.00     0.00    0.10    4.38     2.46  2871.74   642.09     0.00    0.85   1.66   0.74
2025-04-23T15:12:01.945619+08:00 Dky_app_00 linx[24122]: dm-0              0.00     0.70   72.34  573.74  4766.23 36827.37    64.38     0.03    0.04   0.04   2.82
2025-04-23T15:12:01.945662+08:00 Dky_app_00 linx[24122]: dm-1              0.00     0.34   59.40  282.81  3802.29 18253.48    64.45     0.01    0.04   0.05   1.69
2025-04-23T15:12:01.945704+08:00 Dky_app_00 linx[24122]: dm-2              0.01     0.04   43.70   47.37  2797.09  3116.80    64.94     0.01    0.46   0.18   1.60
2025-04-23T15:12:01.945727+08:00 Dky_app_00 linx[24122]: dm-3              0.00     0.00   73.67  343.77  4645.43  7974.93    30.23     0.01    0.10   0.01   0.60
2025-04-23T15:12:01.945747+08:00 Dky_app_00 linx[24122]: dm-4              0.00     0.00    0.00    0.00     0.00     0.00    15.59     0.00   17.28  17.28   0.00
2025-04-23T15:12:01.945775+08:00 Dky_app_00 linx[24122]: dm-5              0.00  2821.73    0.37   35.04    16.46 22854.20   645.84     0.01    0.38   0.29   1.02
2025-04-23T15:12:01.945796+08:00 Dky_app_00 linx[24122]: dm-6              0.00     0.00   25.49    3.00   333.40     3.00    11.81     0.01    0.36   0.36   1.02
2025-04-23T15:12:01.945807+08:00 Dky_app_00 linx[24122]: dm-7              0.00     0.00   45.80    0.00  4287.07     0.03    93.60     0.02    0.41   0.41   1.89
2025-04-23T15:12:01.945832+08:00 Dky_app_00 linx[24122]: dm-8              0.00     0.00    2.38  340.77    24.97  7971.91    23.30     0.01    0.03   0.03   1.04
2025-04-23T15:12:01.945852+08:00 Dky_app_00 linx[24122]: dm-9              0.00     0.00    0.37 2856.78    16.45 22854.20     8.00     0.02    0.00   0.00   1.03
2025-04-23T15:12:01.945872+08:00 Dky_app_00 linx[24122]:
2025-04-23T15:12:01.947007+08:00 Dky_app_00 linx[24124]: netstat -an |grep -i 'established'|wc -l
2025-04-23T15:12:01.984238+08:00 Dky_app_00 linx[24128]: 1117
2025-04-23T15:12:01.985348+08:00 Dky_app_00 linx[24130]: date
2025-04-23T15:12:01.986386+08:00 Dky_app_00 linx[24132]: Wed Apr 23 15:12:01 CST 2025
2025-04-23T15:12:01.987422+08:00 Dky_app_00 linx[24134]: cat   /proc/buddyinfo
2025-04-23T15:12:01.988465+08:00 Dky_app_00 linx[24136]: Node 0, zone      DMA      1      1      1      1      2      1      0      0      1      1      3
2025-04-23T15:12:01.988479+08:00 Dky_app_00 linx[24136]: Node 0, zone    DMA32     80     36     45     33     25     34     10     11      9     54     29
2025-04-23T15:12:01.988486+08:00 Dky_app_00 linx[24136]: Node 0, zone   Normal   1652   1995    966    295   1396    261  20927  12621   4973    492    170
2025-04-23T15:12:01.988491+08:00 Dky_app_00 linx[24136]: Node 1, zone   Normal    243   1055    661    440   1703  24576  21276  10932   3747    242    400
2025-04-23T15:12:01.988498+08:00 Dky_app_00 linx[24136]: Node 2, zone   Normal   5299   1677    703    294    152    570   6374   6427   2193    604    678
2025-04-23T15:12:01.988504+08:00 Dky_app_00 linx[24136]: Node 3, zone   Normal    325   4087   3597    966  12182  60793  32865  12334   3069      7      0
2025-04-23T15:12:01.988517+08:00 Dky_app_00 linx[24136]: Node 4, zone   Normal  14059  15937  44090  75502  96172  64354  33131  10318   1571      5      0
2025-04-23T15:12:01.988529+08:00 Dky_app_00 linx[24136]: Node 5, zone   Normal    460   1424    403    189   1718   6397  19972   9994   3675    725    426
2025-04-23T15:12:01.988536+08:00 Dky_app_00 linx[24136]: Node 6, zone   Normal  18083  19114  17682  16922  16446   2677   8389   4590   1379      7      0
2025-04-23T15:12:01.988543+08:00 Dky_app_00 linx[24136]: Node 7, zone   Normal     66   1669  30732  39076  42019  31376  19801  10576   3790    524    292
2025-04-23T15:12:01.989561+08:00 Dky_app_00 linx[24138]: top-detail:
2025-04-23T15:14:01.790601+08:00 Dky_app_00 /usr/sbin/cron[26978]: (sysadmin) CMD (/usr/sbin/get_max_mem_process.sh)
2025-04-23T15:14:01.790630+08:00 Dky_app_00 /usr/sbin/cron[26977]: (root) CMD (sh /usr/bin/msmp >> /var/log/msmp.log )
2025-04-23T15:14:01.790768+08:00 Dky_app_00 /usr/sbin/cron[26979]: (dmdba) CMD (sh net_colsewait_mon.sh)
2025-04-23T15:14:01.790929+08:00 Dky_app_00 /usr/sbin/cron[26980]: (dmdba) CMD (sh /home/dmdba/dm/db_sessmon.sh)
2025-04-23T15:14:01.793532+08:00 Dky_app_00 linx[26983]: uptime
2025-04-23T15:14:01.807509+08:00 Dky_app_00 linx[26992]:  15:14:01 up 1551 days,  2:56,  7 users,  load average: 68.38, 67.97, 60.00
2025-04-23T15:14:01.808960+08:00 Dky_app_00 linx[27000]: free -m
2025-04-23T15:14:01.812889+08:00 Dky_app_00 linx[27003]:              total       used       free     shared    buffers     cached
2025-04-23T15:14:01.812914+08:00 Dky_app_00 linx[27003]: Mem:        516904     358796     158108          0         93      69170
2025-04-23T15:14:01.812938+08:00 Dky_app_00 linx[27003]: -/+ buffers/cache:     289531     227373
2025-04-23T15:14:01.812974+08:00 Dky_app_00 linx[27003]: Swap:        61034          0      61034
2025-04-23T15:14:01.814406+08:00 Dky_app_00 linx[27005]: df -h
2025-04-23T15:14:01.815990+08:00 Dky_app_00 linx[27007]: Filesystem            Size  Used Avail Use% Mounted on
2025-04-23T15:14:01.816019+08:00 Dky_app_00 linx[27007]: /dev/sda2             185G   75G  101G  43% /
2025-04-23T15:14:01.816038+08:00 Dky_app_00 linx[27007]: /dev/sda3             585G  245G  311G  45% /home
2025-04-23T15:14:01.816112+08:00 Dky_app_00 linx[27007]: /dev/sdav             3.0T  1.3T  1.6T  45% /dbbak
2025-04-23T15:14:01.816205+08:00 Dky_app_00 linx[27007]: /dev/mapper/dmarch_22-arch
2025-04-23T15:14:01.816283+08:00 Dky_app_00 linx[27007]:                       886G  680G  162G  81% /dbarch
2025-04-23T15:14:01.816314+08:00 Dky_app_00 linx[27007]: tmpfs                  20M   48K   20M   1% /tmp/smp
2025-04-23T15:14:01.816355+08:00 Dky_app_00 linx[27007]: 192.168.9.23:/dbarch/arch_rac1
2025-04-23T15:14:01.816380+08:00 Dky_app_00 linx[27007]:                       788G  681G   68G  91% /dbarch/arch_dsc1_kafka
2025-04-23T15:14:01.817712+08:00 Dky_app_00 linx[27009]: df -ih
2025-04-23T15:14:01.819093+08:00 Dky_app_00 linx[27011]: Filesystem            Inodes   IUsed   IFree IUse% Mounted on
2025-04-23T15:14:01.819131+08:00 Dky_app_00 linx[27011]: /dev/sda2                12M    2.1M    9.7M   18% /
2025-04-23T15:14:01.819169+08:00 Dky_app_00 linx[27011]: /dev/sda3                37M     28K     37M    1% /home
2025-04-23T15:14:01.819222+08:00 Dky_app_00 linx[27011]: /dev/sdav               192M     11K    192M    1% /dbbak
2025-04-23T15:14:01.819260+08:00 Dky_app_00 linx[27011]: /dev/mapper/dmarch_22-arch
2025-04-23T15:14:01.819308+08:00 Dky_app_00 linx[27011]:                          57M     463     57M    1% /dbarch
2025-04-23T15:14:01.819331+08:00 Dky_app_00 linx[27011]: tmpfs                    64M      13     64M    1% /tmp/smp
2025-04-23T15:14:01.819392+08:00 Dky_app_00 linx[27011]: 192.168.9.23:/dbarch/arch_rac1
2025-04-23T15:14:01.819468+08:00 Dky_app_00 linx[27011]:                          50M     353     50M    1% /dbarch/arch_dsc1_kafka
2025-04-23T15:14:01.820917+08:00 Dky_app_00 linx[27013]: iostat -x
2025-04-23T15:14:01.825541+08:00 Dky_app_00 linx[27015]: Linux 2.6.32-Rocky4.2-x86_64 (Dky_app_00) #01104/23/25 #011_x86_64_
2025-04-23T15:14:01.825555+08:00 Dky_app_00 linx[27015]:
2025-04-23T15:14:01.829187+08:00 Dky_app_00 linx[27015]: avg-cpu:  %user   %nice %system %iowait  %steal   %idle
2025-04-23T15:14:01.829196+08:00 Dky_app_00 linx[27015]:            3.47    0.00    1.30    0.67    0.00   94.61
2025-04-23T15:14:01.829209+08:00 Dky_app_00 linx[27015]:
2025-04-23T15:14:01.829241+08:00 Dky_app_00 linx[27015]: Device:         rrqm/s   wrqm/s     r/s     w/s   rsec/s   wsec/s avgrq-sz avgqu-sz   await  svctm  %util
2025-04-23T15:14:01.829257+08:00 Dky_app_00 linx[27015]: sda               0.02   223.59    0.15   13.30    17.72  1895.13   142.21     0.01    0.68   0.13   0.18
2025-04-23T15:14:01.829282+08:00 Dky_app_00 linx[27015]: sda1              0.00     0.00    0.00    0.00     0.00     0.00    40.85     0.00    2.01   2.01   0.00
2025-04-23T15:14:01.829307+08:00 Dky_app_00 linx[27015]: sda2              0.02    18.33    0.06    1.67     8.47   159.98    97.22     0.00    0.54   0.35   0.06
2025-04-23T15:14:01.829325+08:00 Dky_app_00 linx[27015]: sda3              0.00   205.26    0.08   11.63     9.25  1735.15   148.86     0.01    0.70   0.11   0.13
2025-04-23T15:14:01.829341+08:00 Dky_app_00 linx[27015]: sdb               0.00     0.00    9.08   71.73   595.37  4604.24    64.34     0.01    0.18   0.29   2.33
2025-04-23T15:14:01.829350+08:00 Dky_app_00 linx[27015]: sdc               0.00     0.00    7.48   35.34   476.06  2281.30    64.39     0.00    0.83   0.70   3.00
2025-04-23T15:14:01.829376+08:00 Dky_app_00 linx[27015]: sdd               0.00     0.00    5.51    5.92   349.88   389.76    64.69     0.02    1.89   1.65   1.89
2025-04-23T15:14:01.829390+08:00 Dky_app_00 linx[27015]: sde               0.00     0.00    9.33   42.90   586.70   984.39    30.08     0.02    0.29   0.29   1.50
2025-04-23T15:14:01.829422+08:00 Dky_app_00 linx[27015]: sdf               0.00     0.00    0.00    0.00     0.00     0.00    28.82     0.00    8.78   8.78   0.00
2025-04-23T15:14:01.829438+08:00 Dky_app_00 linx[27015]: sdg               0.00     0.00    0.20    0.00     1.56     0.00     8.00     0.00    0.10   0.10   0.00
2025-04-23T15:14:01.829458+08:00 Dky_app_00 linx[27015]: sdh               0.00     0.00    0.10    4.38     2.46  2869.95   641.69     0.00    0.85   1.66   0.74
2025-04-23T15:14:01.829478+08:00 Dky_app_00 linx[27015]: sdi               0.00     0.00    9.09   71.72   596.33  4603.26    64.34     0.01    0.08   0.24   1.91
2025-04-23T15:14:01.829496+08:00 Dky_app_00 linx[27015]: sdj               0.00     0.00    7.47   35.35   475.65  2281.73    64.39     0.01    0.93   0.02   0.08
2025-04-23T15:14:01.829512+08:00 Dky_app_00 linx[27015]: sdk               0.00     0.00    5.51    5.92   350.04   389.60    64.69     0.02    1.78   1.58   1.80
2025-04-23T15:14:01.829543+08:00 Dky_app_00 linx[27015]: sdl               0.00     0.00    9.10   43.13   569.60  1000.55    30.06     0.02    0.37   0.37   1.93
2025-04-23T15:14:01.829557+08:00 Dky_app_00 linx[27015]: sdm               0.00     0.00    0.00    0.00     0.00     0.00    28.53     0.00    0.20   0.20   0.00
2025-04-23T15:14:01.829569+08:00 Dky_app_00 linx[27015]: sdn               0.00     0.00    0.20    0.00     1.56     0.00     8.00     0.00    0.10   0.10   0.00
2025-04-23T15:14:01.829582+08:00 Dky_app_00 linx[27015]: sdo               0.00     0.00    0.10    4.38     2.46  2855.91   638.54     0.00    0.52   1.57   0.70
2025-04-23T15:14:01.829614+08:00 Dky_app_00 linx[27015]: sdq               0.00     0.00    7.47   35.36   475.33  2282.04    64.39     0.01    0.92   0.02   0.07
2025-04-23T15:14:01.829631+08:00 Dky_app_00 linx[27015]: sdr               0.00     0.00    5.52    5.92   350.21   389.42    64.69     0.02    1.78   1.57   1.80
2025-04-23T15:14:01.829647+08:00 Dky_app_00 linx[27015]: sds               0.00     0.00    9.21   43.02   577.27  1007.98    30.35     0.02    0.36   0.36   1.90
2025-04-23T15:14:01.829672+08:00 Dky_app_00 linx[27015]: sdt               0.00     0.00    0.00    0.00     0.00     0.00    28.50     0.00    0.16   0.16   0.00
2025-04-23T15:14:01.829682+08:00 Dky_app_00 linx[27015]: sdu               0.00     0.00    0.20    0.00     1.56     0.00     8.00     0.00    0.09   0.09   0.00
2025-04-23T15:14:01.829697+08:00 Dky_app_00 linx[27015]: sdv               0.00     0.00    0.10    4.38     2.46  2844.61   636.01     0.00    0.52   1.57   0.70
2025-04-23T15:14:01.829710+08:00 Dky_app_00 linx[27015]: sdw               0.00     0.00    9.09   71.72   595.92  4603.68    64.34     0.01    0.18   0.29   2.34
2025-04-23T15:14:01.829733+08:00 Dky_app_00 linx[27015]: sdx               0.00     0.00    7.48   35.35   475.68  2281.68    64.39     0.00    0.83   0.71   3.02
2025-04-23T15:14:01.829776+08:00 Dky_app_00 linx[27015]: sdy               0.00     0.00    5.51    5.92   350.00   389.63    64.69     0.02    1.92   1.67   1.91
2025-04-23T15:14:01.829785+08:00 Dky_app_00 linx[27015]: sdz               0.00     0.00    9.36   42.87   587.87   996.04    30.33     0.02    0.29   0.29   1.50
2025-04-23T15:14:01.829800+08:00 Dky_app_00 linx[27015]: sdab              0.00     0.00    0.20    0.00     1.56     0.00     8.00     0.00    0.09   0.09   0.00
2025-04-23T15:14:01.829811+08:00 Dky_app_00 linx[27015]: sdaa              0.00     0.00    0.00    0.00     0.00     0.00    28.50     0.00    0.22   0.22   0.00
2025-04-23T15:14:01.829830+08:00 Dky_app_00 linx[27015]: sdac              0.00     0.00    0.10    4.38     2.46  2852.45   637.77     0.00    0.84   1.66   0.74
2025-04-23T15:14:01.829841+08:00 Dky_app_00 linx[27015]: sdad              0.00     0.00    9.08   71.73   595.15  4604.44    64.34     0.01    0.08   0.23   1.89
2025-04-23T15:14:01.829851+08:00 Dky_app_00 linx[27015]: sdaf              0.00     0.00    5.51    5.92   349.86   389.78    64.69     0.02    1.79   1.58   1.80
2025-04-23T15:14:01.829865+08:00 Dky_app_00 linx[27015]: sdag              0.00     0.00    9.34   42.89   587.82   983.16    30.08     0.02    0.36   0.36   1.89
2025-04-23T15:14:01.829892+08:00 Dky_app_00 linx[27015]: sdah              0.00     0.00    0.00    0.00     0.00     0.00    28.59     0.00    0.12   0.12   0.00
2025-04-23T15:14:01.829901+08:00 Dky_app_00 linx[27015]: sdae              0.00     0.00    7.48   35.34   476.16  2281.20    64.39     0.01    0.92   0.01   0.06
2025-04-23T15:14:01.829914+08:00 Dky_app_00 linx[27015]: sdai              0.00     0.00    0.20    0.00     1.56     0.00     8.00     0.00    0.08   0.08   0.00
2025-04-23T15:14:01.829935+08:00 Dky_app_00 linx[27015]: sdaj              0.00     0.00    0.10    4.38     2.46  2868.47   641.34     0.00    0.51   1.57   0.70
2025-04-23T15:14:01.829957+08:00 Dky_app_00 linx[27015]: sdak              0.00     0.00    9.10   71.71   596.68  4602.91    64.34     0.01    0.08   0.23   1.88
2025-04-23T15:14:01.829995+08:00 Dky_app_00 linx[27015]: sdal              0.00     0.00    7.47   35.36   475.40  2281.97    64.39     0.01    0.92   0.02   0.06
2025-04-23T15:14:01.830004+08:00 Dky_app_00 linx[27015]: sdam              0.00     0.00    5.51    5.92   350.14   389.49    64.69     0.02    1.78   1.57   1.79
2025-04-23T15:14:01.830011+08:00 Dky_app_00 linx[27015]: sdan              0.00     0.00    9.17   43.06   574.91  1006.78    30.28     0.02    0.36   0.36   1.86
2025-04-23T15:14:01.830024+08:00 Dky_app_00 linx[27015]: sdao              0.00     0.00    0.00    0.00     0.00     0.00    28.59     0.00    0.13   0.13   0.00
2025-04-23T15:14:01.830056+08:00 Dky_app_00 linx[27015]: sdap              0.00     0.00    0.20    0.00     1.56     0.00     8.00     0.00    0.08   0.08   0.00
2025-04-23T15:14:01.830071+08:00 Dky_app_00 linx[27015]: sdaq              0.00     0.00    0.10    4.38     2.46  2847.07   636.56     0.00    0.51   1.57   0.70
2025-04-23T15:14:01.830081+08:00 Dky_app_00 linx[27015]: sdar              0.00     0.00    9.11   71.70   597.33  4602.27    64.34     0.02    0.19   0.30   2.39
2025-04-23T15:14:01.830091+08:00 Dky_app_00 linx[27015]: sdas              0.00     0.00    7.47   35.36   475.27  2282.09    64.39     0.00    0.85   0.72   3.07
2025-04-23T15:14:01.830099+08:00 Dky_app_00 linx[27015]: sdat              0.00     0.00    5.52    5.92   350.26   389.38    64.69     0.02    1.96   1.70   1.94
2025-04-23T15:14:01.830106+08:00 Dky_app_00 linx[27015]: sdau              0.00     0.00    9.22   43.01   577.54  1008.69    30.37     0.02    0.31   0.30   1.59
2025-04-23T15:14:01.830116+08:00 Dky_app_00 linx[27015]: sdav              0.00    11.20    0.30    0.11    75.39    90.50   406.11     0.01   12.52   0.70   0.03
2025-04-23T15:14:01.830132+08:00 Dky_app_00 linx[27015]: sdaw              0.00     0.00    0.20    0.00     1.56     0.00     8.00     0.00    0.08   0.08   0.00
2025-04-23T15:14:01.830148+08:00 Dky_app_00 linx[27015]: sday              0.00     0.00    9.08   71.73   595.64  4603.95    64.34     0.01    0.17   0.29   2.31
2025-04-23T15:14:01.830161+08:00 Dky_app_00 linx[27015]: sdaz              0.00     0.00    7.48   35.35   475.91  2281.45    64.39     0.00    0.83   0.70   2.99
2025-04-23T15:14:01.830175+08:00 Dky_app_00 linx[27015]: sdba              0.00     0.00    5.51    5.92   349.90   389.73    64.69     0.02    1.90   1.65   1.89
2025-04-23T15:14:01.830194+08:00 Dky_app_00 linx[27015]: sdbb              0.00     0.00    9.34   42.89   586.93   987.34    30.14     0.01    0.28   0.28   1.45
2025-04-23T15:14:01.830199+08:00 Dky_app_00 linx[27015]: sdbc              0.00     0.00    0.00    0.00     0.00     0.00    28.55     0.00    0.21   0.21   0.00
2025-04-23T15:14:01.830207+08:00 Dky_app_00 linx[27015]: sdbd              0.00     0.00    0.20    0.00     1.56     0.00     8.00     0.00    0.07   0.07   0.00
2025-04-23T15:14:01.830232+08:00 Dky_app_00 linx[27015]: sdbe              0.00     0.00    0.10    4.38     2.46  2843.98   635.88     0.00    0.82   1.65   0.74
2025-04-23T15:14:01.830244+08:00 Dky_app_00 linx[27015]: sdax              0.00     0.00    0.10    4.38     2.46  2871.74   642.09     0.00    0.85   1.66   0.74
2025-04-23T15:14:01.830259+08:00 Dky_app_00 linx[27015]: dm-0              0.00     0.70   72.34  573.74  4766.23 36827.34    64.38     0.03    0.04   0.04   2.82
2025-04-23T15:14:01.830284+08:00 Dky_app_00 linx[27015]: dm-1              0.00     0.34   59.40  282.80  3802.28 18253.46    64.45     0.01    0.04   0.05   1.69
2025-04-23T15:14:01.830317+08:00 Dky_app_00 linx[27015]: dm-2              0.01     0.04   43.70   47.37  2797.09  3116.79    64.94     0.01    0.46   0.18   1.60
2025-04-23T15:14:01.830346+08:00 Dky_app_00 linx[27015]: dm-3              0.00     0.00   73.67  343.77  4645.43  7974.93    30.23     0.01    0.10   0.01   0.60
2025-04-23T15:14:01.830391+08:00 Dky_app_00 linx[27015]: dm-4              0.00     0.00    0.00    0.00     0.00     0.00    15.59     0.00   17.28  17.28   0.00
2025-04-23T15:14:01.830429+08:00 Dky_app_00 linx[27015]: dm-5              0.00  2821.73    0.37   35.04    16.46 22854.18   645.84     0.01    0.38   0.29   1.02
2025-04-23T15:14:01.830442+08:00 Dky_app_00 linx[27015]: dm-6              0.00     0.00   25.49    3.00   333.40     3.00    11.81     0.01    0.36   0.36   1.02
2025-04-23T15:14:01.830478+08:00 Dky_app_00 linx[27015]: dm-7              0.00     0.00   45.80    0.00  4287.07     0.03    93.60     0.02    0.41   0.41   1.89
2025-04-23T15:14:01.830518+08:00 Dky_app_00 linx[27015]: dm-8              0.00     0.00    2.38  340.77    24.97  7971.90    23.30     0.01    0.03   0.03   1.04
2025-04-23T15:14:01.830530+08:00 Dky_app_00 linx[27015]: dm-9              0.00     0.00    0.37 2856.77    16.45 22854.18     8.00     0.02    0.00   0.00   1.03
2025-04-23T15:14:01.830553+08:00 Dky_app_00 linx[27015]:
2025-04-23T15:14:01.831757+08:00 Dky_app_00 linx[27017]: netstat -an |grep -i 'established'|wc -l
2025-04-23T15:14:01.867511+08:00 Dky_app_00 linx[27021]: 1109
2025-04-23T15:14:01.868697+08:00 Dky_app_00 linx[27023]: date
2025-04-23T15:14:01.869789+08:00 Dky_app_00 linx[27025]: Wed Apr 23 15:14:01 CST 2025
2025-04-23T15:14:01.870789+08:00 Dky_app_00 linx[27027]: cat   /proc/buddyinfo
2025-04-23T15:14:01.871712+08:00 Dky_app_00 linx[27029]: Node 0, zone      DMA      1      1      1      1      2      1      0      0      1      1      3
2025-04-23T15:14:01.871724+08:00 Dky_app_00 linx[27029]: Node 0, zone    DMA32     80     36     45     33     25     34     10     11      9     54     29
2025-04-23T15:14:01.871743+08:00 Dky_app_00 linx[27029]: Node 0, zone   Normal    513   1996    962    294   1395    261  20927  12621   4973    492    170
2025-04-23T15:14:01.871753+08:00 Dky_app_00 linx[27029]: Node 1, zone   Normal     84     39    297    233   1472  24440  21276  10932   3747    242    400
2025-04-23T15:14:01.871759+08:00 Dky_app_00 linx[27029]: Node 2, zone   Normal   5237   1677    703    294    152    570   6374   6427   2193    604    678
2025-04-23T15:14:01.871765+08:00 Dky_app_00 linx[27029]: Node 3, zone   Normal    374   4095   3661    948  12159  60791  32865  12334   3069      7      0
2025-04-23T15:14:01.871777+08:00 Dky_app_00 linx[27029]: Node 4, zone   Normal  10921  15462  44021  75502  96172  64354  33131  10318   1571      5      0
2025-04-23T15:14:01.871798+08:00 Dky_app_00 linx[27029]: Node 5, zone   Normal    328    944    373    145   1741   6397  19972   9994   3675    734    426
2025-04-23T15:14:01.871804+08:00 Dky_app_00 linx[27029]: Node 6, zone   Normal  17688  19115  17684  16924  16447   2677   8389   4590   1379      7      0
2025-04-23T15:14:01.871826+08:00 Dky_app_00 linx[27029]: Node 7, zone   Normal     64   1470  30559  39077  42020  31376  19801  10576   3790    524    292
2025-04-23T15:14:01.872780+08:00 Dky_app_00 linx[27031]: top-detail:
2025-04-23T15:16:00.631519+08:00 Dky_app_00 pmcagent[96228]: login_pmc: post req fail(28)
2025-04-23T15:16:00.631579+08:00 Dky_app_00 pmcagent[96228]: Pmcagent login error.
2025-04-23T15:18:01.531734+08:00 Dky_app_00 /usr/sbin/cron[32834]: (root) CMD (sh /usr/bin/msmp >> /var/log/msmp.log )
2025-04-23T15:18:01.531858+08:00 Dky_app_00 /usr/sbin/cron[32835]: (sysadmin) CMD (/usr/sbin/get_max_mem_process.sh)
2025-04-23T15:18:01.532007+08:00 Dky_app_00 /usr/sbin/cron[32836]: (dmdba) CMD (sh net_colsewait_mon.sh)
2025-04-23T15:18:01.532098+08:00 Dky_app_00 /usr/sbin/cron[32837]: (dmdba) CMD (sh /home/dmdba/dm/db_sessmon.sh)
2025-04-23T15:18:01.534900+08:00 Dky_app_00 linx[32840]: uptime
2025-04-23T15:18:01.558913+08:00 Dky_app_00 linx[32849]:  15:18:01 up 1551 days,  3:00,  7 users,  load average: 67.33, 67.90, 61.81
2025-04-23T15:18:01.560316+08:00 Dky_app_00 linx[32859]: free -m
2025-04-23T15:18:01.563568+08:00 Dky_app_00 linx[32861]:              total       used       free     shared    buffers     cached
2025-04-23T15:18:01.563588+08:00 Dky_app_00 linx[32861]: Mem:        516904     359231     157673          0        100      68941
2025-04-23T15:18:01.563625+08:00 Dky_app_00 linx[32861]: -/+ buffers/cache:     290189     226715
2025-04-23T15:18:01.563665+08:00 Dky_app_00 linx[32861]: Swap:        61034          0      61034
2025-04-23T15:18:01.564882+08:00 Dky_app_00 linx[32864]: df -h
2025-04-23T15:18:01.566245+08:00 Dky_app_00 linx[32866]: Filesystem            Size  Used Avail Use% Mounted on
2025-04-23T15:18:01.566277+08:00 Dky_app_00 linx[32866]: /dev/sda2             185G   75G  101G  43% /
2025-04-23T15:18:01.566318+08:00 Dky_app_00 linx[32866]: /dev/sda3             585G  197G  359G  36% /home
2025-04-23T15:18:01.566365+08:00 Dky_app_00 linx[32866]: /dev/sdav             3.0T  1.3T  1.6T  45% /dbbak
2025-04-23T15:18:01.566420+08:00 Dky_app_00 linx[32866]: /dev/mapper/dmarch_22-arch
2025-04-23T15:18:01.566477+08:00 Dky_app_00 linx[32866]:                       886G  680G  162G  81% /dbarch
2025-04-23T15:18:01.566520+08:00 Dky_app_00 linx[32866]: tmpfs                  20M   48K   20M   1% /tmp/smp
2025-04-23T15:18:01.566597+08:00 Dky_app_00 linx[32866]: 192.168.9.23:/dbarch/arch_rac1
2025-04-23T15:18:01.566649+08:00 Dky_app_00 linx[32866]:                       788G  681G   68G  91% /dbarch/arch_dsc1_kafka
2025-04-23T15:18:01.567726+08:00 Dky_app_00 linx[32868]: df -ih
2025-04-23T15:18:01.569045+08:00 Dky_app_00 linx[32871]: Filesystem            Inodes   IUsed   IFree IUse% Mounted on
2025-04-23T15:18:01.569078+08:00 Dky_app_00 linx[32871]: /dev/sda2                12M    2.1M    9.7M   18% /
2025-04-23T15:18:01.569122+08:00 Dky_app_00 linx[32871]: /dev/sda3                37M     28K     37M    1% /home
2025-04-23T15:18:01.569163+08:00 Dky_app_00 linx[32871]: /dev/sdav               192M     11K    192M    1% /dbbak
2025-04-23T15:18:01.569173+08:00 Dky_app_00 linx[32871]: /dev/mapper/dmarch_22-arch
2025-04-23T15:18:01.569225+08:00 Dky_app_00 linx[32871]:                          57M     463     57M    1% /dbarch
2025-04-23T15:18:01.569273+08:00 Dky_app_00 linx[32871]: tmpfs                    64M      13     64M    1% /tmp/smp
2025-04-23T15:18:01.569302+08:00 Dky_app_00 linx[32871]: 192.168.9.23:/dbarch/arch_rac1
2025-04-23T15:18:01.569320+08:00 Dky_app_00 linx[32871]:                          50M     353     50M    1% /dbarch/arch_dsc1_kafka
2025-04-23T15:18:01.570413+08:00 Dky_app_00 linx[32873]: iostat -x
2025-04-23T15:18:01.578184+08:00 Dky_app_00 linx[32875]: Linux 2.6.32-Rocky4.2-x86_64 (Dky_app_00) #01104/23/25 #011_x86_64_
2025-04-23T15:18:01.578254+08:00 Dky_app_00 linx[32875]:
2025-04-23T15:18:01.581792+08:00 Dky_app_00 linx[32875]: avg-cpu:  %user   %nice %system %iowait  %steal   %idle
2025-04-23T15:18:01.581868+08:00 Dky_app_00 linx[32875]:            3.47    0.00    1.30    0.67    0.00   94.61
2025-04-23T15:18:01.581916+08:00 Dky_app_00 linx[32875]:
2025-04-23T15:18:01.581992+08:00 Dky_app_00 linx[32875]: Device:         rrqm/s   wrqm/s     r/s     w/s   rsec/s   wsec/s avgrq-sz avgqu-sz   await  svctm  %util
2025-04-23T15:18:01.582064+08:00 Dky_app_00 linx[32875]: sda               0.02   223.59    0.15   13.30    17.72  1895.13   142.21     0.01    0.68   0.13   0.18
2025-04-23T15:18:01.582117+08:00 Dky_app_00 linx[32875]: sda1              0.00     0.00    0.00    0.00     0.00     0.00    40.85     0.00    2.01   2.01   0.00
2025-04-23T15:18:01.582178+08:00 Dky_app_00 linx[32875]: sda2              0.02    18.33    0.06    1.67     8.47   159.98    97.22     0.00    0.54   0.35   0.06
2025-04-23T15:18:01.582234+08:00 Dky_app_00 linx[32875]: sda3              0.00   205.26    0.08   11.63     9.25  1735.15   148.86     0.01    0.70   0.11   0.13
2025-04-23T15:18:01.582301+08:00 Dky_app_00 linx[32875]: sdb               0.00     0.00    9.08   71.73   595.37  4604.23    64.34     0.01    0.18   0.29   2.33
2025-04-23T15:18:01.582370+08:00 Dky_app_00 linx[32875]: sdc               0.00     0.00    7.48   35.34   476.06  2281.29    64.39     0.00    0.83   0.70   3.00
2025-04-23T15:18:01.582425+08:00 Dky_app_00 linx[32875]: sdd               0.00     0.00    5.51    5.92   349.88   389.76    64.69     0.02    1.89   1.65   1.89
2025-04-23T15:18:01.582496+08:00 Dky_app_00 linx[32875]: sde               0.00     0.00    9.33   42.90   586.70   984.39    30.08     0.02    0.29   0.29   1.50
2025-04-23T15:18:01.582556+08:00 Dky_app_00 linx[32875]: sdf               0.00     0.00    0.00    0.00     0.00     0.00    28.82     0.00    8.78   8.78   0.00
2025-04-23T15:18:01.582630+08:00 Dky_app_00 linx[32875]: sdg               0.00     0.00    0.20    0.00     1.56     0.00     8.00     0.00    0.10   0.10   0.00
2025-04-23T15:18:01.582679+08:00 Dky_app_00 linx[32875]: sdh               0.00     0.00    0.10    4.38     2.46  2869.95   641.69     0.00    0.85   1.66   0.74
2025-04-23T15:18:01.582733+08:00 Dky_app_00 linx[32875]: sdi               0.00     0.00    9.09   71.71   596.33  4603.25    64.34     0.01    0.08   0.24   1.91
2025-04-23T15:18:01.582800+08:00 Dky_app_00 linx[32875]: sdj               0.00     0.00    7.47   35.35   475.65  2281.73    64.39     0.01    0.93   0.02   0.08
2025-04-23T15:18:01.582851+08:00 Dky_app_00 linx[32875]: sdk               0.00     0.00    5.51    5.92   350.04   389.60    64.69     0.02    1.78   1.58   1.80
2025-04-23T15:18:01.582935+08:00 Dky_app_00 linx[32875]: sdl               0.00     0.00    9.10   43.13   569.60  1000.54    30.06     0.02    0.37   0.37   1.93
2025-04-23T15:18:01.582999+08:00 Dky_app_00 linx[32875]: sdm               0.00     0.00    0.00    0.00     0.00     0.00    28.53     0.00    0.20   0.20   0.00
2025-04-23T15:18:01.583073+08:00 Dky_app_00 linx[32875]: sdn               0.00     0.00    0.20    0.00     1.56     0.00     8.00     0.00    0.10   0.10   0.00
2025-04-23T15:18:01.583131+08:00 Dky_app_00 linx[32875]: sdo               0.00     0.00    0.10    4.38     2.46  2855.90   638.54     0.00    0.52   1.57   0.70
2025-04-23T15:18:01.583210+08:00 Dky_app_00 linx[32875]: sdq               0.00     0.00    7.47   35.36   475.33  2282.03    64.39     0.01    0.92   0.02   0.07
2025-04-23T15:18:01.583272+08:00 Dky_app_00 linx[32875]: sdr               0.00     0.00    5.52    5.92   350.21   389.42    64.69     0.02    1.78   1.57   1.80
2025-04-23T15:18:01.583316+08:00 Dky_app_00 linx[32875]: sds               0.00     0.00    9.21   43.02   577.27  1007.98    30.35     0.02    0.36   0.36   1.90
2025-04-23T15:18:01.583374+08:00 Dky_app_00 linx[32875]: sdt               0.00     0.00    0.00    0.00     0.00     0.00    28.50     0.00    0.16   0.16   0.00
2025-04-23T15:18:01.583438+08:00 Dky_app_00 linx[32875]: sdu               0.00     0.00    0.20    0.00     1.56     0.00     8.00     0.00    0.09   0.09   0.00
2025-04-23T15:18:01.583487+08:00 Dky_app_00 linx[32875]: sdv               0.00     0.00    0.10    4.38     2.46  2844.61   636.01     0.00    0.52   1.57   0.70
2025-04-23T15:18:01.583551+08:00 Dky_app_00 linx[32875]: sdw               0.00     0.00    9.09   71.72   595.92  4603.68    64.34     0.01    0.18   0.29   2.34
2025-04-23T15:18:01.583587+08:00 Dky_app_00 linx[32875]: sdx               0.00     0.00    7.48   35.35   475.68  2281.67    64.39     0.00    0.83   0.71   3.02
2025-04-23T15:18:01.583640+08:00 Dky_app_00 linx[32875]: sdy               0.00     0.00    5.51    5.92   350.00   389.63    64.69     0.02    1.92   1.67   1.91
2025-04-23T15:18:01.583697+08:00 Dky_app_00 linx[32875]: sdz               0.00     0.00    9.36   42.87   587.87   996.03    30.33     0.02    0.29   0.29   1.50
2025-04-23T15:18:01.583782+08:00 Dky_app_00 linx[32875]: sdab              0.00     0.00    0.20    0.00     1.56     0.00     8.00     0.00    0.09   0.09   0.00
2025-04-23T15:18:01.583850+08:00 Dky_app_00 linx[32875]: sdaa              0.00     0.00    0.00    0.00     0.00     0.00    28.50     0.00    0.22   0.22   0.00
2025-04-23T15:18:01.583930+08:00 Dky_app_00 linx[32875]: sdac              0.00     0.00    0.10    4.38     2.46  2852.44   637.77     0.00    0.84   1.66   0.74
2025-04-23T15:18:01.583998+08:00 Dky_app_00 linx[32875]: sdad              0.00     0.00    9.08   71.73   595.15  4604.43    64.34     0.01    0.08   0.23   1.89
2025-04-23T15:18:01.584061+08:00 Dky_app_00 linx[32875]: sdaf              0.00     0.00    5.51    5.92   349.86   389.78    64.69     0.02    1.79   1.58   1.80
2025-04-23T15:18:01.584129+08:00 Dky_app_00 linx[32875]: sdag              0.00     0.00    9.34   42.89   587.82   983.15    30.08     0.02    0.36   0.36   1.89
2025-04-23T15:18:01.584200+08:00 Dky_app_00 linx[32875]: sdah              0.00     0.00    0.00    0.00     0.00     0.00    28.59     0.00    0.12   0.12   0.00
2025-04-23T15:18:01.584268+08:00 Dky_app_00 linx[32875]: sdae              0.00     0.00    7.48   35.34   476.16  2281.20    64.39     0.01    0.92   0.01   0.06
2025-04-23T15:18:01.584356+08:00 Dky_app_00 linx[32875]: sdai              0.00     0.00    0.20    0.00     1.56     0.00     8.00     0.00    0.08   0.08   0.00
2025-04-23T15:18:01.584416+08:00 Dky_app_00 linx[32875]: sdaj              0.00     0.00    0.10    4.38     2.46  2868.47   641.34     0.00    0.51   1.57   0.70
2025-04-23T15:18:01.584480+08:00 Dky_app_00 linx[32875]: sdak              0.00     0.00    9.10   71.71   596.68  4602.90    64.34     0.01    0.08   0.23   1.88
2025-04-23T15:18:01.584550+08:00 Dky_app_00 linx[32875]: sdal              0.00     0.00    7.47   35.35   475.40  2281.97    64.39     0.01    0.92   0.02   0.06
2025-04-23T15:18:01.584599+08:00 Dky_app_00 linx[32875]: sdam              0.00     0.00    5.51    5.92   350.14   389.49    64.69     0.02    1.78   1.57   1.79
2025-04-23T15:18:01.584679+08:00 Dky_app_00 linx[32875]: sdan              0.00     0.00    9.17   43.06   574.91  1006.78    30.28     0.02    0.36   0.36   1.86
2025-04-23T15:18:01.584739+08:00 Dky_app_00 linx[32875]: sdao              0.00     0.00    0.00    0.00     0.00     0.00    28.59     0.00    0.13   0.13   0.00
2025-04-23T15:18:01.584799+08:00 Dky_app_00 linx[32875]: sdap              0.00     0.00    0.20    0.00     1.56     0.00     8.00     0.00    0.08   0.08   0.00
2025-04-23T15:18:01.584863+08:00 Dky_app_00 linx[32875]: sdaq              0.00     0.00    0.10    4.38     2.46  2847.06   636.56     0.00    0.51   1.57   0.70
2025-04-23T15:18:01.584918+08:00 Dky_app_00 linx[32875]: sdar              0.00     0.00    9.11   71.70   597.33  4602.26    64.34     0.02    0.19   0.30   2.39
2025-04-23T15:18:01.584999+08:00 Dky_app_00 linx[32875]: sdas              0.00     0.00    7.47   35.36   475.27  2282.09    64.39     0.00    0.85   0.72   3.07
2025-04-23T15:18:01.585041+08:00 Dky_app_00 linx[32875]: sdat              0.00     0.00    5.52    5.92   350.26   389.38    64.69     0.02    1.96   1.70   1.94
2025-04-23T15:18:01.585088+08:00 Dky_app_00 linx[32875]: sdau              0.00     0.00    9.22   43.01   577.54  1008.69    30.37     0.02    0.31   0.30   1.59
2025-04-23T15:18:01.585161+08:00 Dky_app_00 linx[32875]: sdav              0.00    11.20    0.30    0.11    75.39    90.50   406.11     0.01   12.52   0.70   0.03
2025-04-23T15:18:01.585217+08:00 Dky_app_00 linx[32875]: sdaw              0.00     0.00    0.20    0.00     1.56     0.00     8.00     0.00    0.08   0.08   0.00
2025-04-23T15:18:01.585295+08:00 Dky_app_00 linx[32875]: sday              0.00     0.00    9.08   71.73   595.64  4603.94    64.34     0.01    0.17   0.29   2.31
2025-04-23T15:18:01.585364+08:00 Dky_app_00 linx[32875]: sdaz              0.00     0.00    7.48   35.35   475.91  2281.45    64.39     0.00    0.83   0.70   2.99
2025-04-23T15:18:01.585423+08:00 Dky_app_00 linx[32875]: sdba              0.00     0.00    5.51    5.92   349.90   389.73    64.69     0.02    1.90   1.65   1.89
2025-04-23T15:18:01.585496+08:00 Dky_app_00 linx[32875]: sdbb              0.00     0.00    9.34   42.89   586.93   987.34    30.14     0.01    0.28   0.28   1.45
2025-04-23T15:18:01.585550+08:00 Dky_app_00 linx[32875]: sdbc              0.00     0.00    0.00    0.00     0.00     0.00    28.55     0.00    0.21   0.21   0.00
2025-04-23T15:18:01.585622+08:00 Dky_app_00 linx[32875]: sdbd              0.00     0.00    0.20    0.00     1.56     0.00     8.00     0.00    0.07   0.07   0.00
2025-04-23T15:18:01.585657+08:00 Dky_app_00 linx[32875]: sdbe              0.00     0.00    0.10    4.38     2.46  2843.97   635.88     0.00    0.82   1.65   0.74
2025-04-23T15:18:01.585727+08:00 Dky_app_00 linx[32875]: sdax              0.00     0.00    0.10    4.38     2.46  2871.74   642.09     0.00    0.85   1.66   0.74
2025-04-23T15:18:01.585790+08:00 Dky_app_00 linx[32875]: dm-0              0.00     0.70   72.34  573.74  4766.22 36827.27    64.38     0.03    0.04   0.04   2.82
2025-04-23T15:18:01.585868+08:00 Dky_app_00 linx[32875]: dm-1              0.00     0.34   59.40  282.80  3802.28 18253.43    64.45     0.01    0.04   0.05   1.69
2025-04-23T15:18:01.585938+08:00 Dky_app_00 linx[32875]: dm-2              0.01     0.04   43.70   47.37  2797.09  3116.79    64.94     0.01    0.46   0.18   1.60
2025-04-23T15:18:01.585990+08:00 Dky_app_00 linx[32875]: dm-3              0.00     0.00   73.67  343.77  4645.43  7974.91    30.23     0.01    0.10   0.01   0.60
2025-04-23T15:18:01.586060+08:00 Dky_app_00 linx[32875]: dm-4              0.00     0.00    0.00    0.00     0.00     0.00    15.59     0.00   17.28  17.28   0.00
2025-04-23T15:18:01.586105+08:00 Dky_app_00 linx[32875]: dm-5              0.00  2821.72    0.37   35.04    16.46 22854.14   645.84     0.01    0.38   0.29   1.02
2025-04-23T15:18:01.586175+08:00 Dky_app_00 linx[32875]: dm-6              0.00     0.00   25.49    3.00   333.40     3.00    11.81     0.01    0.36   0.36   1.02
2025-04-23T15:18:01.586236+08:00 Dky_app_00 linx[32875]: dm-7              0.00     0.00   45.80    0.00  4287.06     0.03    93.60     0.02    0.41   0.41   1.89
2025-04-23T15:18:01.586304+08:00 Dky_app_00 linx[32875]: dm-8              0.00     0.00    2.38  340.77    24.97  7971.89    23.30     0.01    0.03   0.03   1.04
2025-04-23T15:18:01.586370+08:00 Dky_app_00 linx[32875]: dm-9              0.00     0.00    0.37 2856.77    16.45 22854.14     8.00     0.02    0.00   0.00   1.03
2025-04-23T15:18:01.586431+08:00 Dky_app_00 linx[32875]:
2025-04-23T15:18:01.587766+08:00 Dky_app_00 linx[32880]: netstat -an |grep -i 'established'|wc -l
2025-04-23T15:18:01.626082+08:00 Dky_app_00 linx[32884]: 1102
2025-04-23T15:18:01.627308+08:00 Dky_app_00 linx[32886]: date
2025-04-23T15:18:01.628529+08:00 Dky_app_00 linx[32888]: Wed Apr 23 15:18:01 CST 2025
2025-04-23T15:18:01.629925+08:00 Dky_app_00 linx[32894]: cat   /proc/buddyinfo
2025-04-23T15:18:01.631387+08:00 Dky_app_00 linx[32896]: Node 0, zone      DMA      1      1      1      1      2      1      0      0      1      1      3
2025-04-23T15:18:01.631430+08:00 Dky_app_00 linx[32896]: Node 0, zone    DMA32     80     36     45     33     25     34     10     11      9     54     29
2025-04-23T15:18:01.631486+08:00 Dky_app_00 linx[32896]: Node 0, zone   Normal   6518   2403   1087    305   1397    260  20928  12620   4973    492    170
2025-04-23T15:18:01.631520+08:00 Dky_app_00 linx[32896]: Node 1, zone   Normal   8355   2146    599    264   1486  24338  21276  10932   3747    242    400
2025-04-23T15:18:01.631566+08:00 Dky_app_00 linx[32896]: Node 2, zone   Normal  10771   2417    797    309    159    572   6374   6427   2193    599    678
2025-04-23T15:18:01.631628+08:00 Dky_app_00 linx[32896]: Node 3, zone   Normal   7914   5134   5489    953  12116  60791  32865  12334   3069      5      0
2025-04-23T15:18:01.631691+08:00 Dky_app_00 linx[32896]: Node 4, zone   Normal  15244  15747  44342  75532  96173  64353  33133  10318   1571      5      0
2025-04-23T15:18:01.631757+08:00 Dky_app_00 linx[32896]: Node 5, zone   Normal    157    756    303    107   1531   6397  19972   9994   3675    409    426
2025-04-23T15:18:01.631833+08:00 Dky_app_00 linx[32896]: Node 6, zone   Normal  26887  20202  18062  17061  16483   2688   8389   4590   1379      5      0
2025-04-23T15:18:01.631904+08:00 Dky_app_00 linx[32896]: Node 7, zone   Normal     23   1220  30899  39098  42024  31373  19806  10575   3791    524    292
2025-04-23T15:18:01.633219+08:00 Dky_app_00 linx[32898]: top-detail:
2025-04-23T15:20:01.451432+08:00 Dky_app_00 /usr/sbin/cron[35774]: (root) CMD (sh /usr/bin/msmp >> /var/log/msmp.log )
2025-04-23T15:20:01.451465+08:00 Dky_app_00 /usr/sbin/cron[35775]: (sysadmin) CMD (/usr/sbin/get_max_mem_process.sh)
2025-04-23T15:20:01.451606+08:00 Dky_app_00 /usr/sbin/cron[35776]: (root) CMD (/usr/local/rising/linuxRav/bin/ravdaemon > /dev/null 2>&1)
2025-04-23T15:20:01.451744+08:00 Dky_app_00 /usr/sbin/cron[35777]: (dmdba) CMD (sh net_colsewait_mon.sh)
2025-04-23T15:20:01.451843+08:00 Dky_app_00 /usr/sbin/cron[35778]: (dmdba) CMD (sh /home/dmdba/dm/db_sessmon.sh)
2025-04-23T15:20:01.455665+08:00 Dky_app_00 linx[35789]: uptime
2025-04-23T15:20:01.484400+08:00 Dky_app_00 linx[35794]:  15:20:01 up 1551 days,  3:02,  7 users,  load average: 68.44, 68.08, 62.61
2025-04-23T15:20:01.485850+08:00 Dky_app_00 linx[35803]: free -m
2025-04-23T15:20:01.489228+08:00 Dky_app_00 linx[35805]:              total       used       free     shared    buffers     cached
2025-04-23T15:20:01.489270+08:00 Dky_app_00 linx[35805]: Mem:        516904     359934     156969          0        101      68971
2025-04-23T15:20:01.489332+08:00 Dky_app_00 linx[35805]: -/+ buffers/cache:     290862     226042
2025-04-23T15:20:01.489390+08:00 Dky_app_00 linx[35805]: Swap:        61034          0      61034
2025-04-23T15:20:01.490694+08:00 Dky_app_00 linx[35807]: df -h
2025-04-23T15:20:01.492250+08:00 Dky_app_00 linx[35809]: Filesystem            Size  Used Avail Use% Mounted on
2025-04-23T15:20:01.492295+08:00 Dky_app_00 linx[35809]: /dev/sda2             185G   75G  101G  43% /
2025-04-23T15:20:01.492369+08:00 Dky_app_00 linx[35809]: /dev/sda3             585G  197G  359G  36% /home
2025-04-23T15:20:01.492422+08:00 Dky_app_00 linx[35809]: /dev/sdav             3.0T  1.3T  1.6T  45% /dbbak
2025-04-23T15:20:01.492486+08:00 Dky_app_00 linx[35809]: /dev/mapper/dmarch_22-arch
2025-04-23T15:20:01.492546+08:00 Dky_app_00 linx[35809]:                       886G  680G  162G  81% /dbarch
2025-04-23T15:20:01.492610+08:00 Dky_app_00 linx[35809]: tmpfs                  20M   48K   20M   1% /tmp/smp
2025-04-23T15:20:01.492675+08:00 Dky_app_00 linx[35809]: 192.168.9.23:/dbarch/arch_rac1
2025-04-23T15:20:01.492735+08:00 Dky_app_00 linx[35809]:                       788G  681G   68G  91% /dbarch/arch_dsc1_kafka
2025-04-23T15:20:01.493980+08:00 Dky_app_00 linx[35811]: df -ih
2025-04-23T15:20:01.495470+08:00 Dky_app_00 linx[35813]: Filesystem            Inodes   IUsed   IFree IUse% Mounted on
2025-04-23T15:20:01.495524+08:00 Dky_app_00 linx[35813]: /dev/sda2                12M    2.1M    9.7M   18% /
2025-04-23T15:20:01.495564+08:00 Dky_app_00 linx[35813]: /dev/sda3                37M     28K     37M    1% /home
2025-04-23T15:20:01.495624+08:00 Dky_app_00 linx[35813]: /dev/sdav               192M     11K    192M    1% /dbbak
2025-04-23T15:20:01.495688+08:00 Dky_app_00 linx[35813]: /dev/mapper/dmarch_22-arch
2025-04-23T15:20:01.495754+08:00 Dky_app_00 linx[35813]:                          57M     463     57M    1% /dbarch
2025-04-23T15:20:01.495821+08:00 Dky_app_00 linx[35813]: tmpfs                    64M      13     64M    1% /tmp/smp
2025-04-23T15:20:01.495876+08:00 Dky_app_00 linx[35813]: 192.168.9.23:/dbarch/arch_rac1
2025-04-23T15:20:01.495930+08:00 Dky_app_00 linx[35813]:                          50M     353     50M    1% /dbarch/arch_dsc1_kafka
2025-04-23T15:20:01.497269+08:00 Dky_app_00 linx[35815]: iostat -x
2025-04-23T15:20:01.506336+08:00 Dky_app_00 linx[35817]: Linux 2.6.32-Rocky4.2-x86_64 (Dky_app_00) #01104/23/25 #011_x86_64_
2025-04-23T15:20:01.506386+08:00 Dky_app_00 linx[35817]:
2025-04-23T15:20:01.510167+08:00 Dky_app_00 linx[35817]: avg-cpu:  %user   %nice %system %iowait  %steal   %idle
2025-04-23T15:20:01.510234+08:00 Dky_app_00 linx[35817]:            3.47    0.00    1.30    0.67    0.00   94.61
2025-04-23T15:20:01.510295+08:00 Dky_app_00 linx[35817]:
2025-04-23T15:20:01.510350+08:00 Dky_app_00 linx[35817]: Device:         rrqm/s   wrqm/s     r/s     w/s   rsec/s   wsec/s avgrq-sz avgqu-sz   await  svctm  %util
2025-04-23T15:20:01.510421+08:00 Dky_app_00 linx[35817]: sda               0.02   223.59    0.15   13.30    17.72  1895.13   142.21     0.01    0.68   0.13   0.18
2025-04-23T15:20:01.510524+08:00 Dky_app_00 linx[35817]: sda1              0.00     0.00    0.00    0.00     0.00     0.00    40.85     0.00    2.01   2.01   0.00
2025-04-23T15:20:01.510585+08:00 Dky_app_00 linx[35817]: sda2              0.02    18.33    0.06    1.67     8.47   159.99    97.22     0.00    0.54   0.35   0.06
2025-04-23T15:20:01.510637+08:00 Dky_app_00 linx[35817]: sda3              0.00   205.26    0.08   11.63     9.25  1735.15   148.86     0.01    0.70   0.11   0.13
2025-04-23T15:20:01.510684+08:00 Dky_app_00 linx[35817]: sdb               0.00     0.00    9.08   71.73   595.36  4604.22    64.34     0.01    0.18   0.29   2.33
2025-04-23T15:20:01.510752+08:00 Dky_app_00 linx[35817]: sdc               0.00     0.00    7.48   35.34   476.06  2281.29    64.39     0.00    0.83   0.70   3.00
2025-04-23T15:20:01.510817+08:00 Dky_app_00 linx[35817]: sdd               0.00     0.00    5.51    5.92   349.88   389.76    64.69     0.02    1.89   1.65   1.89
2025-04-23T15:20:01.510881+08:00 Dky_app_00 linx[35817]: sde               0.00     0.00    9.33   42.90   586.70   984.39    30.08     0.02    0.29   0.29   1.50
2025-04-23T15:20:01.510957+08:00 Dky_app_00 linx[35817]: sdf               0.00     0.00    0.00    0.00     0.00     0.00    28.82     0.00    8.78   8.78   0.00
2025-04-23T15:20:01.511014+08:00 Dky_app_00 linx[35817]: sdg               0.00     0.00    0.20    0.00     1.56     0.00     8.00     0.00    0.10   0.10   0.00
2025-04-23T15:20:01.511081+08:00 Dky_app_00 linx[35817]: sdh               0.00     0.00    0.10    4.38     2.46  2869.94   641.69     0.00    0.85   1.66   0.74
2025-04-23T15:20:01.511157+08:00 Dky_app_00 linx[35817]: sdi               0.00     0.00    9.09   71.71   596.33  4603.25    64.34     0.01    0.08   0.24   1.91
2025-04-23T15:20:01.511192+08:00 Dky_app_00 linx[35817]: sdj               0.00     0.00    7.47   35.35   475.65  2281.72    64.39     0.01    0.93   0.02   0.08
2025-04-23T15:20:01.511257+08:00 Dky_app_00 linx[35817]: sdk               0.00     0.00    5.51    5.92   350.04   389.60    64.69     0.02    1.78   1.58   1.80
2025-04-23T15:20:01.511323+08:00 Dky_app_00 linx[35817]: sdl               0.00     0.00    9.10   43.13   569.60  1000.54    30.06     0.02    0.37   0.37   1.93
2025-04-23T15:20:01.511386+08:00 Dky_app_00 linx[35817]: sdm               0.00     0.00    0.00    0.00     0.00     0.00    28.53     0.00    0.20   0.20   0.00
2025-04-23T15:20:01.511463+08:00 Dky_app_00 linx[35817]: sdn               0.00     0.00    0.20    0.00     1.56     0.00     8.00     0.00    0.10   0.10   0.00
2025-04-23T15:20:01.511526+08:00 Dky_app_00 linx[35817]: sdo               0.00     0.00    0.10    4.38     2.46  2855.90   638.54     0.00    0.52   1.57   0.70
2025-04-23T15:20:01.511592+08:00 Dky_app_00 linx[35817]: sdq               0.00     0.00    7.47   35.36   475.33  2282.03    64.39     0.01    0.92   0.02   0.07
2025-04-23T15:20:01.511659+08:00 Dky_app_00 linx[35817]: sdr               0.00     0.00    5.52    5.92   350.21   389.42    64.69     0.02    1.78   1.57   1.80
2025-04-23T15:20:01.511717+08:00 Dky_app_00 linx[35817]: sds               0.00     0.00    9.21   43.02   577.26  1007.98    30.35     0.02    0.36   0.36   1.90
2025-04-23T15:20:01.511784+08:00 Dky_app_00 linx[35817]: sdt               0.00     0.00    0.00    0.00     0.00     0.00    28.50     0.00    0.16   0.16   0.00
2025-04-23T15:20:01.511857+08:00 Dky_app_00 linx[35817]: sdu               0.00     0.00    0.20    0.00     1.56     0.00     8.00     0.00    0.09   0.09   0.00
2025-04-23T15:20:01.511916+08:00 Dky_app_00 linx[35817]: sdv               0.00     0.00    0.10    4.38     2.46  2844.61   636.01     0.00    0.52   1.57   0.70
2025-04-23T15:20:01.511991+08:00 Dky_app_00 linx[35817]: sdw               0.00     0.00    9.09   71.72   595.92  4603.67    64.34     0.01    0.18   0.29   2.34
2025-04-23T15:20:01.512068+08:00 Dky_app_00 linx[35817]: sdx               0.00     0.00    7.48   35.35   475.68  2281.67    64.39     0.00    0.83   0.71   3.02
2025-04-23T15:20:01.512135+08:00 Dky_app_00 linx[35817]: sdy               0.00     0.00    5.51    5.92   350.00   389.63    64.69     0.02    1.92   1.67   1.91
2025-04-23T15:20:01.512199+08:00 Dky_app_00 linx[35817]: sdz               0.00     0.00    9.36   42.87   587.87   996.03    30.33     0.02    0.29   0.29   1.50
2025-04-23T15:20:01.512244+08:00 Dky_app_00 linx[35817]: sdab              0.00     0.00    0.20    0.00     1.56     0.00     8.00     0.00    0.09   0.09   0.00
2025-04-23T15:20:01.512307+08:00 Dky_app_00 linx[35817]: sdaa              0.00     0.00    0.00    0.00     0.00     0.00    28.50     0.00    0.22   0.22   0.00
2025-04-23T15:20:01.512359+08:00 Dky_app_00 linx[35817]: sdac              0.00     0.00    0.10    4.38     2.46  2852.44   637.77     0.00    0.84   1.66   0.74
2025-04-23T15:20:01.512429+08:00 Dky_app_00 linx[35817]: sdad              0.00     0.00    9.08   71.73   595.15  4604.42    64.34     0.01    0.08   0.23   1.89
2025-04-23T15:20:01.512495+08:00 Dky_app_00 linx[35817]: sdaf              0.00     0.00    5.51    5.92   349.85   389.78    64.69     0.02    1.79   1.58   1.80
2025-04-23T15:20:01.512559+08:00 Dky_app_00 linx[35817]: sdag              0.00     0.00    9.34   42.89   587.82   983.15    30.08     0.02    0.36   0.36   1.89
2025-04-23T15:20:01.512627+08:00 Dky_app_00 linx[35817]: sdah              0.00     0.00    0.00    0.00     0.00     0.00    28.59     0.00    0.12   0.12   0.00
2025-04-23T15:20:01.512692+08:00 Dky_app_00 linx[35817]: sdae              0.00     0.00    7.48   35.34   476.16  2281.20    64.39     0.01    0.92   0.01   0.06
2025-04-23T15:20:01.512722+08:00 Dky_app_00 linx[35817]: sdai              0.00     0.00    0.20    0.00     1.56     0.00     8.00     0.00    0.08   0.08   0.00
2025-04-23T15:20:01.512786+08:00 Dky_app_00 linx[35817]: sdaj              0.00     0.00    0.10    4.38     2.46  2868.46   641.34     0.00    0.51   1.57   0.70
2025-04-23T15:20:01.512863+08:00 Dky_app_00 linx[35817]: sdak              0.00     0.00    9.10   71.71   596.68  4602.89    64.34     0.01    0.08   0.23   1.88
2025-04-23T15:20:01.512909+08:00 Dky_app_00 linx[35817]: sdal              0.00     0.00    7.47   35.35   475.40  2281.96    64.39     0.01    0.92   0.02   0.06
2025-04-23T15:20:01.512969+08:00 Dky_app_00 linx[35817]: sdam              0.00     0.00    5.51    5.92   350.14   389.49    64.69     0.02    1.78   1.57   1.79
2025-04-23T15:20:01.513047+08:00 Dky_app_00 linx[35817]: sdan              0.00     0.00    9.17   43.06   574.91  1006.78    30.28     0.02    0.36   0.36   1.86
2025-04-23T15:20:01.513099+08:00 Dky_app_00 linx[35817]: sdao              0.00     0.00    0.00    0.00     0.00     0.00    28.59     0.00    0.13   0.13   0.00
2025-04-23T15:20:01.513155+08:00 Dky_app_00 linx[35817]: sdap              0.00     0.00    0.20    0.00     1.56     0.00     8.00     0.00    0.08   0.08   0.00
2025-04-23T15:20:01.513211+08:00 Dky_app_00 linx[35817]: sdaq              0.00     0.00    0.10    4.38     2.46  2847.06   636.56     0.00    0.51   1.57   0.70
2025-04-23T15:20:01.513276+08:00 Dky_app_00 linx[35817]: sdar              0.00     0.00    9.11   71.70   597.33  4602.25    64.34     0.02    0.19   0.30   2.39
2025-04-23T15:20:01.513347+08:00 Dky_app_00 linx[35817]: sdas              0.00     0.00    7.47   35.36   475.27  2282.09    64.39     0.00    0.85   0.72   3.07
2025-04-23T15:20:01.513396+08:00 Dky_app_00 linx[35817]: sdat              0.00     0.00    5.52    5.92   350.26   389.38    64.69     0.02    1.96   1.70   1.94
2025-04-23T15:20:01.513450+08:00 Dky_app_00 linx[35817]: sdau              0.00     0.00    9.22   43.01   577.54  1008.69    30.37     0.02    0.31   0.30   1.59
2025-04-23T15:20:01.513517+08:00 Dky_app_00 linx[35817]: sdav              0.00    11.20    0.30    0.11    75.39    90.50   406.11     0.01   12.52   0.70   0.03
2025-04-23T15:20:01.513556+08:00 Dky_app_00 linx[35817]: sdaw              0.00     0.00    0.20    0.00     1.56     0.00     8.00     0.00    0.08   0.08   0.00
2025-04-23T15:20:01.513626+08:00 Dky_app_00 linx[35817]: sday              0.00     0.00    9.08   71.73   595.64  4603.93    64.34     0.01    0.17   0.29   2.31
2025-04-23T15:20:01.513691+08:00 Dky_app_00 linx[35817]: sdaz              0.00     0.00    7.48   35.35   475.91  2281.45    64.39     0.00    0.83   0.70   2.99
2025-04-23T15:20:01.513748+08:00 Dky_app_00 linx[35817]: sdba              0.00     0.00    5.51    5.92   349.90   389.73    64.69     0.02    1.90   1.65   1.89
2025-04-23T15:20:01.513797+08:00 Dky_app_00 linx[35817]: sdbb              0.00     0.00    9.34   42.89   586.93   987.34    30.14     0.01    0.28   0.28   1.45
2025-04-23T15:20:01.513863+08:00 Dky_app_00 linx[35817]: sdbc              0.00     0.00    0.00    0.00     0.00     0.00    28.55     0.00    0.21   0.21   0.00
2025-04-23T15:20:01.513928+08:00 Dky_app_00 linx[35817]: sdbd              0.00     0.00    0.20    0.00     1.56     0.00     8.00     0.00    0.07   0.07   0.00
2025-04-23T15:20:01.513971+08:00 Dky_app_00 linx[35817]: sdbe              0.00     0.00    0.10    4.38     2.46  2843.97   635.88     0.00    0.82   1.65   0.74
2025-04-23T15:20:01.514024+08:00 Dky_app_00 linx[35817]: sdax              0.00     0.00    0.10    4.38     2.46  2871.73   642.09     0.00    0.85   1.66   0.74
2025-04-23T15:20:01.514077+08:00 Dky_app_00 linx[35817]: dm-0              0.00     0.70   72.34  573.74  4766.21 36827.24    64.38     0.03    0.04   0.04   2.82
2025-04-23T15:20:01.514157+08:00 Dky_app_00 linx[35817]: dm-1              0.00     0.34   59.40  282.80  3802.27 18253.41    64.45     0.01    0.04   0.05   1.69
2025-04-23T15:20:01.514222+08:00 Dky_app_00 linx[35817]: dm-2              0.01     0.04   43.70   47.37  2797.08  3116.79    64.94     0.01    0.46   0.18   1.60
2025-04-23T15:20:01.514289+08:00 Dky_app_00 linx[35817]: dm-3              0.00     0.00   73.67  343.77  4645.43  7974.91    30.23     0.01    0.10   0.01   0.60
2025-04-23T15:20:01.514353+08:00 Dky_app_00 linx[35817]: dm-4              0.00     0.00    0.00    0.00     0.00     0.00    15.59     0.00   17.28  17.28   0.00
2025-04-23T15:20:01.514425+08:00 Dky_app_00 linx[35817]: dm-5              0.00  2821.72    0.37   35.04    16.46 22854.12   645.84     0.01    0.38   0.29   1.02
2025-04-23T15:20:01.514491+08:00 Dky_app_00 linx[35817]: dm-6              0.00     0.00   25.49    3.00   333.40     3.00    11.81     0.01    0.36   0.36   1.02
2025-04-23T15:20:01.514533+08:00 Dky_app_00 linx[35817]: dm-7              0.00     0.00   45.80    0.00  4287.06     0.03    93.60     0.02    0.41   0.41   1.89
2025-04-23T15:20:01.514593+08:00 Dky_app_00 linx[35817]: dm-8              0.00     0.00    2.38  340.77    24.97  7971.88    23.30     0.01    0.03   0.03   1.04
2025-04-23T15:20:01.514646+08:00 Dky_app_00 linx[35817]: dm-9              0.00     0.00    0.37 2856.77    16.45 22854.12     8.00     0.02    0.00   0.00   1.03
2025-04-23T15:20:01.514712+08:00 Dky_app_00 linx[35817]:
2025-04-23T15:20:01.516082+08:00 Dky_app_00 linx[35819]: netstat -an |grep -i 'established'|wc -l
2025-04-23T15:20:01.552551+08:00 Dky_app_00 linx[35823]: 1076
2025-04-23T15:20:01.553822+08:00 Dky_app_00 linx[35825]: date
2025-04-23T15:20:01.554958+08:00 Dky_app_00 linx[35827]: Wed Apr 23 15:20:01 CST 2025
2025-04-23T15:20:01.555996+08:00 Dky_app_00 linx[35829]: cat   /proc/buddyinfo
2025-04-23T15:20:01.557162+08:00 Dky_app_00 linx[35831]: Node 0, zone      DMA      1      1      1      1      2      1      0      0      1      1      3
2025-04-23T15:20:01.557193+08:00 Dky_app_00 linx[35831]: Node 0, zone    DMA32     80     36     45     33     25     34     10     11      9     54     29
2025-04-23T15:20:01.557202+08:00 Dky_app_00 linx[35831]: Node 0, zone   Normal   6522   2403   1103    311   1397    261  20928  12620   4973    492    170
2025-04-23T15:20:01.557228+08:00 Dky_app_00 linx[35831]: Node 1, zone   Normal   3429   2175    617    264   1486  24338  21276  10932   3747    242    400
2025-04-23T15:20:01.557264+08:00 Dky_app_00 linx[35831]: Node 2, zone   Normal   9695   2420    797    311    159    572   6374   6427   2193    599    678
2025-04-23T15:20:01.557295+08:00 Dky_app_00 linx[35831]: Node 3, zone   Normal   7314   5140   5485    953  12116  60791  32865  12334   3069      5      0
2025-04-23T15:20:01.557325+08:00 Dky_app_00 linx[35831]: Node 4, zone   Normal  15643  15832  44347  75533  96173  64353  33133  10318   1571      5      0
2025-04-23T15:20:01.557354+08:00 Dky_app_00 linx[35831]: Node 5, zone   Normal    186   1010    441    120   1350   6397  19972   9994   3675    409    426
2025-04-23T15:20:01.557388+08:00 Dky_app_00 linx[35831]: Node 6, zone   Normal  21269  20077  18059  17061  16483   2688   8389   4590   1379      4      0
2025-04-23T15:20:01.557416+08:00 Dky_app_00 linx[35831]: Node 7, zone   Normal    255   1485  30787  39099  42022  31373  19806  10575   3791    199    292
2025-04-23T15:20:01.558548+08:00 Dky_app_00 linx[35833]: top-detail:
2025-04-23T15:22:01.419055+08:00 Dky_app_00 /usr/sbin/cron[38781]: (root) CMD (sh /usr/bin/msmp >> /var/log/msmp.log )
2025-04-23T15:22:01.419082+08:00 Dky_app_00 /usr/sbin/cron[38782]: (sysadmin) CMD (/usr/sbin/get_max_mem_process.sh)
2025-04-23T15:22:01.419206+08:00 Dky_app_00 /usr/sbin/cron[38783]: (dmdba) CMD (sh net_colsewait_mon.sh)
2025-04-23T15:22:01.419364+08:00 Dky_app_00 /usr/sbin/cron[38784]: (dmdba) CMD (sh /home/dmdba/dm/db_sessmon.sh)
2025-04-23T15:22:01.422158+08:00 Dky_app_00 linx[38787]: uptime
2025-04-23T15:22:01.437432+08:00 Dky_app_00 linx[38796]:  15:22:01 up 1551 days,  3:04,  8 users,  load average: 69.83, 68.65, 63.48
2025-04-23T15:22:01.438447+08:00 Dky_app_00 linx[38805]: free -m
2025-04-23T15:22:01.441804+08:00 Dky_app_00 linx[38807]:              total       used       free     shared    buffers     cached
2025-04-23T15:22:01.441819+08:00 Dky_app_00 linx[38807]: Mem:        516904     361331     155573          0        102      69003
2025-04-23T15:22:01.441827+08:00 Dky_app_00 linx[38807]: -/+ buffers/cache:     292224     224680
2025-04-23T15:22:01.441841+08:00 Dky_app_00 linx[38807]: Swap:        61034          0      61034
2025-04-23T15:22:01.442959+08:00 Dky_app_00 linx[38809]: df -h
2025-04-23T15:22:01.444334+08:00 Dky_app_00 linx[38811]: Filesystem            Size  Used Avail Use% Mounted on
2025-04-23T15:22:01.444356+08:00 Dky_app_00 linx[38811]: /dev/sda2             185G   75G  101G  43% /
2025-04-23T15:22:01.444368+08:00 Dky_app_00 linx[38811]: /dev/sda3             585G  197G  359G  36% /home
2025-04-23T15:22:01.444383+08:00 Dky_app_00 linx[38811]: /dev/sdav             3.0T  1.3T  1.6T  45% /dbbak
2025-04-23T15:22:01.444401+08:00 Dky_app_00 linx[38811]: /dev/mapper/dmarch_22-arch
2025-04-23T15:22:01.444429+08:00 Dky_app_00 linx[38811]:                       886G  680G  162G  81% /dbarch
2025-04-23T15:22:01.444445+08:00 Dky_app_00 linx[38811]: tmpfs                  20M   36K   20M   1% /tmp/smp
2025-04-23T15:22:01.444459+08:00 Dky_app_00 linx[38811]: 192.168.9.23:/dbarch/arch_rac1
2025-04-23T15:22:01.444476+08:00 Dky_app_00 linx[38811]:                       788G  681G   68G  91% /dbarch/arch_dsc1_kafka
2025-04-23T15:22:01.445615+08:00 Dky_app_00 linx[38813]: df -ih
2025-04-23T15:22:01.446931+08:00 Dky_app_00 linx[38815]: Filesystem            Inodes   IUsed   IFree IUse% Mounted on
2025-04-23T15:22:01.446945+08:00 Dky_app_00 linx[38815]: /dev/sda2                12M    2.1M    9.7M   18% /
2025-04-23T15:22:01.446965+08:00 Dky_app_00 linx[38815]: /dev/sda3                37M     28K     37M    1% /home
2025-04-23T15:22:01.446981+08:00 Dky_app_00 linx[38815]: /dev/sdav               192M     11K    192M    1% /dbbak
2025-04-23T15:22:01.447016+08:00 Dky_app_00 linx[38815]: /dev/mapper/dmarch_22-arch
2025-04-23T15:22:01.447027+08:00 Dky_app_00 linx[38815]:                          57M     463     57M    1% /dbarch
2025-04-23T15:22:01.447054+08:00 Dky_app_00 linx[38815]: tmpfs                    64M      13     64M    1% /tmp/smp
2025-04-23T15:22:01.447074+08:00 Dky_app_00 linx[38815]: 192.168.9.23:/dbarch/arch_rac1
2025-04-23T15:22:01.447092+08:00 Dky_app_00 linx[38815]:                          50M     353     50M    1% /dbarch/arch_dsc1_kafka
2025-04-23T15:22:01.448188+08:00 Dky_app_00 linx[38817]: iostat -x
2025-04-23T15:22:01.453476+08:00 Dky_app_00 linx[38819]: Linux 2.6.32-Rocky4.2-x86_64 (Dky_app_00) #01104/23/25 #011_x86_64_
2025-04-23T15:22:01.453494+08:00 Dky_app_00 linx[38819]:
2025-04-23T15:22:01.457309+08:00 Dky_app_00 linx[38819]: avg-cpu:  %user   %nice %system %iowait  %steal   %idle
2025-04-23T15:22:01.457315+08:00 Dky_app_00 linx[38819]:            3.47    0.00    1.30    0.67    0.00   94.61
2025-04-23T15:22:01.457333+08:00 Dky_app_00 linx[38819]:
2025-04-23T15:22:01.457350+08:00 Dky_app_00 linx[38819]: Device:         rrqm/s   wrqm/s     r/s     w/s   rsec/s   wsec/s avgrq-sz avgqu-sz   await  svctm  %util
2025-04-23T15:22:01.457359+08:00 Dky_app_00 linx[38819]: sda               0.02   223.59    0.15   13.30    17.72  1895.13   142.21     0.01    0.68   0.13   0.18
2025-04-23T15:22:01.457372+08:00 Dky_app_00 linx[38819]: sda1              0.00     0.00    0.00    0.00     0.00     0.00    40.85     0.00    2.01   2.01   0.00
2025-04-23T15:22:01.457384+08:00 Dky_app_00 linx[38819]: sda2              0.02    18.33    0.06    1.67     8.47   159.99    97.22     0.00    0.54   0.35   0.06
2025-04-23T15:22:01.457397+08:00 Dky_app_00 linx[38819]: sda3              0.00   205.26    0.08   11.63     9.25  1735.15   148.86     0.01    0.70   0.11   0.13
2025-04-23T15:22:01.457408+08:00 Dky_app_00 linx[38819]: sdb               0.00     0.00    9.08   71.73   595.36  4604.22    64.34     0.01    0.18   0.29   2.33
2025-04-23T15:22:01.457425+08:00 Dky_app_00 linx[38819]: sdc               0.00     0.00    7.48   35.34   476.06  2281.29    64.39     0.00    0.83   0.70   3.00
2025-04-23T15:22:01.457439+08:00 Dky_app_00 linx[38819]: sdd               0.00     0.00    5.51    5.92   349.87   389.76    64.69     0.02    1.89   1.65   1.89
2025-04-23T15:22:01.457454+08:00 Dky_app_00 linx[38819]: sde               0.00     0.00    9.33   42.90   586.70   984.39    30.08     0.02    0.29   0.29   1.50
2025-04-23T15:22:01.457460+08:00 Dky_app_00 linx[38819]: sdf               0.00     0.00    0.00    0.00     0.00     0.00    28.82     0.00    8.78   8.78   0.00
2025-04-23T15:22:01.457473+08:00 Dky_app_00 linx[38819]: sdg               0.00     0.00    0.20    0.00     1.56     0.00     8.00     0.00    0.10   0.10   0.00
2025-04-23T15:22:01.457493+08:00 Dky_app_00 linx[38819]: sdh               0.00     0.00    0.10    4.38     2.46  2869.94   641.69     0.00    0.85   1.66   0.74
2025-04-23T15:22:01.457501+08:00 Dky_app_00 linx[38819]: sdi               0.00     0.00    9.09   71.71   596.33  4603.24    64.34     0.01    0.08   0.24   1.91
2025-04-23T15:22:01.457515+08:00 Dky_app_00 linx[38819]: sdj               0.00     0.00    7.47   35.35   475.65  2281.72    64.39     0.01    0.93   0.02   0.08
2025-04-23T15:22:01.457525+08:00 Dky_app_00 linx[38819]: sdk               0.00     0.00    5.51    5.92   350.04   389.60    64.69     0.02    1.78   1.58   1.80
2025-04-23T15:22:01.457542+08:00 Dky_app_00 linx[38819]: sdl               0.00     0.00    9.10   43.13   569.60  1000.54    30.06     0.02    0.37   0.37   1.93
2025-04-23T15:22:01.457552+08:00 Dky_app_00 linx[38819]: sdm               0.00     0.00    0.00    0.00     0.00     0.00    28.53     0.00    0.20   0.20   0.00
2025-04-23T15:22:01.457564+08:00 Dky_app_00 linx[38819]: sdn               0.00     0.00    0.20    0.00     1.56     0.00     8.00     0.00    0.10   0.10   0.00
2025-04-23T15:22:01.457575+08:00 Dky_app_00 linx[38819]: sdo               0.00     0.00    0.10    4.38     2.46  2855.90   638.54     0.00    0.52   1.57   0.70
2025-04-23T15:22:01.457583+08:00 Dky_app_00 linx[38819]: sdq               0.00     0.00    7.47   35.36   475.33  2282.03    64.39     0.01    0.92   0.02   0.07
2025-04-23T15:22:01.457598+08:00 Dky_app_00 linx[38819]: sdr               0.00     0.00    5.52    5.92   350.21   389.42    64.69     0.02    1.78   1.57   1.80
2025-04-23T15:22:01.457610+08:00 Dky_app_00 linx[38819]: sds               0.00     0.00    9.21   43.02   577.26  1007.98    30.35     0.02    0.36   0.36   1.90
2025-04-23T15:22:01.457623+08:00 Dky_app_00 linx[38819]: sdt               0.00     0.00    0.00    0.00     0.00     0.00    28.50     0.00    0.16   0.16   0.00
2025-04-23T15:22:01.457645+08:00 Dky_app_00 linx[38819]: sdu               0.00     0.00    0.20    0.00     1.56     0.00     8.00     0.00    0.09   0.09   0.00
2025-04-23T15:22:01.457654+08:00 Dky_app_00 linx[38819]: sdv               0.00     0.00    0.10    4.38     2.46  2844.60   636.01     0.00    0.52   1.57   0.70
2025-04-23T15:22:01.457667+08:00 Dky_app_00 linx[38819]: sdw               0.00     0.00    9.09   71.72   595.91  4603.67    64.34     0.01    0.18   0.29   2.34
2025-04-23T15:22:01.457674+08:00 Dky_app_00 linx[38819]: sdx               0.00     0.00    7.48   35.35   475.68  2281.67    64.39     0.00    0.83   0.71   3.02
2025-04-23T15:22:01.457694+08:00 Dky_app_00 linx[38819]: sdy               0.00     0.00    5.51    5.92   350.00   389.63    64.69     0.02    1.92   1.67   1.91
2025-04-23T15:22:01.457701+08:00 Dky_app_00 linx[38819]: sdz               0.00     0.00    9.36   42.87   587.87   996.03    30.33     0.02    0.29   0.29   1.50
2025-04-23T15:22:01.457711+08:00 Dky_app_00 linx[38819]: sdab              0.00     0.00    0.20    0.00     1.56     0.00     8.00     0.00    0.09   0.09   0.00
2025-04-23T15:22:01.457719+08:00 Dky_app_00 linx[38819]: sdaa              0.00     0.00    0.00    0.00     0.00     0.00    28.50     0.00    0.22   0.22   0.00
2025-04-23T15:22:01.457729+08:00 Dky_app_00 linx[38819]: sdac              0.00     0.00    0.10    4.38     2.46  2852.44   637.77     0.00    0.84   1.66   0.74
2025-04-23T15:22:01.457746+08:00 Dky_app_00 linx[38819]: sdad              0.00     0.00    9.08   71.73   595.15  4604.42    64.34     0.01    0.08   0.23   1.89
2025-04-23T15:22:01.457755+08:00 Dky_app_00 linx[38819]: sdaf              0.00     0.00    5.51    5.92   349.85   389.78    64.69     0.02    1.79   1.58   1.80
2025-04-23T15:22:01.457766+08:00 Dky_app_00 linx[38819]: sdag              0.00     0.00    9.34   42.89   587.82   983.15    30.08     0.02    0.36   0.36   1.89
2025-04-23T15:22:01.457783+08:00 Dky_app_00 linx[38819]: sdah              0.00     0.00    0.00    0.00     0.00     0.00    28.59     0.00    0.12   0.12   0.00
2025-04-23T15:22:01.457796+08:00 Dky_app_00 linx[38819]: sdae              0.00     0.00    7.48   35.34   476.16  2281.19    64.39     0.01    0.92   0.01   0.06
2025-04-23T15:22:01.457813+08:00 Dky_app_00 linx[38819]: sdai              0.00     0.00    0.20    0.00     1.56     0.00     8.00     0.00    0.08   0.08   0.00
2025-04-23T15:22:01.457819+08:00 Dky_app_00 linx[38819]: sdaj              0.00     0.00    0.10    4.38     2.46  2868.46   641.34     0.00    0.51   1.57   0.70
2025-04-23T15:22:01.457835+08:00 Dky_app_00 linx[38819]: sdak              0.00     0.00    9.10   71.71   596.68  4602.89    64.34     0.01    0.08   0.23   1.88
2025-04-23T15:22:01.457851+08:00 Dky_app_00 linx[38819]: sdal              0.00     0.00    7.47   35.35   475.40  2281.96    64.39     0.01    0.92   0.02   0.06
2025-04-23T15:22:01.457857+08:00 Dky_app_00 linx[38819]: sdam              0.00     0.00    5.51    5.92   350.14   389.49    64.69     0.02    1.78   1.57   1.79
2025-04-23T15:22:01.457869+08:00 Dky_app_00 linx[38819]: sdan              0.00     0.00    9.17   43.06   574.91  1006.78    30.28     0.02    0.36   0.36   1.86
2025-04-23T15:22:01.457880+08:00 Dky_app_00 linx[38819]: sdao              0.00     0.00    0.00    0.00     0.00     0.00    28.59     0.00    0.13   0.13   0.00
2025-04-23T15:22:01.457894+08:00 Dky_app_00 linx[38819]: sdap              0.00     0.00    0.20    0.00     1.56     0.00     8.00     0.00    0.08   0.08   0.00
2025-04-23T15:22:01.457905+08:00 Dky_app_00 linx[38819]: sdaq              0.00     0.00    0.10    4.38     2.46  2847.06   636.56     0.00    0.51   1.57   0.70
2025-04-23T15:22:01.457918+08:00 Dky_app_00 linx[38819]: sdar              0.00     0.00    9.11   71.70   597.33  4602.25    64.34     0.02    0.19   0.30   2.39
2025-04-23T15:22:01.457933+08:00 Dky_app_00 linx[38819]: sdas              0.00     0.00    7.47   35.36   475.27  2282.09    64.39     0.00    0.85   0.72   3.07
2025-04-23T15:22:01.457950+08:00 Dky_app_00 linx[38819]: sdat              0.00     0.00    5.52    5.92   350.26   389.38    64.69     0.02    1.96   1.70   1.94
2025-04-23T15:22:01.457963+08:00 Dky_app_00 linx[38819]: sdau              0.00     0.00    9.22   43.01   577.54  1008.68    30.37     0.02    0.31   0.30   1.59
2025-04-23T15:22:01.457971+08:00 Dky_app_00 linx[38819]: sdav              0.00    11.20    0.30    0.11    75.39    90.50   406.11     0.01   12.52   0.70   0.03
2025-04-23T15:22:01.457980+08:00 Dky_app_00 linx[38819]: sdaw              0.00     0.00    0.20    0.00     1.56     0.00     8.00     0.00    0.08   0.08   0.00
2025-04-23T15:22:01.458003+08:00 Dky_app_00 linx[38819]: sday              0.00     0.00    9.08   71.73   595.64  4603.93    64.34     0.01    0.17   0.29   2.31
2025-04-23T15:22:01.458012+08:00 Dky_app_00 linx[38819]: sdaz              0.00     0.00    7.48   35.35   475.91  2281.44    64.39     0.00    0.83   0.70   2.99
2025-04-23T15:22:01.458027+08:00 Dky_app_00 linx[38819]: sdba              0.00     0.00    5.51    5.92   349.90   389.73    64.69     0.02    1.90   1.65   1.89
2025-04-23T15:22:01.458035+08:00 Dky_app_00 linx[38819]: sdbb              0.00     0.00    9.34   42.89   586.93   987.34    30.14     0.01    0.28   0.28   1.45
2025-04-23T15:22:01.458043+08:00 Dky_app_00 linx[38819]: sdbc              0.00     0.00    0.00    0.00     0.00     0.00    28.55     0.00    0.21   0.21   0.00
2025-04-23T15:22:01.458060+08:00 Dky_app_00 linx[38819]: sdbd              0.00     0.00    0.20    0.00     1.56     0.00     8.00     0.00    0.07   0.07   0.00
2025-04-23T15:22:01.458072+08:00 Dky_app_00 linx[38819]: sdbe              0.00     0.00    0.10    4.38     2.46  2843.97   635.88     0.00    0.82   1.65   0.74
2025-04-23T15:22:01.458089+08:00 Dky_app_00 linx[38819]: sdax              0.00     0.00    0.10    4.38     2.46  2871.73   642.09     0.00    0.85   1.66   0.74
2025-04-23T15:22:01.458098+08:00 Dky_app_00 linx[38819]: dm-0              0.00     0.70   72.34  573.74  4766.21 36827.20    64.38     0.03    0.04   0.04   2.82
2025-04-23T15:22:01.458112+08:00 Dky_app_00 linx[38819]: dm-1              0.00     0.34   59.40  282.80  3802.27 18253.40    64.45     0.01    0.04   0.05   1.69
2025-04-23T15:22:01.458133+08:00 Dky_app_00 linx[38819]: dm-2              0.01     0.04   43.70   47.37  2797.08  3116.78    64.94     0.01    0.46   0.18   1.60
2025-04-23T15:22:01.458141+08:00 Dky_app_00 linx[38819]: dm-3              0.00     0.00   73.67  343.77  4645.43  7974.90    30.23     0.01    0.10   0.01   0.60
2025-04-23T15:22:01.458155+08:00 Dky_app_00 linx[38819]: dm-4              0.00     0.00    0.00    0.00     0.00     0.00    15.59     0.00   17.28  17.28   0.00
2025-04-23T15:22:01.458163+08:00 Dky_app_00 linx[38819]: dm-5              0.00  2821.72    0.37   35.04    16.46 22854.10   645.84     0.01    0.38   0.29   1.02
2025-04-23T15:22:01.458177+08:00 Dky_app_00 linx[38819]: dm-6              0.00     0.00   25.49    3.00   333.40     3.00    11.81     0.01    0.36   0.36   1.02
2025-04-23T15:22:01.458189+08:00 Dky_app_00 linx[38819]: dm-7              0.00     0.00   45.80    0.00  4287.06     0.03    93.60     0.02    0.41   0.41   1.89
2025-04-23T15:22:01.458200+08:00 Dky_app_00 linx[38819]: dm-8              0.00     0.00    2.38  340.77    24.97  7971.87    23.30     0.01    0.03   0.03   1.04
2025-04-23T15:22:01.458208+08:00 Dky_app_00 linx[38819]: dm-9              0.00     0.00    0.37 2856.76    16.45 22854.10     8.00     0.02    0.00   0.00   1.03
2025-04-23T15:22:01.458227+08:00 Dky_app_00 linx[38819]:
2025-04-23T15:22:01.459384+08:00 Dky_app_00 linx[38821]: netstat -an |grep -i 'established'|wc -l
2025-04-23T15:22:01.495518+08:00 Dky_app_00 linx[38825]: 1072
2025-04-23T15:22:01.496688+08:00 Dky_app_00 linx[38831]: date
2025-04-23T15:22:01.497779+08:00 Dky_app_00 linx[38833]: Wed Apr 23 15:22:01 CST 2025
2025-04-23T15:22:01.498821+08:00 Dky_app_00 linx[38835]: cat   /proc/buddyinfo
2025-04-23T15:22:01.499907+08:00 Dky_app_00 linx[38837]: Node 0, zone      DMA      1      1      1      1      2      1      0      0      1      1      3
2025-04-23T15:22:01.499938+08:00 Dky_app_00 linx[38837]: Node 0, zone    DMA32     80     36     45     33     25     34     10     11      9     54     29
2025-04-23T15:22:01.499945+08:00 Dky_app_00 linx[38837]: Node 0, zone   Normal     79   1223    894    249   1398    261  20928  12620   4973    163    170
2025-04-23T15:22:01.499955+08:00 Dky_app_00 linx[38837]: Node 1, zone   Normal    581   1614    605    265   1487  24338  21276  10932   3747    242    400
2025-04-23T15:22:01.499964+08:00 Dky_app_00 linx[38837]: Node 2, zone   Normal  10537   2421    795    310    158    572   6374   6427   2193    599    678
2025-04-23T15:22:01.499971+08:00 Dky_app_00 linx[38837]: Node 3, zone   Normal   6666   5137   5477    954  12116  60791  32865  12334   3069      5      0
2025-04-23T15:22:01.499981+08:00 Dky_app_00 linx[38837]: Node 4, zone   Normal  15150  15879  44349  75532  96172  64353  33133  10318   1571      5      0
2025-04-23T15:22:01.499987+08:00 Dky_app_00 linx[38837]: Node 5, zone   Normal    128   1130    410    108   1290   6397  19972   9994   3675    409    426
2025-04-23T15:22:01.499993+08:00 Dky_app_00 linx[38837]: Node 6, zone   Normal  20968  20089  18057  17061  16484   2688   8389   4590   1379      4      0
2025-04-23T15:22:01.500007+08:00 Dky_app_00 linx[38837]: Node 7, zone   Normal    152    796  29483  39102  42024  31373  19806  10575   3791      8    225
2025-04-23T15:22:01.501048+08:00 Dky_app_00 linx[38839]: top-detail:
2025-04-23T15:22:01.655963+08:00 Dky_app_00 pmcagent[96228]: 10.33.1.200,GetSrcIP conn fail
2025-04-23T15:24:01.258140+08:00 Dky_app_00 /usr/sbin/cron[41831]: (root) CMD (sh /usr/bin/msmp >> /var/log/msmp.log )
2025-04-23T15:24:01.258167+08:00 Dky_app_00 /usr/sbin/cron[41832]: (sysadmin) CMD (/usr/sbin/get_max_mem_process.sh)
2025-04-23T15:24:01.258327+08:00 Dky_app_00 /usr/sbin/cron[41833]: (dmdba) CMD (sh net_colsewait_mon.sh)
2025-04-23T15:24:01.258400+08:00 Dky_app_00 /usr/sbin/cron[41834]: (dmdba) CMD (sh /home/dmdba/dm/db_sessmon.sh)
2025-04-23T15:24:01.261117+08:00 Dky_app_00 linx[41837]: uptime
2025-04-23T15:24:01.285348+08:00 Dky_app_00 linx[41844]:  15:24:01 up 1551 days,  3:06,  8 users,  load average: 71.73, 69.64, 64.46
2025-04-23T15:24:01.286595+08:00 Dky_app_00 linx[41856]: free -m
2025-04-23T15:24:01.289870+08:00 Dky_app_00 linx[41858]:              total       used       free     shared    buffers     cached
2025-04-23T15:24:01.289897+08:00 Dky_app_00 linx[41858]: Mem:        516904     362609     154295          0        102      68933
2025-04-23T15:24:01.289903+08:00 Dky_app_00 linx[41858]: -/+ buffers/cache:     293573     223331
2025-04-23T15:24:01.289922+08:00 Dky_app_00 linx[41858]: Swap:        61034          0      61034
2025-04-23T15:24:01.291142+08:00 Dky_app_00 linx[41861]: df -h
2025-04-23T15:24:01.292533+08:00 Dky_app_00 linx[41863]: Filesystem            Size  Used Avail Use% Mounted on
2025-04-23T15:24:01.292561+08:00 Dky_app_00 linx[41863]: /dev/sda2             185G   75G  101G  43% /
2025-04-23T15:24:01.292567+08:00 Dky_app_00 linx[41863]: /dev/sda3             585G  197G  359G  36% /home
2025-04-23T15:24:01.292573+08:00 Dky_app_00 linx[41863]: /dev/sdav             3.0T  1.3T  1.6T  45% /dbbak
2025-04-23T15:24:01.292581+08:00 Dky_app_00 linx[41863]: /dev/mapper/dmarch_22-arch
2025-04-23T15:24:01.292587+08:00 Dky_app_00 linx[41863]:                       886G  680G  162G  81% /dbarch
2025-04-23T15:24:01.292592+08:00 Dky_app_00 linx[41863]: tmpfs                  20M   48K   20M   1% /tmp/smp
2025-04-23T15:24:01.292600+08:00 Dky_app_00 linx[41863]: 192.168.9.23:/dbarch/arch_rac1
2025-04-23T15:24:01.292605+08:00 Dky_app_00 linx[41863]:                       788G  681G   68G  91% /dbarch/arch_dsc1_kafka
2025-04-23T15:24:01.293737+08:00 Dky_app_00 linx[41869]: df -ih
2025-04-23T15:24:01.294826+08:00 Dky_app_00 linx[41871]: Filesystem            Inodes   IUsed   IFree IUse% Mounted on
2025-04-23T15:24:01.294839+08:00 Dky_app_00 linx[41871]: /dev/sda2                12M    2.1M    9.7M   18% /
2025-04-23T15:24:01.294855+08:00 Dky_app_00 linx[41871]: /dev/sda3                37M     28K     37M    1% /home
2025-04-23T15:24:01.294886+08:00 Dky_app_00 linx[41871]: /dev/sdav               192M     11K    192M    1% /dbbak
2025-04-23T15:24:01.294904+08:00 Dky_app_00 linx[41871]: /dev/mapper/dmarch_22-arch
2025-04-23T15:24:01.294931+08:00 Dky_app_00 linx[41871]:                          57M     463     57M    1% /dbarch
2025-04-23T15:24:01.294951+08:00 Dky_app_00 linx[41871]: tmpfs                    64M      13     64M    1% /tmp/smp
2025-04-23T15:24:01.294982+08:00 Dky_app_00 linx[41871]: 192.168.9.23:/dbarch/arch_rac1
2025-04-23T15:24:01.294997+08:00 Dky_app_00 linx[41871]:                          50M     353     50M    1% /dbarch/arch_dsc1_kafka
2025-04-23T15:24:01.296056+08:00 Dky_app_00 linx[41873]: iostat -x
2025-04-23T15:24:01.300336+08:00 Dky_app_00 linx[41875]: Linux 2.6.32-Rocky4.2-x86_64 (Dky_app_00) #01104/23/25 #011_x86_64_
2025-04-23T15:24:01.300351+08:00 Dky_app_00 linx[41875]:
2025-04-23T15:24:01.303878+08:00 Dky_app_00 linx[41875]: avg-cpu:  %user   %nice %system %iowait  %steal   %idle
2025-04-23T15:24:01.303886+08:00 Dky_app_00 linx[41875]:            3.47    0.00    1.30    0.67    0.00   94.61
2025-04-23T15:24:01.303903+08:00 Dky_app_00 linx[41875]:
2025-04-23T15:24:01.303920+08:00 Dky_app_00 linx[41875]: Device:         rrqm/s   wrqm/s     r/s     w/s   rsec/s   wsec/s avgrq-sz avgqu-sz   await  svctm  %util
2025-04-23T15:24:01.303928+08:00 Dky_app_00 linx[41875]: sda               0.02   223.59    0.15   13.30    17.72  1895.13   142.21     0.01    0.68   0.13   0.18
2025-04-23T15:24:01.303938+08:00 Dky_app_00 linx[41875]: sda1              0.00     0.00    0.00    0.00     0.00     0.00    40.85     0.00    2.01   2.01   0.00
2025-04-23T15:24:01.303948+08:00 Dky_app_00 linx[41875]: sda2              0.02    18.33    0.06    1.67     8.47   159.99    97.22     0.00    0.54   0.35   0.06
2025-04-23T15:24:01.303961+08:00 Dky_app_00 linx[41875]: sda3              0.00   205.26    0.08   11.63     9.25  1735.14   148.86     0.01    0.70   0.11   0.13
2025-04-23T15:24:01.303976+08:00 Dky_app_00 linx[41875]: sdb               0.00     0.00    9.08   71.73   595.36  4604.22    64.34     0.01    0.18   0.29   2.33
2025-04-23T15:24:01.303985+08:00 Dky_app_00 linx[41875]: sdc               0.00     0.00    7.48   35.34   476.06  2281.29    64.39     0.00    0.83   0.70   3.00
2025-04-23T15:24:01.303992+08:00 Dky_app_00 linx[41875]: sdd               0.00     0.00    5.51    5.92   349.87   389.76    64.69     0.02    1.89   1.65   1.89
2025-04-23T15:24:01.304006+08:00 Dky_app_00 linx[41875]: sde               0.00     0.00    9.33   42.90   586.70   984.39    30.08     0.02    0.29   0.29   1.50
2025-04-23T15:24:01.304038+08:00 Dky_app_00 linx[41875]: sdf               0.00     0.00    0.00    0.00     0.00     0.00    28.80     0.00    8.78   8.77   0.00
2025-04-23T15:24:01.304048+08:00 Dky_app_00 linx[41875]: sdg               0.00     0.00    0.20    0.00     1.56     0.00     8.00     0.00    0.10   0.10   0.00
2025-04-23T15:24:01.304060+08:00 Dky_app_00 linx[41875]: sdh               0.00     0.00    0.10    4.38     2.46  2869.94   641.69     0.00    0.85   1.66   0.74
2025-04-23T15:24:01.304070+08:00 Dky_app_00 linx[41875]: sdi               0.00     0.00    9.09   71.71   596.33  4603.24    64.34     0.01    0.08   0.24   1.91
2025-04-23T15:24:01.304099+08:00 Dky_app_00 linx[41875]: sdj               0.00     0.00    7.47   35.35   475.65  2281.72    64.39     0.01    0.93   0.02   0.08
2025-04-23T15:24:01.304104+08:00 Dky_app_00 linx[41875]: sdk               0.00     0.00    5.51    5.92   350.04   389.60    64.69     0.02    1.78   1.58   1.80
2025-04-23T15:24:01.304111+08:00 Dky_app_00 linx[41875]: sdl               0.00     0.00    9.10   43.13   569.60  1000.54    30.06     0.02    0.37   0.37   1.93
2025-04-23T15:24:01.304123+08:00 Dky_app_00 linx[41875]: sdm               0.00     0.00    0.00    0.00     0.00     0.00    28.51     0.00    0.20   0.20   0.00
2025-04-23T15:24:01.304144+08:00 Dky_app_00 linx[41875]: sdn               0.00     0.00    0.20    0.00     1.56     0.00     8.00     0.00    0.10   0.10   0.00
2025-04-23T15:24:01.304165+08:00 Dky_app_00 linx[41875]: sdo               0.00     0.00    0.10    4.38     2.46  2855.90   638.54     0.00    0.52   1.57   0.70
2025-04-23T15:24:01.304178+08:00 Dky_app_00 linx[41875]: sdq               0.00     0.00    7.47   35.36   475.33  2282.03    64.39     0.01    0.92   0.02   0.07
2025-04-23T15:24:01.304187+08:00 Dky_app_00 linx[41875]: sdr               0.00     0.00    5.52    5.92   350.21   389.42    64.69     0.02    1.78   1.57   1.80
2025-04-23T15:24:01.304221+08:00 Dky_app_00 linx[41875]: sds               0.00     0.00    9.21   43.02   577.26  1007.98    30.35     0.02    0.36   0.36   1.90
2025-04-23T15:24:01.304233+08:00 Dky_app_00 linx[41875]: sdt               0.00     0.00    0.00    0.00     0.00     0.00    28.50     0.00    0.16   0.16   0.00
2025-04-23T15:24:01.304237+08:00 Dky_app_00 linx[41875]: sdu               0.00     0.00    0.20    0.00     1.56     0.00     8.00     0.00    0.09   0.09   0.00
2025-04-23T15:24:01.304257+08:00 Dky_app_00 linx[41875]: sdv               0.00     0.00    0.10    4.38     2.46  2844.60   636.01     0.00    0.52   1.57   0.70
2025-04-23T15:24:01.304274+08:00 Dky_app_00 linx[41875]: sdw               0.00     0.00    9.09   71.72   595.91  4603.66    64.34     0.01    0.18   0.29   2.34
2025-04-23T15:24:01.304279+08:00 Dky_app_00 linx[41875]: sdx               0.00     0.00    7.48   35.35   475.68  2281.67    64.39     0.00    0.83   0.71   3.02
2025-04-23T15:24:01.304284+08:00 Dky_app_00 linx[41875]: sdy               0.00     0.00    5.51    5.92   350.00   389.63    64.69     0.02    1.92   1.67   1.91
2025-04-23T15:24:01.304288+08:00 Dky_app_00 linx[41875]: sdz               0.00     0.00    9.36   42.87   587.87   996.03    30.33     0.02    0.29   0.29   1.50
2025-04-23T15:24:01.304308+08:00 Dky_app_00 linx[41875]: sdab              0.00     0.00    0.20    0.00     1.56     0.00     8.00     0.00    0.09   0.09   0.00
2025-04-23T15:24:01.304326+08:00 Dky_app_00 linx[41875]: sdaa              0.00     0.00    0.00    0.00     0.00     0.00    28.48     0.00    0.22   0.22   0.00
2025-04-23T15:24:01.304330+08:00 Dky_app_00 linx[41875]: sdac              0.00     0.00    0.10    4.38     2.46  2852.44   637.77     0.00    0.84   1.66   0.74
2025-04-23T15:24:01.304342+08:00 Dky_app_00 linx[41875]: sdad              0.00     0.00    9.08   71.73   595.15  4604.42    64.34     0.01    0.08   0.23   1.89
2025-04-23T15:24:01.304351+08:00 Dky_app_00 linx[41875]: sdaf              0.00     0.00    5.51    5.92   349.85   389.78    64.69     0.02    1.79   1.58   1.80
2025-04-23T15:24:01.304366+08:00 Dky_app_00 linx[41875]: sdag              0.00     0.00    9.34   42.89   587.82   983.15    30.08     0.02    0.36   0.36   1.89
2025-04-23T15:24:01.304379+08:00 Dky_app_00 linx[41875]: sdah              0.00     0.00    0.00    0.00     0.00     0.00    28.56     0.00    0.12   0.12   0.00
2025-04-23T15:24:01.304396+08:00 Dky_app_00 linx[41875]: sdae              0.00     0.00    7.48   35.34   476.16  2281.19    64.39     0.01    0.92   0.01   0.06
2025-04-23T15:24:01.304408+08:00 Dky_app_00 linx[41875]: sdai              0.00     0.00    0.20    0.00     1.56     0.00     8.00     0.00    0.08   0.08   0.00
2025-04-23T15:24:01.304413+08:00 Dky_app_00 linx[41875]: sdaj              0.00     0.00    0.10    4.38     2.46  2868.46   641.34     0.00    0.51   1.57   0.70
2025-04-23T15:24:01.304435+08:00 Dky_app_00 linx[41875]: sdak              0.00     0.00    9.10   71.71   596.68  4602.88    64.34     0.01    0.08   0.23   1.88
2025-04-23T15:24:01.304445+08:00 Dky_app_00 linx[41875]: sdal              0.00     0.00    7.47   35.35   475.40  2281.96    64.39     0.01    0.92   0.02   0.06
2025-04-23T15:24:01.304454+08:00 Dky_app_00 linx[41875]: sdam              0.00     0.00    5.51    5.92   350.14   389.49    64.69     0.02    1.78   1.57   1.79
2025-04-23T15:24:01.304464+08:00 Dky_app_00 linx[41875]: sdan              0.00     0.00    9.17   43.06   574.91  1006.78    30.28     0.02    0.36   0.36   1.86
2025-04-23T15:24:01.304474+08:00 Dky_app_00 linx[41875]: sdao              0.00     0.00    0.00    0.00     0.00     0.00    28.57     0.00    0.13   0.13   0.00
2025-04-23T15:24:01.304498+08:00 Dky_app_00 linx[41875]: sdap              0.00     0.00    0.20    0.00     1.56     0.00     8.00     0.00    0.08   0.08   0.00
2025-04-23T15:24:01.304506+08:00 Dky_app_00 linx[41875]: sdaq              0.00     0.00    0.10    4.38     2.46  2847.06   636.56     0.00    0.51   1.57   0.70
2025-04-23T15:24:01.304510+08:00 Dky_app_00 linx[41875]: sdar              0.00     0.00    9.11   71.70   597.33  4602.25    64.34     0.02    0.19   0.30   2.39
2025-04-23T15:24:01.304519+08:00 Dky_app_00 linx[41875]: sdas              0.00     0.00    7.47   35.36   475.27  2282.08    64.39     0.00    0.85   0.72   3.07
2025-04-23T15:24:01.304532+08:00 Dky_app_00 linx[41875]: sdat              0.00     0.00    5.52    5.92   350.26   389.37    64.69     0.02    1.96   1.70   1.94
2025-04-23T15:24:01.304551+08:00 Dky_app_00 linx[41875]: sdau              0.00     0.00    9.22   43.01   577.54  1008.68    30.37     0.02    0.31   0.30   1.59
2025-04-23T15:24:01.304563+08:00 Dky_app_00 linx[41875]: sdav              0.00    11.20    0.30    0.11    75.39    90.50   406.11     0.01   12.52   0.70   0.03
2025-04-23T15:24:01.304572+08:00 Dky_app_00 linx[41875]: sdaw              0.00     0.00    0.20    0.00     1.56     0.00     8.00     0.00    0.08   0.08   0.00
2025-04-23T15:24:01.304584+08:00 Dky_app_00 linx[41875]: sday              0.00     0.00    9.08   71.73   595.64  4603.93    64.34     0.01    0.17   0.29   2.31
2025-04-23T15:24:01.304594+08:00 Dky_app_00 linx[41875]: sdaz              0.00     0.00    7.48   35.35   475.91  2281.44    64.39     0.00    0.83   0.70   2.99
2025-04-23T15:24:01.304612+08:00 Dky_app_00 linx[41875]: sdba              0.00     0.00    5.51    5.92   349.90   389.73    64.69     0.02    1.90   1.65   1.89
2025-04-23T15:24:01.304624+08:00 Dky_app_00 linx[41875]: sdbb              0.00     0.00    9.34   42.89   586.93   987.34    30.14     0.01    0.28   0.28   1.45
2025-04-23T15:24:01.304638+08:00 Dky_app_00 linx[41875]: sdbc              0.00     0.00    0.00    0.00     0.00     0.00    28.53     0.00    0.21   0.21   0.00
2025-04-23T15:24:01.304649+08:00 Dky_app_00 linx[41875]: sdbd              0.00     0.00    0.20    0.00     1.56     0.00     8.00     0.00    0.07   0.07   0.00
2025-04-23T15:24:01.304660+08:00 Dky_app_00 linx[41875]: sdbe              0.00     0.00    0.10    4.38     2.46  2843.97   635.88     0.00    0.82   1.65   0.74
2025-04-23T15:24:01.304686+08:00 Dky_app_00 linx[41875]: sdax              0.00     0.00    0.10    4.38     2.46  2871.73   642.09     0.00    0.85   1.66   0.74
2025-04-23T15:24:01.304693+08:00 Dky_app_00 linx[41875]: dm-0              0.00     0.70   72.34  573.74  4766.21 36827.17    64.38     0.03    0.04   0.04   2.82
2025-04-23T15:24:01.304704+08:00 Dky_app_00 linx[41875]: dm-1              0.00     0.34   59.40  282.80  3802.26 18253.38    64.45     0.01    0.04   0.05   1.69
2025-04-23T15:24:01.304719+08:00 Dky_app_00 linx[41875]: dm-2              0.01     0.04   43.70   47.37  2797.08  3116.78    64.94     0.01    0.46   0.18   1.60
2025-04-23T15:24:01.304728+08:00 Dky_app_00 linx[41875]: dm-3              0.00     0.00   73.67  343.77  4645.43  7974.89    30.23     0.01    0.10   0.01   0.60
2025-04-23T15:24:01.304738+08:00 Dky_app_00 linx[41875]: dm-4              0.00     0.00    0.00    0.00     0.00     0.00    15.59     0.00   17.28  17.28   0.00
2025-04-23T15:24:01.304748+08:00 Dky_app_00 linx[41875]: dm-5              0.00  2821.72    0.37   35.04    16.46 22854.08   645.84     0.01    0.38   0.29   1.02
2025-04-23T15:24:01.304759+08:00 Dky_app_00 linx[41875]: dm-6              0.00     0.00   25.49    3.00   333.40     3.00    11.81     0.01    0.36   0.36   1.02
2025-04-23T15:24:01.304773+08:00 Dky_app_00 linx[41875]: dm-7              0.00     0.00   45.80    0.00  4287.06     0.03    93.60     0.02    0.41   0.41   1.89
2025-04-23T15:24:01.304783+08:00 Dky_app_00 linx[41875]: dm-8              0.00     0.00    2.38  340.77    24.97  7971.87    23.30     0.01    0.03   0.03   1.04
2025-04-23T15:24:01.304795+08:00 Dky_app_00 linx[41875]: dm-9              0.00     0.00    0.37 2856.76    16.45 22854.08     8.00     0.02    0.00   0.00   1.03
2025-04-23T15:24:01.304816+08:00 Dky_app_00 linx[41875]:
2025-04-23T15:24:01.305878+08:00 Dky_app_00 linx[41877]: netstat -an |grep -i 'established'|wc -l
2025-04-23T15:24:01.340801+08:00 Dky_app_00 linx[41881]: 1076
2025-04-23T15:24:01.341837+08:00 Dky_app_00 linx[41887]: date
2025-04-23T15:24:01.342902+08:00 Dky_app_00 linx[41889]: Wed Apr 23 15:24:01 CST 2025
2025-04-23T15:24:01.343952+08:00 Dky_app_00 linx[41891]: cat   /proc/buddyinfo
2025-04-23T15:24:01.345066+08:00 Dky_app_00 linx[41893]: Node 0, zone      DMA      1      1      1      1      2      1      0      0      1      1      3
2025-04-23T15:24:01.345087+08:00 Dky_app_00 linx[41893]: Node 0, zone    DMA32     80     36     45     33     25     34     10     11      9     54     29
2025-04-23T15:24:01.345090+08:00 Dky_app_00 linx[41893]: Node 0, zone   Normal   1483   1869   1054    259   1412    268  20934  12620   4973    163    170
2025-04-23T15:24:01.345094+08:00 Dky_app_00 linx[41893]: Node 1, zone   Normal   1413    500    268    237   1474  24322  21276  10932   3747     11    353
2025-04-23T15:24:01.345098+08:00 Dky_app_00 linx[41893]: Node 2, zone   Normal  10176   2394    767    296    195    576   6374   6427   2193    272    678
2025-04-23T15:24:01.345113+08:00 Dky_app_00 linx[41893]: Node 3, zone   Normal   1254   4896   5491    955  12123  60791  32865  12334   3069      4      0
2025-04-23T15:24:01.345123+08:00 Dky_app_00 linx[41893]: Node 4, zone   Normal  16375  15906  44407  75532  96172  64353  33133  10318   1571      5      0
2025-04-23T15:24:01.345138+08:00 Dky_app_00 linx[41893]: Node 5, zone   Normal   2513   1760    634    176   1316   6397  19972   9994   3675    409    426
2025-04-23T15:24:01.345147+08:00 Dky_app_00 linx[41893]: Node 6, zone   Normal  23058  20520  18175  17126  16489   2689   8389   4590   1379      4      0
2025-04-23T15:24:01.345156+08:00 Dky_app_00 linx[41893]: Node 7, zone   Normal    155   1339  29347  39102  42024  31373  19806  10575   3791      8    225
2025-04-23T15:24:01.346267+08:00 Dky_app_00 linx[41895]: top-detail:
2025-04-23T15:24:01.996296+08:00 Dky_app_00 linx[41898]: top - 15:24:01 up 1551 days,  3:06,  8 users,  load average: 71.73, 69.64, 64.46
2025-04-23T15:24:01.996316+08:00 Dky_app_00 linx[41898]: Tasks: 3134 total,   2 running, 3130 sleeping,   1 stopped,   1 zombie
2025-04-23T15:24:01.996319+08:00 Dky_app_00 linx[41898]: Cpu(s):  3.5%us,  1.2%sy,  0.0%ni, 94.6%id,  0.7%wa,  0.0%hi,  0.0%si,  0.0%st
2025-04-23T15:24:01.996325+08:00 Dky_app_00 linx[41898]: Mem:  529310592k total, 371320772k used, 157989820k free,   105436k buffers
2025-04-23T15:24:01.996327+08:00 Dky_app_00 linx[41898]: Swap: 62499836k total,        0k used, 62499836k free, 70587512k cached
2025-04-23T15:24:01.996336+08:00 Dky_app_00 linx[41898]:
2025-04-23T15:24:01.996347+08:00 Dky_app_00 linx[41898]:    PID USER      PR  NI  VIRT  RES  SHR S %CPU %MEM    TIME+  COMMAND
2025-04-23T15:24:01.996364+08:00 Dky_app_00 linx[41898]:  41918 sysadmin  20   0 14572 6300  732 R   17  0.0   0:00.10 fuser
2025-04-23T15:24:01.996376+08:00 Dky_app_00 linx[41898]:  41896 sysadmin  20   0 12844 3456  760 R   12  0.0   0:00.13 top
2025-04-23T15:24:01.996380+08:00 Dky_app_00 linx[41898]:  41212 sysadmin  20   0 1095m  30m 2944 S    3  0.0  29082:59 linx_smp
2025-04-23T15:24:01.996390+08:00 Dky_app_00 linx[41898]:      9 root      20   0     0    0    0 S    2  0.0 378:07.10 ksoftirqd/1
2025-04-23T15:24:01.996399+08:00 Dky_app_00 linx[41898]:      1 root      20   0  7852  612  512 S    0  0.0  31:07.29 init
2025-04-23T15:24:01.996412+08:00 Dky_app_00 linx[41898]:      2 root      20   0     0    0    0 S    0  0.0   0:02.80 kthreadd
2025-04-23T15:24:01.996422+08:00 Dky_app_00 linx[41898]:      3 root      RT   0     0    0    0 S    0  0.0 112:36.32 migration/0
2025-04-23T15:24:01.996427+08:00 Dky_app_00 linx[41898]:      4 root      20   0     0    0    0 S    0  0.0  84:30.48 ksoftirqd/0
2025-04-23T15:24:01.996435+08:00 Dky_app_00 linx[41898]:      5 root      RT   0     0    0    0 S    0  0.0   0:00.00 stopper/0
2025-04-23T15:24:01.996444+08:00 Dky_app_00 linx[41898]:      6 root      RT   0     0    0    0 S    0  0.0   2:55.88 watchdog/0
2025-04-23T15:24:01.996451+08:00 Dky_app_00 linx[41898]:      7 root      RT   0     0    0    0 S    0  0.0  77:01.61 migration/1
2025-04-23T15:24:01.996460+08:00 Dky_app_00 linx[41898]:      8 root      RT   0     0    0    0 S    0  0.0   0:00.00 stopper/1
2025-04-23T15:24:01.996473+08:00 Dky_app_00 linx[41898]:     10 root      RT   0     0    0    0 S    0  0.0   5:34.41 watchdog/1
2025-04-23T15:26:01.120870+08:00 Dky_app_00 /usr/sbin/cron[44782]: (root) CMD (sh /usr/bin/msmp >> /var/log/msmp.log )
2025-04-23T15:26:01.120934+08:00 Dky_app_00 /usr/sbin/cron[44783]: (sysadmin) CMD (/usr/sbin/get_max_mem_process.sh)
2025-04-23T15:26:01.121076+08:00 Dky_app_00 /usr/sbin/cron[44784]: (dmdba) CMD (sh net_colsewait_mon.sh)
2025-04-23T15:26:01.121206+08:00 Dky_app_00 /usr/sbin/cron[44785]: (dmdba) CMD (sh /home/dmdba/dm/db_sessmon.sh)
2025-04-23T15:26:01.124160+08:00 Dky_app_00 linx[44788]: uptime
2025-04-23T15:26:01.140154+08:00 Dky_app_00 linx[44797]:  15:26:01 up 1551 days,  3:08,  8 users,  load average: 73.19, 70.83, 65.52
2025-04-23T15:26:01.141400+08:00 Dky_app_00 linx[44806]: free -m
2025-04-23T15:26:01.144976+08:00 Dky_app_00 linx[44808]:              total       used       free     shared    buffers     cached
2025-04-23T15:26:01.145000+08:00 Dky_app_00 linx[44808]: Mem:        516904     363315     153589          0        103      68960
2025-04-23T15:26:01.145047+08:00 Dky_app_00 linx[44808]: -/+ buffers/cache:     294251     222653
2025-04-23T15:26:01.145086+08:00 Dky_app_00 linx[44808]: Swap:        61034          0      61034
2025-04-23T15:26:01.146362+08:00 Dky_app_00 linx[44810]: df -h
2025-04-23T15:26:01.147826+08:00 Dky_app_00 linx[44812]: Filesystem            Size  Used Avail Use% Mounted on
2025-04-23T15:26:01.147850+08:00 Dky_app_00 linx[44812]: /dev/sda2             185G   75G  101G  43% /
2025-04-23T15:26:01.147878+08:00 Dky_app_00 linx[44812]: /dev/sda3             585G  197G  359G  36% /home
2025-04-23T15:26:01.147925+08:00 Dky_app_00 linx[44812]: /dev/sdav             3.0T  1.3T  1.6T  45% /dbbak
2025-04-23T15:26:01.147957+08:00 Dky_app_00 linx[44812]: /dev/mapper/dmarch_22-arch
2025-04-23T15:26:01.147990+08:00 Dky_app_00 linx[44812]:                       886G  680G  162G  81% /dbarch
2025-04-23T15:26:01.148011+08:00 Dky_app_00 linx[44812]: tmpfs                  20M   48K   20M   1% /tmp/smp
2025-04-23T15:26:01.148058+08:00 Dky_app_00 linx[44812]: 192.168.9.23:/dbarch/arch_rac1
2025-04-23T15:26:01.148078+08:00 Dky_app_00 linx[44812]:                       788G  681G   68G  91% /dbarch/arch_dsc1_kafka
2025-04-23T15:26:01.149291+08:00 Dky_app_00 linx[44814]: df -ih
2025-04-23T15:26:01.150644+08:00 Dky_app_00 linx[44816]: Filesystem            Inodes   IUsed   IFree IUse% Mounted on
2025-04-23T15:26:01.150677+08:00 Dky_app_00 linx[44816]: /dev/sda2                12M    2.1M    9.7M   18% /
2025-04-23T15:26:01.150708+08:00 Dky_app_00 linx[44816]: /dev/sda3                37M     28K     37M    1% /home
2025-04-23T15:26:01.150739+08:00 Dky_app_00 linx[44816]: /dev/sdav               192M     11K    192M    1% /dbbak
2025-04-23T15:26:01.150762+08:00 Dky_app_00 linx[44816]: /dev/mapper/dmarch_22-arch
2025-04-23T15:26:01.150809+08:00 Dky_app_00 linx[44816]:                          57M     463     57M    1% /dbarch
2025-04-23T15:26:01.150836+08:00 Dky_app_00 linx[44816]: tmpfs                    64M      13     64M    1% /tmp/smp
2025-04-23T15:26:01.150863+08:00 Dky_app_00 linx[44816]: 192.168.9.23:/dbarch/arch_rac1
2025-04-23T15:26:01.150890+08:00 Dky_app_00 linx[44816]:                          50M     353     50M    1% /dbarch/arch_dsc1_kafka
2025-04-23T15:26:01.152032+08:00 Dky_app_00 linx[44818]: iostat -x
2025-04-23T15:26:01.158278+08:00 Dky_app_00 linx[44820]: Linux 2.6.32-Rocky4.2-x86_64 (Dky_app_00) #01104/23/25 #011_x86_64_
2025-04-23T15:26:01.158296+08:00 Dky_app_00 linx[44820]:
2025-04-23T15:26:01.162070+08:00 Dky_app_00 linx[44820]: avg-cpu:  %user   %nice %system %iowait  %steal   %idle
2025-04-23T15:26:01.162087+08:00 Dky_app_00 linx[44820]:            3.47    0.00    1.30    0.67    0.00   94.61
2025-04-23T15:26:01.162099+08:00 Dky_app_00 linx[44820]:
2025-04-23T15:26:01.162122+08:00 Dky_app_00 linx[44820]: Device:         rrqm/s   wrqm/s     r/s     w/s   rsec/s   wsec/s avgrq-sz avgqu-sz   await  svctm  %util
2025-04-23T15:26:01.162130+08:00 Dky_app_00 linx[44820]: sda               0.02   223.59    0.15   13.30    17.72  1895.13   142.21     0.01    0.68   0.13   0.18
2025-04-23T15:26:01.162157+08:00 Dky_app_00 linx[44820]: sda1              0.00     0.00    0.00    0.00     0.00     0.00    40.85     0.00    2.01   2.01   0.00
2025-04-23T15:26:01.162176+08:00 Dky_app_00 linx[44820]: sda2              0.02    18.33    0.06    1.67     8.47   159.99    97.22     0.00    0.54   0.35   0.06
2025-04-23T15:26:01.162189+08:00 Dky_app_00 linx[44820]: sda3              0.00   205.26    0.08   11.63     9.25  1735.14   148.86     0.01    0.70   0.11   0.13
2025-04-23T15:26:01.162200+08:00 Dky_app_00 linx[44820]: sdb               0.00     0.00    9.08   71.73   595.36  4604.21    64.34     0.01    0.18   0.29   2.33
2025-04-23T15:26:01.162225+08:00 Dky_app_00 linx[44820]: sdc               0.00     0.00    7.48   35.34   476.06  2281.29    64.39     0.00    0.83   0.70   3.00
2025-04-23T15:26:01.162243+08:00 Dky_app_00 linx[44820]: sdd               0.00     0.00    5.51    5.92   349.87   389.76    64.69     0.02    1.89   1.65   1.89
2025-04-23T15:26:01.162261+08:00 Dky_app_00 linx[44820]: sde               0.00     0.00    9.33   42.90   586.70   984.39    30.08     0.02    0.29   0.29   1.50
2025-04-23T15:26:01.162269+08:00 Dky_app_00 linx[44820]: sdf               0.00     0.00    0.00    0.00     0.00     0.00    28.80     0.00    8.78   8.77   0.00
2025-04-23T15:26:01.162293+08:00 Dky_app_00 linx[44820]: sdg               0.00     0.00    0.20    0.00     1.56     0.00     8.00     0.00    0.10   0.10   0.00
2025-04-23T15:26:01.162311+08:00 Dky_app_00 linx[44820]: sdh               0.00     0.00    0.10    4.38     2.46  2869.94   641.69     0.00    0.85   1.66   0.74
2025-04-23T15:26:01.162330+08:00 Dky_app_00 linx[44820]: sdi               0.00     0.00    9.09   71.71   596.33  4603.23    64.34     0.01    0.08   0.24   1.91
2025-04-23T15:26:01.162343+08:00 Dky_app_00 linx[44820]: sdj               0.00     0.00    7.47   35.35   475.65  2281.72    64.39     0.01    0.93   0.02   0.08
2025-04-23T15:26:01.162364+08:00 Dky_app_00 linx[44820]: sdk               0.00     0.00    5.51    5.92   350.04   389.60    64.69     0.02    1.78   1.58   1.80
2025-04-23T15:26:01.162382+08:00 Dky_app_00 linx[44820]: sdl               0.00     0.00    9.10   43.13   569.60  1000.54    30.06     0.02    0.37   0.37   1.93
2025-04-23T15:26:01.162405+08:00 Dky_app_00 linx[44820]: sdm               0.00     0.00    0.00    0.00     0.00     0.00    28.51     0.00    0.20   0.20   0.00
2025-04-23T15:26:01.162419+08:00 Dky_app_00 linx[44820]: sdn               0.00     0.00    0.20    0.00     1.56     0.00     8.00     0.00    0.10   0.10   0.00
2025-04-23T15:26:01.162446+08:00 Dky_app_00 linx[44820]: sdo               0.00     0.00    0.10    4.38     2.46  2855.89   638.54     0.00    0.52   1.57   0.70
2025-04-23T15:26:01.162459+08:00 Dky_app_00 linx[44820]: sdq               0.00     0.00    7.47   35.36   475.33  2282.02    64.39     0.01    0.92   0.02   0.07
2025-04-23T15:26:01.162464+08:00 Dky_app_00 linx[44820]: sdr               0.00     0.00    5.52    5.92   350.21   389.42    64.69     0.02    1.78   1.57   1.80
2025-04-23T15:26:01.162483+08:00 Dky_app_00 linx[44820]: sds               0.00     0.00    9.21   43.02   577.26  1007.98    30.35     0.02    0.36   0.36   1.90
2025-04-23T15:26:01.162495+08:00 Dky_app_00 linx[44820]: sdt               0.00     0.00    0.00    0.00     0.00     0.00    28.50     0.00    0.16   0.16   0.00
2025-04-23T15:26:01.162523+08:00 Dky_app_00 linx[44820]: sdu               0.00     0.00    0.20    0.00     1.56     0.00     8.00     0.00    0.09   0.09   0.00
2025-04-23T15:26:01.162532+08:00 Dky_app_00 linx[44820]: sdv               0.00     0.00    0.10    4.38     2.46  2844.60   636.01     0.00    0.52   1.57   0.70
2025-04-23T15:26:01.162552+08:00 Dky_app_00 linx[44820]: sdw               0.00     0.00    9.09   71.72   595.91  4603.66    64.34     0.01    0.18   0.29   2.34
2025-04-23T15:26:01.162569+08:00 Dky_app_00 linx[44820]: sdx               0.00     0.00    7.48   35.35   475.68  2281.67    64.39     0.00    0.83   0.71   3.02
2025-04-23T15:26:01.162584+08:00 Dky_app_00 linx[44820]: sdy               0.00     0.00    5.51    5.92   350.00   389.63    64.69     0.02    1.92   1.67   1.91
2025-04-23T15:26:01.162597+08:00 Dky_app_00 linx[44820]: sdz               0.00     0.00    9.36   42.87   587.87   996.03    30.33     0.02    0.29   0.29   1.50
2025-04-23T15:26:01.162610+08:00 Dky_app_00 linx[44820]: sdab              0.00     0.00    0.20    0.00     1.56     0.00     8.00     0.00    0.09   0.09   0.00
2025-04-23T15:26:01.162623+08:00 Dky_app_00 linx[44820]: sdaa              0.00     0.00    0.00    0.00     0.00     0.00    28.48     0.00    0.22   0.22   0.00
2025-04-23T15:26:01.162644+08:00 Dky_app_00 linx[44820]: sdac              0.00     0.00    0.10    4.38     2.46  2852.43   637.77     0.00    0.84   1.66   0.74
2025-04-23T15:26:01.162660+08:00 Dky_app_00 linx[44820]: sdad              0.00     0.00    9.08   71.73   595.15  4604.41    64.34     0.01    0.08   0.23   1.89
2025-04-23T15:26:01.162672+08:00 Dky_app_00 linx[44820]: sdaf              0.00     0.00    5.51    5.92   349.85   389.78    64.69     0.02    1.79   1.58   1.80
2025-04-23T15:26:01.162694+08:00 Dky_app_00 linx[44820]: sdag              0.00     0.00    9.34   42.89   587.82   983.15    30.08     0.02    0.36   0.36   1.89
2025-04-23T15:26:01.162701+08:00 Dky_app_00 linx[44820]: sdah              0.00     0.00    0.00    0.00     0.00     0.00    28.56     0.00    0.12   0.12   0.00
2025-04-23T15:26:01.162722+08:00 Dky_app_00 linx[44820]: sdae              0.00     0.00    7.48   35.34   476.16  2281.19    64.39     0.01    0.92   0.01   0.06
2025-04-23T15:26:01.162734+08:00 Dky_app_00 linx[44820]: sdai              0.00     0.00    0.20    0.00     1.56     0.00     8.00     0.00    0.08   0.08   0.00
2025-04-23T15:26:01.162773+08:00 Dky_app_00 linx[44820]: sdaj              0.00     0.00    0.10    4.38     2.46  2868.46   641.34     0.00    0.51   1.57   0.70
2025-04-23T15:26:01.162781+08:00 Dky_app_00 linx[44820]: sdak              0.00     0.00    9.10   71.71   596.67  4602.88    64.34     0.01    0.08   0.23   1.88
2025-04-23T15:26:01.162803+08:00 Dky_app_00 linx[44820]: sdal              0.00     0.00    7.47   35.35   475.40  2281.96    64.39     0.01    0.92   0.02   0.06
2025-04-23T15:26:01.162813+08:00 Dky_app_00 linx[44820]: sdam              0.00     0.00    5.51    5.92   350.14   389.49    64.69     0.02    1.78   1.57   1.79
2025-04-23T15:26:01.162842+08:00 Dky_app_00 linx[44820]: sdan              0.00     0.00    9.17   43.06   574.91  1006.78    30.28     0.02    0.36   0.36   1.86
2025-04-23T15:26:01.162851+08:00 Dky_app_00 linx[44820]: sdao              0.00     0.00    0.00    0.00     0.00     0.00    28.57     0.00    0.13   0.13   0.00
2025-04-23T15:26:01.162862+08:00 Dky_app_00 linx[44820]: sdap              0.00     0.00    0.20    0.00     1.56     0.00     8.00     0.00    0.08   0.08   0.00
2025-04-23T15:26:01.162885+08:00 Dky_app_00 linx[44820]: sdaq              0.00     0.00    0.10    4.38     2.46  2847.05   636.56     0.00    0.51   1.57   0.70
2025-04-23T15:26:01.162903+08:00 Dky_app_00 linx[44820]: sdar              0.00     0.00    9.11   71.70   597.32  4602.24    64.34     0.02    0.19   0.30   2.39
2025-04-23T15:26:01.162924+08:00 Dky_app_00 linx[44820]: sdas              0.00     0.00    7.47   35.36   475.27  2282.08    64.39     0.00    0.85   0.72   3.07
2025-04-23T15:26:01.162941+08:00 Dky_app_00 linx[44820]: sdat              0.00     0.00    5.52    5.92   350.26   389.37    64.69     0.02    1.96   1.70   1.94
2025-04-23T15:26:01.162967+08:00 Dky_app_00 linx[44820]: sdau              0.00     0.00    9.22   43.01   577.54  1008.68    30.37     0.02    0.31   0.30   1.59
2025-04-23T15:26:01.162975+08:00 Dky_app_00 linx[44820]: sdav              0.00    11.20    0.30    0.11    75.39    90.50   406.11     0.01   12.52   0.70   0.03
2025-04-23T15:26:01.162997+08:00 Dky_app_00 linx[44820]: sdaw              0.00     0.00    0.20    0.00     1.56     0.00     8.00     0.00    0.08   0.08   0.00
2025-04-23T15:26:01.163005+08:00 Dky_app_00 linx[44820]: sday              0.00     0.00    9.08   71.73   595.64  4603.92    64.34     0.01    0.17   0.29   2.31
2025-04-23T15:26:01.163026+08:00 Dky_app_00 linx[44820]: sdaz              0.00     0.00    7.48   35.35   475.90  2281.44    64.39     0.00    0.83   0.70   2.99
2025-04-23T15:26:01.163047+08:00 Dky_app_00 linx[44820]: sdba              0.00     0.00    5.51    5.92   349.90   389.73    64.69     0.02    1.90   1.65   1.89
2025-04-23T15:26:01.163055+08:00 Dky_app_00 linx[44820]: sdbb              0.00     0.00    9.34   42.89   586.93   987.34    30.14     0.01    0.28   0.28   1.45
2025-04-23T15:26:01.163071+08:00 Dky_app_00 linx[44820]: sdbc              0.00     0.00    0.00    0.00     0.00     0.00    28.53     0.00    0.21   0.21   0.00
2025-04-23T15:26:01.163082+08:00 Dky_app_00 linx[44820]: sdbd              0.00     0.00    0.20    0.00     1.56     0.00     8.00     0.00    0.07   0.07   0.00
2025-04-23T15:26:01.163112+08:00 Dky_app_00 linx[44820]: sdbe              0.00     0.00    0.10    4.38     2.46  2843.96   635.88     0.00    0.82   1.65   0.74
2025-04-23T15:26:01.163128+08:00 Dky_app_00 linx[44820]: sdax              0.00     0.00    0.10    4.38     2.46  2871.73   642.09     0.00    0.85   1.66   0.74
2025-04-23T15:26:01.163151+08:00 Dky_app_00 linx[44820]: dm-0              0.00     0.70   72.34  573.74  4766.20 36827.14    64.38     0.03    0.04   0.04   2.82
2025-04-23T15:26:01.163173+08:00 Dky_app_00 linx[44820]: dm-1              0.00     0.34   59.40  282.80  3802.26 18253.37    64.45     0.01    0.04   0.05   1.69
2025-04-23T15:26:01.163186+08:00 Dky_app_00 linx[44820]: dm-2              0.01     0.04   43.70   47.37  2797.08  3116.78    64.94     0.01    0.46   0.18   1.60
2025-04-23T15:26:01.163200+08:00 Dky_app_00 linx[44820]: dm-3              0.00     0.00   73.67  343.77  4645.42  7974.88    30.23     0.01    0.10   0.01   0.60
2025-04-23T15:26:01.163221+08:00 Dky_app_00 linx[44820]: dm-4              0.00     0.00    0.00    0.00     0.00     0.00    15.59     0.00   17.28  17.28   0.00
2025-04-23T15:26:01.163245+08:00 Dky_app_00 linx[44820]: dm-5              0.00  2821.71    0.37   35.04    16.46 22854.06   645.84     0.01    0.38   0.29   1.02
2025-04-23T15:26:01.163258+08:00 Dky_app_00 linx[44820]: dm-6              0.00     0.00   25.49    3.00   333.40     3.00    11.81     0.01    0.36   0.36   1.02
2025-04-23T15:26:01.163279+08:00 Dky_app_00 linx[44820]: dm-7              0.00     0.00   45.80    0.00  4287.06     0.03    93.60     0.02    0.41   0.41   1.89
2025-04-23T15:26:01.163300+08:00 Dky_app_00 linx[44820]: dm-8              0.00     0.00    2.38  340.77    24.97  7971.86    23.30     0.01    0.03   0.03   1.04
2025-04-23T15:26:01.163315+08:00 Dky_app_00 linx[44820]: dm-9              0.00     0.00    0.37 2856.76    16.45 22854.06     8.00     0.02    0.00   0.00   1.03
2025-04-23T15:26:01.163331+08:00 Dky_app_00 linx[44820]:
2025-04-23T15:26:01.164472+08:00 Dky_app_00 linx[44822]: netstat -an |grep -i 'established'|wc -l
2025-04-23T15:26:01.200784+08:00 Dky_app_00 linx[44826]: 1077
2025-04-23T15:26:01.201907+08:00 Dky_app_00 linx[44828]: date
2025-04-23T15:26:01.202945+08:00 Dky_app_00 linx[44830]: Wed Apr 23 15:26:01 CST 2025
2025-04-23T15:26:01.204002+08:00 Dky_app_00 linx[44832]: cat   /proc/buddyinfo
2025-04-23T15:26:01.205066+08:00 Dky_app_00 linx[44834]: Node 0, zone      DMA      1      1      1      1      2      1      0      0      1      1      3
2025-04-23T15:26:01.205075+08:00 Dky_app_00 linx[44834]: Node 0, zone    DMA32     80     36     45     33     25     34     10     11      9     54     29
2025-04-23T15:26:01.205078+08:00 Dky_app_00 linx[44834]: Node 0, zone   Normal   1487   1801   1060    261   1416    268  20934  12620   4973    163    170
2025-04-23T15:26:01.205081+08:00 Dky_app_00 linx[44834]: Node 1, zone   Normal   2573    599    276    235   1472  24323  21276  10932   3747     11    353
2025-04-23T15:26:01.205091+08:00 Dky_app_00 linx[44834]: Node 2, zone   Normal   9825   2397    763    296    195    576   6374   6427   2193    272    678
2025-04-23T15:26:01.205095+08:00 Dky_app_00 linx[44834]: Node 3, zone   Normal    150   4937   5470    936  12116  60791  32865  12334   3069      4      0
2025-04-23T15:26:01.205104+08:00 Dky_app_00 linx[44834]: Node 4, zone   Normal   5893  15642  44395  75532  96172  64353  33133  10318   1571      4      0
2025-04-23T15:26:01.205114+08:00 Dky_app_00 linx[44834]: Node 5, zone   Normal   2684   1885    657    178   1315   6397  19972   9994   3675     82    426
2025-04-23T15:26:01.205120+08:00 Dky_app_00 linx[44834]: Node 6, zone   Normal  23139  20528  18173  17127  16490   2689   8389   4590   1379      4      0
2025-04-23T15:26:01.205125+08:00 Dky_app_00 linx[44834]: Node 7, zone   Normal    188   1279  29198  39101  42023  31373  19806  10575   3791      8    225
2025-04-23T15:26:01.206129+08:00 Dky_app_00 linx[44836]: top-detail:
2025-04-23T15:26:01.840572+08:00 Dky_app_00 linx[44839]: top - 15:26:01 up 1551 days,  3:08,  8 users,  load average: 73.19, 70.83, 65.52
2025-04-23T15:26:01.840595+08:00 Dky_app_00 linx[44839]: Tasks: 3130 total,   1 running, 3127 sleeping,   1 stopped,   1 zombie
2025-04-23T15:26:01.840599+08:00 Dky_app_00 linx[44839]: Cpu(s):  3.5%us,  1.2%sy,  0.0%ni, 94.6%id,  0.7%wa,  0.0%hi,  0.0%si,  0.0%st
2025-04-23T15:26:01.840603+08:00 Dky_app_00 linx[44839]: Mem:  529310592k total, 372037708k used, 157272884k free,   105988k buffers
2025-04-23T15:26:01.840606+08:00 Dky_app_00 linx[44839]: Swap: 62499836k total,        0k used, 62499836k free, 70615272k cached
2025-04-23T15:26:01.840609+08:00 Dky_app_00 linx[44839]:
2025-04-23T15:26:01.840612+08:00 Dky_app_00 linx[44839]:    PID USER      PR  NI  VIRT  RES  SHR S %CPU %MEM    TIME+  COMMAND
2025-04-23T15:26:01.840620+08:00 Dky_app_00 linx[44839]:  44837 sysadmin  20   0 12844 3456  760 R    9  0.0   0:00.11 top
2025-04-23T15:26:01.840626+08:00 Dky_app_00 linx[44839]:    671 root      20   0     0    0    0 S    2  0.0  72:30.77 events/92
2025-04-23T15:26:01.840630+08:00 Dky_app_00 linx[44839]:  41212 sysadmin  20   0 1095m  23m 2944 S    2  0.0  29083:03 linx_smp
2025-04-23T15:26:01.840634+08:00 Dky_app_00 linx[44839]:      1 root      20   0  7852  612  512 S    0  0.0  31:07.29 init
2025-04-23T15:26:01.840638+08:00 Dky_app_00 linx[44839]:      2 root      20   0     0    0    0 S    0  0.0   0:02.80 kthreadd
2025-04-23T15:26:01.840641+08:00 Dky_app_00 linx[44839]:      3 root      RT   0     0    0    0 S    0  0.0 112:36.32 migration/0
2025-04-23T15:26:01.840649+08:00 Dky_app_00 linx[44839]:      4 root      20   0     0    0    0 S    0  0.0  84:30.49 ksoftirqd/0
2025-04-23T15:26:01.840654+08:00 Dky_app_00 linx[44839]:      5 root      RT   0     0    0    0 S    0  0.0   0:00.00 stopper/0
2025-04-23T15:26:01.840664+08:00 Dky_app_00 linx[44839]:      6 root      RT   0     0    0    0 S    0  0.0   2:55.88 watchdog/0
2025-04-23T15:26:01.840669+08:00 Dky_app_00 linx[44839]:      7 root      RT   0     0    0    0 S    0  0.0  77:01.61 migration/1
2025-04-23T15:26:01.840678+08:00 Dky_app_00 linx[44839]:      8 root      RT   0     0    0    0 S    0  0.0   0:00.00 stopper/1
2025-04-23T15:26:01.840684+08:00 Dky_app_00 linx[44839]:      9 root      20   0     0    0    0 S    0  0.0 378:07.16 ksoftirqd/1
2025-04-23T15:26:01.840688+08:00 Dky_app_00 linx[44839]:     10 root      RT   0     0    0    0 S    0  0.0   5:34.41 watchdog/1
2025-04-23T15:28:01.949799+08:00 Dky_app_00 /usr/sbin/cron[47744]: (root) CMD (sh /usr/bin/msmp >> /var/log/msmp.log )
2025-04-23T15:28:01.949839+08:00 Dky_app_00 /usr/sbin/cron[47745]: (sysadmin) CMD (/usr/sbin/get_max_mem_process.sh)
2025-04-23T15:28:01.950033+08:00 Dky_app_00 /usr/sbin/cron[47746]: (dmdba) CMD (sh net_colsewait_mon.sh)
2025-04-23T15:28:01.950201+08:00 Dky_app_00 /usr/sbin/cron[47747]: (dmdba) CMD (sh /home/dmdba/dm/db_sessmon.sh)
2025-04-23T15:28:01.952844+08:00 Dky_app_00 linx[47750]: uptime
2025-04-23T15:28:01.975671+08:00 Dky_app_00 linx[47757]:  15:28:01 up 1551 days,  3:10,  8 users,  load average: 75.12, 72.26, 66.68
2025-04-23T15:28:01.976998+08:00 Dky_app_00 linx[47768]: free -m
2025-04-23T15:28:01.980514+08:00 Dky_app_00 linx[47770]:              total       used       free     shared    buffers     cached
2025-04-23T15:28:01.980539+08:00 Dky_app_00 linx[47770]: Mem:        516904     364685     152219          0        103      68987
2025-04-23T15:28:01.980575+08:00 Dky_app_00 linx[47770]: -/+ buffers/cache:     295593     221310
2025-04-23T15:28:01.980607+08:00 Dky_app_00 linx[47770]: Swap:        61034          0      61034
2025-04-23T15:28:01.981894+08:00 Dky_app_00 linx[47772]: df -h
2025-04-23T15:28:01.983516+08:00 Dky_app_00 linx[47774]: Filesystem            Size  Used Avail Use% Mounted on
2025-04-23T15:28:01.983552+08:00 Dky_app_00 linx[47774]: /dev/sda2             185G   75G  101G  43% /
2025-04-23T15:28:01.983589+08:00 Dky_app_00 linx[47774]: /dev/sda3             585G  197G  359G  36% /home
2025-04-23T15:28:01.983627+08:00 Dky_app_00 linx[47774]: /dev/sdav             3.0T  1.3T  1.6T  45% /dbbak
2025-04-23T15:28:01.983676+08:00 Dky_app_00 linx[47774]: /dev/mapper/dmarch_22-arch
2025-04-23T15:28:01.983701+08:00 Dky_app_00 linx[47774]:                       886G  680G  162G  81% /dbarch
2025-04-23T15:28:01.983758+08:00 Dky_app_00 linx[47774]: tmpfs                  20M   48K   20M   1% /tmp/smp
2025-04-23T15:28:01.983778+08:00 Dky_app_00 linx[47774]: 192.168.9.23:/dbarch/arch_rac1
2025-04-23T15:28:01.983821+08:00 Dky_app_00 linx[47774]:                       788G  681G   68G  91% /dbarch/arch_dsc1_kafka
2025-04-23T15:28:01.985044+08:00 Dky_app_00 linx[47776]: df -ih
2025-04-23T15:28:01.986334+08:00 Dky_app_00 linx[47778]: Filesystem            Inodes   IUsed   IFree IUse% Mounted on
2025-04-23T15:28:01.986346+08:00 Dky_app_00 linx[47778]: /dev/sda2                12M    2.1M    9.7M   18% /
2025-04-23T15:28:01.986355+08:00 Dky_app_00 linx[47778]: /dev/sda3                37M     28K     37M    1% /home
2025-04-23T15:28:01.986365+08:00 Dky_app_00 linx[47778]: /dev/sdav               192M     11K    192M    1% /dbbak
2025-04-23T15:28:01.986379+08:00 Dky_app_00 linx[47778]: /dev/mapper/dmarch_22-arch
2025-04-23T15:28:01.986415+08:00 Dky_app_00 linx[47778]:                          57M     463     57M    1% /dbarch
2025-04-23T15:28:01.986419+08:00 Dky_app_00 linx[47778]: tmpfs                    64M      13     64M    1% /tmp/smp
2025-04-23T15:28:01.986440+08:00 Dky_app_00 linx[47778]: 192.168.9.23:/dbarch/arch_rac1
2025-04-23T15:28:01.986457+08:00 Dky_app_00 linx[47778]:                          50M     353     50M    1% /dbarch/arch_dsc1_kafka
2025-04-23T15:28:01.987550+08:00 Dky_app_00 linx[47780]: iostat -x
2025-04-23T15:28:01.992292+08:00 Dky_app_00 linx[47782]: Linux 2.6.32-Rocky4.2-x86_64 (Dky_app_00) #01104/23/25 #011_x86_64_
2025-04-23T15:28:01.992313+08:00 Dky_app_00 linx[47782]:
2025-04-23T15:28:01.996174+08:00 Dky_app_00 linx[47782]: avg-cpu:  %user   %nice %system %iowait  %steal   %idle
2025-04-23T15:28:01.996191+08:00 Dky_app_00 linx[47782]:            3.47    0.00    1.30    0.67    0.00   94.61
2025-04-23T15:28:01.996211+08:00 Dky_app_00 linx[47782]:
2025-04-23T15:28:01.996229+08:00 Dky_app_00 linx[47782]: Device:         rrqm/s   wrqm/s     r/s     w/s   rsec/s   wsec/s avgrq-sz avgqu-sz   await  svctm  %util
2025-04-23T15:28:01.996253+08:00 Dky_app_00 linx[47782]: sda               0.02   223.59    0.15   13.30    17.72  1895.13   142.21     0.01    0.68   0.13   0.18
2025-04-23T15:28:01.996258+08:00 Dky_app_00 linx[47782]: sda1              0.00     0.00    0.00    0.00     0.00     0.00    40.85     0.00    2.01   2.01   0.00
2025-04-23T15:28:01.996271+08:00 Dky_app_00 linx[47782]: sda2              0.02    18.33    0.06    1.67     8.47   159.99    97.22     0.00    0.54   0.35   0.06
2025-04-23T15:28:01.996286+08:00 Dky_app_00 linx[47782]: sda3              0.00   205.26    0.08   11.63     9.25  1735.14   148.86     0.01    0.70   0.11   0.13
2025-04-23T15:28:01.996301+08:00 Dky_app_00 linx[47782]: sdb               0.00     0.00    9.08   71.73   595.36  4604.21    64.34     0.01    0.18   0.29   2.33
2025-04-23T15:28:01.996320+08:00 Dky_app_00 linx[47782]: sdc               0.00     0.00    7.48   35.34   476.06  2281.28    64.39     0.00    0.83   0.70   3.00
2025-04-23T15:28:01.996353+08:00 Dky_app_00 linx[47782]: sdd               0.00     0.00    5.51    5.92   349.87   389.76    64.69     0.02    1.89   1.65   1.89
2025-04-23T15:28:01.996367+08:00 Dky_app_00 linx[47782]: sde               0.00     0.00    9.33   42.90   586.70   984.39    30.08     0.02    0.29   0.29   1.50
2025-04-23T15:28:01.996379+08:00 Dky_app_00 linx[47782]: sdf               0.00     0.00    0.00    0.00     0.00     0.00    28.80     0.00    8.78   8.77   0.00
2025-04-23T15:28:01.996400+08:00 Dky_app_00 linx[47782]: sdg               0.00     0.00    0.20    0.00     1.56     0.00     8.00     0.00    0.10   0.10   0.00
2025-04-23T15:28:01.996423+08:00 Dky_app_00 linx[47782]: sdh               0.00     0.00    0.10    4.38     2.46  2869.93   641.69     0.00    0.85   1.66   0.74
2025-04-23T15:28:01.996438+08:00 Dky_app_00 linx[47782]: sdi               0.00     0.00    9.09   71.71   596.33  4603.23    64.34     0.01    0.08   0.24   1.91
2025-04-23T15:28:01.996454+08:00 Dky_app_00 linx[47782]: sdj               0.00     0.00    7.47   35.35   475.65  2281.72    64.39     0.01    0.93   0.02   0.08
2025-04-23T15:28:01.996478+08:00 Dky_app_00 linx[47782]: sdk               0.00     0.00    5.51    5.92   350.04   389.60    64.69     0.02    1.78   1.58   1.80
2025-04-23T15:28:01.996493+08:00 Dky_app_00 linx[47782]: sdl               0.00     0.00    9.10   43.13   569.60  1000.54    30.06     0.02    0.37   0.37   1.93
2025-04-23T15:28:01.996518+08:00 Dky_app_00 linx[47782]: sdm               0.00     0.00    0.00    0.00     0.00     0.00    28.51     0.00    0.20   0.20   0.00
2025-04-23T15:28:01.996531+08:00 Dky_app_00 linx[47782]: sdn               0.00     0.00    0.20    0.00     1.56     0.00     8.00     0.00    0.10   0.10   0.00
2025-04-23T15:28:01.996536+08:00 Dky_app_00 linx[47782]: sdo               0.00     0.00    0.10    4.38     2.46  2855.89   638.54     0.00    0.52   1.57   0.70
2025-04-23T15:28:01.996548+08:00 Dky_app_00 linx[47782]: sdq               0.00     0.00    7.47   35.36   475.33  2282.02    64.39     0.01    0.92   0.02   0.07
2025-04-23T15:28:01.996573+08:00 Dky_app_00 linx[47782]: sdr               0.00     0.00    5.52    5.92   350.21   389.42    64.69     0.02    1.78   1.57   1.80
2025-04-23T15:28:01.996578+08:00 Dky_app_00 linx[47782]: sds               0.00     0.00    9.21   43.02   577.26  1007.98    30.35     0.02    0.36   0.36   1.90
2025-04-23T15:28:01.996604+08:00 Dky_app_00 linx[47782]: sdt               0.00     0.00    0.00    0.00     0.00     0.00    28.50     0.00    0.16   0.16   0.00
2025-04-23T15:28:01.996618+08:00 Dky_app_00 linx[47782]: sdu               0.00     0.00    0.20    0.00     1.56     0.00     8.00     0.00    0.09   0.09   0.00
2025-04-23T15:28:01.996623+08:00 Dky_app_00 linx[47782]: sdv               0.00     0.00    0.10    4.38     2.46  2844.60   636.01     0.00    0.52   1.57   0.70
2025-04-23T15:28:01.996643+08:00 Dky_app_00 linx[47782]: sdw               0.00     0.00    9.09   71.72   595.91  4603.66    64.34     0.01    0.18   0.29   2.34
2025-04-23T15:28:01.996657+08:00 Dky_app_00 linx[47782]: sdx               0.00     0.00    7.48   35.35   475.68  2281.66    64.39     0.00    0.83   0.71   3.02
2025-04-23T15:28:01.996670+08:00 Dky_app_00 linx[47782]: sdy               0.00     0.00    5.51    5.92   350.00   389.63    64.69     0.02    1.92   1.67   1.91
2025-04-23T15:28:01.996681+08:00 Dky_app_00 linx[47782]: sdz               0.00     0.00    9.36   42.87   587.87   996.03    30.33     0.02    0.29   0.29   1.50
2025-04-23T15:28:01.996685+08:00 Dky_app_00 linx[47782]: sdab              0.00     0.00    0.20    0.00     1.56     0.00     8.00     0.00    0.09   0.09   0.00
2025-04-23T15:28:01.996701+08:00 Dky_app_00 linx[47782]: sdaa              0.00     0.00    0.00    0.00     0.00     0.00    28.48     0.00    0.22   0.22   0.00
2025-04-23T15:28:01.996721+08:00 Dky_app_00 linx[47782]: sdac              0.00     0.00    0.10    4.38     2.46  2852.43   637.77     0.00    0.84   1.66   0.74
2025-04-23T15:28:01.996747+08:00 Dky_app_00 linx[47782]: sdad              0.00     0.00    9.08   71.73   595.15  4604.41    64.34     0.01    0.08   0.23   1.89
2025-04-23T15:28:01.996759+08:00 Dky_app_00 linx[47782]: sdaf              0.00     0.00    5.51    5.92   349.85   389.78    64.69     0.02    1.79   1.58   1.80
2025-04-23T15:28:01.996770+08:00 Dky_app_00 linx[47782]: sdag              0.00     0.00    9.34   42.89   587.82   983.15    30.08     0.02    0.36   0.36   1.89
2025-04-23T15:28:01.996784+08:00 Dky_app_00 linx[47782]: sdah              0.00     0.00    0.00    0.00     0.00     0.00    28.56     0.00    0.12   0.12   0.00
2025-04-23T15:28:01.996809+08:00 Dky_app_00 linx[47782]: sdae              0.00     0.00    7.48   35.34   476.16  2281.19    64.39     0.01    0.92   0.01   0.06
2025-04-23T15:28:01.996820+08:00 Dky_app_00 linx[47782]: sdai              0.00     0.00    0.20    0.00     1.56     0.00     8.00     0.00    0.08   0.08   0.00
2025-04-23T15:28:01.996846+08:00 Dky_app_00 linx[47782]: sdaj              0.00     0.00    0.10    4.38     2.46  2868.45   641.34     0.00    0.51   1.57   0.70
2025-04-23T15:28:01.996859+08:00 Dky_app_00 linx[47782]: sdak              0.00     0.00    9.10   71.71   596.67  4602.88    64.34     0.01    0.08   0.23   1.88
2025-04-23T15:28:01.996882+08:00 Dky_app_00 linx[47782]: sdal              0.00     0.00    7.47   35.35   475.40  2281.96    64.39     0.01    0.92   0.02   0.06
2025-04-23T15:28:01.996906+08:00 Dky_app_00 linx[47782]: sdam              0.00     0.00    5.51    5.92   350.14   389.49    64.69     0.02    1.78   1.57   1.79
2025-04-23T15:28:01.996916+08:00 Dky_app_00 linx[47782]: sdan              0.00     0.00    9.17   43.06   574.91  1006.78    30.28     0.02    0.36   0.36   1.86
2025-04-23T15:28:01.996941+08:00 Dky_app_00 linx[47782]: sdao              0.00     0.00    0.00    0.00     0.00     0.00    28.57     0.00    0.13   0.13   0.00
2025-04-23T15:28:01.996958+08:00 Dky_app_00 linx[47782]: sdap              0.00     0.00    0.20    0.00     1.56     0.00     8.00     0.00    0.08   0.08   0.00
2025-04-23T15:28:01.996982+08:00 Dky_app_00 linx[47782]: sdaq              0.00     0.00    0.10    4.38     2.46  2847.05   636.56     0.00    0.51   1.57   0.70
2025-04-23T15:28:01.996989+08:00 Dky_app_00 linx[47782]: sdar              0.00     0.00    9.11   71.70   597.32  4602.24    64.34     0.02    0.19   0.30   2.39
2025-04-23T15:28:01.997017+08:00 Dky_app_00 linx[47782]: sdas              0.00     0.00    7.47   35.36   475.27  2282.08    64.39     0.00    0.85   0.72   3.07
2025-04-23T15:28:01.997029+08:00 Dky_app_00 linx[47782]: sdat              0.00     0.00    5.52    5.92   350.26   389.37    64.69     0.02    1.96   1.70   1.94
2025-04-23T15:28:01.997044+08:00 Dky_app_00 linx[47782]: sdau              0.00     0.00    9.22   43.01   577.54  1008.68    30.37     0.02    0.31   0.30   1.59
2025-04-23T15:28:01.997060+08:00 Dky_app_00 linx[47782]: sdav              0.00    11.20    0.30    0.11    75.39    90.50   406.11     0.01   12.52   0.70   0.03
2025-04-23T15:28:01.997078+08:00 Dky_app_00 linx[47782]: sdaw              0.00     0.00    0.20    0.00     1.56     0.00     8.00     0.00    0.08   0.08   0.00
2025-04-23T15:28:01.997098+08:00 Dky_app_00 linx[47782]: sday              0.00     0.00    9.08   71.73   595.64  4603.92    64.34     0.01    0.17   0.29   2.31
2025-04-23T15:28:01.997122+08:00 Dky_app_00 linx[47782]: sdaz              0.00     0.00    7.48   35.35   475.90  2281.44    64.39     0.00    0.83   0.70   2.99
2025-04-23T15:28:01.997134+08:00 Dky_app_00 linx[47782]: sdba              0.00     0.00    5.51    5.92   349.90   389.73    64.69     0.02    1.90   1.65   1.89
2025-04-23T15:28:01.997151+08:00 Dky_app_00 linx[47782]: sdbb              0.00     0.00    9.34   42.89   586.93   987.34    30.14     0.01    0.28   0.28   1.45
2025-04-23T15:28:01.997166+08:00 Dky_app_00 linx[47782]: sdbc              0.00     0.00    0.00    0.00     0.00     0.00    28.53     0.00    0.21   0.21   0.00
2025-04-23T15:28:01.997181+08:00 Dky_app_00 linx[47782]: sdbd              0.00     0.00    0.20    0.00     1.56     0.00     8.00     0.00    0.07   0.07   0.00
2025-04-23T15:28:01.997201+08:00 Dky_app_00 linx[47782]: sdbe              0.00     0.00    0.10    4.38     2.46  2843.96   635.88     0.00    0.82   1.65   0.74
2025-04-23T15:28:01.997222+08:00 Dky_app_00 linx[47782]: sdax              0.00     0.00    0.10    4.38     2.46  2871.72   642.09     0.00    0.85   1.66   0.74
2025-04-23T15:28:01.997235+08:00 Dky_app_00 linx[47782]: dm-0              0.00     0.70   72.34  573.74  4766.20 36827.11    64.38     0.03    0.04   0.04   2.82
2025-04-23T15:28:01.997256+08:00 Dky_app_00 linx[47782]: dm-1              0.00     0.34   59.40  282.80  3802.26 18253.35    64.45     0.01    0.04   0.05   1.69
2025-04-23T15:28:01.997267+08:00 Dky_app_00 linx[47782]: dm-2              0.01     0.04   43.70   47.37  2797.07  3116.77    64.94     0.01    0.46   0.18   1.60
2025-04-23T15:28:01.997282+08:00 Dky_app_00 linx[47782]: dm-3              0.00     0.00   73.67  343.77  4645.42  7974.88    30.23     0.01    0.10   0.01   0.60
2025-04-23T15:28:01.997298+08:00 Dky_app_00 linx[47782]: dm-4              0.00     0.00    0.00    0.00     0.00     0.00    15.59     0.00   17.28  17.28   0.00
2025-04-23T15:28:01.997313+08:00 Dky_app_00 linx[47782]: dm-5              0.00  2821.71    0.37   35.04    16.46 22854.04   645.84     0.01    0.38   0.29   1.02
2025-04-23T15:28:01.997331+08:00 Dky_app_00 linx[47782]: dm-6              0.00     0.00   25.49    3.00   333.40     3.00    11.81     0.01    0.36   0.36   1.02
2025-04-23T15:28:01.997358+08:00 Dky_app_00 linx[47782]: dm-7              0.00     0.00   45.80    0.00  4287.06     0.03    93.60     0.02    0.41   0.41   1.89
2025-04-23T15:28:01.997380+08:00 Dky_app_00 linx[47782]: dm-8              0.00     0.00    2.38  340.77    24.97  7971.85    23.30     0.01    0.03   0.03   1.04
2025-04-23T15:28:01.997388+08:00 Dky_app_00 linx[47782]: dm-9              0.00     0.00    0.37 2856.76    16.45 22854.04     8.00     0.02    0.00   0.00   1.03
2025-04-23T15:28:01.997413+08:00 Dky_app_00 linx[47782]:
2025-04-23T15:28:01.998576+08:00 Dky_app_00 linx[47784]: netstat -an |grep -i 'established'|wc -l
2025-04-23T15:30:01.812758+08:00 Dky_app_00 /usr/sbin/cron[50674]: (root) CMD (sh /usr/bin/msmp >> /var/log/msmp.log )
2025-04-23T15:30:01.812788+08:00 Dky_app_00 /usr/sbin/cron[50675]: (sysadmin) CMD (/usr/sbin/get_system_load_average_15_minutes.sh)
2025-04-23T15:30:01.812993+08:00 Dky_app_00 /usr/sbin/cron[50676]: (sysadmin) CMD (/usr/sbin/get_max_mem_process.sh)
2025-04-23T15:30:01.813060+08:00 Dky_app_00 /usr/sbin/cron[50677]: (root) CMD (/usr/local/rising/linuxRav/bin/ravdaemon > /dev/null 2>&1)
2025-04-23T15:30:01.813149+08:00 Dky_app_00 /usr/sbin/cron[50678]: (dmdba) CMD (sh net_colsewait_mon.sh)
2025-04-23T15:30:01.813270+08:00 Dky_app_00 /usr/sbin/cron[50679]: (dmdba) CMD (sh /home/dmdba/dm/db_sessmon.sh)
2025-04-23T15:30:01.815970+08:00 Dky_app_00 linx[50683]: uptime
2025-04-23T15:30:01.863118+08:00 Dky_app_00 linx[50696]:  15:30:01 up 1551 days,  3:12,  8 users,  load average: 76.69, 73.73, 67.89
2025-04-23T15:30:01.864221+08:00 Dky_app_00 linx[50713]: free -m
2025-04-23T15:30:01.867719+08:00 Dky_app_00 linx[50715]:              total       used       free     shared    buffers     cached
2025-04-23T15:30:01.867750+08:00 Dky_app_00 linx[50715]: Mem:        516904     366070     150834          0        104      69016
2025-04-23T15:30:01.867757+08:00 Dky_app_00 linx[50715]: -/+ buffers/cache:     296949     219955
2025-04-23T15:30:01.867782+08:00 Dky_app_00 linx[50715]: Swap:        61034          0      61034
2025-04-23T15:30:01.869062+08:00 Dky_app_00 linx[50717]: df -h
2025-04-23T15:30:01.870433+08:00 Dky_app_00 linx[50719]: Filesystem            Size  Used Avail Use% Mounted on
2025-04-23T15:30:01.870456+08:00 Dky_app_00 linx[50719]: /dev/sda2             185G   75G  101G  43% /
2025-04-23T15:30:01.870487+08:00 Dky_app_00 linx[50719]: /dev/sda3             585G  197G  359G  36% /home
2025-04-23T15:30:01.870520+08:00 Dky_app_00 linx[50719]: /dev/sdav             3.0T  1.3T  1.6T  45% /dbbak
2025-04-23T15:30:01.870542+08:00 Dky_app_00 linx[50719]: /dev/mapper/dmarch_22-arch
2025-04-23T15:30:01.870577+08:00 Dky_app_00 linx[50719]:                       886G  680G  162G  81% /dbarch
2025-04-23T15:30:01.870604+08:00 Dky_app_00 linx[50719]: tmpfs                  20M   36K   20M   1% /tmp/smp
2025-04-23T15:30:01.870637+08:00 Dky_app_00 linx[50719]: 192.168.9.23:/dbarch/arch_rac1
2025-04-23T15:30:01.870645+08:00 Dky_app_00 linx[50719]:                       788G  681G   68G  91% /dbarch/arch_dsc1_kafka
2025-04-23T15:30:01.871820+08:00 Dky_app_00 linx[50721]: df -ih
2025-04-23T15:30:01.873165+08:00 Dky_app_00 linx[50723]: Filesystem            Inodes   IUsed   IFree IUse% Mounted on
2025-04-23T15:30:01.873185+08:00 Dky_app_00 linx[50723]: /dev/sda2                12M    2.1M    9.7M   18% /
2025-04-23T15:30:01.873220+08:00 Dky_app_00 linx[50723]: /dev/sda3                37M     28K     37M    1% /home
2025-04-23T15:30:01.873253+08:00 Dky_app_00 linx[50723]: /dev/sdav               192M     11K    192M    1% /dbbak
2025-04-23T15:30:01.873284+08:00 Dky_app_00 linx[50723]: /dev/mapper/dmarch_22-arch
2025-04-23T15:30:01.873307+08:00 Dky_app_00 linx[50723]:                          57M     463     57M    1% /dbarch
2025-04-23T15:30:01.873315+08:00 Dky_app_00 linx[50723]: tmpfs                    64M      13     64M    1% /tmp/smp
2025-04-23T15:30:01.873342+08:00 Dky_app_00 linx[50723]: 192.168.9.23:/dbarch/arch_rac1
2025-04-23T15:30:01.873384+08:00 Dky_app_00 linx[50723]:                          50M     353     50M    1% /dbarch/arch_dsc1_kafka
2025-04-23T15:30:01.874521+08:00 Dky_app_00 linx[50725]: iostat -x
2025-04-23T15:30:01.880339+08:00 Dky_app_00 linx[50727]: Linux 2.6.32-Rocky4.2-x86_64 (Dky_app_00) #01104/23/25 #011_x86_64_
2025-04-23T15:30:01.880355+08:00 Dky_app_00 linx[50727]:
2025-04-23T15:30:01.884280+08:00 Dky_app_00 linx[50727]: avg-cpu:  %user   %nice %system %iowait  %steal   %idle
2025-04-23T15:30:01.884340+08:00 Dky_app_00 linx[50727]:            3.47    0.00    1.30    0.67    0.00   94.61
2025-04-23T15:30:01.884415+08:00 Dky_app_00 linx[50727]:
2025-04-23T15:30:01.884455+08:00 Dky_app_00 linx[50727]: Device:         rrqm/s   wrqm/s     r/s     w/s   rsec/s   wsec/s avgrq-sz avgqu-sz   await  svctm  %util
2025-04-23T15:30:01.884535+08:00 Dky_app_00 linx[50727]: sda               0.02   223.59    0.15   13.30    17.72  1895.13   142.21     0.01    0.68   0.13   0.18
2025-04-23T15:30:01.884588+08:00 Dky_app_00 linx[50727]: sda1              0.00     0.00    0.00    0.00     0.00     0.00    40.85     0.00    2.01   2.01   0.00
2025-04-23T15:30:01.884652+08:00 Dky_app_00 linx[50727]: sda2              0.02    18.33    0.06    1.67     8.47   159.99    97.22     0.00    0.54   0.35   0.06
2025-04-23T15:30:01.884716+08:00 Dky_app_00 linx[50727]: sda3              0.00   205.26    0.08   11.63     9.25  1735.14   148.86     0.01    0.70   0.11   0.13
2025-04-23T15:30:01.884790+08:00 Dky_app_00 linx[50727]: sdb               0.00     0.00    9.08   71.73   595.36  4604.20    64.34     0.01    0.18   0.29   2.33
2025-04-23T15:30:01.884860+08:00 Dky_app_00 linx[50727]: sdc               0.00     0.00    7.48   35.34   476.06  2281.28    64.39     0.00    0.83   0.70   3.00
2025-04-23T15:30:01.884937+08:00 Dky_app_00 linx[50727]: sdd               0.00     0.00    5.51    5.92   349.87   389.76    64.69     0.02    1.89   1.65   1.89
2025-04-23T15:30:01.885003+08:00 Dky_app_00 linx[50727]: sde               0.00     0.00    9.33   42.90   586.70   984.39    30.08     0.02    0.29   0.29   1.50
2025-04-23T15:30:01.885071+08:00 Dky_app_00 linx[50727]: sdf               0.00     0.00    0.00    0.00     0.00     0.00    28.80     0.00    8.78   8.77   0.00
2025-04-23T15:30:01.885137+08:00 Dky_app_00 linx[50727]: sdg               0.00     0.00    0.20    0.00     1.56     0.00     8.00     0.00    0.10   0.10   0.00
2025-04-23T15:30:01.885170+08:00 Dky_app_00 linx[50727]: sdh               0.00     0.00    0.10    4.38     2.46  2869.93   641.69     0.00    0.85   1.66   0.74
2025-04-23T15:30:01.885231+08:00 Dky_app_00 linx[50727]: sdi               0.00     0.00    9.09   71.71   596.33  4603.23    64.34     0.01    0.08   0.24   1.91
2025-04-23T15:30:01.885288+08:00 Dky_app_00 linx[50727]: sdj               0.00     0.00    7.47   35.35   475.65  2281.71    64.39     0.01    0.93   0.02   0.08
2025-04-23T15:30:01.885310+08:00 Dky_app_00 linx[50727]: sdk               0.00     0.00    5.51    5.92   350.04   389.60    64.69     0.02    1.78   1.58   1.80
2025-04-23T15:30:01.885355+08:00 Dky_app_00 linx[50727]: sdl               0.00     0.00    9.10   43.13   569.60  1000.54    30.06     0.02    0.37   0.37   1.93
2025-04-23T15:30:01.885406+08:00 Dky_app_00 linx[50727]: sdm               0.00     0.00    0.00    0.00     0.00     0.00    28.51     0.00    0.20   0.20   0.00
2025-04-23T15:30:01.885462+08:00 Dky_app_00 linx[50727]: sdn               0.00     0.00    0.20    0.00     1.56     0.00     8.00     0.00    0.10   0.10   0.00
2025-04-23T15:30:01.885525+08:00 Dky_app_00 linx[50727]: sdo               0.00     0.00    0.10    4.38     2.46  2855.89   638.54     0.00    0.52   1.57   0.70
2025-04-23T15:30:01.885595+08:00 Dky_app_00 linx[50727]: sdq               0.00     0.00    7.47   35.36   475.33  2282.02    64.39     0.01    0.92   0.02   0.07
2025-04-23T15:30:01.885641+08:00 Dky_app_00 linx[50727]: sdr               0.00     0.00    5.52    5.92   350.21   389.42    64.69     0.02    1.78   1.57   1.80
2025-04-23T15:30:01.885722+08:00 Dky_app_00 linx[50727]: sds               0.00     0.00    9.21   43.02   577.26  1007.98    30.35     0.02    0.36   0.36   1.90
2025-04-23T15:30:01.885745+08:00 Dky_app_00 linx[50727]: sdt               0.00     0.00    0.00    0.00     0.00     0.00    28.50     0.00    0.16   0.16   0.00
2025-04-23T15:30:01.885805+08:00 Dky_app_00 linx[50727]: sdu               0.00     0.00    0.20    0.00     1.56     0.00     8.00     0.00    0.09   0.09   0.00
2025-04-23T15:30:01.885871+08:00 Dky_app_00 linx[50727]: sdv               0.00     0.00    0.10    4.38     2.46  2844.59   636.01     0.00    0.52   1.57   0.70
2025-04-23T15:30:01.885926+08:00 Dky_app_00 linx[50727]: sdw               0.00     0.00    9.09   71.72   595.91  4603.65    64.34     0.01    0.18   0.29   2.34
2025-04-23T15:30:01.885987+08:00 Dky_app_00 linx[50727]: sdx               0.00     0.00    7.47   35.35   475.68  2281.66    64.39     0.00    0.83   0.71   3.02
2025-04-23T15:30:01.886049+08:00 Dky_app_00 linx[50727]: sdy               0.00     0.00    5.51    5.92   350.00   389.63    64.69     0.02    1.92   1.67   1.91
2025-04-23T15:30:01.886117+08:00 Dky_app_00 linx[50727]: sdz               0.00     0.00    9.36   42.87   587.87   996.03    30.33     0.02    0.29   0.29   1.50
2025-04-23T15:30:01.886172+08:00 Dky_app_00 linx[50727]: sdab              0.00     0.00    0.20    0.00     1.56     0.00     8.00     0.00    0.09   0.09   0.00
2025-04-23T15:30:01.886250+08:00 Dky_app_00 linx[50727]: sdaa              0.00     0.00    0.00    0.00     0.00     0.00    28.48     0.00    0.22   0.22   0.00
2025-04-23T15:30:01.886302+08:00 Dky_app_00 linx[50727]: sdac              0.00     0.00    0.10    4.38     2.46  2852.43   637.77     0.00    0.84   1.66   0.74
2025-04-23T15:30:01.886379+08:00 Dky_app_00 linx[50727]: sdad              0.00     0.00    9.08   71.73   595.15  4604.40    64.34     0.01    0.08   0.23   1.89
2025-04-23T15:30:01.886420+08:00 Dky_app_00 linx[50727]: sdaf              0.00     0.00    5.51    5.92   349.85   389.78    64.69     0.02    1.79   1.58   1.80
2025-04-23T15:30:01.886477+08:00 Dky_app_00 linx[50727]: sdag              0.00     0.00    9.34   42.89   587.82   983.15    30.08     0.02    0.36   0.36   1.89
2025-04-23T15:30:01.886511+08:00 Dky_app_00 linx[50727]: sdah              0.00     0.00    0.00    0.00     0.00     0.00    28.56     0.00    0.12   0.12   0.00
2025-04-23T15:30:01.886563+08:00 Dky_app_00 linx[50727]: sdae              0.00     0.00    7.48   35.34   476.16  2281.19    64.39     0.01    0.92   0.01   0.06
2025-04-23T15:30:01.886622+08:00 Dky_app_00 linx[50727]: sdai              0.00     0.00    0.20    0.00     1.56     0.00     8.00     0.00    0.08   0.08   0.00
2025-04-23T15:30:01.886680+08:00 Dky_app_00 linx[50727]: sdaj              0.00     0.00    0.10    4.38     2.46  2868.45   641.34     0.00    0.51   1.57   0.70
2025-04-23T15:30:01.886746+08:00 Dky_app_00 linx[50727]: sdak              0.00     0.00    9.10   71.71   596.67  4602.87    64.34     0.01    0.08   0.23   1.88
2025-04-23T15:30:01.886802+08:00 Dky_app_00 linx[50727]: sdal              0.00     0.00    7.47   35.35   475.40  2281.95    64.39     0.01    0.92   0.02   0.06
2025-04-23T15:30:01.886824+08:00 Dky_app_00 linx[50727]: sdam              0.00     0.00    5.51    5.92   350.14   389.49    64.69     0.02    1.78   1.57   1.79
2025-04-23T15:30:01.886836+08:00 Dky_app_00 linx[50727]: sdan              0.00     0.00    9.17   43.06   574.91  1006.78    30.28     0.02    0.36   0.36   1.86
2025-04-23T15:30:01.886869+08:00 Dky_app_00 linx[50727]: sdao              0.00     0.00    0.00    0.00     0.00     0.00    28.57     0.00    0.13   0.13   0.00
2025-04-23T15:30:01.886913+08:00 Dky_app_00 linx[50727]: sdap              0.00     0.00    0.20    0.00     1.56     0.00     8.00     0.00    0.08   0.08   0.00
2025-04-23T15:30:01.886974+08:00 Dky_app_00 linx[50727]: sdaq              0.00     0.00    0.10    4.38     2.46  2847.05   636.56     0.00    0.51   1.57   0.70
2025-04-23T15:30:01.887014+08:00 Dky_app_00 linx[50727]: sdar              0.00     0.00    9.11   71.70   597.32  4602.23    64.34     0.02    0.19   0.30   2.39
2025-04-23T15:30:01.887093+08:00 Dky_app_00 linx[50727]: sdas              0.00     0.00    7.47   35.36   475.27  2282.08    64.39     0.00    0.85   0.72   3.07
2025-04-23T15:30:01.887143+08:00 Dky_app_00 linx[50727]: sdat              0.00     0.00    5.52    5.92   350.26   389.37    64.69     0.02    1.96   1.70   1.94
2025-04-23T15:30:01.887205+08:00 Dky_app_00 linx[50727]: sdau              0.00     0.00    9.22   43.01   577.54  1008.68    30.37     0.02    0.31   0.30   1.59
2025-04-23T15:30:01.887265+08:00 Dky_app_00 linx[50727]: sdav              0.00    11.20    0.30    0.11    75.39    90.50   406.11     0.01   12.52   0.70   0.03
2025-04-23T15:30:01.887340+08:00 Dky_app_00 linx[50727]: sdaw              0.00     0.00    0.20    0.00     1.56     0.00     8.00     0.00    0.08   0.08   0.00
2025-04-23T15:30:01.887409+08:00 Dky_app_00 linx[50727]: sday              0.00     0.00    9.08   71.73   595.64  4603.91    64.34     0.01    0.17   0.29   2.31
2025-04-23T15:30:01.887480+08:00 Dky_app_00 linx[50727]: sdaz              0.00     0.00    7.48   35.35   475.90  2281.44    64.39     0.00    0.83   0.70   2.99
2025-04-23T15:30:01.887548+08:00 Dky_app_00 linx[50727]: sdba              0.00     0.00    5.51    5.92   349.90   389.73    64.69     0.02    1.90   1.65   1.89
2025-04-23T15:30:01.887608+08:00 Dky_app_00 linx[50727]: sdbb              0.00     0.00    9.34   42.89   586.93   987.33    30.14     0.01    0.28   0.28   1.45
2025-04-23T15:30:01.887679+08:00 Dky_app_00 linx[50727]: sdbc              0.00     0.00    0.00    0.00     0.00     0.00    28.53     0.00    0.21   0.21   0.00
2025-04-23T15:30:01.887723+08:00 Dky_app_00 linx[50727]: sdbd              0.00     0.00    0.20    0.00     1.56     0.00     8.00     0.00    0.07   0.07   0.00
2025-04-23T15:30:01.887793+08:00 Dky_app_00 linx[50727]: sdbe              0.00     0.00    0.10    4.38     2.46  2843.96   635.88     0.00    0.82   1.65   0.74
2025-04-23T15:30:01.887863+08:00 Dky_app_00 linx[50727]: sdax              0.00     0.00    0.10    4.38     2.46  2871.72   642.09     0.00    0.85   1.66   0.74
2025-04-23T15:30:01.887929+08:00 Dky_app_00 linx[50727]: dm-0              0.00     0.70   72.34  573.74  4766.19 36827.07    64.38     0.03    0.04   0.04   2.82
2025-04-23T15:30:01.887997+08:00 Dky_app_00 linx[50727]: dm-1              0.00     0.34   59.40  282.80  3802.25 18253.33    64.45     0.01    0.04   0.05   1.69
2025-04-23T15:30:01.888066+08:00 Dky_app_00 linx[50727]: dm-2              0.01     0.04   43.70   47.37  2797.07  3116.77    64.94     0.01    0.46   0.18   1.60
2025-04-23T15:30:01.888135+08:00 Dky_app_00 linx[50727]: dm-3              0.00     0.00   73.67  343.77  4645.42  7974.87    30.23     0.01    0.10   0.01   0.60
2025-04-23T15:30:01.888198+08:00 Dky_app_00 linx[50727]: dm-4              0.00     0.00    0.00    0.00     0.00     0.00    15.59     0.00   17.28  17.28   0.00
2025-04-23T15:30:01.888264+08:00 Dky_app_00 linx[50727]: dm-5              0.00  2821.71    0.37   35.04    16.46 22854.02   645.84     0.01    0.38   0.29   1.02
2025-04-23T15:30:01.888328+08:00 Dky_app_00 linx[50727]: dm-6              0.00     0.00   25.49    3.00   333.40     3.00    11.81     0.01    0.36   0.36   1.02
2025-04-23T15:30:01.888389+08:00 Dky_app_00 linx[50727]: dm-7              0.00     0.00   45.80    0.00  4287.06     0.03    93.60     0.02    0.41   0.41   1.89
2025-04-23T15:30:01.888433+08:00 Dky_app_00 linx[50727]: dm-8              0.00     0.00    2.38  340.77    24.97  7971.84    23.30     0.01    0.03   0.03   1.04
2025-04-23T15:30:01.888481+08:00 Dky_app_00 linx[50727]: dm-9              0.00     0.00    0.37 2856.75    16.45 22854.02     8.00     0.02    0.00   0.00   1.03
2025-04-23T15:30:01.888546+08:00 Dky_app_00 linx[50727]:
2025-04-23T15:30:01.890036+08:00 Dky_app_00 linx[50733]: netstat -an |grep -i 'established'|wc -l
2025-04-23T15:30:01.926093+08:00 Dky_app_00 linx[50737]: 1024
2025-04-23T15:30:01.927447+08:00 Dky_app_00 linx[50739]: date
2025-04-23T15:30:01.928956+08:00 Dky_app_00 linx[50741]: Wed Apr 23 15:30:01 CST 2025
2025-04-23T15:30:01.930367+08:00 Dky_app_00 linx[50743]: cat   /proc/buddyinfo
2025-04-23T15:30:01.931855+08:00 Dky_app_00 linx[50745]: Node 0, zone      DMA      1      1      1      1      2      1      0      0      1      1      3
2025-04-23T15:30:01.931940+08:00 Dky_app_00 linx[50745]: Node 0, zone    DMA32     80     36     45     33     25     34     10     11      9     54     29
2025-04-23T15:30:01.931997+08:00 Dky_app_00 linx[50745]: Node 0, zone   Normal     75    909    643    195   1381    268  20934  12620   4973      4      0
2025-04-23T15:30:01.932086+08:00 Dky_app_00 linx[50745]: Node 1, zone   Normal   1190    450    234    223   1472  24323  21276  10932   3747     11    341
2025-04-23T15:30:01.932156+08:00 Dky_app_00 linx[50745]: Node 2, zone   Normal  10577   2399    766    294    193    576   6374   6427   2193    272    678
2025-04-23T15:30:01.932205+08:00 Dky_app_00 linx[50745]: Node 3, zone   Normal     96   4437   5352    963  12047  60791  32865  12334   3069      4      0
2025-04-23T15:30:01.932254+08:00 Dky_app_00 linx[50745]: Node 4, zone   Normal   5089  15683  44383  75532  96172  64353  33133  10318   1571      4      0
2025-04-23T15:30:01.932329+08:00 Dky_app_00 linx[50745]: Node 5, zone   Normal     64    407    446    164   1124   6397  19972   9994   3675      7    301
2025-04-23T15:30:01.932385+08:00 Dky_app_00 linx[50745]: Node 6, zone   Normal  17219  20339  18175  17126  16489   2689   8389   4590   1379      4      0
2025-04-23T15:30:01.932440+08:00 Dky_app_00 linx[50745]: Node 7, zone   Normal     24    488  25751  39101  42023  31373  19806  10575   3791      4      0
2025-04-23T15:30:01.933945+08:00 Dky_app_00 linx[50748]: top-detail:
2025-04-23T15:32:01.755955+08:00 Dky_app_00 /usr/sbin/cron[53629]: (root) CMD (sh /usr/bin/msmp >> /var/log/msmp.log )
2025-04-23T15:32:01.755984+08:00 Dky_app_00 /usr/sbin/cron[53630]: (sysadmin) CMD (/usr/sbin/get_max_mem_process.sh)
2025-04-23T15:32:01.756142+08:00 Dky_app_00 /usr/sbin/cron[53631]: (dmdba) CMD (sh net_colsewait_mon.sh)
2025-04-23T15:32:01.756192+08:00 Dky_app_00 /usr/sbin/cron[53632]: (dmdba) CMD (sh /home/dmdba/dm/db_sessmon.sh)
2025-04-23T15:32:01.759113+08:00 Dky_app_00 linx[53636]: uptime
2025-04-23T15:32:01.773888+08:00 Dky_app_00 linx[53644]:  15:32:01 up 1551 days,  3:14,  8 users,  load average: 78.31, 75.26, 69.15
2025-04-23T15:32:01.775211+08:00 Dky_app_00 linx[53653]: free -m
2025-04-23T15:32:01.778864+08:00 Dky_app_00 linx[53655]:              total       used       free     shared    buffers     cached
2025-04-23T15:32:01.778903+08:00 Dky_app_00 linx[53655]: Mem:        516904     366680     150224          0        104      68943
2025-04-23T15:32:01.778920+08:00 Dky_app_00 linx[53655]: -/+ buffers/cache:     297631     219272
2025-04-23T15:32:01.778989+08:00 Dky_app_00 linx[53655]: Swap:        61034          0      61034
2025-04-23T15:32:01.780213+08:00 Dky_app_00 linx[53657]: df -h
2025-04-23T15:32:01.781701+08:00 Dky_app_00 linx[53659]: Filesystem            Size  Used Avail Use% Mounted on
2025-04-23T15:32:01.781722+08:00 Dky_app_00 linx[53659]: /dev/sda2             185G   75G  101G  43% /
2025-04-23T15:32:01.781745+08:00 Dky_app_00 linx[53659]: /dev/sda3             585G  197G  359G  36% /home
2025-04-23T15:32:01.781755+08:00 Dky_app_00 linx[53659]: /dev/sdav             3.0T  1.3T  1.6T  45% /dbbak
2025-04-23T15:32:01.781809+08:00 Dky_app_00 linx[53659]: /dev/mapper/dmarch_22-arch
2025-04-23T15:32:01.781857+08:00 Dky_app_00 linx[53659]:                       886G  680G  162G  81% /dbarch
2025-04-23T15:32:01.781886+08:00 Dky_app_00 linx[53659]: tmpfs                  20M   48K   20M   1% /tmp/smp
2025-04-23T15:32:01.781916+08:00 Dky_app_00 linx[53659]: 192.168.9.23:/dbarch/arch_rac1
2025-04-23T15:32:01.781974+08:00 Dky_app_00 linx[53659]:                       788G  681G   68G  91% /dbarch/arch_dsc1_kafka
2025-04-23T15:32:01.783321+08:00 Dky_app_00 linx[53661]: df -ih
2025-04-23T15:32:01.784715+08:00 Dky_app_00 linx[53663]: Filesystem            Inodes   IUsed   IFree IUse% Mounted on
2025-04-23T15:32:01.784747+08:00 Dky_app_00 linx[53663]: /dev/sda2                12M    2.1M    9.7M   18% /
2025-04-23T15:32:01.784796+08:00 Dky_app_00 linx[53663]: /dev/sda3                37M     28K     37M    1% /home
2025-04-23T15:32:01.784818+08:00 Dky_app_00 linx[53663]: /dev/sdav               192M     11K    192M    1% /dbbak
2025-04-23T15:32:01.784865+08:00 Dky_app_00 linx[53663]: /dev/mapper/dmarch_22-arch
2025-04-23T15:32:01.784899+08:00 Dky_app_00 linx[53663]:                          57M     463     57M    1% /dbarch
2025-04-23T15:32:01.784952+08:00 Dky_app_00 linx[53663]: tmpfs                    64M      13     64M    1% /tmp/smp
2025-04-23T15:32:01.784984+08:00 Dky_app_00 linx[53663]: 192.168.9.23:/dbarch/arch_rac1
2025-04-23T15:32:01.785016+08:00 Dky_app_00 linx[53663]:                          50M     353     50M    1% /dbarch/arch_dsc1_kafka
2025-04-23T15:32:01.786300+08:00 Dky_app_00 linx[53665]: iostat -x
2025-04-23T15:32:01.792601+08:00 Dky_app_00 linx[53667]: Linux 2.6.32-Rocky4.2-x86_64 (Dky_app_00) #01104/23/25 #011_x86_64_
2025-04-23T15:32:01.792627+08:00 Dky_app_00 linx[53667]:
2025-04-23T15:32:01.796436+08:00 Dky_app_00 linx[53667]: avg-cpu:  %user   %nice %system %iowait  %steal   %idle
2025-04-23T15:32:01.796477+08:00 Dky_app_00 linx[53667]:            3.47    0.00    1.30    0.67    0.00   94.61
2025-04-23T15:32:01.796524+08:00 Dky_app_00 linx[53667]:
2025-04-23T15:32:01.796571+08:00 Dky_app_00 linx[53667]: Device:         rrqm/s   wrqm/s     r/s     w/s   rsec/s   wsec/s avgrq-sz avgqu-sz   await  svctm  %util
2025-04-23T15:32:01.796609+08:00 Dky_app_00 linx[53667]: sda               0.02   223.59    0.15   13.30    17.72  1895.12   142.21     0.01    0.68   0.13   0.18
2025-04-23T15:32:01.796632+08:00 Dky_app_00 linx[53667]: sda1              0.00     0.00    0.00    0.00     0.00     0.00    40.85     0.00    2.01   2.01   0.00
2025-04-23T15:32:01.796645+08:00 Dky_app_00 linx[53667]: sda2              0.02    18.33    0.06    1.67     8.47   159.99    97.22     0.00    0.54   0.35   0.06
2025-04-23T15:32:01.796675+08:00 Dky_app_00 linx[53667]: sda3              0.00   205.26    0.08   11.63     9.25  1735.14   148.86     0.01    0.70   0.11   0.13
2025-04-23T15:32:01.796696+08:00 Dky_app_00 linx[53667]: sdb               0.00     0.00    9.08   71.73   595.36  4604.20    64.34     0.01    0.18   0.29   2.33
2025-04-23T15:32:01.796734+08:00 Dky_app_00 linx[53667]: sdc               0.00     0.00    7.48   35.34   476.06  2281.28    64.39     0.00    0.83   0.70   3.00
2025-04-23T15:32:01.796768+08:00 Dky_app_00 linx[53667]: sdd               0.00     0.00    5.51    5.92   349.87   389.76    64.69     0.02    1.89   1.65   1.89
2025-04-23T15:32:01.796799+08:00 Dky_app_00 linx[53667]: sde               0.00     0.00    9.33   42.90   586.70   984.38    30.08     0.02    0.29   0.29   1.50
2025-04-23T15:32:01.796848+08:00 Dky_app_00 linx[53667]: sdf               0.00     0.00    0.00    0.00     0.00     0.00    28.80     0.00    8.78   8.77   0.00
2025-04-23T15:32:01.796872+08:00 Dky_app_00 linx[53667]: sdg               0.00     0.00    0.20    0.00     1.56     0.00     8.00     0.00    0.10   0.10   0.00
2025-04-23T15:32:01.796909+08:00 Dky_app_00 linx[53667]: sdh               0.00     0.00    0.10    4.38     2.46  2869.93   641.69     0.00    0.85   1.66   0.74
2025-04-23T15:32:01.796951+08:00 Dky_app_00 linx[53667]: sdi               0.00     0.00    9.09   71.71   596.33  4603.22    64.34     0.01    0.08   0.24   1.91
2025-04-23T15:32:01.796992+08:00 Dky_app_00 linx[53667]: sdj               0.00     0.00    7.47   35.35   475.65  2281.71    64.39     0.01    0.93   0.02   0.08
2025-04-23T15:32:01.797032+08:00 Dky_app_00 linx[53667]: sdk               0.00     0.00    5.51    5.92   350.03   389.60    64.69     0.02    1.78   1.58   1.80
2025-04-23T15:32:01.797076+08:00 Dky_app_00 linx[53667]: sdl               0.00     0.00    9.10   43.13   569.60  1000.54    30.06     0.02    0.37   0.37   1.93
2025-04-23T15:32:01.797117+08:00 Dky_app_00 linx[53667]: sdm               0.00     0.00    0.00    0.00     0.00     0.00    28.51     0.00    0.20   0.20   0.00
2025-04-23T15:32:01.797142+08:00 Dky_app_00 linx[53667]: sdn               0.00     0.00    0.20    0.00     1.56     0.00     8.00     0.00    0.10   0.10   0.00
2025-04-23T15:32:01.797179+08:00 Dky_app_00 linx[53667]: sdo               0.00     0.00    0.10    4.38     2.46  2855.89   638.54     0.00    0.52   1.57   0.70
2025-04-23T15:32:01.797220+08:00 Dky_app_00 linx[53667]: sdq               0.00     0.00    7.47   35.36   475.33  2282.02    64.39     0.01    0.92   0.02   0.07
2025-04-23T15:32:01.797247+08:00 Dky_app_00 linx[53667]: sdr               0.00     0.00    5.52    5.92   350.21   389.42    64.69     0.02    1.78   1.57   1.80
2025-04-23T15:32:01.797283+08:00 Dky_app_00 linx[53667]: sds               0.00     0.00    9.21   43.02   577.26  1007.97    30.35     0.02    0.36   0.36   1.90
2025-04-23T15:32:01.797306+08:00 Dky_app_00 linx[53667]: sdt               0.00     0.00    0.00    0.00     0.00     0.00    28.50     0.00    0.16   0.16   0.00
2025-04-23T15:32:01.797344+08:00 Dky_app_00 linx[53667]: sdu               0.00     0.00    0.20    0.00     1.56     0.00     8.00     0.00    0.09   0.09   0.00
2025-04-23T15:32:01.797387+08:00 Dky_app_00 linx[53667]: sdv               0.00     0.00    0.10    4.38     2.46  2844.59   636.01     0.00    0.52   1.57   0.70
2025-04-23T15:32:01.797426+08:00 Dky_app_00 linx[53667]: sdw               0.00     0.00    9.09   71.72   595.91  4603.65    64.34     0.01    0.18   0.29   2.34
2025-04-23T15:32:01.797477+08:00 Dky_app_00 linx[53667]: sdx               0.00     0.00    7.47   35.35   475.68  2281.66    64.39     0.00    0.83   0.71   3.02
2025-04-23T15:32:01.797509+08:00 Dky_app_00 linx[53667]: sdy               0.00     0.00    5.51    5.92   350.00   389.63    64.69     0.02    1.92   1.67   1.91
2025-04-23T15:32:01.797549+08:00 Dky_app_00 linx[53667]: sdz               0.00     0.00    9.36   42.87   587.87   996.03    30.33     0.02    0.29   0.29   1.50
2025-04-23T15:32:01.797575+08:00 Dky_app_00 linx[53667]: sdab              0.00     0.00    0.20    0.00     1.56     0.00     8.00     0.00    0.09   0.09   0.00
2025-04-23T15:32:01.797622+08:00 Dky_app_00 linx[53667]: sdaa              0.00     0.00    0.00    0.00     0.00     0.00    28.48     0.00    0.22   0.22   0.00
2025-04-23T15:32:01.797662+08:00 Dky_app_00 linx[53667]: sdac              0.00     0.00    0.10    4.38     2.46  2852.43   637.77     0.00    0.84   1.66   0.74
2025-04-23T15:32:01.797684+08:00 Dky_app_00 linx[53667]: sdad              0.00     0.00    9.08   71.73   595.15  4604.40    64.34     0.01    0.08   0.23   1.89
2025-04-23T15:32:01.797728+08:00 Dky_app_00 linx[53667]: sdaf              0.00     0.00    5.51    5.92   349.85   389.78    64.69     0.02    1.79   1.58   1.80
2025-04-23T15:32:01.797765+08:00 Dky_app_00 linx[53667]: sdag              0.00     0.00    9.34   42.89   587.82   983.15    30.08     0.02    0.36   0.36   1.89
2025-04-23T15:32:01.797803+08:00 Dky_app_00 linx[53667]: sdah              0.00     0.00    0.00    0.00     0.00     0.00    28.56     0.00    0.12   0.12   0.00
2025-04-23T15:32:01.797833+08:00 Dky_app_00 linx[53667]: sdae              0.00     0.00    7.48   35.34   476.16  2281.18    64.39     0.01    0.92   0.01   0.06
2025-04-23T15:32:01.797877+08:00 Dky_app_00 linx[53667]: sdai              0.00     0.00    0.20    0.00     1.56     0.00     8.00     0.00    0.08   0.08   0.00
2025-04-23T15:32:01.797905+08:00 Dky_app_00 linx[53667]: sdaj              0.00     0.00    0.10    4.38     2.46  2868.45   641.34     0.00    0.51   1.57   0.70
2025-04-23T15:32:01.797958+08:00 Dky_app_00 linx[53667]: sdak              0.00     0.00    9.10   71.71   596.67  4602.87    64.34     0.01    0.08   0.23   1.88
2025-04-23T15:32:01.797995+08:00 Dky_app_00 linx[53667]: sdal              0.00     0.00    7.47   35.35   475.40  2281.95    64.39     0.01    0.92   0.02   0.06
2025-04-23T15:32:01.798031+08:00 Dky_app_00 linx[53667]: sdam              0.00     0.00    5.51    5.92   350.14   389.49    64.69     0.02    1.78   1.57   1.79
2025-04-23T15:32:01.798060+08:00 Dky_app_00 linx[53667]: sdan              0.00     0.00    9.17   43.06   574.91  1006.78    30.28     0.02    0.36   0.36   1.86
2025-04-23T15:32:01.798105+08:00 Dky_app_00 linx[53667]: sdao              0.00     0.00    0.00    0.00     0.00     0.00    28.57     0.00    0.13   0.13   0.00
2025-04-23T15:32:01.798127+08:00 Dky_app_00 linx[53667]: sdap              0.00     0.00    0.20    0.00     1.56     0.00     8.00     0.00    0.08   0.08   0.00
2025-04-23T15:32:01.798180+08:00 Dky_app_00 linx[53667]: sdaq              0.00     0.00    0.10    4.38     2.46  2847.05   636.56     0.00    0.51   1.57   0.70
2025-04-23T15:32:01.798198+08:00 Dky_app_00 linx[53667]: sdar              0.00     0.00    9.11   71.70   597.32  4602.23    64.34     0.02    0.19   0.30   2.39
2025-04-23T15:32:01.798227+08:00 Dky_app_00 linx[53667]: sdas              0.00     0.00    7.47   35.36   475.27  2282.08    64.39     0.00    0.85   0.72   3.07
2025-04-23T15:32:01.798240+08:00 Dky_app_00 linx[53667]: sdat              0.00     0.00    5.52    5.92   350.26   389.37    64.69     0.02    1.96   1.70   1.94
2025-04-23T15:32:01.798280+08:00 Dky_app_00 linx[53667]: sdau              0.00     0.00    9.22   43.01   577.54  1008.68    30.37     0.02    0.31   0.30   1.59
2025-04-23T15:32:01.798296+08:00 Dky_app_00 linx[53667]: sdav              0.00    11.20    0.30    0.11    75.39    90.50   406.11     0.01   12.52   0.70   0.03
2025-04-23T15:32:01.798334+08:00 Dky_app_00 linx[53667]: sdaw              0.00     0.00    0.20    0.00     1.56     0.00     8.00     0.00    0.08   0.08   0.00
2025-04-23T15:32:01.798372+08:00 Dky_app_00 linx[53667]: sday              0.00     0.00    9.08   71.73   595.64  4603.91    64.34     0.01    0.17   0.29   2.31
2025-04-23T15:32:01.798401+08:00 Dky_app_00 linx[53667]: sdaz              0.00     0.00    7.48   35.35   475.90  2281.43    64.39     0.00    0.83   0.70   2.99
2025-04-23T15:32:01.798425+08:00 Dky_app_00 linx[53667]: sdba              0.00     0.00    5.51    5.92   349.90   389.73    64.69     0.02    1.90   1.65   1.89
2025-04-23T15:32:01.798468+08:00 Dky_app_00 linx[53667]: sdbb              0.00     0.00    9.34   42.89   586.93   987.33    30.14     0.01    0.28   0.28   1.45
2025-04-23T15:32:01.798501+08:00 Dky_app_00 linx[53667]: sdbc              0.00     0.00    0.00    0.00     0.00     0.00    28.53     0.00    0.21   0.21   0.00
2025-04-23T15:32:01.798544+08:00 Dky_app_00 linx[53667]: sdbd              0.00     0.00    0.20    0.00     1.56     0.00     8.00     0.00    0.07   0.07   0.00
2025-04-23T15:32:01.798580+08:00 Dky_app_00 linx[53667]: sdbe              0.00     0.00    0.10    4.38     2.46  2843.96   635.88     0.00    0.82   1.65   0.74
2025-04-23T15:32:01.798623+08:00 Dky_app_00 linx[53667]: sdax              0.00     0.00    0.10    4.38     2.46  2871.72   642.09     0.00    0.85   1.66   0.74
2025-04-23T15:32:01.798648+08:00 Dky_app_00 linx[53667]: dm-0              0.00     0.70   72.34  573.73  4766.19 36827.04    64.38     0.03    0.04   0.04   2.82
2025-04-23T15:32:01.798681+08:00 Dky_app_00 linx[53667]: dm-1              0.00     0.34   59.40  282.80  3802.25 18253.32    64.45     0.01    0.04   0.05   1.69
2025-04-23T15:32:01.798720+08:00 Dky_app_00 linx[53667]: dm-2              0.01     0.04   43.70   47.37  2797.07  3116.77    64.94     0.01    0.46   0.18   1.60
2025-04-23T15:32:01.798757+08:00 Dky_app_00 linx[53667]: dm-3              0.00     0.00   73.67  343.77  4645.42  7974.86    30.23     0.01    0.10   0.01   0.60
2025-04-23T15:32:01.798793+08:00 Dky_app_00 linx[53667]: dm-4              0.00     0.00    0.00    0.00     0.00     0.00    15.59     0.00   17.28  17.28   0.00
2025-04-23T15:32:01.798835+08:00 Dky_app_00 linx[53667]: dm-5              0.00  2821.71    0.37   35.04    16.46 22854.00   645.84     0.01    0.38   0.29   1.02
2025-04-23T15:32:01.798868+08:00 Dky_app_00 linx[53667]: dm-6              0.00     0.00   25.49    3.00   333.40     3.00    11.81     0.01    0.36   0.36   1.02
2025-04-23T15:32:01.798899+08:00 Dky_app_00 linx[53667]: dm-7              0.00     0.00   45.80    0.00  4287.06     0.03    93.60     0.02    0.41   0.41   1.89
2025-04-23T15:32:01.798934+08:00 Dky_app_00 linx[53667]: dm-8              0.00     0.00    2.38  340.77    24.97  7971.84    23.30     0.01    0.03   0.03   1.04
2025-04-23T15:32:01.798963+08:00 Dky_app_00 linx[53667]: dm-9              0.00     0.00    0.37 2856.75    16.45 22854.00     8.00     0.02    0.00   0.00   1.03
2025-04-23T15:32:01.799009+08:00 Dky_app_00 linx[53667]:
2025-04-23T15:32:01.800278+08:00 Dky_app_00 linx[53669]: netstat -an |grep -i 'established'|wc -l
2025-04-23T15:32:01.834396+08:00 Dky_app_00 linx[53673]: 1026
2025-04-23T15:32:01.835559+08:00 Dky_app_00 linx[53675]: date
2025-04-23T15:32:01.836682+08:00 Dky_app_00 linx[53677]: Wed Apr 23 15:32:01 CST 2025
2025-04-23T15:32:01.837689+08:00 Dky_app_00 linx[53679]: cat   /proc/buddyinfo
2025-04-23T15:32:01.838770+08:00 Dky_app_00 linx[53681]: Node 0, zone      DMA      1      1      1      1      2      1      0      0      1      1      3
2025-04-23T15:32:01.838797+08:00 Dky_app_00 linx[53681]: Node 0, zone    DMA32     80     36     45     33     25     34     10     11      9     54     29
2025-04-23T15:32:01.838803+08:00 Dky_app_00 linx[53681]: Node 0, zone   Normal    966   1467    769    202   1406    268  20934  12620   4973      4      0
2025-04-23T15:32:01.838807+08:00 Dky_app_00 linx[53681]: Node 1, zone   Normal   1528   1182    455    259   1474  24323  21276  10932   3747     11    341
2025-04-23T15:32:01.838810+08:00 Dky_app_00 linx[53681]: Node 2, zone   Normal  11206   2544    772    297    194    577   6374   6427   2193     11    646
2025-04-23T15:32:01.838813+08:00 Dky_app_00 linx[53681]: Node 3, zone   Normal     95   4474   5369    983  11712  60791  32865  12334   3069      4      0
2025-04-23T15:32:01.838828+08:00 Dky_app_00 linx[53681]: Node 4, zone   Normal   9306  16362  44520  75532  96172  64353  33133  10318   1571      4      0
2025-04-23T15:32:01.838834+08:00 Dky_app_00 linx[53681]: Node 5, zone   Normal   1239   1311    563    179   1140   6397  19972   9994   3675      7    301
2025-04-23T15:32:01.838840+08:00 Dky_app_00 linx[53681]: Node 6, zone   Normal  17950  20835  18395  17194  16512   2697   8389   4590   1379      4      0
2025-04-23T15:32:01.838852+08:00 Dky_app_00 linx[53681]: Node 7, zone   Normal     97    481  24822  39101  42023  31373  19806  10575   3791      4      0
2025-04-23T15:32:01.839928+08:00 Dky_app_00 linx[53683]: top-detail:
2025-04-23T15:34:01.602682+08:00 Dky_app_00 /usr/sbin/cron[56567]: (root) CMD (sh /usr/bin/msmp >> /var/log/msmp.log )
2025-04-23T15:34:01.602709+08:00 Dky_app_00 /usr/sbin/cron[56568]: (sysadmin) CMD (/usr/sbin/get_max_mem_process.sh)
2025-04-23T15:34:01.602897+08:00 Dky_app_00 /usr/sbin/cron[56569]: (dmdba) CMD (sh net_colsewait_mon.sh)
2025-04-23T15:34:01.602930+08:00 Dky_app_00 /usr/sbin/cron[56570]: (dmdba) CMD (sh /home/dmdba/dm/db_sessmon.sh)
2025-04-23T15:34:01.605625+08:00 Dky_app_00 linx[56574]: uptime
2025-04-23T15:34:01.620295+08:00 Dky_app_00 linx[56583]:  15:34:01 up 1551 days,  3:16,  8 users,  load average: 80.20, 76.91, 70.49
2025-04-23T15:34:01.621711+08:00 Dky_app_00 linx[56595]: free -m
2025-04-23T15:34:01.625368+08:00 Dky_app_00 linx[56597]:              total       used       free     shared    buffers     cached
2025-04-23T15:34:01.625399+08:00 Dky_app_00 linx[56597]: Mem:        516904     368058     148846          0        105      68974
2025-04-23T15:34:01.625413+08:00 Dky_app_00 linx[56597]: -/+ buffers/cache:     298978     217925
2025-04-23T15:34:01.625431+08:00 Dky_app_00 linx[56597]: Swap:        61034          0      61034
2025-04-23T15:34:01.626832+08:00 Dky_app_00 linx[56599]: df -h
2025-04-23T15:34:01.628705+08:00 Dky_app_00 linx[56601]: Filesystem            Size  Used Avail Use% Mounted on
2025-04-23T15:34:01.628783+08:00 Dky_app_00 linx[56601]: /dev/sda2             185G   75G  101G  43% /
2025-04-23T15:34:01.628815+08:00 Dky_app_00 linx[56601]: /dev/sda3             585G  197G  359G  36% /home
2025-04-23T15:34:01.628899+08:00 Dky_app_00 linx[56601]: /dev/sdav             3.0T  1.3T  1.6T  45% /dbbak
2025-04-23T15:34:01.628996+08:00 Dky_app_00 linx[56601]: /dev/mapper/dmarch_22-arch
2025-04-23T15:34:01.629096+08:00 Dky_app_00 linx[56601]:                       886G  680G  162G  81% /dbarch
2025-04-23T15:34:01.629178+08:00 Dky_app_00 linx[56601]: tmpfs                  20M   40K   20M   1% /tmp/smp
2025-04-23T15:34:01.629246+08:00 Dky_app_00 linx[56601]: 192.168.9.23:/dbarch/arch_rac1
2025-04-23T15:34:01.629316+08:00 Dky_app_00 linx[56601]:                       788G  681G   68G  91% /dbarch/arch_dsc1_kafka
2025-04-23T15:34:01.630514+08:00 Dky_app_00 linx[56603]: df -ih
2025-04-23T15:34:01.631973+08:00 Dky_app_00 linx[56605]: Filesystem            Inodes   IUsed   IFree IUse% Mounted on
2025-04-23T15:34:01.632056+08:00 Dky_app_00 linx[56605]: /dev/sda2                12M    2.1M    9.7M   18% /
2025-04-23T15:34:01.632171+08:00 Dky_app_00 linx[56605]: /dev/sda3                37M     28K     37M    1% /home
2025-04-23T15:34:01.632275+08:00 Dky_app_00 linx[56605]: /dev/sdav               192M     11K    192M    1% /dbbak
2025-04-23T15:34:01.632377+08:00 Dky_app_00 linx[56605]: /dev/mapper/dmarch_22-arch
2025-04-23T15:34:01.632445+08:00 Dky_app_00 linx[56605]:                          57M     463     57M    1% /dbarch
2025-04-23T15:34:01.632478+08:00 Dky_app_00 linx[56605]: tmpfs                    64M      13     64M    1% /tmp/smp
2025-04-23T15:34:01.632560+08:00 Dky_app_00 linx[56605]: 192.168.9.23:/dbarch/arch_rac1
2025-04-23T15:34:01.632611+08:00 Dky_app_00 linx[56605]:                          50M     353     50M    1% /dbarch/arch_dsc1_kafka
2025-04-23T15:34:01.633954+08:00 Dky_app_00 linx[56608]: iostat -x
2025-04-23T15:34:01.641594+08:00 Dky_app_00 linx[56610]: Linux 2.6.32-Rocky4.2-x86_64 (Dky_app_00) #01104/23/25 #011_x86_64_
2025-04-23T15:34:01.641636+08:00 Dky_app_00 linx[56610]:
2025-04-23T15:34:01.645205+08:00 Dky_app_00 linx[56610]: avg-cpu:  %user   %nice %system %iowait  %steal   %idle
2025-04-23T15:34:01.645227+08:00 Dky_app_00 linx[56610]:            3.47    0.00    1.30    0.67    0.00   94.61
2025-04-23T15:34:01.645274+08:00 Dky_app_00 linx[56610]:
2025-04-23T15:34:01.645297+08:00 Dky_app_00 linx[56610]: Device:         rrqm/s   wrqm/s     r/s     w/s   rsec/s   wsec/s avgrq-sz avgqu-sz   await  svctm  %util
2025-04-23T15:34:01.645351+08:00 Dky_app_00 linx[56610]: sda               0.02   223.59    0.15   13.30    17.72  1895.12   142.21     0.01    0.68   0.13   0.18
2025-04-23T15:34:01.645395+08:00 Dky_app_00 linx[56610]: sda1              0.00     0.00    0.00    0.00     0.00     0.00    40.85     0.00    2.01   2.01   0.00
2025-04-23T15:34:01.645447+08:00 Dky_app_00 linx[56610]: sda2              0.02    18.33    0.06    1.67     8.47   159.99    97.22     0.00    0.54   0.35   0.06
2025-04-23T15:34:01.645501+08:00 Dky_app_00 linx[56610]: sda3              0.00   205.26    0.08   11.63     9.25  1735.14   148.86     0.01    0.70   0.11   0.13
2025-04-23T15:34:01.645531+08:00 Dky_app_00 linx[56610]: sdb               0.00     0.00    9.08   71.73   595.36  4604.20    64.34     0.01    0.18   0.29   2.33
2025-04-23T15:34:01.645586+08:00 Dky_app_00 linx[56610]: sdc               0.00     0.00    7.48   35.34   476.06  2281.28    64.39     0.00    0.83   0.70   3.00
2025-04-23T15:34:01.645626+08:00 Dky_app_00 linx[56610]: sdd               0.00     0.00    5.51    5.92   349.87   389.75    64.69     0.02    1.89   1.65   1.89
2025-04-23T15:34:01.645689+08:00 Dky_app_00 linx[56610]: sde               0.00     0.00    9.33   42.90   586.70   984.38    30.08     0.02    0.29   0.29   1.50
2025-04-23T15:34:01.645711+08:00 Dky_app_00 linx[56610]: sdf               0.00     0.00    0.00    0.00     0.00     0.00    28.80     0.00    8.78   8.77   0.00
2025-04-23T15:34:01.645763+08:00 Dky_app_00 linx[56610]: sdg               0.00     0.00    0.20    0.00     1.56     0.00     8.00     0.00    0.10   0.10   0.00
2025-04-23T15:34:01.645800+08:00 Dky_app_00 linx[56610]: sdh               0.00     0.00    0.10    4.38     2.46  2869.93   641.69     0.00    0.85   1.66   0.74
2025-04-23T15:34:01.645837+08:00 Dky_app_00 linx[56610]: sdi               0.00     0.00    9.09   71.71   596.33  4603.22    64.34     0.01    0.08   0.24   1.91
2025-04-23T15:34:01.645863+08:00 Dky_app_00 linx[56610]: sdj               0.00     0.00    7.47   35.35   475.65  2281.71    64.39     0.01    0.93   0.02   0.08
2025-04-23T15:34:01.645910+08:00 Dky_app_00 linx[56610]: sdk               0.00     0.00    5.51    5.92   350.03   389.60    64.69     0.02    1.78   1.58   1.80
2025-04-23T15:34:01.645969+08:00 Dky_app_00 linx[56610]: sdl               0.00     0.00    9.10   43.13   569.60  1000.54    30.06     0.02    0.37   0.37   1.93
2025-04-23T15:34:01.646009+08:00 Dky_app_00 linx[56610]: sdm               0.00     0.00    0.00    0.00     0.00     0.00    28.51     0.00    0.20   0.20   0.00
2025-04-23T15:34:01.646024+08:00 Dky_app_00 linx[56610]: sdn               0.00     0.00    0.20    0.00     1.56     0.00     8.00     0.00    0.10   0.10   0.00
2025-04-23T15:34:01.646080+08:00 Dky_app_00 linx[56610]: sdo               0.00     0.00    0.10    4.38     2.46  2855.88   638.54     0.00    0.52   1.57   0.70
2025-04-23T15:34:01.646097+08:00 Dky_app_00 linx[56610]: sdq               0.00     0.00    7.47   35.36   475.33  2282.02    64.39     0.01    0.92   0.02   0.07
2025-04-23T15:34:01.646128+08:00 Dky_app_00 linx[56610]: sdr               0.00     0.00    5.52    5.92   350.21   389.42    64.69     0.02    1.78   1.57   1.80
2025-04-23T15:34:01.646167+08:00 Dky_app_00 linx[56610]: sds               0.00     0.00    9.21   43.02   577.26  1007.97    30.35     0.02    0.36   0.36   1.90
2025-04-23T15:34:01.646209+08:00 Dky_app_00 linx[56610]: sdt               0.00     0.00    0.00    0.00     0.00     0.00    28.50     0.00    0.16   0.16   0.00
2025-04-23T15:34:01.646263+08:00 Dky_app_00 linx[56610]: sdu               0.00     0.00    0.20    0.00     1.56     0.00     8.00     0.00    0.09   0.09   0.00
2025-04-23T15:34:01.646303+08:00 Dky_app_00 linx[56610]: sdv               0.00     0.00    0.10    4.38     2.46  2844.59   636.01     0.00    0.52   1.57   0.70
2025-04-23T15:34:01.646337+08:00 Dky_app_00 linx[56610]: sdw               0.00     0.00    9.09   71.72   595.91  4603.64    64.34     0.01    0.18   0.29   2.34
2025-04-23T15:34:01.646376+08:00 Dky_app_00 linx[56610]: sdx               0.00     0.00    7.47   35.35   475.68  2281.66    64.39     0.00    0.83   0.71   3.02
2025-04-23T15:34:01.646402+08:00 Dky_app_00 linx[56610]: sdy               0.00     0.00    5.51    5.92   350.00   389.63    64.69     0.02    1.92   1.67   1.91
2025-04-23T15:34:01.646434+08:00 Dky_app_00 linx[56610]: sdz               0.00     0.00    9.36   42.87   587.87   996.03    30.33     0.02    0.29   0.29   1.50
2025-04-23T15:34:01.646488+08:00 Dky_app_00 linx[56610]: sdab              0.00     0.00    0.20    0.00     1.56     0.00     8.00     0.00    0.09   0.09   0.00
2025-04-23T15:34:01.646533+08:00 Dky_app_00 linx[56610]: sdaa              0.00     0.00    0.00    0.00     0.00     0.00    28.48     0.00    0.22   0.22   0.00
2025-04-23T15:34:01.646573+08:00 Dky_app_00 linx[56610]: sdac              0.00     0.00    0.10    4.38     2.46  2852.42   637.77     0.00    0.84   1.66   0.74
2025-04-23T15:34:01.646611+08:00 Dky_app_00 linx[56610]: sdad              0.00     0.00    9.08   71.73   595.15  4604.39    64.34     0.01    0.08   0.23   1.89
2025-04-23T15:34:01.646650+08:00 Dky_app_00 linx[56610]: sdaf              0.00     0.00    5.51    5.92   349.85   389.78    64.69     0.02    1.79   1.58   1.80
2025-04-23T15:34:01.646708+08:00 Dky_app_00 linx[56610]: sdag              0.00     0.00    9.34   42.89   587.82   983.15    30.08     0.02    0.36   0.36   1.89
2025-04-23T15:34:01.646740+08:00 Dky_app_00 linx[56610]: sdah              0.00     0.00    0.00    0.00     0.00     0.00    28.56     0.00    0.12   0.12   0.00
2025-04-23T15:34:01.646794+08:00 Dky_app_00 linx[56610]: sdae              0.00     0.00    7.48   35.34   476.16  2281.18    64.39     0.01    0.92   0.01   0.06
2025-04-23T15:34:01.646817+08:00 Dky_app_00 linx[56610]: sdai              0.00     0.00    0.20    0.00     1.56     0.00     8.00     0.00    0.08   0.08   0.00
2025-04-23T15:34:01.646873+08:00 Dky_app_00 linx[56610]: sdaj              0.00     0.00    0.10    4.38     2.46  2868.45   641.34     0.00    0.51   1.57   0.70
2025-04-23T15:34:01.646899+08:00 Dky_app_00 linx[56610]: sdak              0.00     0.00    9.10   71.71   596.67  4602.86    64.34     0.01    0.08   0.23   1.88
2025-04-23T15:34:01.646951+08:00 Dky_app_00 linx[56610]: sdal              0.00     0.00    7.47   35.35   475.40  2281.95    64.39     0.01    0.92   0.02   0.06
2025-04-23T15:34:01.646968+08:00 Dky_app_00 linx[56610]: sdam              0.00     0.00    5.51    5.92   350.14   389.49    64.69     0.02    1.78   1.57   1.79
2025-04-23T15:34:01.647014+08:00 Dky_app_00 linx[56610]: sdan              0.00     0.00    9.17   43.06   574.91  1006.77    30.28     0.02    0.36   0.36   1.86
2025-04-23T15:34:01.647055+08:00 Dky_app_00 linx[56610]: sdao              0.00     0.00    0.00    0.00     0.00     0.00    28.57     0.00    0.13   0.13   0.00
2025-04-23T15:34:01.647100+08:00 Dky_app_00 linx[56610]: sdap              0.00     0.00    0.20    0.00     1.56     0.00     8.00     0.00    0.08   0.08   0.00
2025-04-23T15:34:01.647142+08:00 Dky_app_00 linx[56610]: sdaq              0.00     0.00    0.10    4.38     2.46  2847.04   636.56     0.00    0.51   1.57   0.70
2025-04-23T15:34:01.647180+08:00 Dky_app_00 linx[56610]: sdar              0.00     0.00    9.11   71.70   597.32  4602.23    64.34     0.02    0.19   0.30   2.39
2025-04-23T15:34:01.647210+08:00 Dky_app_00 linx[56610]: sdas              0.00     0.00    7.47   35.36   475.27  2282.07    64.39     0.00    0.85   0.72   3.07
2025-04-23T15:34:01.647269+08:00 Dky_app_00 linx[56610]: sdat              0.00     0.00    5.52    5.92   350.26   389.37    64.69     0.02    1.96   1.70   1.94
2025-04-23T15:34:01.647321+08:00 Dky_app_00 linx[56610]: sdau              0.00     0.00    9.22   43.01   577.54  1008.68    30.37     0.02    0.31   0.30   1.59
2025-04-23T15:34:01.647353+08:00 Dky_app_00 linx[56610]: sdav              0.00    11.20    0.30    0.11    75.39    90.50   406.11     0.01   12.52   0.70   0.03
2025-04-23T15:34:01.647391+08:00 Dky_app_00 linx[56610]: sdaw              0.00     0.00    0.20    0.00     1.56     0.00     8.00     0.00    0.08   0.08   0.00
2025-04-23T15:34:01.647436+08:00 Dky_app_00 linx[56610]: sday              0.00     0.00    9.08   71.73   595.63  4603.91    64.34     0.01    0.17   0.29   2.31
2025-04-23T15:34:01.647451+08:00 Dky_app_00 linx[56610]: sdaz              0.00     0.00    7.48   35.35   475.90  2281.43    64.39     0.00    0.83   0.70   2.99
2025-04-23T15:34:01.647471+08:00 Dky_app_00 linx[56610]: sdba              0.00     0.00    5.51    5.92   349.90   389.73    64.69     0.02    1.90   1.65   1.89
2025-04-23T15:34:01.647514+08:00 Dky_app_00 linx[56610]: sdbb              0.00     0.00    9.34   42.89   586.93   987.33    30.14     0.01    0.28   0.28   1.45
2025-04-23T15:34:01.647547+08:00 Dky_app_00 linx[56610]: sdbc              0.00     0.00    0.00    0.00     0.00     0.00    28.53     0.00    0.21   0.21   0.00
2025-04-23T15:34:01.647594+08:00 Dky_app_00 linx[56610]: sdbd              0.00     0.00    0.20    0.00     1.56     0.00     8.00     0.00    0.07   0.07   0.00
2025-04-23T15:34:01.647630+08:00 Dky_app_00 linx[56610]: sdbe              0.00     0.00    0.10    4.38     2.46  2843.95   635.88     0.00    0.82   1.65   0.74
2025-04-23T15:34:01.647676+08:00 Dky_app_00 linx[56610]: sdax              0.00     0.00    0.10    4.38     2.46  2871.72   642.09     0.00    0.85   1.66   0.74
2025-04-23T15:34:01.647702+08:00 Dky_app_00 linx[56610]: dm-0              0.00     0.70   72.34  573.73  4766.18 36827.01    64.38     0.03    0.04   0.04   2.82
2025-04-23T15:34:01.647758+08:00 Dky_app_00 linx[56610]: dm-1              0.00     0.34   59.40  282.80  3802.25 18253.30    64.45     0.01    0.04   0.05   1.69
2025-04-23T15:34:01.647789+08:00 Dky_app_00 linx[56610]: dm-2              0.01     0.04   43.70   47.37  2797.07  3116.77    64.94     0.01    0.46   0.18   1.60
2025-04-23T15:34:01.647817+08:00 Dky_app_00 linx[56610]: dm-3              0.00     0.00   73.67  343.77  4645.42  7974.86    30.23     0.01    0.10   0.01   0.60
2025-04-23T15:34:01.647839+08:00 Dky_app_00 linx[56610]: dm-4              0.00     0.00    0.00    0.00     0.00     0.00    15.59     0.00   17.28  17.28   0.00
2025-04-23T15:34:01.647892+08:00 Dky_app_00 linx[56610]: dm-5              0.00  2821.70    0.37   35.04    16.45 22853.98   645.84     0.01    0.38   0.29   1.02
2025-04-23T15:34:01.647930+08:00 Dky_app_00 linx[56610]: dm-6              0.00     0.00   25.49    3.00   333.40     3.00    11.81     0.01    0.36   0.36   1.02
2025-04-23T15:34:01.647969+08:00 Dky_app_00 linx[56610]: dm-7              0.00     0.00   45.80    0.00  4287.05     0.03    93.60     0.02    0.41   0.41   1.89
2025-04-23T15:34:01.648010+08:00 Dky_app_00 linx[56610]: dm-8              0.00     0.00    2.38  340.77    24.97  7971.83    23.30     0.01    0.03   0.03   1.04
2025-04-23T15:34:01.648050+08:00 Dky_app_00 linx[56610]: dm-9              0.00     0.00    0.37 2856.75    16.45 22853.98     8.00     0.02    0.00   0.00   1.03
2025-04-23T15:34:01.648080+08:00 Dky_app_00 linx[56610]:
2025-04-23T15:34:01.649306+08:00 Dky_app_00 linx[56617]: netstat -an |grep -i 'established'|wc -l
2025-04-23T15:34:01.682712+08:00 Dky_app_00 linx[56621]: 1030
2025-04-23T15:34:01.683871+08:00 Dky_app_00 linx[56623]: date
2025-04-23T15:34:01.685129+08:00 Dky_app_00 linx[56625]: Wed Apr 23 15:34:01 CST 2025
2025-04-23T15:34:01.686209+08:00 Dky_app_00 linx[56627]: cat   /proc/buddyinfo
2025-04-23T15:34:01.687260+08:00 Dky_app_00 linx[56629]: Node 0, zone      DMA      1      1      1      1      2      1      0      0      1      1      3
2025-04-23T15:34:01.687279+08:00 Dky_app_00 linx[56629]: Node 0, zone    DMA32     80     36     45     33     25     34     10     11      9     54     29
2025-04-23T15:34:01.687294+08:00 Dky_app_00 linx[56629]: Node 0, zone   Normal    657   1316    757    197   1415    268  20934  12620   4973      4      0
2025-04-23T15:34:01.687315+08:00 Dky_app_00 linx[56629]: Node 1, zone   Normal    184    276    220    255   1486  24291  21276  10932   3747     11    341
2025-04-23T15:34:01.687329+08:00 Dky_app_00 linx[56629]: Node 2, zone   Normal  10391   2548    768    298    195    577   6374   6427   2193     11    623
2025-04-23T15:34:01.687350+08:00 Dky_app_00 linx[56629]: Node 3, zone   Normal    626   4640   5445    980  11654  60791  32865  12334   3069      4      0
2025-04-23T15:34:01.687364+08:00 Dky_app_00 linx[56629]: Node 4, zone   Normal   3246  16249  44427  75532  96172  64353  33133  10318   1571      4      0
2025-04-23T15:34:01.687388+08:00 Dky_app_00 linx[56629]: Node 5, zone   Normal    420    403    360    141   1011   6397  19972   9994   3675      4      0
2025-04-23T15:34:01.687419+08:00 Dky_app_00 linx[56629]: Node 6, zone   Normal  18082  20868  18396  17196  16512   2697   8389   4590   1379      4      0
2025-04-23T15:34:01.687429+08:00 Dky_app_00 linx[56629]: Node 7, zone   Normal     34    692  24482  39101  42023  31373  19806  10575   3791      4      0
2025-04-23T15:34:01.688509+08:00 Dky_app_00 linx[56631]: top-detail:
2025-04-23T15:36:01.492043+08:00 Dky_app_00 /usr/sbin/cron[59514]: (root) CMD (sh /usr/bin/msmp >> /var/log/msmp.log )
2025-04-23T15:36:01.492070+08:00 Dky_app_00 /usr/sbin/cron[59515]: (sysadmin) CMD (/usr/sbin/get_max_mem_process.sh)
2025-04-23T15:36:01.492256+08:00 Dky_app_00 /usr/sbin/cron[59516]: (dmdba) CMD (sh net_colsewait_mon.sh)
2025-04-23T15:36:01.492346+08:00 Dky_app_00 /usr/sbin/cron[59517]: (dmdba) CMD (sh /home/dmdba/dm/db_sessmon.sh)
2025-04-23T15:36:01.494991+08:00 Dky_app_00 linx[59520]: uptime
2025-04-23T15:36:01.509056+08:00 Dky_app_00 linx[59529]:  15:36:01 up 1551 days,  3:18,  8 users,  load average: 81.63, 78.47, 71.84
2025-04-23T15:36:01.510060+08:00 Dky_app_00 linx[59538]: free -m
2025-04-23T15:36:01.513025+08:00 Dky_app_00 linx[59540]:              total       used       free     shared    buffers     cached
2025-04-23T15:36:01.513037+08:00 Dky_app_00 linx[59540]: Mem:        516904     369436     147468          0        105      69002
2025-04-23T15:36:01.513050+08:00 Dky_app_00 linx[59540]: -/+ buffers/cache:     300328     216575
2025-04-23T15:36:01.513083+08:00 Dky_app_00 linx[59540]: Swap:        61034          0      61034
2025-04-23T15:36:01.514215+08:00 Dky_app_00 linx[59542]: df -h
2025-04-23T15:36:01.515638+08:00 Dky_app_00 linx[59544]: Filesystem            Size  Used Avail Use% Mounted on
2025-04-23T15:36:01.515662+08:00 Dky_app_00 linx[59544]: /dev/sda2             185G   75G  101G  43% /
2025-04-23T15:36:01.515667+08:00 Dky_app_00 linx[59544]: /dev/sda3             585G  197G  359G  36% /home
2025-04-23T15:36:01.515670+08:00 Dky_app_00 linx[59544]: /dev/sdav             3.0T  1.3T  1.6T  45% /dbbak
2025-04-23T15:36:01.515673+08:00 Dky_app_00 linx[59544]: /dev/mapper/dmarch_22-arch
2025-04-23T15:36:01.515682+08:00 Dky_app_00 linx[59544]:                       886G  680G  162G  81% /dbarch
2025-04-23T15:36:01.515704+08:00 Dky_app_00 linx[59544]: tmpfs                  20M   48K   20M   1% /tmp/smp
2025-04-23T15:36:01.515720+08:00 Dky_app_00 linx[59544]: 192.168.9.23:/dbarch/arch_rac1
2025-04-23T15:36:01.515744+08:00 Dky_app_00 linx[59544]:                       788G  681G   68G  91% /dbarch/arch_dsc1_kafka
2025-04-23T15:36:01.516918+08:00 Dky_app_00 linx[59546]: df -ih
2025-04-23T15:36:01.518194+08:00 Dky_app_00 linx[59548]: Filesystem            Inodes   IUsed   IFree IUse% Mounted on
2025-04-23T15:36:01.518226+08:00 Dky_app_00 linx[59548]: /dev/sda2                12M    2.1M    9.7M   18% /
2025-04-23T15:36:01.518235+08:00 Dky_app_00 linx[59548]: /dev/sda3                37M     28K     37M    1% /home
2025-04-23T15:36:01.518243+08:00 Dky_app_00 linx[59548]: /dev/sdav               192M     11K    192M    1% /dbbak
2025-04-23T15:36:01.518252+08:00 Dky_app_00 linx[59548]: /dev/mapper/dmarch_22-arch
2025-04-23T15:36:01.518257+08:00 Dky_app_00 linx[59548]:                          57M     463     57M    1% /dbarch
2025-04-23T15:36:01.518284+08:00 Dky_app_00 linx[59548]: tmpfs                    64M      13     64M    1% /tmp/smp
2025-04-23T15:36:01.518306+08:00 Dky_app_00 linx[59548]: 192.168.9.23:/dbarch/arch_rac1
2025-04-23T15:36:01.518327+08:00 Dky_app_00 linx[59548]:                          50M     353     50M    1% /dbarch/arch_dsc1_kafka
2025-04-23T15:36:01.519451+08:00 Dky_app_00 linx[59550]: iostat -x
2025-04-23T15:36:01.524401+08:00 Dky_app_00 linx[59552]: Linux 2.6.32-Rocky4.2-x86_64 (Dky_app_00) #01104/23/25 #011_x86_64_
2025-04-23T15:36:01.524431+08:00 Dky_app_00 linx[59552]:
2025-04-23T15:36:01.528205+08:00 Dky_app_00 linx[59552]: avg-cpu:  %user   %nice %system %iowait  %steal   %idle
2025-04-23T15:36:01.528249+08:00 Dky_app_00 linx[59552]:            3.47    0.00    1.30    0.67    0.00   94.61
2025-04-23T15:36:01.528263+08:00 Dky_app_00 linx[59552]:
2025-04-23T15:36:01.528291+08:00 Dky_app_00 linx[59552]: Device:         rrqm/s   wrqm/s     r/s     w/s   rsec/s   wsec/s avgrq-sz avgqu-sz   await  svctm  %util
2025-04-23T15:36:01.528300+08:00 Dky_app_00 linx[59552]: sda               0.02   223.59    0.15   13.30    17.72  1895.12   142.21     0.01    0.68   0.13   0.18
2025-04-23T15:36:01.528306+08:00 Dky_app_00 linx[59552]: sda1              0.00     0.00    0.00    0.00     0.00     0.00    40.85     0.00    2.01   2.01   0.00
2025-04-23T15:36:01.528317+08:00 Dky_app_00 linx[59552]: sda2              0.02    18.33    0.06    1.67     8.47   159.99    97.22     0.00    0.54   0.35   0.06
2025-04-23T15:36:01.528333+08:00 Dky_app_00 linx[59552]: sda3              0.00   205.26    0.08   11.63     9.25  1735.13   148.86     0.01    0.70   0.11   0.13
2025-04-23T15:36:01.528344+08:00 Dky_app_00 linx[59552]: sdb               0.00     0.00    9.08   71.73   595.36  4604.19    64.34     0.01    0.18   0.29   2.33
2025-04-23T15:36:01.528359+08:00 Dky_app_00 linx[59552]: sdc               0.00     0.00    7.48   35.34   476.06  2281.28    64.39     0.00    0.83   0.70   3.00
2025-04-23T15:36:01.528368+08:00 Dky_app_00 linx[59552]: sdd               0.00     0.00    5.51    5.92   349.87   389.75    64.69     0.02    1.89   1.65   1.89
2025-04-23T15:36:01.528396+08:00 Dky_app_00 linx[59552]: sde               0.00     0.00    9.33   42.90   586.70   984.38    30.08     0.02    0.29   0.29   1.50
2025-04-23T15:36:01.528421+08:00 Dky_app_00 linx[59552]: sdf               0.00     0.00    0.00    0.00     0.00     0.00    28.80     0.00    8.78   8.77   0.00
2025-04-23T15:36:01.528434+08:00 Dky_app_00 linx[59552]: sdg               0.00     0.00    0.20    0.00     1.56     0.00     8.00     0.00    0.10   0.10   0.00
2025-04-23T15:36:01.528460+08:00 Dky_app_00 linx[59552]: sdh               0.00     0.00    0.10    4.38     2.46  2869.92   641.69     0.00    0.85   1.66   0.74
2025-04-23T15:36:01.528476+08:00 Dky_app_00 linx[59552]: sdi               0.00     0.00    9.09   71.71   596.33  4603.21    64.34     0.01    0.08   0.24   1.91
2025-04-23T15:36:01.528497+08:00 Dky_app_00 linx[59552]: sdj               0.00     0.00    7.47   35.35   475.65  2281.71    64.39     0.01    0.93   0.02   0.08
2025-04-23T15:36:01.528507+08:00 Dky_app_00 linx[59552]: sdk               0.00     0.00    5.51    5.92   350.03   389.60    64.69     0.02    1.78   1.58   1.80
2025-04-23T15:36:01.528528+08:00 Dky_app_00 linx[59552]: sdl               0.00     0.00    9.10   43.13   569.60  1000.54    30.06     0.02    0.37   0.37   1.93
2025-04-23T15:36:01.528569+08:00 Dky_app_00 linx[59552]: sdm               0.00     0.00    0.00    0.00     0.00     0.00    28.51     0.00    0.20   0.20   0.00
2025-04-23T15:36:01.528603+08:00 Dky_app_00 linx[59552]: sdn               0.00     0.00    0.20    0.00     1.56     0.00     8.00     0.00    0.10   0.10   0.00
2025-04-23T15:36:01.528621+08:00 Dky_app_00 linx[59552]: sdo               0.00     0.00    0.10    4.38     2.46  2855.88   638.54     0.00    0.52   1.57   0.70
2025-04-23T15:36:01.528648+08:00 Dky_app_00 linx[59552]: sdq               0.00     0.00    7.47   35.36   475.33  2282.01    64.39     0.01    0.92   0.02   0.07
2025-04-23T15:36:01.528664+08:00 Dky_app_00 linx[59552]: sdr               0.00     0.00    5.52    5.92   350.21   389.42    64.69     0.02    1.78   1.57   1.80
2025-04-23T15:36:01.528692+08:00 Dky_app_00 linx[59552]: sds               0.00     0.00    9.21   43.02   577.26  1007.97    30.35     0.02    0.36   0.36   1.90
2025-04-23T15:36:01.528713+08:00 Dky_app_00 linx[59552]: sdt               0.00     0.00    0.00    0.00     0.00     0.00    28.50     0.00    0.16   0.16   0.00
2025-04-23T15:36:01.528736+08:00 Dky_app_00 linx[59552]: sdu               0.00     0.00    0.20    0.00     1.56     0.00     8.00     0.00    0.09   0.09   0.00
2025-04-23T15:36:01.528750+08:00 Dky_app_00 linx[59552]: sdv               0.00     0.00    0.10    4.38     2.46  2844.58   636.01     0.00    0.52   1.57   0.70
2025-04-23T15:36:01.528771+08:00 Dky_app_00 linx[59552]: sdw               0.00     0.00    9.09   71.72   595.91  4603.64    64.34     0.01    0.18   0.29   2.34
2025-04-23T15:36:01.528786+08:00 Dky_app_00 linx[59552]: sdx               0.00     0.00    7.47   35.35   475.68  2281.66    64.39     0.00    0.83   0.71   3.02
2025-04-23T15:36:01.528810+08:00 Dky_app_00 linx[59552]: sdy               0.00     0.00    5.51    5.92   350.00   389.63    64.69     0.02    1.92   1.67   1.91
2025-04-23T15:36:01.528821+08:00 Dky_app_00 linx[59552]: sdz               0.00     0.00    9.36   42.87   587.87   996.03    30.33     0.02    0.29   0.29   1.50
2025-04-23T15:36:01.528851+08:00 Dky_app_00 linx[59552]: sdab              0.00     0.00    0.20    0.00     1.56     0.00     8.00     0.00    0.09   0.09   0.00
2025-04-23T15:36:01.528863+08:00 Dky_app_00 linx[59552]: sdaa              0.00     0.00    0.00    0.00     0.00     0.00    28.48     0.00    0.22   0.22   0.00
2025-04-23T15:36:01.528884+08:00 Dky_app_00 linx[59552]: sdac              0.00     0.00    0.10    4.38     2.46  2852.42   637.77     0.00    0.84   1.66   0.74
2025-04-23T15:36:01.528894+08:00 Dky_app_00 linx[59552]: sdad              0.00     0.00    9.08   71.73   595.15  4604.39    64.34     0.01    0.08   0.23   1.89
2025-04-23T15:36:01.528918+08:00 Dky_app_00 linx[59552]: sdaf              0.00     0.00    5.51    5.92   349.85   389.77    64.69     0.02    1.79   1.58   1.80
2025-04-23T15:36:01.528939+08:00 Dky_app_00 linx[59552]: sdag              0.00     0.00    9.34   42.89   587.82   983.15    30.08     0.02    0.36   0.36   1.89
2025-04-23T15:36:01.528957+08:00 Dky_app_00 linx[59552]: sdah              0.00     0.00    0.00    0.00     0.00     0.00    28.56     0.00    0.12   0.12   0.00
2025-04-23T15:36:01.528970+08:00 Dky_app_00 linx[59552]: sdae              0.00     0.00    7.48   35.34   476.16  2281.18    64.39     0.01    0.92   0.01   0.06
2025-04-23T15:36:01.528991+08:00 Dky_app_00 linx[59552]: sdai              0.00     0.00    0.20    0.00     1.56     0.00     8.00     0.00    0.08   0.08   0.00
2025-04-23T15:36:01.529009+08:00 Dky_app_00 linx[59552]: sdaj              0.00     0.00    0.10    4.38     2.46  2868.44   641.34     0.00    0.51   1.57   0.70
2025-04-23T15:36:01.529021+08:00 Dky_app_00 linx[59552]: sdak              0.00     0.00    9.10   71.71   596.67  4602.86    64.34     0.01    0.08   0.23   1.88
2025-04-23T15:36:01.529044+08:00 Dky_app_00 linx[59552]: sdal              0.00     0.00    7.47   35.35   475.40  2281.95    64.39     0.01    0.92   0.02   0.06
2025-04-23T15:36:01.529062+08:00 Dky_app_00 linx[59552]: sdam              0.00     0.00    5.51    5.92   350.14   389.49    64.69     0.02    1.78   1.57   1.79
2025-04-23T15:36:01.529089+08:00 Dky_app_00 linx[59552]: sdan              0.00     0.00    9.17   43.06   574.91  1006.77    30.28     0.02    0.36   0.36   1.86
2025-04-23T15:36:01.529101+08:00 Dky_app_00 linx[59552]: sdao              0.00     0.00    0.00    0.00     0.00     0.00    28.57     0.00    0.13   0.13   0.00
2025-04-23T15:36:01.529128+08:00 Dky_app_00 linx[59552]: sdap              0.00     0.00    0.20    0.00     1.56     0.00     8.00     0.00    0.08   0.08   0.00
2025-04-23T15:36:01.529140+08:00 Dky_app_00 linx[59552]: sdaq              0.00     0.00    0.10    4.38     2.46  2847.04   636.56     0.00    0.51   1.57   0.70
2025-04-23T15:36:01.529157+08:00 Dky_app_00 linx[59552]: sdar              0.00     0.00    9.11   71.70   597.32  4602.22    64.34     0.02    0.19   0.30   2.39
2025-04-23T15:36:01.529185+08:00 Dky_app_00 linx[59552]: sdas              0.00     0.00    7.47   35.36   475.27  2282.07    64.39     0.00    0.85   0.72   3.07
2025-04-23T15:36:01.529204+08:00 Dky_app_00 linx[59552]: sdat              0.00     0.00    5.52    5.92   350.26   389.37    64.69     0.02    1.96   1.70   1.94
2025-04-23T15:36:01.529226+08:00 Dky_app_00 linx[59552]: sdau              0.00     0.00    9.22   43.01   577.54  1008.68    30.37     0.02    0.31   0.30   1.59
2025-04-23T15:36:01.529237+08:00 Dky_app_00 linx[59552]: sdav              0.00    11.20    0.30    0.11    75.39    90.50   406.11     0.01   12.52   0.70   0.03
2025-04-23T15:36:01.529273+08:00 Dky_app_00 linx[59552]: sdaw              0.00     0.00    0.20    0.00     1.56     0.00     8.00     0.00    0.08   0.08   0.00
2025-04-23T15:36:01.529280+08:00 Dky_app_00 linx[59552]: sday              0.00     0.00    9.08   71.73   595.63  4603.90    64.34     0.01    0.17   0.29   2.31
2025-04-23T15:36:01.529295+08:00 Dky_app_00 linx[59552]: sdaz              0.00     0.00    7.48   35.35   475.90  2281.43    64.39     0.00    0.83   0.70   2.99
2025-04-23T15:36:01.529309+08:00 Dky_app_00 linx[59552]: sdba              0.00     0.00    5.51    5.92   349.90   389.73    64.69     0.02    1.90   1.65   1.89
2025-04-23T15:36:01.529315+08:00 Dky_app_00 linx[59552]: sdbb              0.00     0.00    9.34   42.89   586.93   987.33    30.14     0.01    0.28   0.28   1.45
2025-04-23T15:36:01.529319+08:00 Dky_app_00 linx[59552]: sdbc              0.00     0.00    0.00    0.00     0.00     0.00    28.53     0.00    0.21   0.21   0.00
2025-04-23T15:36:01.529328+08:00 Dky_app_00 linx[59552]: sdbd              0.00     0.00    0.20    0.00     1.56     0.00     8.00     0.00    0.07   0.07   0.00
2025-04-23T15:36:01.529346+08:00 Dky_app_00 linx[59552]: sdbe              0.00     0.00    0.10    4.38     2.46  2843.95   635.88     0.00    0.82   1.65   0.74
2025-04-23T15:36:01.529354+08:00 Dky_app_00 linx[59552]: sdax              0.00     0.00    0.10    4.38     2.46  2871.71   642.09     0.00    0.85   1.66   0.74
2025-04-23T15:36:01.529367+08:00 Dky_app_00 linx[59552]: dm-0              0.00     0.70   72.34  573.73  4766.18 36826.97    64.38     0.03    0.04   0.04   2.82
2025-04-23T15:36:01.529381+08:00 Dky_app_00 linx[59552]: dm-1              0.00     0.34   59.40  282.80  3802.24 18253.28    64.45     0.01    0.04   0.05   1.69
2025-04-23T15:36:01.529392+08:00 Dky_app_00 linx[59552]: dm-2              0.01     0.04   43.70   47.37  2797.06  3116.76    64.94     0.01    0.46   0.18   1.60
2025-04-23T15:36:01.529411+08:00 Dky_app_00 linx[59552]: dm-3              0.00     0.00   73.67  343.77  4645.42  7974.85    30.23     0.01    0.10   0.01   0.60
2025-04-23T15:36:01.529439+08:00 Dky_app_00 linx[59552]: dm-4              0.00     0.00    0.00    0.00     0.00     0.00    15.59     0.00   17.28  17.28   0.00
2025-04-23T15:36:01.529450+08:00 Dky_app_00 linx[59552]: dm-5              0.00  2821.70    0.37   35.04    16.45 22853.96   645.84     0.01    0.38   0.29   1.02
2025-04-23T15:36:01.529466+08:00 Dky_app_00 linx[59552]: dm-6              0.00     0.00   25.49    3.00   333.40     3.00    11.81     0.01    0.36   0.36   1.02
2025-04-23T15:36:01.529483+08:00 Dky_app_00 linx[59552]: dm-7              0.00     0.00   45.80    0.00  4287.05     0.03    93.60     0.02    0.41   0.41   1.89
2025-04-23T15:36:01.529502+08:00 Dky_app_00 linx[59552]: dm-8              0.00     0.00    2.38  340.77    24.97  7971.82    23.30     0.01    0.03   0.03   1.04
2025-04-23T15:36:01.529510+08:00 Dky_app_00 linx[59552]: dm-9              0.00     0.00    0.37 2856.74    16.45 22853.96     8.00     0.02    0.00   0.00   1.03
2025-04-23T15:36:01.529524+08:00 Dky_app_00 linx[59552]:
2025-04-23T15:36:01.530670+08:00 Dky_app_00 linx[59554]: netstat -an |grep -i 'established'|wc -l
2025-04-23T15:36:01.565952+08:00 Dky_app_00 linx[59558]: 1034
2025-04-23T15:36:01.567161+08:00 Dky_app_00 linx[59564]: date
2025-04-23T15:36:01.568315+08:00 Dky_app_00 linx[59566]: Wed Apr 23 15:36:01 CST 2025
2025-04-23T15:36:01.569357+08:00 Dky_app_00 linx[59568]: cat   /proc/buddyinfo
2025-04-23T15:36:01.570422+08:00 Dky_app_00 linx[59570]: Node 0, zone      DMA      1      1      1      1      2      1      0      0      1      1      3
2025-04-23T15:36:01.570436+08:00 Dky_app_00 linx[59570]: Node 0, zone    DMA32     80     36     45     33     25     34     10     11      9     54     29
2025-04-23T15:36:01.570450+08:00 Dky_app_00 linx[59570]: Node 0, zone   Normal    268    670    645    181   1207    268  20934  12620   4973      4      0
2025-04-23T15:36:01.570454+08:00 Dky_app_00 linx[59570]: Node 1, zone   Normal    145    256    189    220   1474  24152  21276  10932   3747     11    177
2025-04-23T15:36:01.570471+08:00 Dky_app_00 linx[59570]: Node 2, zone   Normal  10923   2548    773    297    194    577   6374   6427   2193     11    460
2025-04-23T15:36:01.570482+08:00 Dky_app_00 linx[59570]: Node 3, zone   Normal    631   4617   5386    985  11660  60791  32865  12334   3069      4      0
2025-04-23T15:36:01.570489+08:00 Dky_app_00 linx[59570]: Node 4, zone   Normal   3323  16256  44428  75532  96172  64353  33133  10318   1571      4      0
2025-04-23T15:36:01.570506+08:00 Dky_app_00 linx[59570]: Node 5, zone   Normal    225    482    431    135    987   6397  19972   9994   3675      4      0
2025-04-23T15:36:01.570514+08:00 Dky_app_00 linx[59570]: Node 6, zone   Normal  12106  20635  18397  17196  16512   2697   8389   4590   1379      4      0
2025-04-23T15:36:01.570532+08:00 Dky_app_00 linx[59570]: Node 7, zone   Normal    123   1007  24093  39101  42023  31373  19806  10575   3791      4      0
2025-04-23T15:36:01.571610+08:00 Dky_app_00 linx[59572]: top-detail:
2025-04-23T15:38:01.356532+08:00 Dky_app_00 /usr/sbin/cron[62455]: (root) CMD (sh /usr/bin/msmp >> /var/log/msmp.log )
2025-04-23T15:38:01.356560+08:00 Dky_app_00 /usr/sbin/cron[62456]: (sysadmin) CMD (/usr/sbin/get_max_mem_process.sh)
2025-04-23T15:38:01.356700+08:00 Dky_app_00 /usr/sbin/cron[62457]: (dmdba) CMD (sh net_colsewait_mon.sh)
2025-04-23T15:38:01.356790+08:00 Dky_app_00 /usr/sbin/cron[62458]: (dmdba) CMD (sh /home/dmdba/dm/db_sessmon.sh)
2025-04-23T15:38:01.359650+08:00 Dky_app_00 linx[62462]: uptime
2025-04-23T15:38:01.382209+08:00 Dky_app_00 linx[62471]:  15:38:01 up 1551 days,  3:20,  8 users,  load average: 83.42, 80.13, 73.25
2025-04-23T15:38:01.383403+08:00 Dky_app_00 linx[62479]: free -m
2025-04-23T15:38:01.386925+08:00 Dky_app_00 linx[62481]:              total       used       free     shared    buffers     cached
2025-04-23T15:38:01.386956+08:00 Dky_app_00 linx[62481]: Mem:        516904     370144     146760          0        106      69029
2025-04-23T15:38:01.386990+08:00 Dky_app_00 linx[62481]: -/+ buffers/cache:     301009     215895
2025-04-23T15:38:01.386999+08:00 Dky_app_00 linx[62481]: Swap:        61034          0      61034
2025-04-23T15:38:01.388222+08:00 Dky_app_00 linx[62483]: df -h
2025-04-23T15:38:01.389653+08:00 Dky_app_00 linx[62485]: Filesystem            Size  Used Avail Use% Mounted on
2025-04-23T15:38:01.389682+08:00 Dky_app_00 linx[62485]: /dev/sda2             185G   75G  101G  43% /
2025-04-23T15:38:01.389686+08:00 Dky_app_00 linx[62485]: /dev/sda3             585G  197G  359G  36% /home
2025-04-23T15:38:01.389689+08:00 Dky_app_00 linx[62485]: /dev/sdav             3.0T  1.3T  1.6T  45% /dbbak
2025-04-23T15:38:01.389718+08:00 Dky_app_00 linx[62485]: /dev/mapper/dmarch_22-arch
2025-04-23T15:38:01.389725+08:00 Dky_app_00 linx[62485]:                       886G  680G  162G  81% /dbarch
2025-04-23T15:38:01.389746+08:00 Dky_app_00 linx[62485]: tmpfs                  20M   48K   20M   1% /tmp/smp
2025-04-23T15:38:01.389773+08:00 Dky_app_00 linx[62485]: 192.168.9.23:/dbarch/arch_rac1
2025-04-23T15:38:01.389792+08:00 Dky_app_00 linx[62485]:                       788G  681G   68G  91% /dbarch/arch_dsc1_kafka
2025-04-23T15:38:01.391002+08:00 Dky_app_00 linx[62487]: df -ih
2025-04-23T15:38:01.392280+08:00 Dky_app_00 linx[62489]: Filesystem            Inodes   IUsed   IFree IUse% Mounted on
2025-04-23T15:38:01.392297+08:00 Dky_app_00 linx[62489]: /dev/sda2                12M    2.1M    9.7M   18% /
2025-04-23T15:38:01.392302+08:00 Dky_app_00 linx[62489]: /dev/sda3                37M     28K     37M    1% /home
2025-04-23T15:38:01.392306+08:00 Dky_app_00 linx[62489]: /dev/sdav               192M     11K    192M    1% /dbbak
2025-04-23T15:38:01.392313+08:00 Dky_app_00 linx[62489]: /dev/mapper/dmarch_22-arch
2025-04-23T15:38:01.392324+08:00 Dky_app_00 linx[62489]:                          57M     463     57M    1% /dbarch
2025-04-23T15:38:01.392334+08:00 Dky_app_00 linx[62489]: tmpfs                    64M      13     64M    1% /tmp/smp
2025-04-23T15:38:01.392344+08:00 Dky_app_00 linx[62489]: 192.168.9.23:/dbarch/arch_rac1
2025-04-23T15:38:01.392354+08:00 Dky_app_00 linx[62489]:                          50M     353     50M    1% /dbarch/arch_dsc1_kafka
2025-04-23T15:38:01.393432+08:00 Dky_app_00 linx[62491]: iostat -x
2025-04-23T15:38:01.397775+08:00 Dky_app_00 linx[62493]: Linux 2.6.32-Rocky4.2-x86_64 (Dky_app_00) #01104/23/25 #011_x86_64_
2025-04-23T15:38:01.397789+08:00 Dky_app_00 linx[62493]:
2025-04-23T15:38:01.401546+08:00 Dky_app_00 linx[62493]: avg-cpu:  %user   %nice %system %iowait  %steal   %idle
2025-04-23T15:38:01.401555+08:00 Dky_app_00 linx[62493]:            3.47    0.00    1.30    0.67    0.00   94.61
2025-04-23T15:38:01.401565+08:00 Dky_app_00 linx[62493]:
2025-04-23T15:38:01.401586+08:00 Dky_app_00 linx[62493]: Device:         rrqm/s   wrqm/s     r/s     w/s   rsec/s   wsec/s avgrq-sz avgqu-sz   await  svctm  %util
2025-04-23T15:38:01.401593+08:00 Dky_app_00 linx[62493]: sda               0.02   223.59    0.15   13.30    17.72  1895.12   142.21     0.01    0.68   0.13   0.18
2025-04-23T15:38:01.401598+08:00 Dky_app_00 linx[62493]: sda1              0.00     0.00    0.00    0.00     0.00     0.00    40.85     0.00    2.01   2.01   0.00
2025-04-23T15:38:01.401604+08:00 Dky_app_00 linx[62493]: sda2              0.02    18.33    0.06    1.67     8.47   159.99    97.22     0.00    0.54   0.35   0.06
2025-04-23T15:38:01.401614+08:00 Dky_app_00 linx[62493]: sda3              0.00   205.26    0.08   11.63     9.25  1735.13   148.86     0.01    0.70   0.11   0.13
2025-04-23T15:38:01.401635+08:00 Dky_app_00 linx[62493]: sdb               0.00     0.00    9.08   71.73   595.36  4604.19    64.34     0.01    0.18   0.29   2.33
2025-04-23T15:38:01.401641+08:00 Dky_app_00 linx[62493]: sdc               0.00     0.00    7.48   35.34   476.06  2281.27    64.39     0.00    0.83   0.70   3.00
2025-04-23T15:38:01.401647+08:00 Dky_app_00 linx[62493]: sdd               0.00     0.00    5.51    5.92   349.87   389.75    64.69     0.02    1.89   1.65   1.89
2025-04-23T15:38:01.401658+08:00 Dky_app_00 linx[62493]: sde               0.00     0.00    9.33   42.90   586.70   984.38    30.08     0.02    0.29   0.29   1.50
2025-04-23T15:38:01.401670+08:00 Dky_app_00 linx[62493]: sdf               0.00     0.00    0.00    0.00     0.00     0.00    28.80     0.00    8.78   8.77   0.00
2025-04-23T15:38:01.401695+08:00 Dky_app_00 linx[62493]: sdg               0.00     0.00    0.20    0.00     1.56     0.00     8.00     0.00    0.10   0.10   0.00
2025-04-23T15:38:01.401701+08:00 Dky_app_00 linx[62493]: sdh               0.00     0.00    0.10    4.38     2.46  2869.92   641.69     0.00    0.85   1.66   0.74
2025-04-23T15:38:01.401707+08:00 Dky_app_00 linx[62493]: sdi               0.00     0.00    9.09   71.71   596.33  4603.21    64.34     0.01    0.08   0.24   1.91
2025-04-23T15:38:01.401713+08:00 Dky_app_00 linx[62493]: sdj               0.00     0.00    7.47   35.35   475.65  2281.71    64.39     0.01    0.93   0.02   0.08
2025-04-23T15:38:01.401724+08:00 Dky_app_00 linx[62493]: sdk               0.00     0.00    5.51    5.92   350.03   389.59    64.69     0.02    1.78   1.58   1.80
2025-04-23T15:38:01.401741+08:00 Dky_app_00 linx[62493]: sdl               0.00     0.00    9.10   43.13   569.60  1000.54    30.06     0.02    0.37   0.37   1.93
2025-04-23T15:38:01.401754+08:00 Dky_app_00 linx[62493]: sdm               0.00     0.00    0.00    0.00     0.00     0.00    28.51     0.00    0.20   0.20   0.00
2025-04-23T15:38:01.401760+08:00 Dky_app_00 linx[62493]: sdn               0.00     0.00    0.20    0.00     1.56     0.00     8.00     0.00    0.10   0.10   0.00
2025-04-23T15:38:01.401772+08:00 Dky_app_00 linx[62493]: sdo               0.00     0.00    0.10    4.38     2.46  2855.88   638.54     0.00    0.52   1.57   0.70
2025-04-23T15:38:01.401779+08:00 Dky_app_00 linx[62493]: sdq               0.00     0.00    7.47   35.36   475.33  2282.01    64.39     0.01    0.92   0.02   0.07
2025-04-23T15:38:01.401802+08:00 Dky_app_00 linx[62493]: sdr               0.00     0.00    5.52    5.92   350.21   389.42    64.69     0.02    1.78   1.57   1.80
2025-04-23T15:38:01.401810+08:00 Dky_app_00 linx[62493]: sds               0.00     0.00    9.21   43.02   577.26  1007.97    30.35     0.02    0.36   0.36   1.90
2025-04-23T15:38:01.401818+08:00 Dky_app_00 linx[62493]: sdt               0.00     0.00    0.00    0.00     0.00     0.00    28.50     0.00    0.16   0.16   0.00
2025-04-23T15:38:01.401828+08:00 Dky_app_00 linx[62493]: sdu               0.00     0.00    0.20    0.00     1.56     0.00     8.00     0.00    0.09   0.09   0.00
2025-04-23T15:38:01.401842+08:00 Dky_app_00 linx[62493]: sdv               0.00     0.00    0.10    4.38     2.46  2844.58   636.01     0.00    0.52   1.57   0.70
2025-04-23T15:38:01.401860+08:00 Dky_app_00 linx[62493]: sdw               0.00     0.00    9.09   71.72   595.91  4603.63    64.34     0.01    0.18   0.29   2.34
2025-04-23T15:38:01.401868+08:00 Dky_app_00 linx[62493]: sdx               0.00     0.00    7.47   35.35   475.68  2281.65    64.39     0.00    0.83   0.71   3.02
2025-04-23T15:38:01.401890+08:00 Dky_app_00 linx[62493]: sdy               0.00     0.00    5.51    5.92   350.00   389.63    64.69     0.02    1.92   1.67   1.91
2025-04-23T15:38:01.401915+08:00 Dky_app_00 linx[62493]: sdz               0.00     0.00    9.36   42.87   587.87   996.03    30.33     0.02    0.29   0.29   1.50
2025-04-23T15:38:01.401920+08:00 Dky_app_00 linx[62493]: sdab              0.00     0.00    0.20    0.00     1.56     0.00     8.00     0.00    0.09   0.09   0.00
2025-04-23T15:38:01.401924+08:00 Dky_app_00 linx[62493]: sdaa              0.00     0.00    0.00    0.00     0.00     0.00    28.48     0.00    0.22   0.22   0.00
2025-04-23T15:38:01.401933+08:00 Dky_app_00 linx[62493]: sdac              0.00     0.00    0.10    4.38     2.46  2852.42   637.77     0.00    0.84   1.66   0.74
2025-04-23T15:38:01.401936+08:00 Dky_app_00 linx[62493]: sdad              0.00     0.00    9.08   71.73   595.15  4604.39    64.34     0.01    0.08   0.23   1.89
2025-04-23T15:38:01.401947+08:00 Dky_app_00 linx[62493]: sdaf              0.00     0.00    5.51    5.92   349.85   389.77    64.69     0.02    1.79   1.58   1.80
2025-04-23T15:38:01.401958+08:00 Dky_app_00 linx[62493]: sdag              0.00     0.00    9.34   42.89   587.82   983.15    30.08     0.02    0.36   0.36   1.89
2025-04-23T15:38:01.401972+08:00 Dky_app_00 linx[62493]: sdah              0.00     0.00    0.00    0.00     0.00     0.00    28.56     0.00    0.12   0.12   0.00
2025-04-23T15:38:01.401979+08:00 Dky_app_00 linx[62493]: sdae              0.00     0.00    7.48   35.34   476.16  2281.18    64.39     0.01    0.92   0.01   0.06
2025-04-23T15:38:01.401983+08:00 Dky_app_00 linx[62493]: sdai              0.00     0.00    0.20    0.00     1.56     0.00     8.00     0.00    0.08   0.08   0.00
2025-04-23T15:38:01.401994+08:00 Dky_app_00 linx[62493]: sdaj              0.00     0.00    0.10    4.38     2.46  2868.44   641.34     0.00    0.51   1.57   0.70
2025-04-23T15:38:01.402008+08:00 Dky_app_00 linx[62493]: sdak              0.00     0.00    9.10   71.71   596.67  4602.86    64.34     0.01    0.08   0.23   1.88
2025-04-23T15:38:01.402018+08:00 Dky_app_00 linx[62493]: sdal              0.00     0.00    7.47   35.35   475.40  2281.95    64.39     0.01    0.92   0.02   0.06
2025-04-23T15:38:01.402031+08:00 Dky_app_00 linx[62493]: sdam              0.00     0.00    5.51    5.92   350.14   389.49    64.69     0.02    1.78   1.57   1.79
2025-04-23T15:38:01.402041+08:00 Dky_app_00 linx[62493]: sdan              0.00     0.00    9.17   43.06   574.91  1006.77    30.28     0.02    0.36   0.36   1.86
2025-04-23T15:38:01.402051+08:00 Dky_app_00 linx[62493]: sdao              0.00     0.00    0.00    0.00     0.00     0.00    28.57     0.00    0.13   0.13   0.00
2025-04-23T15:38:01.402065+08:00 Dky_app_00 linx[62493]: sdap              0.00     0.00    0.20    0.00     1.56     0.00     8.00     0.00    0.08   0.08   0.00
2025-04-23T15:38:01.402075+08:00 Dky_app_00 linx[62493]: sdaq              0.00     0.00    0.10    4.38     2.46  2847.04   636.56     0.00    0.51   1.57   0.70
2025-04-23T15:38:01.402089+08:00 Dky_app_00 linx[62493]: sdar              0.00     0.00    9.11   71.70   597.32  4602.22    64.34     0.02    0.19   0.30   2.39
2025-04-23T15:38:01.402102+08:00 Dky_app_00 linx[62493]: sdas              0.00     0.00    7.47   35.36   475.27  2282.07    64.39     0.00    0.85   0.72   3.07
2025-04-23T15:38:01.402119+08:00 Dky_app_00 linx[62493]: sdat              0.00     0.00    5.52    5.92   350.26   389.37    64.69     0.02    1.96   1.70   1.94
2025-04-23T15:38:01.402129+08:00 Dky_app_00 linx[62493]: sdau              0.00     0.00    9.22   43.01   577.54  1008.68    30.37     0.02    0.31   0.30   1.59
2025-04-23T15:38:01.402146+08:00 Dky_app_00 linx[62493]: sdav              0.00    11.20    0.30    0.11    75.39    90.50   406.11     0.01   12.52   0.70   0.03
2025-04-23T15:38:01.402152+08:00 Dky_app_00 linx[62493]: sdaw              0.00     0.00    0.20    0.00     1.56     0.00     8.00     0.00    0.08   0.08   0.00
2025-04-23T15:38:01.402170+08:00 Dky_app_00 linx[62493]: sday              0.00     0.00    9.08   71.73   595.63  4603.90    64.34     0.01    0.17   0.29   2.31
2025-04-23T15:38:01.402185+08:00 Dky_app_00 linx[62493]: sdaz              0.00     0.00    7.48   35.35   475.90  2281.43    64.39     0.00    0.83   0.70   2.99
2025-04-23T15:38:01.402194+08:00 Dky_app_00 linx[62493]: sdba              0.00     0.00    5.51    5.92   349.90   389.73    64.69     0.02    1.90   1.65   1.89
2025-04-23T15:38:01.402206+08:00 Dky_app_00 linx[62493]: sdbb              0.00     0.00    9.34   42.89   586.93   987.33    30.14     0.01    0.28   0.28   1.45
2025-04-23T15:38:01.402214+08:00 Dky_app_00 linx[62493]: sdbc              0.00     0.00    0.00    0.00     0.00     0.00    28.53     0.00    0.21   0.21   0.00
2025-04-23T15:38:01.402228+08:00 Dky_app_00 linx[62493]: sdbd              0.00     0.00    0.20    0.00     1.56     0.00     8.00     0.00    0.07   0.07   0.00
2025-04-23T15:38:01.402244+08:00 Dky_app_00 linx[62493]: sdbe              0.00     0.00    0.10    4.38     2.46  2843.95   635.88     0.00    0.82   1.65   0.74
2025-04-23T15:38:01.402254+08:00 Dky_app_00 linx[62493]: sdax              0.00     0.00    0.10    4.38     2.46  2871.71   642.09     0.00    0.85   1.66   0.74
2025-04-23T15:38:01.402265+08:00 Dky_app_00 linx[62493]: dm-0              0.00     0.70   72.34  573.73  4766.18 36826.94    64.38     0.03    0.04   0.04   2.82
2025-04-23T15:38:01.402273+08:00 Dky_app_00 linx[62493]: dm-1              0.00     0.34   59.40  282.80  3802.24 18253.27    64.45     0.01    0.04   0.05   1.69
2025-04-23T15:38:01.402287+08:00 Dky_app_00 linx[62493]: dm-2              0.01     0.04   43.70   47.37  2797.06  3116.76    64.94     0.01    0.46   0.18   1.60
2025-04-23T15:38:01.402296+08:00 Dky_app_00 linx[62493]: dm-3              0.00     0.00   73.67  343.77  4645.42  7974.84    30.23     0.01    0.10   0.01   0.60
2025-04-23T15:38:01.402307+08:00 Dky_app_00 linx[62493]: dm-4              0.00     0.00    0.00    0.00     0.00     0.00    15.59     0.00   17.28  17.28   0.00
2025-04-23T15:38:01.402317+08:00 Dky_app_00 linx[62493]: dm-5              0.00  2821.70    0.37   35.04    16.45 22853.94   645.84     0.01    0.38   0.29   1.02
2025-04-23T15:38:01.402321+08:00 Dky_app_00 linx[62493]: dm-6              0.00     0.00   25.49    3.00   333.40     3.00    11.81     0.01    0.36   0.36   1.02
2025-04-23T15:38:01.402337+08:00 Dky_app_00 linx[62493]: dm-7              0.00     0.00   45.80    0.00  4287.05     0.03    93.60     0.02    0.41   0.41   1.89
2025-04-23T15:38:01.402347+08:00 Dky_app_00 linx[62493]: dm-8              0.00     0.00    2.38  340.77    24.97  7971.82    23.30     0.01    0.03   0.03   1.04
2025-04-23T15:38:01.402357+08:00 Dky_app_00 linx[62493]: dm-9              0.00     0.00    0.37 2856.74    16.45 22853.94     8.00     0.02    0.00   0.00   1.03
2025-04-23T15:38:01.402373+08:00 Dky_app_00 linx[62493]:
2025-04-23T15:38:01.403466+08:00 Dky_app_00 linx[62495]: netstat -an |grep -i 'established'|wc -l
2025-04-23T15:38:01.438427+08:00 Dky_app_00 linx[62499]: 1033
2025-04-23T15:38:01.439555+08:00 Dky_app_00 linx[62505]: date
2025-04-23T15:38:01.440682+08:00 Dky_app_00 linx[62507]: Wed Apr 23 15:38:01 CST 2025
2025-04-23T15:38:01.441797+08:00 Dky_app_00 linx[62509]: cat   /proc/buddyinfo
2025-04-23T15:38:01.442868+08:00 Dky_app_00 linx[62511]: Node 0, zone      DMA      1      1      1      1      2      1      0      0      1      1      3
2025-04-23T15:38:01.442885+08:00 Dky_app_00 linx[62511]: Node 0, zone    DMA32     80     36     45     33     25     34     10     11      9     54     29
2025-04-23T15:38:01.442890+08:00 Dky_app_00 linx[62511]: Node 0, zone   Normal    139    516    710    199    816    268  20934  12620   4973      4      0
2025-04-23T15:38:01.442894+08:00 Dky_app_00 linx[62511]: Node 1, zone   Normal     88    175    177    225   1485  23997  21276  10932   3747     10     15
2025-04-23T15:38:01.442911+08:00 Dky_app_00 linx[62511]: Node 2, zone   Normal  10592   2550    771    297    194    577   6374   6427   2193     11    460
2025-04-23T15:38:01.442916+08:00 Dky_app_00 linx[62511]: Node 3, zone   Normal    114   4569   5460    977  11659  60791  32865  12334   3069      4      0
2025-04-23T15:38:01.442931+08:00 Dky_app_00 linx[62511]: Node 4, zone   Normal   3133  16239  44427  75532  96172  64353  33133  10318   1571      4      0
2025-04-23T15:38:01.442941+08:00 Dky_app_00 linx[62511]: Node 5, zone   Normal     63    414    445    133    959   6397  19972   9994   3675      4      0
2025-04-23T15:38:01.442953+08:00 Dky_app_00 linx[62511]: Node 6, zone   Normal  12110  20631  18394  17195  16511   2697   8389   4590   1379      4      0
2025-04-23T15:38:01.442964+08:00 Dky_app_00 linx[62511]: Node 7, zone   Normal     24    534  23813  39102  42024  31373  19806  10575   3791      4      0
2025-04-23T15:38:01.443980+08:00 Dky_app_00 linx[62513]: top-detail:
2025-04-23T15:40:01.233438+08:00 Dky_app_00 /usr/sbin/cron[65366]: (root) CMD (sh /usr/bin/msmp >> /var/log/msmp.log )
2025-04-23T15:40:01.233590+08:00 Dky_app_00 /usr/sbin/cron[65368]: (sysadmin) CMD (/usr/sbin/get_max_mem_process.sh)
2025-04-23T15:40:01.233615+08:00 Dky_app_00 /usr/sbin/cron[65367]: (root) CMD (/usr/local/rising/linuxRav/bin/ravdaemon > /dev/null 2>&1)
2025-04-23T15:40:01.233764+08:00 Dky_app_00 /usr/sbin/cron[65369]: (dmdba) CMD (sh net_colsewait_mon.sh)
2025-04-23T15:40:01.233870+08:00 Dky_app_00 /usr/sbin/cron[65370]: (dmdba) CMD (sh /home/dmdba/dm/db_sessmon.sh)
2025-04-23T15:40:01.237783+08:00 Dky_app_00 linx[65382]: uptime
2025-04-23T15:40:01.267325+08:00 Dky_app_00 linx[65389]:  15:40:01 up 1551 days,  3:22,  8 users,  load average: 85.96, 82.02, 74.76
2025-04-23T15:40:01.268838+08:00 Dky_app_00 linx[65395]: free -m
2025-04-23T15:40:01.272513+08:00 Dky_app_00 linx[65397]:              total       used       free     shared    buffers     cached
2025-04-23T15:40:01.272554+08:00 Dky_app_00 linx[65397]: Mem:        516904     376238     140666          0        106      70507
2025-04-23T15:40:01.272623+08:00 Dky_app_00 linx[65397]: -/+ buffers/cache:     305623     211281
2025-04-23T15:40:01.272671+08:00 Dky_app_00 linx[65397]: Swap:        61034          0      61034
2025-04-23T15:40:01.274142+08:00 Dky_app_00 linx[65399]: df -h
2025-04-23T15:40:01.275896+08:00 Dky_app_00 linx[65401]: Filesystem            Size  Used Avail Use% Mounted on
2025-04-23T15:40:01.275957+08:00 Dky_app_00 linx[65401]: /dev/sda2             185G   75G  101G  43% /
2025-04-23T15:40:01.276028+08:00 Dky_app_00 linx[65401]: /dev/sda3             585G  197G  359G  36% /home
2025-04-23T15:40:01.276093+08:00 Dky_app_00 linx[65401]: /dev/sdav             3.0T  1.3T  1.6T  45% /dbbak
2025-04-23T15:40:01.276157+08:00 Dky_app_00 linx[65401]: /dev/mapper/dmarch_22-arch
2025-04-23T15:40:01.276227+08:00 Dky_app_00 linx[65401]:                       886G  680G  162G  81% /dbarch
2025-04-23T15:40:01.276277+08:00 Dky_app_00 linx[65401]: tmpfs                  20M   48K   20M   1% /tmp/smp
2025-04-23T15:40:01.276330+08:00 Dky_app_00 linx[65401]: 192.168.9.23:/dbarch/arch_rac1
2025-04-23T15:40:01.276377+08:00 Dky_app_00 linx[65401]:                       788G  681G   68G  91% /dbarch/arch_dsc1_kafka
2025-04-23T15:40:01.277737+08:00 Dky_app_00 linx[65403]: df -ih
2025-04-23T15:40:01.279358+08:00 Dky_app_00 linx[65405]: Filesystem            Inodes   IUsed   IFree IUse% Mounted on
2025-04-23T15:40:01.279433+08:00 Dky_app_00 linx[65405]: /dev/sda2                12M    2.1M    9.7M   18% /
2025-04-23T15:40:01.279495+08:00 Dky_app_00 linx[65405]: /dev/sda3                37M     28K     37M    1% /home
2025-04-23T15:40:01.279538+08:00 Dky_app_00 linx[65405]: /dev/sdav               192M     11K    192M    1% /dbbak
2025-04-23T15:40:01.279612+08:00 Dky_app_00 linx[65405]: /dev/mapper/dmarch_22-arch
2025-04-23T15:40:01.279676+08:00 Dky_app_00 linx[65405]:                          57M     463     57M    1% /dbarch
2025-04-23T15:40:01.279741+08:00 Dky_app_00 linx[65405]: tmpfs                    64M      13     64M    1% /tmp/smp
2025-04-23T15:40:01.279805+08:00 Dky_app_00 linx[65405]: 192.168.9.23:/dbarch/arch_rac1
2025-04-23T15:40:01.279871+08:00 Dky_app_00 linx[65405]:                          50M     353     50M    1% /dbarch/arch_dsc1_kafka
2025-04-23T15:40:01.281168+08:00 Dky_app_00 linx[65407]: iostat -x
2025-04-23T15:40:01.289683+08:00 Dky_app_00 linx[65409]: Linux 2.6.32-Rocky4.2-x86_64 (Dky_app_00) #01104/23/25 #011_x86_64_
2025-04-23T15:40:01.289708+08:00 Dky_app_00 linx[65409]:
2025-04-23T15:40:01.293545+08:00 Dky_app_00 linx[65409]: avg-cpu:  %user   %nice %system %iowait  %steal   %idle
2025-04-23T15:40:01.293575+08:00 Dky_app_00 linx[65409]:            3.47    0.00    1.30    0.67    0.00   94.61
2025-04-23T15:40:01.293602+08:00 Dky_app_00 linx[65409]:
2025-04-23T15:40:01.293630+08:00 Dky_app_00 linx[65409]: Device:         rrqm/s   wrqm/s     r/s     w/s   rsec/s   wsec/s avgrq-sz avgqu-sz   await  svctm  %util
2025-04-23T15:40:01.293663+08:00 Dky_app_00 linx[65409]: sda               0.02   223.59    0.15   13.30    17.75  1895.12   142.21     0.01    0.68   0.13   0.18
2025-04-23T15:40:01.293682+08:00 Dky_app_00 linx[65409]: sda1              0.00     0.00    0.00    0.00     0.00     0.00    40.85     0.00    2.01   2.01   0.00
2025-04-23T15:40:01.293709+08:00 Dky_app_00 linx[65409]: sda2              0.02    18.33    0.06    1.67     8.49   159.99    97.23     0.00    0.54   0.35   0.06
2025-04-23T15:40:01.293746+08:00 Dky_app_00 linx[65409]: sda3              0.00   205.26    0.08   11.63     9.25  1735.13   148.86     0.01    0.70   0.11   0.13
2025-04-23T15:40:01.293771+08:00 Dky_app_00 linx[65409]: sdb               0.00     0.00    9.08   71.73   595.36  4604.18    64.34     0.01    0.18   0.29   2.33
2025-04-23T15:40:01.293805+08:00 Dky_app_00 linx[65409]: sdc               0.00     0.00    7.48   35.34   476.06  2281.27    64.39     0.00    0.83   0.70   3.00
2025-04-23T15:40:01.293848+08:00 Dky_app_00 linx[65409]: sdd               0.00     0.00    5.51    5.92   349.87   389.75    64.69     0.02    1.89   1.65   1.89
2025-04-23T15:40:01.293882+08:00 Dky_app_00 linx[65409]: sde               0.00     0.00    9.33   42.90   586.70   984.38    30.08     0.02    0.29   0.29   1.50
2025-04-23T15:40:01.293917+08:00 Dky_app_00 linx[65409]: sdf               0.00     0.00    0.00    0.00     0.00     0.00    28.80     0.00    8.78   8.77   0.00
2025-04-23T15:40:01.293944+08:00 Dky_app_00 linx[65409]: sdg               0.00     0.00    0.20    0.00     1.56     0.00     8.00     0.00    0.10   0.10   0.00
2025-04-23T15:40:01.293977+08:00 Dky_app_00 linx[65409]: sdh               0.00     0.00    0.10    4.38     2.46  2869.92   641.69     0.00    0.85   1.66   0.74
2025-04-23T15:40:01.293991+08:00 Dky_app_00 linx[65409]: sdi               0.00     0.00    9.09   71.71   596.33  4603.20    64.34     0.01    0.08   0.24   1.91
2025-04-23T15:40:01.294026+08:00 Dky_app_00 linx[65409]: sdj               0.00     0.00    7.47   35.35   475.64  2281.70    64.39     0.01    0.93   0.02   0.08
2025-04-23T15:40:01.294048+08:00 Dky_app_00 linx[65409]: sdk               0.00     0.00    5.51    5.92   350.03   389.59    64.69     0.02    1.78   1.58   1.80
2025-04-23T15:40:01.294063+08:00 Dky_app_00 linx[65409]: sdl               0.00     0.00    9.10   43.13   569.60  1000.53    30.06     0.02    0.37   0.37   1.93
2025-04-23T15:40:01.294097+08:00 Dky_app_00 linx[65409]: sdm               0.00     0.00    0.00    0.00     0.00     0.00    28.51     0.00    0.20   0.20   0.00
2025-04-23T15:40:01.294129+08:00 Dky_app_00 linx[65409]: sdn               0.00     0.00    0.20    0.00     1.56     0.00     8.00     0.00    0.10   0.10   0.00
2025-04-23T15:40:01.294159+08:00 Dky_app_00 linx[65409]: sdo               0.00     0.00    0.10    4.38     2.46  2855.88   638.54     0.00    0.52   1.57   0.70
2025-04-23T15:40:01.294192+08:00 Dky_app_00 linx[65409]: sdq               0.00     0.00    7.47   35.36   475.33  2282.01    64.39     0.01    0.92   0.02   0.07
2025-04-23T15:40:01.294229+08:00 Dky_app_00 linx[65409]: sdr               0.00     0.00    5.52    5.92   350.21   389.42    64.69     0.02    1.78   1.57   1.80
2025-04-23T15:40:01.294256+08:00 Dky_app_00 linx[65409]: sds               0.00     0.00    9.21   43.02   577.26  1007.97    30.35     0.02    0.36   0.36   1.90
2025-04-23T15:40:01.294282+08:00 Dky_app_00 linx[65409]: sdt               0.00     0.00    0.00    0.00     0.00     0.00    28.50     0.00    0.16   0.16   0.00
2025-04-23T15:40:01.294324+08:00 Dky_app_00 linx[65409]: sdu               0.00     0.00    0.20    0.00     1.56     0.00     8.00     0.00    0.09   0.09   0.00
2025-04-23T15:40:01.294348+08:00 Dky_app_00 linx[65409]: sdv               0.00     0.00    0.10    4.38     2.46  2844.58   636.01     0.00    0.52   1.57   0.70
2025-04-23T15:40:01.294380+08:00 Dky_app_00 linx[65409]: sdw               0.00     0.00    9.09   71.72   595.91  4603.63    64.34     0.01    0.18   0.29   2.34
2025-04-23T15:40:01.294422+08:00 Dky_app_00 linx[65409]: sdx               0.00     0.00    7.47   35.35   475.68  2281.65    64.39     0.00    0.83   0.71   3.02
2025-04-23T15:40:01.294447+08:00 Dky_app_00 linx[65409]: sdy               0.00     0.00    5.51    5.92   350.00   389.63    64.69     0.02    1.92   1.67   1.91
2025-04-23T15:40:01.294478+08:00 Dky_app_00 linx[65409]: sdz               0.00     0.00    9.36   42.87   587.87   996.02    30.33     0.02    0.29   0.29   1.50
2025-04-23T15:40:01.294507+08:00 Dky_app_00 linx[65409]: sdab              0.00     0.00    0.20    0.00     1.56     0.00     8.00     0.00    0.09   0.09   0.00
2025-04-23T15:40:01.294543+08:00 Dky_app_00 linx[65409]: sdaa              0.00     0.00    0.00    0.00     0.00     0.00    28.48     0.00    0.22   0.22   0.00
2025-04-23T15:40:01.294559+08:00 Dky_app_00 linx[65409]: sdac              0.00     0.00    0.10    4.38     2.46  2852.42   637.77     0.00    0.84   1.66   0.74
2025-04-23T15:40:01.294601+08:00 Dky_app_00 linx[65409]: sdad              0.00     0.00    9.08   71.73   595.15  4604.38    64.34     0.01    0.08   0.23   1.89
2025-04-23T15:40:01.294620+08:00 Dky_app_00 linx[65409]: sdaf              0.00     0.00    5.51    5.92   349.85   389.77    64.69     0.02    1.79   1.58   1.80
2025-04-23T15:40:01.294642+08:00 Dky_app_00 linx[65409]: sdag              0.00     0.00    9.34   42.89   587.82   983.15    30.08     0.02    0.36   0.36   1.89
2025-04-23T15:40:01.294673+08:00 Dky_app_00 linx[65409]: sdah              0.00     0.00    0.00    0.00     0.00     0.00    28.56     0.00    0.12   0.12   0.00
2025-04-23T15:40:01.294710+08:00 Dky_app_00 linx[65409]: sdae              0.00     0.00    7.48   35.34   476.16  2281.18    64.39     0.01    0.92   0.01   0.06
2025-04-23T15:40:01.294738+08:00 Dky_app_00 linx[65409]: sdai              0.00     0.00    0.20    0.00     1.56     0.00     8.00     0.00    0.08   0.08   0.00
2025-04-23T15:40:01.294781+08:00 Dky_app_00 linx[65409]: sdaj              0.00     0.00    0.10    4.38     2.46  2868.44   641.34     0.00    0.51   1.57   0.70
2025-04-23T15:40:01.294804+08:00 Dky_app_00 linx[65409]: sdak              0.00     0.00    9.10   71.71   596.67  4602.85    64.34     0.01    0.08   0.23   1.88
2025-04-23T15:40:01.294846+08:00 Dky_app_00 linx[65409]: sdal              0.00     0.00    7.47   35.35   475.40  2281.94    64.39     0.01    0.92   0.02   0.06
2025-04-23T15:40:01.294898+08:00 Dky_app_00 linx[65409]: sdam              0.00     0.00    5.51    5.92   350.14   389.49    64.69     0.02    1.78   1.57   1.79
2025-04-23T15:40:01.294921+08:00 Dky_app_00 linx[65409]: sdan              0.00     0.00    9.17   43.06   574.91  1006.77    30.28     0.02    0.36   0.36   1.86
2025-04-23T15:40:01.294958+08:00 Dky_app_00 linx[65409]: sdao              0.00     0.00    0.00    0.00     0.00     0.00    28.57     0.00    0.13   0.13   0.00
2025-04-23T15:40:01.294984+08:00 Dky_app_00 linx[65409]: sdap              0.00     0.00    0.20    0.00     1.56     0.00     8.00     0.00    0.08   0.08   0.00
2025-04-23T15:40:01.295011+08:00 Dky_app_00 linx[65409]: sdaq              0.00     0.00    0.10    4.38     2.46  2847.04   636.56     0.00    0.51   1.57   0.70
2025-04-23T15:40:01.295036+08:00 Dky_app_00 linx[65409]: sdar              0.00     0.00    9.11   71.70   597.32  4602.21    64.34     0.02    0.19   0.30   2.39
2025-04-23T15:40:01.295064+08:00 Dky_app_00 linx[65409]: sdas              0.00     0.00    7.47   35.36   475.27  2282.07    64.39     0.00    0.85   0.72   3.07
2025-04-23T15:40:01.295104+08:00 Dky_app_00 linx[65409]: sdat              0.00     0.00    5.52    5.92   350.25   389.37    64.69     0.02    1.96   1.70   1.94
2025-04-23T15:40:01.295130+08:00 Dky_app_00 linx[65409]: sdau              0.00     0.00    9.22   43.01   577.54  1008.68    30.37     0.02    0.31   0.30   1.59
2025-04-23T15:40:01.295158+08:00 Dky_app_00 linx[65409]: sdav              0.00    11.20    0.30    0.11    75.39    90.50   406.11     0.01   12.52   0.70   0.03
2025-04-23T15:40:01.295200+08:00 Dky_app_00 linx[65409]: sdaw              0.00     0.00    0.20    0.00     1.56     0.00     8.00     0.00    0.08   0.08   0.00
2025-04-23T15:40:01.295246+08:00 Dky_app_00 linx[65409]: sday              0.00     0.00    9.08   71.72   595.63  4603.89    64.34     0.01    0.17   0.29   2.31
2025-04-23T15:40:01.295292+08:00 Dky_app_00 linx[65409]: sdaz              0.00     0.00    7.48   35.35   475.90  2281.43    64.39     0.00    0.83   0.70   2.99
2025-04-23T15:40:01.295300+08:00 Dky_app_00 linx[65409]: sdba              0.00     0.00    5.51    5.92   349.90   389.73    64.69     0.02    1.90   1.65   1.89
2025-04-23T15:40:01.295320+08:00 Dky_app_00 linx[65409]: sdbb              0.00     0.00    9.34   42.89   586.93   987.33    30.14     0.01    0.28   0.28   1.45
2025-04-23T15:40:01.295331+08:00 Dky_app_00 linx[65409]: sdbc              0.00     0.00    0.00    0.00     0.00     0.00    28.53     0.00    0.21   0.21   0.00
2025-04-23T15:40:01.295349+08:00 Dky_app_00 linx[65409]: sdbd              0.00     0.00    0.20    0.00     1.56     0.00     8.00     0.00    0.07   0.07   0.00
2025-04-23T15:40:01.295373+08:00 Dky_app_00 linx[65409]: sdbe              0.00     0.00    0.10    4.38     2.46  2843.94   635.88     0.00    0.82   1.65   0.74
2025-04-23T15:40:01.295380+08:00 Dky_app_00 linx[65409]: sdax              0.00     0.00    0.10    4.38     2.46  2871.71   642.09     0.00    0.85   1.66   0.74
2025-04-23T15:40:01.295397+08:00 Dky_app_00 linx[65409]: dm-0              0.00     0.70   72.34  573.73  4766.17 36826.91    64.38     0.03    0.04   0.04   2.82
2025-04-23T15:40:01.295415+08:00 Dky_app_00 linx[65409]: dm-1              0.00     0.34   59.40  282.80  3802.24 18253.25    64.45     0.01    0.04   0.05   1.69
2025-04-23T15:40:01.295424+08:00 Dky_app_00 linx[65409]: dm-2              0.01     0.04   43.70   47.37  2797.06  3116.76    64.94     0.01    0.46   0.18   1.60
2025-04-23T15:40:01.295442+08:00 Dky_app_00 linx[65409]: dm-3              0.00     0.00   73.67  343.77  4645.42  7974.83    30.23     0.01    0.10   0.01   0.60
2025-04-23T15:40:01.295453+08:00 Dky_app_00 linx[65409]: dm-4              0.00     0.00    0.00    0.00     0.00     0.00    15.59     0.00   17.28  17.28   0.00
2025-04-23T15:40:01.295469+08:00 Dky_app_00 linx[65409]: dm-5              0.00  2821.70    0.37   35.04    16.45 22853.92   645.84     0.01    0.38   0.29   1.02
2025-04-23T15:40:01.295494+08:00 Dky_app_00 linx[65409]: dm-6              0.00     0.00   25.49    3.00   333.40     3.00    11.81     0.01    0.36   0.36   1.02
2025-04-23T15:40:01.295499+08:00 Dky_app_00 linx[65409]: dm-7              0.00     0.00   45.80    0.00  4287.05     0.03    93.60     0.02    0.41   0.41   1.89
2025-04-23T15:40:01.295512+08:00 Dky_app_00 linx[65409]: dm-8              0.00     0.00    2.38  340.77    24.97  7971.81    23.30     0.01    0.03   0.03   1.04
2025-04-23T15:40:01.295525+08:00 Dky_app_00 linx[65409]: dm-9              0.00     0.00    0.37 2856.74    16.45 22853.92     8.00     0.02    0.00   0.00   1.03
2025-04-23T15:40:01.295547+08:00 Dky_app_00 linx[65409]:
2025-04-23T15:40:01.296573+08:00 Dky_app_00 linx[65411]: netstat -an |grep -i 'established'|wc -l
2025-04-23T15:40:01.332995+08:00 Dky_app_00 linx[65415]: 1037
2025-04-23T15:40:01.334626+08:00 Dky_app_00 linx[65427]: date
2025-04-23T15:40:01.336417+08:00 Dky_app_00 linx[65429]: Wed Apr 23 15:40:01 CST 2025
2025-04-23T15:40:01.338017+08:00 Dky_app_00 linx[65431]: cat   /proc/buddyinfo
2025-04-23T15:40:01.339614+08:00 Dky_app_00 linx[65433]: Node 0, zone      DMA      1      1      1      1      2      1      0      0      1      1      3
2025-04-23T15:40:01.339701+08:00 Dky_app_00 linx[65433]: Node 0, zone    DMA32     80     36     45     33     25     34     10     11      9     54     29
2025-04-23T15:40:01.339785+08:00 Dky_app_00 linx[65433]: Node 0, zone   Normal     10     17    418    167     51     21  20775  12620   4972      4      0
2025-04-23T15:40:01.339868+08:00 Dky_app_00 linx[65433]: Node 1, zone   Normal  14474   2418   1463   1311   1866  24155  21276  10932   3747     10     15
2025-04-23T15:40:01.339965+08:00 Dky_app_00 linx[65433]: Node 2, zone   Normal     38    518    433    200     67    373   4841   6427   2193     12    134
2025-04-23T15:40:01.340055+08:00 Dky_app_00 linx[65433]: Node 3, zone   Normal    832   4208   5355    952     62  53180  32865  12334   3069      4      0
2025-04-23T15:40:01.340142+08:00 Dky_app_00 linx[65433]: Node 4, zone   Normal  17738  16743  44706  75675  96173  64353  33133  10318   1571      4      0
2025-04-23T15:40:01.340249+08:00 Dky_app_00 linx[65433]: Node 5, zone   Normal   4422   3027   1278    332   1078   6397  19972   9994   3675      4      0
2025-04-23T15:40:01.340324+08:00 Dky_app_00 linx[65433]: Node 6, zone   Normal   4617    902    662    232     90     23   6459   4590   1379      4      0
2025-04-23T15:40:01.340414+08:00 Dky_app_00 linx[65433]: Node 7, zone   Normal  11583   5124  20339  39102  42023  31373  19806  10575   3791      4      0
2025-04-23T15:40:01.342002+08:00 Dky_app_00 linx[65435]: top-detail:
2025-04-23T15:42:01.403615+08:00 Dky_app_00 /usr/sbin/cron[68131]: (root) CMD (sh /usr/bin/msmp >> /var/log/msmp.log )
2025-04-23T15:42:01.403640+08:00 Dky_app_00 /usr/sbin/cron[68132]: (sysadmin) CMD (/usr/sbin/get_max_mem_process.sh)
2025-04-23T15:42:01.403806+08:00 Dky_app_00 /usr/sbin/cron[68133]: (dmdba) CMD (sh net_colsewait_mon.sh)
2025-04-23T15:42:01.403879+08:00 Dky_app_00 /usr/sbin/cron[68134]: (dmdba) CMD (sh /home/dmdba/dm/db_sessmon.sh)
2025-04-23T15:42:01.407911+08:00 Dky_app_00 linx[68143]: uptime
2025-04-23T15:42:01.420419+08:00 Dky_app_00 linx[68146]:  15:42:01 up 1551 days,  3:24,  8 users,  load average: 87.86, 83.98, 76.35
2025-04-23T15:42:01.421504+08:00 Dky_app_00 linx[68156]: free -m
2025-04-23T15:42:01.424786+08:00 Dky_app_00 linx[68158]:              total       used       free     shared    buffers     cached
2025-04-23T15:42:01.424816+08:00 Dky_app_00 linx[68158]: Mem:        516904     377756     139148          0        107      70557
2025-04-23T15:42:01.424823+08:00 Dky_app_00 linx[68158]: -/+ buffers/cache:     307091     209813
2025-04-23T15:42:01.424830+08:00 Dky_app_00 linx[68158]: Swap:        61034          0      61034
2025-04-23T15:42:01.425962+08:00 Dky_app_00 linx[68160]: df -h
2025-04-23T15:42:01.427291+08:00 Dky_app_00 linx[68162]: Filesystem            Size  Used Avail Use% Mounted on
2025-04-23T15:42:01.427305+08:00 Dky_app_00 linx[68162]: /dev/sda2             185G   75G  101G  43% /
2025-04-23T15:42:01.427318+08:00 Dky_app_00 linx[68162]: /dev/sda3             585G  197G  359G  36% /home
2025-04-23T15:42:01.427323+08:00 Dky_app_00 linx[68162]: /dev/sdav             3.0T  1.3T  1.6T  45% /dbbak
2025-04-23T15:42:01.427334+08:00 Dky_app_00 linx[68162]: /dev/mapper/dmarch_22-arch
2025-04-23T15:42:01.427352+08:00 Dky_app_00 linx[68162]:                       886G  680G  162G  81% /dbarch
2025-04-23T15:42:01.427357+08:00 Dky_app_00 linx[68162]: tmpfs                  20M   36K   20M   1% /tmp/smp
2025-04-23T15:42:01.427371+08:00 Dky_app_00 linx[68162]: 192.168.9.23:/dbarch/arch_rac1
2025-04-23T15:42:01.427379+08:00 Dky_app_00 linx[68162]:                       788G  681G   68G  91% /dbarch/arch_dsc1_kafka
2025-04-23T15:42:01.428626+08:00 Dky_app_00 linx[68164]: df -ih
2025-04-23T15:42:01.429957+08:00 Dky_app_00 linx[68166]: Filesystem            Inodes   IUsed   IFree IUse% Mounted on
2025-04-23T15:42:01.429980+08:00 Dky_app_00 linx[68166]: /dev/sda2                12M    2.1M    9.7M   18% /
2025-04-23T15:42:01.430003+08:00 Dky_app_00 linx[68166]: /dev/sda3                37M     28K     37M    1% /home
2025-04-23T15:42:01.430007+08:00 Dky_app_00 linx[68166]: /dev/sdav               192M     11K    192M    1% /dbbak
2025-04-23T15:42:01.430028+08:00 Dky_app_00 linx[68166]: /dev/mapper/dmarch_22-arch
2025-04-23T15:42:01.430061+08:00 Dky_app_00 linx[68166]:                          57M     463     57M    1% /dbarch
2025-04-23T15:42:01.430069+08:00 Dky_app_00 linx[68166]: tmpfs                    64M      13     64M    1% /tmp/smp
2025-04-23T15:42:01.430083+08:00 Dky_app_00 linx[68166]: 192.168.9.23:/dbarch/arch_rac1
2025-04-23T15:42:01.430105+08:00 Dky_app_00 linx[68166]:                          50M     353     50M    1% /dbarch/arch_dsc1_kafka
2025-04-23T15:42:01.431157+08:00 Dky_app_00 linx[68169]: iostat -x
2025-04-23T15:42:01.436105+08:00 Dky_app_00 linx[68171]: Linux 2.6.32-Rocky4.2-x86_64 (Dky_app_00) #01104/23/25 #011_x86_64_
2025-04-23T15:42:01.436117+08:00 Dky_app_00 linx[68171]:
2025-04-23T15:42:01.439638+08:00 Dky_app_00 linx[68171]: avg-cpu:  %user   %nice %system %iowait  %steal   %idle
2025-04-23T15:42:01.439656+08:00 Dky_app_00 linx[68171]:            3.47    0.00    1.30    0.67    0.00   94.61
2025-04-23T15:42:01.439674+08:00 Dky_app_00 linx[68171]:
2025-04-23T15:42:01.439706+08:00 Dky_app_00 linx[68171]: Device:         rrqm/s   wrqm/s     r/s     w/s   rsec/s   wsec/s avgrq-sz avgqu-sz   await  svctm  %util
2025-04-23T15:42:01.439722+08:00 Dky_app_00 linx[68171]: sda               0.02   223.59    0.15   13.30    17.75  1895.15   142.21     0.01    0.68   0.13   0.18
2025-04-23T15:42:01.439742+08:00 Dky_app_00 linx[68171]: sda1              0.00     0.00    0.00    0.00     0.00     0.00    40.85     0.00    2.01   2.01   0.00
2025-04-23T15:42:01.439758+08:00 Dky_app_00 linx[68171]: sda2              0.02    18.33    0.06    1.67     8.49   160.02    97.25     0.00    0.54   0.35   0.06
2025-04-23T15:42:01.439779+08:00 Dky_app_00 linx[68171]: sda3              0.00   205.26    0.08   11.63     9.25  1735.13   148.86     0.01    0.70   0.11   0.13
2025-04-23T15:42:01.439795+08:00 Dky_app_00 linx[68171]: sdb               0.00     0.00    9.08   71.73   595.36  4604.18    64.34     0.01    0.18   0.29   2.33
2025-04-23T15:42:01.439815+08:00 Dky_app_00 linx[68171]: sdc               0.00     0.00    7.48   35.34   476.06  2281.27    64.39     0.00    0.83   0.70   3.00
2025-04-23T15:42:01.439826+08:00 Dky_app_00 linx[68171]: sdd               0.00     0.00    5.51    5.92   349.87   389.75    64.69     0.02    1.89   1.65   1.89
2025-04-23T15:42:01.439857+08:00 Dky_app_00 linx[68171]: sde               0.00     0.00    9.33   42.90   586.70   984.38    30.08     0.02    0.29   0.29   1.50
2025-04-23T15:42:01.439872+08:00 Dky_app_00 linx[68171]: sdf               0.00     0.00    0.00    0.00     0.00     0.00    28.80     0.00    8.78   8.77   0.00
2025-04-23T15:42:01.439899+08:00 Dky_app_00 linx[68171]: sdg               0.00     0.00    0.20    0.00     1.56     0.00     8.00     0.00    0.10   0.10   0.00
2025-04-23T15:42:01.439930+08:00 Dky_app_00 linx[68171]: sdh               0.00     0.00    0.10    4.38     2.46  2869.92   641.69     0.00    0.85   1.66   0.74
2025-04-23T15:42:01.439941+08:00 Dky_app_00 linx[68171]: sdi               0.00     0.00    9.09   71.71   596.33  4603.20    64.34     0.01    0.08   0.24   1.91
2025-04-23T15:42:01.439954+08:00 Dky_app_00 linx[68171]: sdj               0.00     0.00    7.47   35.35   475.64  2281.70    64.39     0.01    0.93   0.02   0.08
2025-04-23T15:42:01.439999+08:00 Dky_app_00 linx[68171]: sdk               0.00     0.00    5.51    5.92   350.03   389.59    64.69     0.02    1.78   1.58   1.80
2025-04-23T15:42:01.440021+08:00 Dky_app_00 linx[68171]: sdl               0.00     0.00    9.10   43.13   569.60  1000.53    30.06     0.02    0.37   0.37   1.93
2025-04-23T15:42:01.440034+08:00 Dky_app_00 linx[68171]: sdm               0.00     0.00    0.00    0.00     0.00     0.00    28.51     0.00    0.20   0.20   0.00
2025-04-23T15:42:01.440040+08:00 Dky_app_00 linx[68171]: sdn               0.00     0.00    0.20    0.00     1.56     0.00     8.00     0.00    0.10   0.10   0.00
2025-04-23T15:42:01.440067+08:00 Dky_app_00 linx[68171]: sdo               0.00     0.00    0.10    4.38     2.46  2855.87   638.54     0.00    0.52   1.57   0.70
2025-04-23T15:42:01.440082+08:00 Dky_app_00 linx[68171]: sdq               0.00     0.00    7.47   35.36   475.33  2282.01    64.39     0.01    0.92   0.02   0.07
2025-04-23T15:42:01.440121+08:00 Dky_app_00 linx[68171]: sdr               0.00     0.00    5.52    5.92   350.21   389.42    64.69     0.02    1.78   1.57   1.80
2025-04-23T15:42:01.440129+08:00 Dky_app_00 linx[68171]: sds               0.00     0.00    9.21   43.02   577.26  1007.97    30.35     0.02    0.36   0.36   1.90
2025-04-23T15:42:01.440144+08:00 Dky_app_00 linx[68171]: sdt               0.00     0.00    0.00    0.00     0.00     0.00    28.50     0.00    0.16   0.16   0.00
2025-04-23T15:42:01.440174+08:00 Dky_app_00 linx[68171]: sdu               0.00     0.00    0.20    0.00     1.56     0.00     8.00     0.00    0.09   0.09   0.00
2025-04-23T15:42:01.440186+08:00 Dky_app_00 linx[68171]: sdv               0.00     0.00    0.10    4.38     2.46  2844.58   636.01     0.00    0.52   1.57   0.70
2025-04-23T15:42:01.440211+08:00 Dky_app_00 linx[68171]: sdw               0.00     0.00    9.09   71.72   595.91  4603.63    64.34     0.01    0.18   0.29   2.34
2025-04-23T15:42:01.440223+08:00 Dky_app_00 linx[68171]: sdx               0.00     0.00    7.47   35.35   475.68  2281.65    64.39     0.00    0.83   0.71   3.02
2025-04-23T15:42:01.440240+08:00 Dky_app_00 linx[68171]: sdy               0.00     0.00    5.51    5.92   350.00   389.63    64.69     0.02    1.92   1.67   1.91
2025-04-23T15:42:01.440265+08:00 Dky_app_00 linx[68171]: sdz               0.00     0.00    9.36   42.87   587.87   996.02    30.33     0.02    0.29   0.29   1.50
2025-04-23T15:42:01.440292+08:00 Dky_app_00 linx[68171]: sdab              0.00     0.00    0.20    0.00     1.56     0.00     8.00     0.00    0.09   0.09   0.00
2025-04-23T15:42:01.440315+08:00 Dky_app_00 linx[68171]: sdaa              0.00     0.00    0.00    0.00     0.00     0.00    28.48     0.00    0.22   0.22   0.00
2025-04-23T15:42:01.440325+08:00 Dky_app_00 linx[68171]: sdac              0.00     0.00    0.10    4.38     2.46  2852.41   637.77     0.00    0.84   1.66   0.74
2025-04-23T15:42:01.440334+08:00 Dky_app_00 linx[68171]: sdad              0.00     0.00    9.08   71.73   595.15  4604.38    64.34     0.01    0.08   0.23   1.89
2025-04-23T15:42:01.440349+08:00 Dky_app_00 linx[68171]: sdaf              0.00     0.00    5.51    5.92   349.85   389.77    64.69     0.02    1.79   1.58   1.80
2025-04-23T15:42:01.440354+08:00 Dky_app_00 linx[68171]: sdag              0.00     0.00    9.34   42.89   587.82   983.14    30.08     0.02    0.36   0.36   1.89
2025-04-23T15:42:01.440369+08:00 Dky_app_00 linx[68171]: sdah              0.00     0.00    0.00    0.00     0.00     0.00    28.56     0.00    0.12   0.12   0.00
2025-04-23T15:42:01.440383+08:00 Dky_app_00 linx[68171]: sdae              0.00     0.00    7.48   35.34   476.16  2281.17    64.39     0.01    0.92   0.01   0.06
2025-04-23T15:42:01.440391+08:00 Dky_app_00 linx[68171]: sdai              0.00     0.00    0.20    0.00     1.56     0.00     8.00     0.00    0.08   0.08   0.00
2025-04-23T15:42:01.440403+08:00 Dky_app_00 linx[68171]: sdaj              0.00     0.00    0.10    4.38     2.46  2868.44   641.34     0.00    0.51   1.57   0.70
2025-04-23T15:42:01.440425+08:00 Dky_app_00 linx[68171]: sdak              0.00     0.00    9.10   71.71   596.67  4602.85    64.34     0.01    0.08   0.23   1.88
2025-04-23T15:42:01.440445+08:00 Dky_app_00 linx[68171]: sdal              0.00     0.00    7.47   35.35   475.40  2281.94    64.39     0.01    0.92   0.02   0.06
2025-04-23T15:42:01.440461+08:00 Dky_app_00 linx[68171]: sdam              0.00     0.00    5.51    5.92   350.14   389.49    64.69     0.02    1.78   1.57   1.79
2025-04-23T15:42:01.440479+08:00 Dky_app_00 linx[68171]: sdan              0.00     0.00    9.17   43.06   574.91  1006.77    30.28     0.02    0.36   0.36   1.86
2025-04-23T15:42:01.440508+08:00 Dky_app_00 linx[68171]: sdao              0.00     0.00    0.00    0.00     0.00     0.00    28.57     0.00    0.13   0.13   0.00
2025-04-23T15:42:01.440516+08:00 Dky_app_00 linx[68171]: sdap              0.00     0.00    0.20    0.00     1.56     0.00     8.00     0.00    0.08   0.08   0.00
2025-04-23T15:42:01.440536+08:00 Dky_app_00 linx[68171]: sdaq              0.00     0.00    0.10    4.38     2.46  2847.03   636.56     0.00    0.51   1.57   0.70
2025-04-23T15:42:01.440549+08:00 Dky_app_00 linx[68171]: sdar              0.00     0.00    9.11   71.70   597.32  4602.21    64.34     0.02    0.19   0.30   2.39
2025-04-23T15:42:01.440563+08:00 Dky_app_00 linx[68171]: sdas              0.00     0.00    7.47   35.36   475.26  2282.07    64.39     0.00    0.85   0.72   3.07
2025-04-23T15:42:01.440583+08:00 Dky_app_00 linx[68171]: sdat              0.00     0.00    5.52    5.92   350.25   389.37    64.69     0.02    1.96   1.70   1.94
2025-04-23T15:42:01.440608+08:00 Dky_app_00 linx[68171]: sdau              0.00     0.00    9.22   43.01   577.54  1008.68    30.37     0.02    0.31   0.30   1.59
2025-04-23T15:42:01.440638+08:00 Dky_app_00 linx[68171]: sdav              0.00    11.20    0.30    0.11    75.39    90.50   406.11     0.01   12.52   0.70   0.03
2025-04-23T15:42:01.440664+08:00 Dky_app_00 linx[68171]: sdaw              0.00     0.00    0.20    0.00     1.56     0.00     8.00     0.00    0.08   0.08   0.00
2025-04-23T15:42:01.440681+08:00 Dky_app_00 linx[68171]: sday              0.00     0.00    9.08   71.72   595.63  4603.89    64.34     0.01    0.17   0.29   2.31
2025-04-23T15:42:01.440704+08:00 Dky_app_00 linx[68171]: sdaz              0.00     0.00    7.48   35.35   475.90  2281.42    64.39     0.00    0.83   0.70   2.99
2025-04-23T15:42:01.440739+08:00 Dky_app_00 linx[68171]: sdba              0.00     0.00    5.51    5.92   349.90   389.73    64.69     0.02    1.90   1.65   1.89
2025-04-23T15:42:01.440762+08:00 Dky_app_00 linx[68171]: sdbb              0.00     0.00    9.34   42.89   586.93   987.33    30.14     0.01    0.28   0.28   1.45
2025-04-23T15:42:01.440793+08:00 Dky_app_00 linx[68171]: sdbc              0.00     0.00    0.00    0.00     0.00     0.00    28.53     0.00    0.21   0.21   0.00
2025-04-23T15:42:01.440828+08:00 Dky_app_00 linx[68171]: sdbd              0.00     0.00    0.20    0.00     1.56     0.00     8.00     0.00    0.07   0.07   0.00
2025-04-23T15:42:01.440855+08:00 Dky_app_00 linx[68171]: sdbe              0.00     0.00    0.10    4.38     2.46  2843.94   635.88     0.00    0.82   1.65   0.74
2025-04-23T15:42:01.440890+08:00 Dky_app_00 linx[68171]: sdax              0.00     0.00    0.10    4.38     2.46  2871.71   642.09     0.00    0.85   1.66   0.74
2025-04-23T15:42:01.440904+08:00 Dky_app_00 linx[68171]: dm-0              0.00     0.70   72.34  573.73  4766.17 36826.87    64.38     0.03    0.04   0.04   2.82
2025-04-23T15:42:01.440930+08:00 Dky_app_00 linx[68171]: dm-1              0.00     0.34   59.40  282.80  3802.23 18253.23    64.45     0.01    0.04   0.05   1.69
2025-04-23T15:42:01.440946+08:00 Dky_app_00 linx[68171]: dm-2              0.01     0.04   43.70   47.37  2797.06  3116.76    64.94     0.01    0.46   0.18   1.60
2025-04-23T15:42:01.440977+08:00 Dky_app_00 linx[68171]: dm-3              0.00     0.00   73.67  343.77  4645.42  7974.83    30.23     0.01    0.10   0.01   0.60
2025-04-23T15:42:01.440985+08:00 Dky_app_00 linx[68171]: dm-4              0.00     0.00    0.00    0.00     0.00     0.00    15.59     0.00   17.28  17.28   0.00
2025-04-23T15:42:01.440996+08:00 Dky_app_00 linx[68171]: dm-5              0.00  2821.69    0.37   35.04    16.45 22853.90   645.84     0.01    0.38   0.29   1.02
2025-04-23T15:42:01.441001+08:00 Dky_app_00 linx[68171]: dm-6              0.00     0.00   25.49    3.00   333.40     3.00    11.81     0.01    0.36   0.36   1.02
2025-04-23T15:42:01.441031+08:00 Dky_app_00 linx[68171]: dm-7              0.00     0.00   45.80    0.00  4287.05     0.03    93.60     0.02    0.41   0.41   1.89
2025-04-23T15:42:01.441041+08:00 Dky_app_00 linx[68171]: dm-8              0.00     0.00    2.38  340.77    24.97  7971.80    23.30     0.01    0.03   0.03   1.04
2025-04-23T15:42:01.441066+08:00 Dky_app_00 linx[68171]: dm-9              0.00     0.00    0.37 2856.74    16.45 22853.90     8.00     0.02    0.00   0.00   1.03
2025-04-23T15:42:01.441100+08:00 Dky_app_00 linx[68171]:
2025-04-23T15:42:01.442231+08:00 Dky_app_00 linx[68173]: netstat -an |grep -i 'established'|wc -l
2025-04-23T15:42:01.477417+08:00 Dky_app_00 linx[68177]: 1036
2025-04-23T15:42:01.478634+08:00 Dky_app_00 linx[68184]: date
2025-04-23T15:42:01.479814+08:00 Dky_app_00 linx[68186]: Wed Apr 23 15:42:01 CST 2025
2025-04-23T15:42:01.480894+08:00 Dky_app_00 linx[68188]: cat   /proc/buddyinfo
2025-04-23T15:42:01.481894+08:00 Dky_app_00 linx[68190]: Node 0, zone      DMA      1      1      1      1      2      1      0      0      1      1      3
2025-04-23T15:42:01.481906+08:00 Dky_app_00 linx[68190]: Node 0, zone    DMA32     80     36     45     33     25     34     10     11      9     54     29
2025-04-23T15:42:01.481913+08:00 Dky_app_00 linx[68190]: Node 0, zone   Normal    249    603    636    193     50     20  19019  12621   4962      0      0
2025-04-23T15:42:01.481948+08:00 Dky_app_00 linx[68190]: Node 1, zone   Normal  18639   5146   2478   1422   1801  22340  21276  10932   3747      0      0
2025-04-23T15:42:01.481957+08:00 Dky_app_00 linx[68190]: Node 2, zone   Normal   3659   1951   1435    891    651    862   5670   6427   2193      0      0
2025-04-23T15:42:01.481973+08:00 Dky_app_00 linx[68190]: Node 3, zone   Normal    870   4179   5396    946     62  53182  32865  12334   3069      1      0
2025-04-23T15:42:01.481984+08:00 Dky_app_00 linx[68190]: Node 4, zone   Normal   5766  17794  45154  75564  95595  63971  32973  10242   1550      2      1
2025-04-23T15:42:01.481990+08:00 Dky_app_00 linx[68190]: Node 5, zone   Normal   1416   1289   1231    327   1082   6397  19972   9994   3675      0      0
2025-04-23T15:42:01.481995+08:00 Dky_app_00 linx[68190]: Node 6, zone   Normal   2477   4607   4972   4475   3805   2968   4176   2937   1463     12      0
2025-04-23T15:42:01.482013+08:00 Dky_app_00 linx[68190]: Node 7, zone   Normal  12155   5378  28043  39077  41969  31338  19790  10575   3792      1      0
2025-04-23T15:42:01.483058+08:00 Dky_app_00 linx[68194]: top-detail:
2025-04-23T15:44:01.259744+08:00 Dky_app_00 /usr/sbin/cron[70963]: (root) CMD (sh /usr/bin/msmp >> /var/log/msmp.log )
2025-04-23T15:44:01.259789+08:00 Dky_app_00 /usr/sbin/cron[70964]: (sysadmin) CMD (/usr/sbin/get_max_mem_process.sh)
2025-04-23T15:44:01.259907+08:00 Dky_app_00 /usr/sbin/cron[70965]: (dmdba) CMD (sh net_colsewait_mon.sh)
2025-04-23T15:44:01.260032+08:00 Dky_app_00 /usr/sbin/cron[70966]: (dmdba) CMD (sh /home/dmdba/dm/db_sessmon.sh)
2025-04-23T15:44:01.262735+08:00 Dky_app_00 linx[70969]: uptime
2025-04-23T15:44:01.280331+08:00 Dky_app_00 linx[70978]:  15:44:01 up 1551 days,  3:26,  8 users,  load average: 89.27, 85.73, 77.92
2025-04-23T15:44:01.281464+08:00 Dky_app_00 linx[70987]: free -m
2025-04-23T15:44:01.284878+08:00 Dky_app_00 linx[70989]:              total       used       free     shared    buffers     cached
2025-04-23T15:44:01.284893+08:00 Dky_app_00 linx[70989]: Mem:        516904     378428     138476          0        107      70560
2025-04-23T15:44:01.284903+08:00 Dky_app_00 linx[70989]: -/+ buffers/cache:     307760     209144
2025-04-23T15:44:01.284933+08:00 Dky_app_00 linx[70989]: Swap:        61034          0      61034
2025-04-23T15:44:01.286082+08:00 Dky_app_00 linx[70991]: df -h
2025-04-23T15:44:01.287448+08:00 Dky_app_00 linx[70993]: Filesystem            Size  Used Avail Use% Mounted on
2025-04-23T15:44:01.287472+08:00 Dky_app_00 linx[70993]: /dev/sda2             185G   75G  101G  43% /
2025-04-23T15:44:01.287479+08:00 Dky_app_00 linx[70993]: /dev/sda3             585G  197G  359G  36% /home
2025-04-23T15:44:01.287482+08:00 Dky_app_00 linx[70993]: /dev/sdav             3.0T  1.3T  1.6T  45% /dbbak
2025-04-23T15:44:01.287495+08:00 Dky_app_00 linx[70993]: /dev/mapper/dmarch_22-arch
2025-04-23T15:44:01.287503+08:00 Dky_app_00 linx[70993]:                       886G  680G  162G  81% /dbarch
2025-04-23T15:44:01.287513+08:00 Dky_app_00 linx[70993]: tmpfs                  20M   48K   20M   1% /tmp/smp
2025-04-23T15:44:01.287522+08:00 Dky_app_00 linx[70993]: 192.168.9.23:/dbarch/arch_rac1
2025-04-23T15:44:01.287548+08:00 Dky_app_00 linx[70993]:                       788G  681G   68G  91% /dbarch/arch_dsc1_kafka
2025-04-23T15:44:01.288736+08:00 Dky_app_00 linx[70995]: df -ih
2025-04-23T15:44:01.290077+08:00 Dky_app_00 linx[70997]: Filesystem            Inodes   IUsed   IFree IUse% Mounted on
2025-04-23T15:44:01.290088+08:00 Dky_app_00 linx[70997]: /dev/sda2                12M    2.1M    9.7M   18% /
2025-04-23T15:44:01.290115+08:00 Dky_app_00 linx[70997]: /dev/sda3                37M     28K     37M    1% /home
2025-04-23T15:44:01.290131+08:00 Dky_app_00 linx[70997]: /dev/sdav               192M     11K    192M    1% /dbbak
2025-04-23T15:44:01.290163+08:00 Dky_app_00 linx[70997]: /dev/mapper/dmarch_22-arch
2025-04-23T15:44:01.290177+08:00 Dky_app_00 linx[70997]:                          57M     463     57M    1% /dbarch
2025-04-23T15:44:01.290207+08:00 Dky_app_00 linx[70997]: tmpfs                    64M      13     64M    1% /tmp/smp
2025-04-23T15:44:01.290213+08:00 Dky_app_00 linx[70997]: 192.168.9.23:/dbarch/arch_rac1
2025-04-23T15:44:01.290235+08:00 Dky_app_00 linx[70997]:                          50M     353     50M    1% /dbarch/arch_dsc1_kafka
2025-04-23T15:44:01.291301+08:00 Dky_app_00 linx[70999]: iostat -x
2025-04-23T15:44:01.296181+08:00 Dky_app_00 linx[71001]: Linux 2.6.32-Rocky4.2-x86_64 (Dky_app_00) #01104/23/25 #011_x86_64_
2025-04-23T15:44:01.296196+08:00 Dky_app_00 linx[71001]:
2025-04-23T15:44:01.299991+08:00 Dky_app_00 linx[71001]: avg-cpu:  %user   %nice %system %iowait  %steal   %idle
2025-04-23T15:44:01.300000+08:00 Dky_app_00 linx[71001]:            3.47    0.00    1.30    0.67    0.00   94.61
2025-04-23T15:44:01.300009+08:00 Dky_app_00 linx[71001]:
2025-04-23T15:44:01.300014+08:00 Dky_app_00 linx[71001]: Device:         rrqm/s   wrqm/s     r/s     w/s   rsec/s   wsec/s avgrq-sz avgqu-sz   await  svctm  %util
2025-04-23T15:44:01.300031+08:00 Dky_app_00 linx[71001]: sda               0.02   223.59    0.15   13.30    17.75  1895.15   142.21     0.01    0.68   0.13   0.18
2025-04-23T15:44:01.300039+08:00 Dky_app_00 linx[71001]: sda1              0.00     0.00    0.00    0.00     0.00     0.00    40.85     0.00    2.01   2.01   0.00
2025-04-23T15:44:01.300045+08:00 Dky_app_00 linx[71001]: sda2              0.02    18.33    0.06    1.67     8.49   160.02    97.25     0.00    0.54   0.35   0.06
2025-04-23T15:44:01.300059+08:00 Dky_app_00 linx[71001]: sda3              0.00   205.26    0.08   11.63     9.25  1735.13   148.86     0.01    0.70   0.11   0.13
2025-04-23T15:44:01.300069+08:00 Dky_app_00 linx[71001]: sdb               0.00     0.00    9.08   71.73   595.36  4604.18    64.34     0.01    0.18   0.29   2.33
2025-04-23T15:44:01.300080+08:00 Dky_app_00 linx[71001]: sdc               0.00     0.00    7.48   35.34   476.06  2281.27    64.39     0.00    0.83   0.70   3.00
2025-04-23T15:44:01.300094+08:00 Dky_app_00 linx[71001]: sdd               0.00     0.00    5.51    5.92   349.87   389.75    64.69     0.02    1.89   1.65   1.89
2025-04-23T15:44:01.300101+08:00 Dky_app_00 linx[71001]: sde               0.00     0.00    9.33   42.90   586.70   984.38    30.08     0.02    0.29   0.29   1.50
2025-04-23T15:44:01.300113+08:00 Dky_app_00 linx[71001]: sdf               0.00     0.00    0.00    0.00     0.00     0.00    28.80     0.00    8.78   8.77   0.00
2025-04-23T15:44:01.300126+08:00 Dky_app_00 linx[71001]: sdg               0.00     0.00    0.20    0.00     1.56     0.00     8.00     0.00    0.10   0.10   0.00
2025-04-23T15:44:01.300134+08:00 Dky_app_00 linx[71001]: sdh               0.00     0.00    0.10    4.38     2.46  2869.91   641.69     0.00    0.85   1.66   0.74
2025-04-23T15:44:01.300149+08:00 Dky_app_00 linx[71001]: sdi               0.00     0.00    9.09   71.71   596.33  4603.20    64.34     0.01    0.08   0.24   1.91
2025-04-23T15:44:01.300156+08:00 Dky_app_00 linx[71001]: sdj               0.00     0.00    7.47   35.35   475.64  2281.70    64.39     0.01    0.93   0.02   0.08
2025-04-23T15:44:01.300166+08:00 Dky_app_00 linx[71001]: sdk               0.00     0.00    5.51    5.92   350.03   389.59    64.69     0.02    1.78   1.58   1.80
2025-04-23T15:44:01.300186+08:00 Dky_app_00 linx[71001]: sdl               0.00     0.00    9.10   43.13   569.60  1000.53    30.06     0.02    0.37   0.37   1.93
2025-04-23T15:44:01.300192+08:00 Dky_app_00 linx[71001]: sdm               0.00     0.00    0.00    0.00     0.00     0.00    28.51     0.00    0.20   0.20   0.00
2025-04-23T15:44:01.300202+08:00 Dky_app_00 linx[71001]: sdn               0.00     0.00    0.20    0.00     1.56     0.00     8.00     0.00    0.10   0.10   0.00
2025-04-23T15:44:01.300215+08:00 Dky_app_00 linx[71001]: sdo               0.00     0.00    0.10    4.38     2.46  2855.87   638.54     0.00    0.52   1.57   0.70
2025-04-23T15:44:01.300221+08:00 Dky_app_00 linx[71001]: sdq               0.00     0.00    7.47   35.36   475.33  2282.01    64.39     0.01    0.92   0.02   0.07
2025-04-23T15:44:01.300228+08:00 Dky_app_00 linx[71001]: sdr               0.00     0.00    5.52    5.92   350.21   389.42    64.69     0.02    1.78   1.57   1.80
2025-04-23T15:44:01.300239+08:00 Dky_app_00 linx[71001]: sds               0.00     0.00    9.21   43.02   577.26  1007.97    30.35     0.02    0.36   0.36   1.90
2025-04-23T15:44:01.300253+08:00 Dky_app_00 linx[71001]: sdt               0.00     0.00    0.00    0.00     0.00     0.00    28.50     0.00    0.16   0.16   0.00
2025-04-23T15:44:01.300262+08:00 Dky_app_00 linx[71001]: sdu               0.00     0.00    0.20    0.00     1.56     0.00     8.00     0.00    0.09   0.09   0.00
2025-04-23T15:44:01.300274+08:00 Dky_app_00 linx[71001]: sdv               0.00     0.00    0.10    4.38     2.46  2844.57   636.01     0.00    0.52   1.57   0.70
2025-04-23T15:44:01.300288+08:00 Dky_app_00 linx[71001]: sdw               0.00     0.00    9.09   71.72   595.91  4603.62    64.34     0.01    0.18   0.29   2.34
2025-04-23T15:44:01.300303+08:00 Dky_app_00 linx[71001]: sdx               0.00     0.00    7.47   35.35   475.68  2281.65    64.39     0.00    0.83   0.71   3.02
2025-04-23T15:44:01.300317+08:00 Dky_app_00 linx[71001]: sdy               0.00     0.00    5.51    5.92   349.99   389.63    64.69     0.02    1.92   1.67   1.91
2025-04-23T15:44:01.300325+08:00 Dky_app_00 linx[71001]: sdz               0.00     0.00    9.36   42.87   587.87   996.02    30.33     0.02    0.29   0.29   1.50
2025-04-23T15:44:01.300345+08:00 Dky_app_00 linx[71001]: sdab              0.00     0.00    0.20    0.00     1.56     0.00     8.00     0.00    0.09   0.09   0.00
2025-04-23T15:44:01.300355+08:00 Dky_app_00 linx[71001]: sdaa              0.00     0.00    0.00    0.00     0.00     0.00    28.48     0.00    0.22   0.22   0.00
2025-04-23T15:44:01.300362+08:00 Dky_app_00 linx[71001]: sdac              0.00     0.00    0.10    4.38     2.46  2852.41   637.77     0.00    0.84   1.66   0.74
2025-04-23T15:44:01.300367+08:00 Dky_app_00 linx[71001]: sdad              0.00     0.00    9.08   71.73   595.15  4604.37    64.34     0.01    0.08   0.23   1.89
2025-04-23T15:44:01.300387+08:00 Dky_app_00 linx[71001]: sdaf              0.00     0.00    5.51    5.92   349.85   389.77    64.69     0.02    1.79   1.58   1.80
2025-04-23T15:44:01.300392+08:00 Dky_app_00 linx[71001]: sdag              0.00     0.00    9.34   42.89   587.82   983.14    30.08     0.02    0.36   0.36   1.89
2025-04-23T15:44:01.300401+08:00 Dky_app_00 linx[71001]: sdah              0.00     0.00    0.00    0.00     0.00     0.00    28.56     0.00    0.12   0.12   0.00
2025-04-23T15:44:01.300410+08:00 Dky_app_00 linx[71001]: sdae              0.00     0.00    7.48   35.34   476.16  2281.17    64.39     0.01    0.92   0.01   0.06
2025-04-23T15:44:01.300420+08:00 Dky_app_00 linx[71001]: sdai              0.00     0.00    0.20    0.00     1.56     0.00     8.00     0.00    0.08   0.08   0.00
2025-04-23T15:44:01.300434+08:00 Dky_app_00 linx[71001]: sdaj              0.00     0.00    0.10    4.38     2.46  2868.43   641.34     0.00    0.51   1.57   0.70
2025-04-23T15:44:01.300449+08:00 Dky_app_00 linx[71001]: sdak              0.00     0.00    9.10   71.71   596.67  4602.84    64.34     0.01    0.08   0.23   1.88
2025-04-23T15:44:01.300461+08:00 Dky_app_00 linx[71001]: sdal              0.00     0.00    7.47   35.35   475.40  2281.94    64.39     0.01    0.92   0.02   0.06
2025-04-23T15:44:01.300468+08:00 Dky_app_00 linx[71001]: sdam              0.00     0.00    5.51    5.92   350.14   389.49    64.69     0.02    1.78   1.57   1.79
2025-04-23T15:44:01.300482+08:00 Dky_app_00 linx[71001]: sdan              0.00     0.00    9.17   43.06   574.91  1006.77    30.28     0.02    0.36   0.36   1.86
2025-04-23T15:44:01.300491+08:00 Dky_app_00 linx[71001]: sdao              0.00     0.00    0.00    0.00     0.00     0.00    28.57     0.00    0.13   0.13   0.00
2025-04-23T15:44:01.300500+08:00 Dky_app_00 linx[71001]: sdap              0.00     0.00    0.20    0.00     1.56     0.00     8.00     0.00    0.08   0.08   0.00
2025-04-23T15:44:01.300509+08:00 Dky_app_00 linx[71001]: sdaq              0.00     0.00    0.10    4.38     2.46  2847.03   636.56     0.00    0.51   1.57   0.70
2025-04-23T15:44:01.300515+08:00 Dky_app_00 linx[71001]: sdar              0.00     0.00    9.11   71.70   597.32  4602.21    64.34     0.02    0.19   0.30   2.39
2025-04-23T15:44:01.300538+08:00 Dky_app_00 linx[71001]: sdas              0.00     0.00    7.47   35.36   475.26  2282.06    64.39     0.00    0.85   0.72   3.07
2025-04-23T15:44:01.300544+08:00 Dky_app_00 linx[71001]: sdat              0.00     0.00    5.52    5.92   350.25   389.37    64.69     0.02    1.96   1.70   1.94
2025-04-23T15:44:01.300559+08:00 Dky_app_00 linx[71001]: sdau              0.00     0.00    9.22   43.01   577.54  1008.68    30.37     0.02    0.31   0.30   1.59
2025-04-23T15:44:01.300563+08:00 Dky_app_00 linx[71001]: sdav              0.00    11.20    0.30    0.11    75.39    90.50   406.11     0.01   12.52   0.70   0.03
2025-04-23T15:44:01.300573+08:00 Dky_app_00 linx[71001]: sdaw              0.00     0.00    0.20    0.00     1.56     0.00     8.00     0.00    0.08   0.08   0.00
2025-04-23T15:44:01.300583+08:00 Dky_app_00 linx[71001]: sday              0.00     0.00    9.08   71.72   595.63  4603.89    64.34     0.01    0.17   0.29   2.31
2025-04-23T15:44:01.300591+08:00 Dky_app_00 linx[71001]: sdaz              0.00     0.00    7.48   35.35   475.90  2281.42    64.39     0.00    0.83   0.70   2.99
2025-04-23T15:44:01.300602+08:00 Dky_app_00 linx[71001]: sdba              0.00     0.00    5.51    5.92   349.90   389.73    64.69     0.02    1.90   1.65   1.89
2025-04-23T15:44:01.300615+08:00 Dky_app_00 linx[71001]: sdbb              0.00     0.00    9.34   42.89   586.93   987.33    30.14     0.01    0.28   0.28   1.45
2025-04-23T15:44:01.300626+08:00 Dky_app_00 linx[71001]: sdbc              0.00     0.00    0.00    0.00     0.00     0.00    28.53     0.00    0.21   0.21   0.00
2025-04-23T15:44:01.300643+08:00 Dky_app_00 linx[71001]: sdbd              0.00     0.00    0.20    0.00     1.56     0.00     8.00     0.00    0.07   0.07   0.00
2025-04-23T15:44:01.300656+08:00 Dky_app_00 linx[71001]: sdbe              0.00     0.00    0.10    4.38     2.46  2843.94   635.88     0.00    0.82   1.65   0.74
2025-04-23T15:44:01.300665+08:00 Dky_app_00 linx[71001]: sdax              0.00     0.00    0.10    4.38     2.46  2871.70   642.09     0.00    0.85   1.66   0.74
2025-04-23T15:44:01.300670+08:00 Dky_app_00 linx[71001]: dm-0              0.00     0.70   72.34  573.73  4766.16 36826.84    64.38     0.03    0.04   0.04   2.82
2025-04-23T15:44:01.300675+08:00 Dky_app_00 linx[71001]: dm-1              0.00     0.34   59.40  282.80  3802.23 18253.22    64.45     0.01    0.04   0.05   1.69
2025-04-23T15:44:01.300686+08:00 Dky_app_00 linx[71001]: dm-2              0.01     0.04   43.70   47.37  2797.05  3116.75    64.94     0.01    0.46   0.18   1.60
2025-04-23T15:44:01.300700+08:00 Dky_app_00 linx[71001]: dm-3              0.00     0.00   73.67  343.77  4645.41  7974.82    30.23     0.01    0.10   0.01   0.60
2025-04-23T15:44:01.300706+08:00 Dky_app_00 linx[71001]: dm-4              0.00     0.00    0.00    0.00     0.00     0.00    15.59     0.00   17.28  17.28   0.00
2025-04-23T15:44:01.300717+08:00 Dky_app_00 linx[71001]: dm-5              0.00  2821.69    0.37   35.04    16.45 22853.88   645.84     0.01    0.38   0.29   1.02
2025-04-23T15:44:01.300722+08:00 Dky_app_00 linx[71001]: dm-6              0.00     0.00   25.49    3.00   333.40     3.00    11.81     0.01    0.36   0.36   1.02
2025-04-23T15:44:01.300731+08:00 Dky_app_00 linx[71001]: dm-7              0.00     0.00   45.80    0.00  4287.05     0.03    93.60     0.02    0.41   0.41   1.89
2025-04-23T15:44:01.300740+08:00 Dky_app_00 linx[71001]: dm-8              0.00     0.00    2.38  340.77    24.97  7971.79    23.30     0.01    0.03   0.03   1.04
2025-04-23T15:44:01.300749+08:00 Dky_app_00 linx[71001]: dm-9              0.00     0.00    0.37 2856.73    16.45 22853.88     8.00     0.02    0.00   0.00   1.03
2025-04-23T15:44:01.300757+08:00 Dky_app_00 linx[71001]:
2025-04-23T15:44:01.301856+08:00 Dky_app_00 linx[71003]: netstat -an |grep -i 'established'|wc -l
2025-04-23T15:44:01.336912+08:00 Dky_app_00 linx[71007]: 1038
2025-04-23T15:44:01.338082+08:00 Dky_app_00 linx[71013]: date
2025-04-23T15:44:01.339159+08:00 Dky_app_00 linx[71015]: Wed Apr 23 15:44:01 CST 2025
2025-04-23T15:44:01.340300+08:00 Dky_app_00 linx[71017]: cat   /proc/buddyinfo
2025-04-23T15:44:01.341366+08:00 Dky_app_00 linx[71019]: Node 0, zone      DMA      1      1      1      1      2      1      0      0      1      1      3
2025-04-23T15:44:01.341380+08:00 Dky_app_00 linx[71019]: Node 0, zone    DMA32    220     39     46     29     25     34      9     12      9     54     29
2025-04-23T15:44:01.341388+08:00 Dky_app_00 linx[71019]: Node 0, zone   Normal    292    261    745    798    625    535  17928  12031   4769      1      0
2025-04-23T15:44:01.341397+08:00 Dky_app_00 linx[71019]: Node 1, zone   Normal  18529   5211   2473   1424   1802  22343  21276  10932   3747      0      0
2025-04-23T15:44:01.341410+08:00 Dky_app_00 linx[71019]: Node 2, zone   Normal   3257   1956   1396    875    652    876   5670   6427   2193      0      0
2025-04-23T15:44:01.341420+08:00 Dky_app_00 linx[71019]: Node 3, zone   Normal    725   4363   5394    948     61  53182  32865  12334   3069      0      0
2025-04-23T15:44:01.341431+08:00 Dky_app_00 linx[71019]: Node 4, zone   Normal   5601  17753  45155  75564  95595  63971  32973  10242   1550      1      0
2025-04-23T15:44:01.341448+08:00 Dky_app_00 linx[71019]: Node 5, zone   Normal   1505   1388   1255    329   1081   6397  19972   9994   3675      0      0
2025-04-23T15:44:01.341455+08:00 Dky_app_00 linx[71019]: Node 6, zone   Normal   3133   4620   4955   4458   3789   2961   4172   2931   1464      1      0
2025-04-23T15:44:01.341465+08:00 Dky_app_00 linx[71019]: Node 7, zone   Normal  12221   5305  28099  39077  41969  31338  19790  10575   3792      1      0
2025-04-23T15:44:01.342614+08:00 Dky_app_00 linx[71021]: top-detail:
2025-04-23T15:44:01.974889+08:00 Dky_app_00 linx[71024]: top - 15:44:01 up 1551 days,  3:26,  8 users,  load average: 89.27, 85.73, 77.92
2025-04-23T15:44:01.974907+08:00 Dky_app_00 linx[71024]: Tasks: 3155 total,   2 running, 3149 sleeping,   3 stopped,   1 zombie
2025-04-23T15:44:01.974915+08:00 Dky_app_00 linx[71024]: Cpu(s):  3.5%us,  1.2%sy,  0.0%ni, 94.6%id,  0.7%wa,  0.0%hi,  0.0%si,  0.0%st
2025-04-23T15:44:01.974920+08:00 Dky_app_00 linx[71024]: Mem:  529310592k total, 387515176k used, 141795416k free,   110540k buffers
2025-04-23T15:44:01.974925+08:00 Dky_app_00 linx[71024]: Swap: 62499836k total,        0k used, 62499836k free, 72253932k cached
2025-04-23T15:44:01.974929+08:00 Dky_app_00 linx[71024]:
2025-04-23T15:44:01.974947+08:00 Dky_app_00 linx[71024]:    PID USER      PR  NI  VIRT  RES  SHR S %CPU %MEM    TIME+  COMMAND
2025-04-23T15:44:01.974952+08:00 Dky_app_00 linx[71024]:  41212 sysadmin  20   0 1238m 264m 2944 S    9  0.1  29085:31 linx_smp
2025-04-23T15:44:01.974956+08:00 Dky_app_00 linx[71024]:  71022 sysadmin  20   0 12844 3456  760 R    9  0.0   0:00.11 top
2025-04-23T15:44:01.974960+08:00 Dky_app_00 linx[71024]:      9 root      20   0     0    0    0 S    2  0.0 378:07.50 ksoftirqd/1
2025-04-23T15:44:01.974968+08:00 Dky_app_00 linx[71024]:  59582 cron      20   0 17444  832  516 S    2  0.0  17:45.87 cron
2025-04-23T15:44:01.974974+08:00 Dky_app_00 linx[71024]:      1 root      20   0  7852  612  512 S    0  0.0  31:07.29 init
2025-04-23T15:44:01.974979+08:00 Dky_app_00 linx[71024]:      2 root      20   0     0    0    0 S    0  0.0   0:02.80 kthreadd
2025-04-23T15:44:01.974983+08:00 Dky_app_00 linx[71024]:      3 root      RT   0     0    0    0 S    0  0.0 112:36.32 migration/0
2025-04-23T15:44:01.974985+08:00 Dky_app_00 linx[71024]:      4 root      20   0     0    0    0 S    0  0.0  84:30.65 ksoftirqd/0
2025-04-23T15:44:01.974987+08:00 Dky_app_00 linx[71024]:      5 root      RT   0     0    0    0 S    0  0.0   0:00.00 stopper/0
2025-04-23T15:44:01.974991+08:00 Dky_app_00 linx[71024]:      6 root      RT   0     0    0    0 S    0  0.0   2:55.88 watchdog/0
2025-04-23T15:44:01.974997+08:00 Dky_app_00 linx[71024]:      7 root      RT   0     0    0    0 S    0  0.0  77:01.62 migration/1
2025-04-23T15:44:01.974999+08:00 Dky_app_00 linx[71024]:      8 root      RT   0     0    0    0 S    0  0.0   0:00.00 stopper/1
2025-04-23T15:44:01.975006+08:00 Dky_app_00 linx[71024]:     10 root      RT   0     0    0    0 S    0  0.0   5:34.41 watchdog/1
2025-04-23T15:46:01.177602+08:00 Dky_app_00 /usr/sbin/cron[73797]: (root) CMD (sh /usr/bin/msmp >> /var/log/msmp.log )
2025-04-23T15:46:01.177759+08:00 Dky_app_00 /usr/sbin/cron[73798]: (sysadmin) CMD (/usr/sbin/get_max_mem_process.sh)
2025-04-23T15:46:01.177881+08:00 Dky_app_00 /usr/sbin/cron[73799]: (dmdba) CMD (sh net_colsewait_mon.sh)
2025-04-23T15:46:01.177977+08:00 Dky_app_00 /usr/sbin/cron[73800]: (dmdba) CMD (sh /home/dmdba/dm/db_sessmon.sh)
2025-04-23T15:46:01.180816+08:00 Dky_app_00 linx[73804]: uptime
2025-04-23T15:46:01.200175+08:00 Dky_app_00 linx[73813]:  15:46:01 up 1551 days,  3:28,  8 users,  load average: 90.99, 87.51, 79.51
2025-04-23T15:46:01.201533+08:00 Dky_app_00 linx[73826]: free -m
2025-04-23T15:46:01.204954+08:00 Dky_app_00 linx[73828]:              total       used       free     shared    buffers     cached
2025-04-23T15:46:01.204993+08:00 Dky_app_00 linx[73828]: Mem:        516904     379761     137143          0        108      70565
2025-04-23T15:46:01.205022+08:00 Dky_app_00 linx[73828]: -/+ buffers/cache:     309087     207817
2025-04-23T15:46:01.205065+08:00 Dky_app_00 linx[73828]: Swap:        61034          0      61034
2025-04-23T15:46:01.206393+08:00 Dky_app_00 linx[73830]: df -h
2025-04-23T15:46:01.207914+08:00 Dky_app_00 linx[73832]: Filesystem            Size  Used Avail Use% Mounted on
2025-04-23T15:46:01.207950+08:00 Dky_app_00 linx[73832]: /dev/sda2             185G   75G  101G  43% /
2025-04-23T15:46:01.207996+08:00 Dky_app_00 linx[73832]: /dev/sda3             585G  197G  359G  36% /home
2025-04-23T15:46:01.208023+08:00 Dky_app_00 linx[73832]: /dev/sdav             3.0T  1.3T  1.6T  45% /dbbak
2025-04-23T15:46:01.208067+08:00 Dky_app_00 linx[73832]: /dev/mapper/dmarch_22-arch
2025-04-23T15:46:01.208100+08:00 Dky_app_00 linx[73832]:                       886G  680G  162G  81% /dbarch
2025-04-23T15:46:01.208135+08:00 Dky_app_00 linx[73832]: tmpfs                  20M   48K   20M   1% /tmp/smp
2025-04-23T15:46:01.208168+08:00 Dky_app_00 linx[73832]: 192.168.9.23:/dbarch/arch_rac1
2025-04-23T15:46:01.208212+08:00 Dky_app_00 linx[73832]:                       788G  681G   68G  91% /dbarch/arch_dsc1_kafka
2025-04-23T15:46:01.209460+08:00 Dky_app_00 linx[73834]: df -ih
2025-04-23T15:46:01.210915+08:00 Dky_app_00 linx[73836]: Filesystem            Inodes   IUsed   IFree IUse% Mounted on
2025-04-23T15:46:01.210955+08:00 Dky_app_00 linx[73836]: /dev/sda2                12M    2.1M    9.7M   18% /
2025-04-23T15:46:01.210976+08:00 Dky_app_00 linx[73836]: /dev/sda3                37M     28K     37M    1% /home
2025-04-23T15:46:01.211001+08:00 Dky_app_00 linx[73836]: /dev/sdav               192M     11K    192M    1% /dbbak
2025-04-23T15:46:01.211027+08:00 Dky_app_00 linx[73836]: /dev/mapper/dmarch_22-arch
2025-04-23T15:46:01.211066+08:00 Dky_app_00 linx[73836]:                          57M     463     57M    1% /dbarch
2025-04-23T15:46:01.211096+08:00 Dky_app_00 linx[73836]: tmpfs                    64M      13     64M    1% /tmp/smp
2025-04-23T15:46:01.211152+08:00 Dky_app_00 linx[73836]: 192.168.9.23:/dbarch/arch_rac1
2025-04-23T15:46:01.211169+08:00 Dky_app_00 linx[73836]:                          50M     353     50M    1% /dbarch/arch_dsc1_kafka
2025-04-23T15:46:01.212453+08:00 Dky_app_00 linx[73838]: iostat -x
2025-04-23T15:46:01.219211+08:00 Dky_app_00 linx[73840]: Linux 2.6.32-Rocky4.2-x86_64 (Dky_app_00) #01104/23/25 #011_x86_64_
2025-04-23T15:46:01.219225+08:00 Dky_app_00 linx[73840]:
2025-04-23T15:46:01.222989+08:00 Dky_app_00 linx[73840]: avg-cpu:  %user   %nice %system %iowait  %steal   %idle
2025-04-23T15:46:01.223010+08:00 Dky_app_00 linx[73840]:            3.47    0.00    1.30    0.67    0.00   94.61
2025-04-23T15:46:01.223033+08:00 Dky_app_00 linx[73840]:
2025-04-23T15:46:01.223048+08:00 Dky_app_00 linx[73840]: Device:         rrqm/s   wrqm/s     r/s     w/s   rsec/s   wsec/s avgrq-sz avgqu-sz   await  svctm  %util
2025-04-23T15:46:01.223067+08:00 Dky_app_00 linx[73840]: sda               0.02   223.59    0.15   13.30    17.75  1895.15   142.21     0.01    0.68   0.13   0.18
2025-04-23T15:46:01.223091+08:00 Dky_app_00 linx[73840]: sda1              0.00     0.00    0.00    0.00     0.00     0.00    40.85     0.00    2.01   2.01   0.00
2025-04-23T15:46:01.223105+08:00 Dky_app_00 linx[73840]: sda2              0.02    18.33    0.06    1.67     8.49   160.02    97.25     0.00    0.54   0.35   0.06
2025-04-23T15:46:01.223128+08:00 Dky_app_00 linx[73840]: sda3              0.00   205.26    0.08   11.63     9.25  1735.13   148.86     0.01    0.70   0.11   0.13
2025-04-23T15:46:01.223151+08:00 Dky_app_00 linx[73840]: sdb               0.00     0.00    9.08   71.73   595.36  4604.17    64.34     0.01    0.18   0.29   2.33
2025-04-23T15:46:01.223163+08:00 Dky_app_00 linx[73840]: sdc               0.00     0.00    7.48   35.34   476.06  2281.27    64.39     0.00    0.83   0.70   3.00
2025-04-23T15:46:01.223179+08:00 Dky_app_00 linx[73840]: sdd               0.00     0.00    5.51    5.92   349.87   389.75    64.69     0.02    1.89   1.65   1.89
2025-04-23T15:46:01.223208+08:00 Dky_app_00 linx[73840]: sde               0.00     0.00    9.33   42.90   586.70   984.38    30.08     0.02    0.29   0.29   1.50
2025-04-23T15:46:01.223226+08:00 Dky_app_00 linx[73840]: sdf               0.00     0.00    0.00    0.00     0.00     0.00    28.80     0.00    8.78   8.77   0.00
2025-04-23T15:46:01.223241+08:00 Dky_app_00 linx[73840]: sdg               0.00     0.00    0.20    0.00     1.56     0.00     8.00     0.00    0.10   0.10   0.00
2025-04-23T15:46:01.223253+08:00 Dky_app_00 linx[73840]: sdh               0.00     0.00    0.10    4.38     2.46  2869.91   641.69     0.00    0.85   1.66   0.74
2025-04-23T15:46:01.223276+08:00 Dky_app_00 linx[73840]: sdi               0.00     0.00    9.09   71.71   596.33  4603.19    64.34     0.01    0.08   0.24   1.91
2025-04-23T15:46:01.223296+08:00 Dky_app_00 linx[73840]: sdj               0.00     0.00    7.47   35.35   475.64  2281.70    64.39     0.01    0.93   0.02   0.08
2025-04-23T15:46:01.223327+08:00 Dky_app_00 linx[73840]: sdk               0.00     0.00    5.51    5.92   350.03   389.59    64.69     0.02    1.78   1.58   1.80
2025-04-23T15:46:01.223340+08:00 Dky_app_00 linx[73840]: sdl               0.00     0.00    9.10   43.13   569.60  1000.53    30.06     0.02    0.37   0.37   1.93
2025-04-23T15:46:01.223361+08:00 Dky_app_00 linx[73840]: sdm               0.00     0.00    0.00    0.00     0.00     0.00    28.51     0.00    0.20   0.20   0.00
2025-04-23T15:46:01.223373+08:00 Dky_app_00 linx[73840]: sdn               0.00     0.00    0.20    0.00     1.56     0.00     8.00     0.00    0.10   0.10   0.00
2025-04-23T15:46:01.223394+08:00 Dky_app_00 linx[73840]: sdo               0.00     0.00    0.10    4.38     2.46  2855.87   638.54     0.00    0.52   1.57   0.70
2025-04-23T15:46:01.223406+08:00 Dky_app_00 linx[73840]: sdq               0.00     0.00    7.47   35.36   475.33  2282.00    64.39     0.01    0.92   0.02   0.07
2025-04-23T15:46:01.223430+08:00 Dky_app_00 linx[73840]: sdr               0.00     0.00    5.52    5.92   350.21   389.42    64.69     0.02    1.78   1.57   1.80
2025-04-23T15:46:01.223439+08:00 Dky_app_00 linx[73840]: sds               0.00     0.00    9.21   43.02   577.26  1007.97    30.35     0.02    0.36   0.36   1.90
2025-04-23T15:46:01.223455+08:00 Dky_app_00 linx[73840]: sdt               0.00     0.00    0.00    0.00     0.00     0.00    28.50     0.00    0.16   0.16   0.00
2025-04-23T15:46:01.223483+08:00 Dky_app_00 linx[73840]: sdu               0.00     0.00    0.20    0.00     1.56     0.00     8.00     0.00    0.09   0.09   0.00
2025-04-23T15:46:01.223496+08:00 Dky_app_00 linx[73840]: sdv               0.00     0.00    0.10    4.38     2.46  2844.57   636.01     0.00    0.52   1.57   0.70
2025-04-23T15:46:01.223512+08:00 Dky_app_00 linx[73840]: sdw               0.00     0.00    9.09   71.72   595.91  4603.62    64.34     0.01    0.18   0.29   2.34
2025-04-23T15:46:01.223528+08:00 Dky_app_00 linx[73840]: sdx               0.00     0.00    7.47   35.35   475.68  2281.65    64.39     0.00    0.83   0.71   3.02
2025-04-23T15:46:01.223547+08:00 Dky_app_00 linx[73840]: sdy               0.00     0.00    5.51    5.92   349.99   389.63    64.69     0.02    1.92   1.67   1.91
2025-04-23T15:46:01.223571+08:00 Dky_app_00 linx[73840]: sdz               0.00     0.00    9.36   42.87   587.87   996.02    30.33     0.02    0.29   0.29   1.50
2025-04-23T15:46:01.223583+08:00 Dky_app_00 linx[73840]: sdab              0.00     0.00    0.20    0.00     1.56     0.00     8.00     0.00    0.09   0.09   0.00
2025-04-23T15:46:01.223602+08:00 Dky_app_00 linx[73840]: sdaa              0.00     0.00    0.00    0.00     0.00     0.00    28.48     0.00    0.22   0.22   0.00
2025-04-23T15:46:01.223615+08:00 Dky_app_00 linx[73840]: sdac              0.00     0.00    0.10    4.38     2.46  2852.41   637.77     0.00    0.84   1.66   0.74
2025-04-23T15:46:01.223635+08:00 Dky_app_00 linx[73840]: sdad              0.00     0.00    9.08   71.73   595.15  4604.37    64.34     0.01    0.08   0.23   1.89
2025-04-23T15:46:01.223657+08:00 Dky_app_00 linx[73840]: sdaf              0.00     0.00    5.51    5.92   349.85   389.77    64.69     0.02    1.79   1.58   1.80
2025-04-23T15:46:01.223665+08:00 Dky_app_00 linx[73840]: sdag              0.00     0.00    9.34   42.89   587.82   983.14    30.08     0.02    0.36   0.36   1.89
2025-04-23T15:46:01.223682+08:00 Dky_app_00 linx[73840]: sdah              0.00     0.00    0.00    0.00     0.00     0.00    28.56     0.00    0.12   0.12   0.00
2025-04-23T15:46:01.223710+08:00 Dky_app_00 linx[73840]: sdae              0.00     0.00    7.48   35.34   476.16  2281.17    64.39     0.01    0.92   0.01   0.06
2025-04-23T15:46:01.223723+08:00 Dky_app_00 linx[73840]: sdai              0.00     0.00    0.20    0.00     1.56     0.00     8.00     0.00    0.08   0.08   0.00
2025-04-23T15:46:01.223734+08:00 Dky_app_00 linx[73840]: sdaj              0.00     0.00    0.10    4.38     2.46  2868.43   641.34     0.00    0.51   1.57   0.70
2025-04-23T15:46:01.223750+08:00 Dky_app_00 linx[73840]: sdak              0.00     0.00    9.10   71.71   596.67  4602.84    64.34     0.01    0.08   0.23   1.88
2025-04-23T15:46:01.223778+08:00 Dky_app_00 linx[73840]: sdal              0.00     0.00    7.47   35.35   475.40  2281.94    64.39     0.01    0.92   0.02   0.06
2025-04-23T15:46:01.223789+08:00 Dky_app_00 linx[73840]: sdam              0.00     0.00    5.51    5.92   350.14   389.49    64.69     0.02    1.78   1.57   1.79
2025-04-23T15:46:01.223806+08:00 Dky_app_00 linx[73840]: sdan              0.00     0.00    9.17   43.06   574.91  1006.77    30.28     0.02    0.36   0.36   1.86
2025-04-23T15:46:01.223817+08:00 Dky_app_00 linx[73840]: sdao              0.00     0.00    0.00    0.00     0.00     0.00    28.57     0.00    0.13   0.13   0.00
2025-04-23T15:46:01.223838+08:00 Dky_app_00 linx[73840]: sdap              0.00     0.00    0.20    0.00     1.56     0.00     8.00     0.00    0.08   0.08   0.00
2025-04-23T15:46:01.223859+08:00 Dky_app_00 linx[73840]: sdaq              0.00     0.00    0.10    4.38     2.46  2847.03   636.56     0.00    0.51   1.57   0.70
2025-04-23T15:46:01.223877+08:00 Dky_app_00 linx[73840]: sdar              0.00     0.00    9.11   71.70   597.32  4602.20    64.34     0.02    0.19   0.30   2.39
2025-04-23T15:46:01.223897+08:00 Dky_app_00 linx[73840]: sdas              0.00     0.00    7.47   35.36   475.26  2282.06    64.39     0.00    0.85   0.72   3.07
2025-04-23T15:46:01.223919+08:00 Dky_app_00 linx[73840]: sdat              0.00     0.00    5.52    5.92   350.25   389.37    64.69     0.02    1.96   1.70   1.94
2025-04-23T15:46:01.223939+08:00 Dky_app_00 linx[73840]: sdau              0.00     0.00    9.22   43.01   577.54  1008.67    30.37     0.02    0.31   0.30   1.59
2025-04-23T15:46:01.223960+08:00 Dky_app_00 linx[73840]: sdav              0.00    11.20    0.30    0.11    75.39    90.50   406.11     0.01   12.52   0.70   0.03
2025-04-23T15:46:01.223974+08:00 Dky_app_00 linx[73840]: sdaw              0.00     0.00    0.20    0.00     1.56     0.00     8.00     0.00    0.08   0.08   0.00
2025-04-23T15:46:01.223984+08:00 Dky_app_00 linx[73840]: sday              0.00     0.00    9.08   71.72   595.63  4603.88    64.34     0.01    0.17   0.29   2.31
2025-04-23T15:46:01.224007+08:00 Dky_app_00 linx[73840]: sdaz              0.00     0.00    7.48   35.35   475.90  2281.42    64.39     0.00    0.83   0.70   2.99
2025-04-23T15:46:01.224023+08:00 Dky_app_00 linx[73840]: sdba              0.00     0.00    5.51    5.92   349.90   389.73    64.69     0.02    1.90   1.65   1.89
2025-04-23T15:46:01.224032+08:00 Dky_app_00 linx[73840]: sdbb              0.00     0.00    9.34   42.89   586.93   987.33    30.14     0.01    0.28   0.28   1.45
2025-04-23T15:46:01.224050+08:00 Dky_app_00 linx[73840]: sdbc              0.00     0.00    0.00    0.00     0.00     0.00    28.53     0.00    0.21   0.21   0.00
2025-04-23T15:46:01.224079+08:00 Dky_app_00 linx[73840]: sdbd              0.00     0.00    0.20    0.00     1.56     0.00     8.00     0.00    0.07   0.07   0.00
2025-04-23T15:46:01.224093+08:00 Dky_app_00 linx[73840]: sdbe              0.00     0.00    0.10    4.38     2.46  2843.94   635.88     0.00    0.82   1.65   0.74
2025-04-23T15:46:01.224114+08:00 Dky_app_00 linx[73840]: sdax              0.00     0.00    0.10    4.38     2.46  2871.70   642.09     0.00    0.85   1.66   0.74
2025-04-23T15:46:01.224126+08:00 Dky_app_00 linx[73840]: dm-0              0.00     0.70   72.34  573.73  4766.16 36826.81    64.38     0.03    0.04   0.04   2.82
2025-04-23T15:46:01.224148+08:00 Dky_app_00 linx[73840]: dm-1              0.00     0.34   59.40  282.80  3802.23 18253.20    64.45     0.01    0.04   0.05   1.69
2025-04-23T15:46:01.224162+08:00 Dky_app_00 linx[73840]: dm-2              0.01     0.04   43.70   47.37  2797.05  3116.75    64.94     0.01    0.46   0.18   1.60
2025-04-23T15:46:01.224169+08:00 Dky_app_00 linx[73840]: dm-3              0.00     0.00   73.67  343.77  4645.41  7974.81    30.23     0.01    0.10   0.01   0.60
2025-04-23T15:46:01.224179+08:00 Dky_app_00 linx[73840]: dm-4              0.00     0.00    0.00    0.00     0.00     0.00    15.59     0.00   17.28  17.28   0.00
2025-04-23T15:46:01.224204+08:00 Dky_app_00 linx[73840]: dm-5              0.00  2821.69    0.37   35.04    16.45 22853.86   645.84     0.01    0.38   0.29   1.02
2025-04-23T15:46:01.224224+08:00 Dky_app_00 linx[73840]: dm-6              0.00     0.00   25.49    3.00   333.40     3.00    11.81     0.01    0.36   0.36   1.02
2025-04-23T15:46:01.224237+08:00 Dky_app_00 linx[73840]: dm-7              0.00     0.00   45.80    0.00  4287.05     0.03    93.60     0.02    0.41   0.41   1.89
2025-04-23T15:46:01.224242+08:00 Dky_app_00 linx[73840]: dm-8              0.00     0.00    2.38  340.77    24.97  7971.79    23.30     0.01    0.03   0.03   1.04
2025-04-23T15:46:01.224270+08:00 Dky_app_00 linx[73840]: dm-9              0.00     0.00    0.37 2856.73    16.45 22853.86     8.00     0.02    0.00   0.00   1.03
2025-04-23T15:46:01.224283+08:00 Dky_app_00 linx[73840]:
2025-04-23T15:46:01.225427+08:00 Dky_app_00 linx[73842]: netstat -an |grep -i 'established'|wc -l
2025-04-23T15:46:01.261117+08:00 Dky_app_00 linx[73846]: 1036
2025-04-23T15:46:01.262340+08:00 Dky_app_00 linx[73852]: date
2025-04-23T15:46:01.263608+08:00 Dky_app_00 linx[73854]: Wed Apr 23 15:46:01 CST 2025
2025-04-23T15:46:01.264755+08:00 Dky_app_00 linx[73856]: cat   /proc/buddyinfo
2025-04-23T15:46:01.265870+08:00 Dky_app_00 linx[73858]: Node 0, zone      DMA      1      1      1      1      2      1      0      0      1      1      3
2025-04-23T15:46:01.265900+08:00 Dky_app_00 linx[73858]: Node 0, zone    DMA32    220     39     46     29     25     34      9     12      9     54     29
2025-04-23T15:46:01.265913+08:00 Dky_app_00 linx[73858]: Node 0, zone   Normal   2589    835   1035    813    623    532  17913  12020   4763      0      0
2025-04-23T15:46:01.265945+08:00 Dky_app_00 linx[73858]: Node 1, zone   Normal  11696   5468   2864   1910   2296  21549  20462  10432   3546      0      0
2025-04-23T15:46:01.265958+08:00 Dky_app_00 linx[73858]: Node 2, zone   Normal   1128   2401   2458   1701   1364   1511   5334   5744   1911      4      0
2025-04-23T15:46:01.265976+08:00 Dky_app_00 linx[73858]: Node 3, zone   Normal     42   4290   5405    984     87  53162  32858  12330   3069      0      0
2025-04-23T15:46:01.266006+08:00 Dky_app_00 linx[73858]: Node 4, zone   Normal   5231  17870  45135  75523  95537  63935  32952  10236   1550      0      0
2025-04-23T15:46:01.266020+08:00 Dky_app_00 linx[73858]: Node 5, zone   Normal   1714   2181   1891    935   1539   6647  19719   9907   3649      0      0
2025-04-23T15:46:01.266049+08:00 Dky_app_00 linx[73858]: Node 6, zone   Normal   2761   4571   4902   4457   3788   2961   4172   2931   1464      1      0
2025-04-23T15:46:01.266071+08:00 Dky_app_00 linx[73858]: Node 7, zone   Normal  11565   5110  28329  39077  41969  31338  19790  10575   3792      0      0
2025-04-23T15:46:01.267182+08:00 Dky_app_00 linx[73860]: top-detail:
2025-04-23T15:46:01.946890+08:00 Dky_app_00 linx[73863]: top - 15:46:01 up 1551 days,  3:28,  8 users,  load average: 90.99, 87.51, 79.51
2025-04-23T15:46:01.946912+08:00 Dky_app_00 linx[73863]: Tasks: 3160 total,   1 running, 3155 sleeping,   3 stopped,   1 zombie
2025-04-23T15:46:01.946917+08:00 Dky_app_00 linx[73863]: Cpu(s):  3.5%us,  1.2%sy,  0.0%ni, 94.6%id,  0.7%wa,  0.0%hi,  0.0%si,  0.0%st
2025-04-23T15:46:01.946927+08:00 Dky_app_00 linx[73863]: Mem:  529310592k total, 388861244k used, 140449348k free,   110952k buffers
2025-04-23T15:46:01.946931+08:00 Dky_app_00 linx[73863]: Swap: 62499836k total,        0k used, 62499836k free, 72259424k cached
2025-04-23T15:46:01.946936+08:00 Dky_app_00 linx[73863]:
2025-04-23T15:46:01.946939+08:00 Dky_app_00 linx[73863]:    PID USER      PR  NI  VIRT  RES  SHR S %CPU %MEM    TIME+  COMMAND
2025-04-23T15:46:01.946942+08:00 Dky_app_00 linx[73863]:  73861 sysadmin  20   0 12844 3480  760 R   10  0.0   0:00.16 top
2025-04-23T15:46:01.946944+08:00 Dky_app_00 linx[73863]:  41212 sysadmin  20   0 1238m 218m 2944 S    6  0.0  29085:38 linx_smp
2025-04-23T15:46:01.946947+08:00 Dky_app_00 linx[73863]:  96228 root      20   0  302m 4704 2908 S    2  0.0  18:10.65 guard-pmc
2025-04-23T15:46:01.946951+08:00 Dky_app_00 linx[73863]:      1 root      20   0  7852  612  512 S    0  0.0  31:07.29 init
2025-04-23T15:46:01.946955+08:00 Dky_app_00 linx[73863]:      2 root      20   0     0    0    0 S    0  0.0   0:02.80 kthreadd
2025-04-23T15:46:01.946964+08:00 Dky_app_00 linx[73863]:      3 root      RT   0     0    0    0 S    0  0.0 112:36.32 migration/0
2025-04-23T15:46:01.946982+08:00 Dky_app_00 linx[73863]:      4 root      20   0     0    0    0 S    0  0.0  84:30.65 ksoftirqd/0
2025-04-23T15:46:01.946987+08:00 Dky_app_00 linx[73863]:      5 root      RT   0     0    0    0 S    0  0.0   0:00.00 stopper/0
2025-04-23T15:46:01.946999+08:00 Dky_app_00 linx[73863]:      6 root      RT   0     0    0    0 S    0  0.0   2:55.88 watchdog/0
2025-04-23T15:46:01.947003+08:00 Dky_app_00 linx[73863]:      7 root      RT   0     0    0    0 S    0  0.0  77:01.62 migration/1
2025-04-23T15:46:01.947008+08:00 Dky_app_00 linx[73863]:      8 root      RT   0     0    0    0 S    0  0.0   0:00.00 stopper/1
2025-04-23T15:46:01.947011+08:00 Dky_app_00 linx[73863]:      9 root      20   0     0    0    0 S    0  0.0 378:07.51 ksoftirqd/1
2025-04-23T15:46:01.947013+08:00 Dky_app_00 linx[73863]:     10 root      RT   0     0    0    0 S    0  0.0   5:34.41 watchdog/1
2025-04-23T15:48:01.043640+08:00 Dky_app_00 /usr/sbin/cron[76666]: (root) CMD (sh /usr/bin/msmp >> /var/log/msmp.log )
2025-04-23T15:48:01.043773+08:00 Dky_app_00 /usr/sbin/cron[76667]: (sysadmin) CMD (/usr/sbin/get_max_mem_process.sh)
2025-04-23T15:48:01.043871+08:00 Dky_app_00 /usr/sbin/cron[76668]: (dmdba) CMD (sh net_colsewait_mon.sh)
2025-04-23T15:48:01.043989+08:00 Dky_app_00 /usr/sbin/cron[76669]: (dmdba) CMD (sh /home/dmdba/dm/db_sessmon.sh)
2025-04-23T15:48:01.047003+08:00 Dky_app_00 linx[76674]: uptime
2025-04-23T15:48:01.065642+08:00 Dky_app_00 linx[76681]:  15:48:01 up 1551 days,  3:30,  8 users,  load average: 92.81, 89.29, 81.13
2025-04-23T15:48:01.066981+08:00 Dky_app_00 linx[76695]: free -m
2025-04-23T15:48:01.070577+08:00 Dky_app_00 linx[76697]:              total       used       free     shared    buffers     cached
2025-04-23T15:48:01.070608+08:00 Dky_app_00 linx[76697]: Mem:        516904     381010     135894          0        108      70569
2025-04-23T15:48:01.070647+08:00 Dky_app_00 linx[76697]: -/+ buffers/cache:     310332     206572
2025-04-23T15:48:01.070697+08:00 Dky_app_00 linx[76697]: Swap:        61034          0      61034
2025-04-23T15:48:01.072031+08:00 Dky_app_00 linx[76699]: df -h
2025-04-23T15:48:01.073563+08:00 Dky_app_00 linx[76701]: Filesystem            Size  Used Avail Use% Mounted on
2025-04-23T15:48:01.073607+08:00 Dky_app_00 linx[76701]: /dev/sda2             185G   75G  101G  43% /
2025-04-23T15:48:01.073643+08:00 Dky_app_00 linx[76701]: /dev/sda3             585G  197G  359G  36% /home
2025-04-23T15:48:01.073689+08:00 Dky_app_00 linx[76701]: /dev/sdav             3.0T  1.3T  1.6T  45% /dbbak
2025-04-23T15:48:01.073739+08:00 Dky_app_00 linx[76701]: /dev/mapper/dmarch_22-arch
2025-04-23T15:48:01.073769+08:00 Dky_app_00 linx[76701]:                       886G  680G  162G  81% /dbarch
2025-04-23T15:48:01.073833+08:00 Dky_app_00 linx[76701]: tmpfs                  20M   40K   20M   1% /tmp/smp
2025-04-23T15:48:01.073895+08:00 Dky_app_00 linx[76701]: 192.168.9.23:/dbarch/arch_rac1
2025-04-23T15:48:01.073942+08:00 Dky_app_00 linx[76701]:                       788G  681G   68G  91% /dbarch/arch_dsc1_kafka
2025-04-23T15:48:01.075200+08:00 Dky_app_00 linx[76703]: df -ih
2025-04-23T15:48:01.076682+08:00 Dky_app_00 linx[76705]: Filesystem            Inodes   IUsed   IFree IUse% Mounted on
2025-04-23T15:48:01.076714+08:00 Dky_app_00 linx[76705]: /dev/sda2                12M    2.1M    9.7M   18% /
2025-04-23T15:48:01.076755+08:00 Dky_app_00 linx[76705]: /dev/sda3                37M     28K     37M    1% /home
2025-04-23T15:48:01.076791+08:00 Dky_app_00 linx[76705]: /dev/sdav               192M     11K    192M    1% /dbbak
2025-04-23T15:48:01.076813+08:00 Dky_app_00 linx[76705]: /dev/mapper/dmarch_22-arch
2025-04-23T15:48:01.076845+08:00 Dky_app_00 linx[76705]:                          57M     463     57M    1% /dbarch
2025-04-23T15:48:01.076886+08:00 Dky_app_00 linx[76705]: tmpfs                    64M      13     64M    1% /tmp/smp
2025-04-23T15:48:01.076917+08:00 Dky_app_00 linx[76705]: 192.168.9.23:/dbarch/arch_rac1
2025-04-23T15:48:01.076961+08:00 Dky_app_00 linx[76705]:                          50M     353     50M    1% /dbarch/arch_dsc1_kafka
2025-04-23T15:48:01.078291+08:00 Dky_app_00 linx[76707]: iostat -x
2025-04-23T15:48:01.085468+08:00 Dky_app_00 linx[76709]: Linux 2.6.32-Rocky4.2-x86_64 (Dky_app_00) #01104/23/25 #011_x86_64_
2025-04-23T15:48:01.085504+08:00 Dky_app_00 linx[76709]:
2025-04-23T15:48:01.089358+08:00 Dky_app_00 linx[76709]: avg-cpu:  %user   %nice %system %iowait  %steal   %idle
2025-04-23T15:48:01.089398+08:00 Dky_app_00 linx[76709]:            3.47    0.00    1.30    0.67    0.00   94.61
2025-04-23T15:48:01.089438+08:00 Dky_app_00 linx[76709]:
2025-04-23T15:48:01.089478+08:00 Dky_app_00 linx[76709]: Device:         rrqm/s   wrqm/s     r/s     w/s   rsec/s   wsec/s avgrq-sz avgqu-sz   await  svctm  %util
2025-04-23T15:48:01.089516+08:00 Dky_app_00 linx[76709]: sda               0.02   223.59    0.15   13.30    17.75  1895.15   142.21     0.01    0.68   0.13   0.18
2025-04-23T15:48:01.089567+08:00 Dky_app_00 linx[76709]: sda1              0.00     0.00    0.00    0.00     0.00     0.00    40.85     0.00    2.01   2.01   0.00
2025-04-23T15:48:01.089607+08:00 Dky_app_00 linx[76709]: sda2              0.02    18.33    0.06    1.67     8.49   160.02    97.25     0.00    0.54   0.35   0.06
2025-04-23T15:48:01.089659+08:00 Dky_app_00 linx[76709]: sda3              0.00   205.26    0.08   11.63     9.25  1735.13   148.86     0.01    0.70   0.11   0.13
2025-04-23T15:48:01.089717+08:00 Dky_app_00 linx[76709]: sdb               0.00     0.00    9.08   71.73   595.36  4604.17    64.34     0.01    0.18   0.29   2.33
2025-04-23T15:48:01.089767+08:00 Dky_app_00 linx[76709]: sdc               0.00     0.00    7.48   35.34   476.06  2281.26    64.39     0.00    0.83   0.70   3.00
2025-04-23T15:48:01.089810+08:00 Dky_app_00 linx[76709]: sdd               0.00     0.00    5.51    5.92   349.87   389.75    64.69     0.02    1.89   1.65   1.89
2025-04-23T15:48:01.089850+08:00 Dky_app_00 linx[76709]: sde               0.00     0.00    9.33   42.90   586.70   984.38    30.08     0.02    0.29   0.29   1.50
2025-04-23T15:48:01.089904+08:00 Dky_app_00 linx[76709]: sdf               0.00     0.00    0.00    0.00     0.00     0.00    28.80     0.00    8.78   8.77   0.00
2025-04-23T15:48:01.089938+08:00 Dky_app_00 linx[76709]: sdg               0.00     0.00    0.20    0.00     1.56     0.00     8.00     0.00    0.10   0.10   0.00
2025-04-23T15:48:01.089981+08:00 Dky_app_00 linx[76709]: sdh               0.00     0.00    0.10    4.38     2.46  2869.91   641.69     0.00    0.85   1.66   0.74
2025-04-23T15:48:01.090034+08:00 Dky_app_00 linx[76709]: sdi               0.00     0.00    9.09   71.71   596.33  4603.19    64.34     0.01    0.08   0.24   1.91
2025-04-23T15:48:01.090077+08:00 Dky_app_00 linx[76709]: sdj               0.00     0.00    7.47   35.35   475.64  2281.70    64.39     0.01    0.93   0.02   0.08
2025-04-23T15:48:01.090109+08:00 Dky_app_00 linx[76709]: sdk               0.00     0.00    5.51    5.92   350.03   389.59    64.69     0.02    1.78   1.58   1.80
2025-04-23T15:48:01.090150+08:00 Dky_app_00 linx[76709]: sdl               0.00     0.00    9.10   43.13   569.60  1000.53    30.06     0.02    0.37   0.37   1.93
2025-04-23T15:48:01.090206+08:00 Dky_app_00 linx[76709]: sdm               0.00     0.00    0.00    0.00     0.00     0.00    28.51     0.00    0.20   0.20   0.00
2025-04-23T15:48:01.090255+08:00 Dky_app_00 linx[76709]: sdn               0.00     0.00    0.20    0.00     1.56     0.00     8.00     0.00    0.10   0.10   0.00
2025-04-23T15:48:01.090307+08:00 Dky_app_00 linx[76709]: sdo               0.00     0.00    0.10    4.38     2.46  2855.87   638.54     0.00    0.52   1.57   0.70
2025-04-23T15:48:01.090357+08:00 Dky_app_00 linx[76709]: sdq               0.00     0.00    7.47   35.36   475.33  2282.00    64.39     0.01    0.92   0.02   0.07
2025-04-23T15:48:01.090396+08:00 Dky_app_00 linx[76709]: sdr               0.00     0.00    5.52    5.92   350.21   389.42    64.69     0.02    1.78   1.57   1.80
2025-04-23T15:48:01.090442+08:00 Dky_app_00 linx[76709]: sds               0.00     0.00    9.21   43.02   577.26  1007.97    30.35     0.02    0.36   0.36   1.90
2025-04-23T15:48:01.090489+08:00 Dky_app_00 linx[76709]: sdt               0.00     0.00    0.00    0.00     0.00     0.00    28.50     0.00    0.16   0.16   0.00
2025-04-23T15:48:01.090529+08:00 Dky_app_00 linx[76709]: sdu               0.00     0.00    0.20    0.00     1.56     0.00     8.00     0.00    0.09   0.09   0.00
2025-04-23T15:48:01.090575+08:00 Dky_app_00 linx[76709]: sdv               0.00     0.00    0.10    4.38     2.46  2844.57   636.01     0.00    0.52   1.57   0.70
2025-04-23T15:48:01.090618+08:00 Dky_app_00 linx[76709]: sdw               0.00     0.00    9.09   71.72   595.91  4603.61    64.34     0.01    0.18   0.29   2.34
2025-04-23T15:48:01.090653+08:00 Dky_app_00 linx[76709]: sdx               0.00     0.00    7.47   35.35   475.68  2281.64    64.39     0.00    0.83   0.71   3.02
2025-04-23T15:48:01.090688+08:00 Dky_app_00 linx[76709]: sdy               0.00     0.00    5.51    5.92   349.99   389.63    64.69     0.02    1.92   1.67   1.91
2025-04-23T15:48:01.090726+08:00 Dky_app_00 linx[76709]: sdz               0.00     0.00    9.36   42.87   587.87   996.02    30.33     0.02    0.29   0.29   1.50
2025-04-23T15:48:01.090770+08:00 Dky_app_00 linx[76709]: sdab              0.00     0.00    0.20    0.00     1.56     0.00     8.00     0.00    0.09   0.09   0.00
2025-04-23T15:48:01.090806+08:00 Dky_app_00 linx[76709]: sdaa              0.00     0.00    0.00    0.00     0.00     0.00    28.48     0.00    0.22   0.22   0.00
2025-04-23T15:48:01.090846+08:00 Dky_app_00 linx[76709]: sdac              0.00     0.00    0.10    4.38     2.46  2852.41   637.77     0.00    0.84   1.66   0.74
2025-04-23T15:48:01.090886+08:00 Dky_app_00 linx[76709]: sdad              0.00     0.00    9.08   71.73   595.15  4604.37    64.34     0.01    0.08   0.23   1.89
2025-04-23T15:48:01.090908+08:00 Dky_app_00 linx[76709]: sdaf              0.00     0.00    5.51    5.92   349.85   389.77    64.69     0.02    1.79   1.58   1.80
2025-04-23T15:48:01.090962+08:00 Dky_app_00 linx[76709]: sdag              0.00     0.00    9.34   42.89   587.82   983.14    30.08     0.02    0.36   0.36   1.89
2025-04-23T15:48:01.090991+08:00 Dky_app_00 linx[76709]: sdah              0.00     0.00    0.00    0.00     0.00     0.00    28.56     0.00    0.12   0.12   0.00
2025-04-23T15:48:01.091017+08:00 Dky_app_00 linx[76709]: sdae              0.00     0.00    7.48   35.34   476.16  2281.17    64.39     0.01    0.92   0.01   0.06
2025-04-23T15:48:01.091054+08:00 Dky_app_00 linx[76709]: sdai              0.00     0.00    0.20    0.00     1.56     0.00     8.00     0.00    0.08   0.08   0.00
2025-04-23T15:48:01.091108+08:00 Dky_app_00 linx[76709]: sdaj              0.00     0.00    0.10    4.38     2.46  2868.43   641.34     0.00    0.51   1.57   0.70
2025-04-23T15:48:01.091145+08:00 Dky_app_00 linx[76709]: sdak              0.00     0.00    9.10   71.71   596.67  4602.84    64.34     0.01    0.08   0.23   1.88
2025-04-23T15:48:01.091195+08:00 Dky_app_00 linx[76709]: sdal              0.00     0.00    7.47   35.35   475.39  2281.94    64.39     0.01    0.92   0.02   0.06
2025-04-23T15:48:01.091242+08:00 Dky_app_00 linx[76709]: sdam              0.00     0.00    5.51    5.92   350.14   389.49    64.69     0.02    1.78   1.57   1.79
2025-04-23T15:48:01.091286+08:00 Dky_app_00 linx[76709]: sdan              0.00     0.00    9.17   43.06   574.91  1006.77    30.28     0.02    0.36   0.36   1.86
2025-04-23T15:48:01.091320+08:00 Dky_app_00 linx[76709]: sdao              0.00     0.00    0.00    0.00     0.00     0.00    28.57     0.00    0.13   0.13   0.00
2025-04-23T15:48:01.091354+08:00 Dky_app_00 linx[76709]: sdap              0.00     0.00    0.20    0.00     1.56     0.00     8.00     0.00    0.08   0.08   0.00
2025-04-23T15:48:01.091372+08:00 Dky_app_00 linx[76709]: sdaq              0.00     0.00    0.10    4.38     2.46  2847.02   636.56     0.00    0.51   1.57   0.70
2025-04-23T15:48:01.091410+08:00 Dky_app_00 linx[76709]: sdar              0.00     0.00    9.11   71.70   597.32  4602.20    64.34     0.02    0.19   0.30   2.39
2025-04-23T15:48:01.091450+08:00 Dky_app_00 linx[76709]: sdas              0.00     0.00    7.47   35.36   475.26  2282.06    64.39     0.00    0.85   0.72   3.07
2025-04-23T15:48:01.091489+08:00 Dky_app_00 linx[76709]: sdat              0.00     0.00    5.52    5.92   350.25   389.37    64.69     0.02    1.96   1.70   1.94
2025-04-23T15:48:01.091527+08:00 Dky_app_00 linx[76709]: sdau              0.00     0.00    9.22   43.01   577.54  1008.67    30.37     0.02    0.31   0.30   1.59
2025-04-23T15:48:01.091579+08:00 Dky_app_00 linx[76709]: sdav              0.00    11.20    0.30    0.11    75.39    90.50   406.11     0.01   12.52   0.70   0.03
2025-04-23T15:48:01.091632+08:00 Dky_app_00 linx[76709]: sdaw              0.00     0.00    0.20    0.00     1.56     0.00     8.00     0.00    0.08   0.08   0.00
2025-04-23T15:48:01.091663+08:00 Dky_app_00 linx[76709]: sday              0.00     0.00    9.08   71.72   595.63  4603.88    64.34     0.01    0.17   0.29   2.31
2025-04-23T15:48:01.091694+08:00 Dky_app_00 linx[76709]: sdaz              0.00     0.00    7.48   35.35   475.90  2281.42    64.39     0.00    0.83   0.70   2.99
2025-04-23T15:48:01.091737+08:00 Dky_app_00 linx[76709]: sdba              0.00     0.00    5.51    5.92   349.90   389.72    64.69     0.02    1.90   1.65   1.89
2025-04-23T15:48:01.091778+08:00 Dky_app_00 linx[76709]: sdbb              0.00     0.00    9.34   42.89   586.93   987.33    30.14     0.01    0.28   0.28   1.45
2025-04-23T15:48:01.091804+08:00 Dky_app_00 linx[76709]: sdbc              0.00     0.00    0.00    0.00     0.00     0.00    28.53     0.00    0.21   0.21   0.00
2025-04-23T15:48:01.091857+08:00 Dky_app_00 linx[76709]: sdbd              0.00     0.00    0.20    0.00     1.56     0.00     8.00     0.00    0.07   0.07   0.00
2025-04-23T15:48:01.091886+08:00 Dky_app_00 linx[76709]: sdbe              0.00     0.00    0.10    4.38     2.46  2843.93   635.88     0.00    0.82   1.65   0.74
2025-04-23T15:48:01.091924+08:00 Dky_app_00 linx[76709]: sdax              0.00     0.00    0.10    4.38     2.46  2871.70   642.09     0.00    0.85   1.66   0.74
2025-04-23T15:48:01.091974+08:00 Dky_app_00 linx[76709]: dm-0              0.00     0.70   72.34  573.73  4766.16 36826.78    64.38     0.03    0.04   0.04   2.82
2025-04-23T15:48:01.092005+08:00 Dky_app_00 linx[76709]: dm-1              0.00     0.34   59.40  282.80  3802.22 18253.19    64.45     0.01    0.04   0.05   1.69
2025-04-23T15:48:01.092022+08:00 Dky_app_00 linx[76709]: dm-2              0.01     0.04   43.70   47.37  2797.05  3116.75    64.94     0.01    0.46   0.18   1.60
2025-04-23T15:48:01.092039+08:00 Dky_app_00 linx[76709]: dm-3              0.00     0.00   73.67  343.77  4645.41  7974.81    30.23     0.01    0.10   0.01   0.60
2025-04-23T15:48:01.092072+08:00 Dky_app_00 linx[76709]: dm-4              0.00     0.00    0.00    0.00     0.00     0.00    15.59     0.00   17.28  17.28   0.00
2025-04-23T15:48:01.092120+08:00 Dky_app_00 linx[76709]: dm-5              0.00  2821.69    0.37   35.04    16.45 22853.84   645.84     0.01    0.38   0.29   1.02
2025-04-23T15:48:01.092163+08:00 Dky_app_00 linx[76709]: dm-6              0.00     0.00   25.49    3.00   333.40     3.00    11.81     0.01    0.36   0.36   1.02
2025-04-23T15:48:01.092211+08:00 Dky_app_00 linx[76709]: dm-7              0.00     0.00   45.80    0.00  4287.05     0.03    93.60     0.02    0.41   0.41   1.89
2025-04-23T15:48:01.092234+08:00 Dky_app_00 linx[76709]: dm-8              0.00     0.00    2.38  340.77    24.97  7971.78    23.30     0.01    0.03   0.03   1.04
2025-04-23T15:48:01.092257+08:00 Dky_app_00 linx[76709]: dm-9              0.00     0.00    0.37 2856.73    16.45 22853.84     8.00     0.02    0.00   0.00   1.03
2025-04-23T15:48:01.092265+08:00 Dky_app_00 linx[76709]:
2025-04-23T15:48:01.093554+08:00 Dky_app_00 linx[76711]: netstat -an |grep -i 'established'|wc -l
2025-04-23T15:48:01.128655+08:00 Dky_app_00 linx[76715]: 1039
2025-04-23T15:48:01.129847+08:00 Dky_app_00 linx[76717]: date
2025-04-23T15:48:01.130993+08:00 Dky_app_00 linx[76719]: Wed Apr 23 15:48:01 CST 2025
2025-04-23T15:48:01.132104+08:00 Dky_app_00 linx[76721]: cat   /proc/buddyinfo
2025-04-23T15:48:01.133148+08:00 Dky_app_00 linx[76723]: Node 0, zone      DMA      1      1      1      1      2      1      0      0      1      1      3
2025-04-23T15:48:01.133160+08:00 Dky_app_00 linx[76723]: Node 0, zone    DMA32    220     39     46     29     25     34      9     12      9     54     29
2025-04-23T15:48:01.133168+08:00 Dky_app_00 linx[76723]: Node 0, zone   Normal   4071   2447   1583    856    630    532  17913  12020   4763      0      0
2025-04-23T15:48:01.133184+08:00 Dky_app_00 linx[76723]: Node 1, zone   Normal  11771   5334   2840   1904   2311  21572  20462  10432   3546      0      0
2025-04-23T15:48:01.133196+08:00 Dky_app_00 linx[76723]: Node 2, zone   Normal   2603   4133   3151   1735   1368   1514   5343   5744   1911      0      0
2025-04-23T15:48:01.133209+08:00 Dky_app_00 linx[76723]: Node 3, zone   Normal     91   4363   5432    964     87  53162  32858  12330   3069      0      0
2025-04-23T15:48:01.133220+08:00 Dky_app_00 linx[76723]: Node 4, zone   Normal  12104  17760  45115  75522  95536  63935  32952  10236   1550      0      0
2025-04-23T15:48:01.133246+08:00 Dky_app_00 linx[76723]: Node 5, zone   Normal    447    723   1961   1123   1672   6571  19008   9477   3385      0      0
2025-04-23T15:48:01.133257+08:00 Dky_app_00 linx[76723]: Node 6, zone   Normal   3020   4621   4963   4455   3788   2960   4173   2931   1464      1      0
2025-04-23T15:48:01.133272+08:00 Dky_app_00 linx[76723]: Node 7, zone   Normal   6094   5189  28041  38422  41069  30573  19239  10203   3615     12      1
2025-04-23T15:48:01.134349+08:00 Dky_app_00 linx[76725]: top-detail:
2025-04-23T15:48:01.806632+08:00 Dky_app_00 linx[76730]: top - 15:48:01 up 1551 days,  3:30,  8 users,  load average: 92.81, 89.29, 81.13
2025-04-23T15:48:01.806653+08:00 Dky_app_00 linx[76730]: Tasks: 3160 total,   1 running, 3155 sleeping,   3 stopped,   1 zombie
2025-04-23T15:48:01.806660+08:00 Dky_app_00 linx[76730]: Cpu(s):  3.5%us,  1.2%sy,  0.0%ni, 94.6%id,  0.7%wa,  0.0%hi,  0.0%si,  0.0%st
2025-04-23T15:48:01.806665+08:00 Dky_app_00 linx[76730]: Mem:  529310592k total, 390161140k used, 139149452k free,   111380k buffers
2025-04-23T15:48:01.806671+08:00 Dky_app_00 linx[76730]: Swap: 62499836k total,        0k used, 62499836k free, 72262708k cached
2025-04-23T15:48:01.806678+08:00 Dky_app_00 linx[76730]:
2025-04-23T15:48:01.806684+08:00 Dky_app_00 linx[76730]:    PID USER      PR  NI  VIRT  RES  SHR S %CPU %MEM    TIME+  COMMAND
2025-04-23T15:48:01.806688+08:00 Dky_app_00 linx[76730]:  76726 sysadmin  20   0 12844 3476  760 R    8  0.0   0:00.15 top
2025-04-23T15:48:01.806692+08:00 Dky_app_00 linx[76730]:  41212 sysadmin  20   0 1159m 136m 2944 S    3  0.0  29085:43 linx_smp
2025-04-23T15:48:01.806696+08:00 Dky_app_00 linx[76730]:  76455 sysadmin  20   0 17800 1464 1132 S    2  0.0   0:00.02 ipmitool
2025-04-23T15:48:01.806699+08:00 Dky_app_00 linx[76730]:      1 root      20   0  7852  612  512 S    0  0.0  31:07.30 init
2025-04-23T15:48:01.806704+08:00 Dky_app_00 linx[76730]:      2 root      20   0     0    0    0 S    0  0.0   0:02.80 kthreadd
2025-04-23T15:48:01.806707+08:00 Dky_app_00 linx[76730]:      3 root      RT   0     0    0    0 S    0  0.0 112:36.32 migration/0
2025-04-23T15:48:01.806710+08:00 Dky_app_00 linx[76730]:      4 root      20   0     0    0    0 S    0  0.0  84:30.65 ksoftirqd/0
2025-04-23T15:48:01.806712+08:00 Dky_app_00 linx[76730]:      5 root      RT   0     0    0    0 S    0  0.0   0:00.00 stopper/0
2025-04-23T15:48:01.806716+08:00 Dky_app_00 linx[76730]:      6 root      RT   0     0    0    0 S    0  0.0   2:55.88 watchdog/0
2025-04-23T15:48:01.806729+08:00 Dky_app_00 linx[76730]:      7 root      RT   0     0    0    0 S    0  0.0  77:01.63 migration/1
2025-04-23T15:48:01.806735+08:00 Dky_app_00 linx[76730]:      8 root      RT   0     0    0    0 S    0  0.0   0:00.00 stopper/1
2025-04-23T15:48:01.806741+08:00 Dky_app_00 linx[76730]:      9 root      20   0     0    0    0 S    0  0.0 378:07.55 ksoftirqd/1
2025-04-23T15:48:01.806751+08:00 Dky_app_00 linx[76730]:     10 root      RT   0     0    0    0 S    0  0.0   5:34.41 watchdog/1
2025-04-23T15:50:01.934336+08:00 Dky_app_00 /usr/sbin/cron[79612]: (sysadmin) CMD (/usr/sbin/get_max_mem_process.sh)
2025-04-23T15:50:01.934367+08:00 Dky_app_00 /usr/sbin/cron[79613]: (root) CMD (sh /usr/bin/msmp >> /var/log/msmp.log )
2025-04-23T15:50:01.934542+08:00 Dky_app_00 /usr/sbin/cron[79614]: (root) CMD (/usr/local/rising/linuxRav/bin/ravdaemon > /dev/null 2>&1)
2025-04-23T15:50:01.934667+08:00 Dky_app_00 /usr/sbin/cron[79615]: (dmdba) CMD (sh net_colsewait_mon.sh)
2025-04-23T15:50:01.934713+08:00 Dky_app_00 /usr/sbin/cron[79616]: (dmdba) CMD (sh /home/dmdba/dm/db_sessmon.sh)
2025-04-23T15:50:01.937410+08:00 Dky_app_00 linx[79620]: uptime
2025-04-23T15:50:01.961849+08:00 Dky_app_00 linx[79629]:  15:50:01 up 1551 days,  3:32,  8 users,  load average: 94.22, 90.92, 82.71
2025-04-23T15:50:01.963240+08:00 Dky_app_00 linx[79641]: free -m
2025-04-23T15:50:01.966798+08:00 Dky_app_00 linx[79643]:              total       used       free     shared    buffers     cached
2025-04-23T15:50:01.966814+08:00 Dky_app_00 linx[79643]: Mem:        516904     382301     134603          0        109      70571
2025-04-23T15:50:01.966830+08:00 Dky_app_00 linx[79643]: -/+ buffers/cache:     311620     205284
2025-04-23T15:50:01.966844+08:00 Dky_app_00 linx[79643]: Swap:        61034          0      61034
2025-04-23T15:50:01.968040+08:00 Dky_app_00 linx[79645]: df -h
2025-04-23T15:50:01.969370+08:00 Dky_app_00 linx[79647]: Filesystem            Size  Used Avail Use% Mounted on
2025-04-23T15:50:01.969383+08:00 Dky_app_00 linx[79647]: /dev/sda2             185G   75G  101G  43% /
2025-04-23T15:50:01.969388+08:00 Dky_app_00 linx[79647]: /dev/sda3             585G  197G  359G  36% /home
2025-04-23T15:50:01.969401+08:00 Dky_app_00 linx[79647]: /dev/sdav             3.0T  1.3T  1.6T  45% /dbbak
2025-04-23T15:50:01.969412+08:00 Dky_app_00 linx[79647]: /dev/mapper/dmarch_22-arch
2025-04-23T15:50:01.969428+08:00 Dky_app_00 linx[79647]:                       886G  680G  162G  81% /dbarch
2025-04-23T15:50:01.969449+08:00 Dky_app_00 linx[79647]: tmpfs                  20M   48K   20M   1% /tmp/smp
2025-04-23T15:50:01.969453+08:00 Dky_app_00 linx[79647]: 192.168.9.23:/dbarch/arch_rac1
2025-04-23T15:50:01.969466+08:00 Dky_app_00 linx[79647]:                       788G  681G   68G  91% /dbarch/arch_dsc1_kafka
2025-04-23T15:50:01.970614+08:00 Dky_app_00 linx[79649]: df -ih
2025-04-23T15:50:01.971836+08:00 Dky_app_00 linx[79651]: Filesystem            Inodes   IUsed   IFree IUse% Mounted on
2025-04-23T15:50:01.971848+08:00 Dky_app_00 linx[79651]: /dev/sda2                12M    2.1M    9.7M   18% /
2025-04-23T15:50:01.971854+08:00 Dky_app_00 linx[79651]: /dev/sda3                37M     28K     37M    1% /home
2025-04-23T15:50:01.971868+08:00 Dky_app_00 linx[79651]: /dev/sdav               192M     11K    192M    1% /dbbak
2025-04-23T15:50:01.971882+08:00 Dky_app_00 linx[79651]: /dev/mapper/dmarch_22-arch
2025-04-23T15:50:01.971894+08:00 Dky_app_00 linx[79651]:                          57M     463     57M    1% /dbarch
2025-04-23T15:50:01.971908+08:00 Dky_app_00 linx[79651]: tmpfs                    64M      13     64M    1% /tmp/smp
2025-04-23T15:50:01.971918+08:00 Dky_app_00 linx[79651]: 192.168.9.23:/dbarch/arch_rac1
2025-04-23T15:50:01.971929+08:00 Dky_app_00 linx[79651]:                          50M     353     50M    1% /dbarch/arch_dsc1_kafka
2025-04-23T15:50:01.972993+08:00 Dky_app_00 linx[79653]: iostat -x
2025-04-23T15:50:01.977666+08:00 Dky_app_00 linx[79655]: Linux 2.6.32-Rocky4.2-x86_64 (Dky_app_00) #01104/23/25 #011_x86_64_
2025-04-23T15:50:01.977681+08:00 Dky_app_00 linx[79655]:
2025-04-23T15:50:01.981523+08:00 Dky_app_00 linx[79655]: avg-cpu:  %user   %nice %system %iowait  %steal   %idle
2025-04-23T15:50:01.981534+08:00 Dky_app_00 linx[79655]:            3.47    0.00    1.30    0.67    0.00   94.61
2025-04-23T15:50:01.981542+08:00 Dky_app_00 linx[79655]:
2025-04-23T15:50:01.981557+08:00 Dky_app_00 linx[79655]: Device:         rrqm/s   wrqm/s     r/s     w/s   rsec/s   wsec/s avgrq-sz avgqu-sz   await  svctm  %util
2025-04-23T15:50:01.981587+08:00 Dky_app_00 linx[79655]: sda               0.02   223.59    0.15   13.30    17.75  1895.15   142.21     0.01    0.68   0.13   0.18
2025-04-23T15:50:01.981612+08:00 Dky_app_00 linx[79655]: sda1              0.00     0.00    0.00    0.00     0.00     0.00    40.85     0.00    2.01   2.01   0.00
2025-04-23T15:50:01.981622+08:00 Dky_app_00 linx[79655]: sda2              0.02    18.33    0.06    1.67     8.49   160.02    97.25     0.00    0.54   0.35   0.06
2025-04-23T15:50:01.981629+08:00 Dky_app_00 linx[79655]: sda3              0.00   205.26    0.08   11.63     9.25  1735.12   148.86     0.01    0.70   0.11   0.13
2025-04-23T15:50:01.981633+08:00 Dky_app_00 linx[79655]: sdb               0.00     0.00    9.08   71.73   595.36  4604.16    64.34     0.01    0.18   0.29   2.33
2025-04-23T15:50:01.981650+08:00 Dky_app_00 linx[79655]: sdc               0.00     0.00    7.48   35.34   476.06  2281.26    64.39     0.00    0.83   0.70   3.00
2025-04-23T15:50:01.981662+08:00 Dky_app_00 linx[79655]: sdd               0.00     0.00    5.51    5.92   349.87   389.75    64.69     0.02    1.89   1.65   1.89
2025-04-23T15:50:01.981690+08:00 Dky_app_00 linx[79655]: sde               0.00     0.00    9.33   42.90   586.69   984.38    30.08     0.02    0.29   0.29   1.50
2025-04-23T15:50:01.981697+08:00 Dky_app_00 linx[79655]: sdf               0.00     0.00    0.00    0.00     0.00     0.00    28.80     0.00    8.78   8.77   0.00
2025-04-23T15:50:01.981729+08:00 Dky_app_00 linx[79655]: sdg               0.00     0.00    0.20    0.00     1.56     0.00     8.00     0.00    0.10   0.10   0.00
2025-04-23T15:50:01.981741+08:00 Dky_app_00 linx[79655]: sdh               0.00     0.00    0.10    4.38     2.46  2869.91   641.69     0.00    0.85   1.66   0.74
2025-04-23T15:50:01.981756+08:00 Dky_app_00 linx[79655]: sdi               0.00     0.00    9.09   71.71   596.32  4603.18    64.34     0.01    0.08   0.24   1.91
2025-04-23T15:50:01.981778+08:00 Dky_app_00 linx[79655]: sdj               0.00     0.00    7.47   35.35   475.64  2281.69    64.39     0.01    0.93   0.02   0.08
2025-04-23T15:50:01.981793+08:00 Dky_app_00 linx[79655]: sdk               0.00     0.00    5.51    5.92   350.03   389.59    64.69     0.02    1.78   1.58   1.80
2025-04-23T15:50:01.981806+08:00 Dky_app_00 linx[79655]: sdl               0.00     0.00    9.10   43.13   569.60  1000.53    30.06     0.02    0.37   0.37   1.93
2025-04-23T15:50:01.981828+08:00 Dky_app_00 linx[79655]: sdm               0.00     0.00    0.00    0.00     0.00     0.00    28.51     0.00    0.20   0.20   0.00
2025-04-23T15:50:01.981836+08:00 Dky_app_00 linx[79655]: sdn               0.00     0.00    0.20    0.00     1.56     0.00     8.00     0.00    0.10   0.10   0.00
2025-04-23T15:50:01.981864+08:00 Dky_app_00 linx[79655]: sdo               0.00     0.00    0.10    4.38     2.46  2855.86   638.54     0.00    0.52   1.57   0.70
2025-04-23T15:50:01.981878+08:00 Dky_app_00 linx[79655]: sdq               0.00     0.00    7.47   35.36   475.33  2282.00    64.39     0.01    0.92   0.02   0.07
2025-04-23T15:50:01.981894+08:00 Dky_app_00 linx[79655]: sdr               0.00     0.00    5.52    5.92   350.21   389.42    64.69     0.02    1.78   1.57   1.80
2025-04-23T15:50:01.981905+08:00 Dky_app_00 linx[79655]: sds               0.00     0.00    9.21   43.02   577.26  1007.97    30.35     0.02    0.36   0.36   1.90
2025-04-23T15:50:01.981911+08:00 Dky_app_00 linx[79655]: sdt               0.00     0.00    0.00    0.00     0.00     0.00    28.50     0.00    0.16   0.16   0.00
2025-04-23T15:50:01.981940+08:00 Dky_app_00 linx[79655]: sdu               0.00     0.00    0.20    0.00     1.56     0.00     8.00     0.00    0.09   0.09   0.00
2025-04-23T15:50:01.981949+08:00 Dky_app_00 linx[79655]: sdv               0.00     0.00    0.10    4.38     2.46  2844.57   636.01     0.00    0.52   1.57   0.70
2025-04-23T15:50:01.981960+08:00 Dky_app_00 linx[79655]: sdw               0.00     0.00    9.09   71.72   595.91  4603.61    64.34     0.01    0.18   0.29   2.34
2025-04-23T15:50:01.981991+08:00 Dky_app_00 linx[79655]: sdx               0.00     0.00    7.47   35.35   475.68  2281.64    64.39     0.00    0.83   0.71   3.02
2025-04-23T15:50:01.981997+08:00 Dky_app_00 linx[79655]: sdy               0.00     0.00    5.51    5.92   349.99   389.63    64.69     0.02    1.92   1.67   1.91
2025-04-23T15:50:01.982012+08:00 Dky_app_00 linx[79655]: sdz               0.00     0.00    9.36   42.87   587.87   996.02    30.33     0.02    0.29   0.29   1.50
2025-04-23T15:50:01.982025+08:00 Dky_app_00 linx[79655]: sdab              0.00     0.00    0.20    0.00     1.56     0.00     8.00     0.00    0.09   0.09   0.00
2025-04-23T15:50:01.982046+08:00 Dky_app_00 linx[79655]: sdaa              0.00     0.00    0.00    0.00     0.00     0.00    28.48     0.00    0.22   0.22   0.00
2025-04-23T15:50:01.982054+08:00 Dky_app_00 linx[79655]: sdac              0.00     0.00    0.10    4.38     2.46  2852.40   637.77     0.00    0.84   1.66   0.74
2025-04-23T15:50:01.982074+08:00 Dky_app_00 linx[79655]: sdad              0.00     0.00    9.08   71.73   595.15  4604.36    64.34     0.01    0.08   0.23   1.89
2025-04-23T15:50:01.982089+08:00 Dky_app_00 linx[79655]: sdaf              0.00     0.00    5.51    5.92   349.85   389.77    64.69     0.02    1.79   1.58   1.80
2025-04-23T15:50:01.982107+08:00 Dky_app_00 linx[79655]: sdag              0.00     0.00    9.34   42.89   587.82   983.14    30.08     0.02    0.36   0.36   1.89
2025-04-23T15:50:01.982122+08:00 Dky_app_00 linx[79655]: sdah              0.00     0.00    0.00    0.00     0.00     0.00    28.56     0.00    0.12   0.12   0.00
2025-04-23T15:50:01.982138+08:00 Dky_app_00 linx[79655]: sdae              0.00     0.00    7.48   35.34   476.15  2281.17    64.39     0.01    0.92   0.01   0.06
2025-04-23T15:50:01.982155+08:00 Dky_app_00 linx[79655]: sdai              0.00     0.00    0.20    0.00     1.56     0.00     8.00     0.00    0.08   0.08   0.00
2025-04-23T15:50:01.982172+08:00 Dky_app_00 linx[79655]: sdaj              0.00     0.00    0.10    4.38     2.46  2868.43   641.34     0.00    0.51   1.57   0.70
2025-04-23T15:50:01.982190+08:00 Dky_app_00 linx[79655]: sdak              0.00     0.00    9.10   71.71   596.67  4602.83    64.34     0.01    0.08   0.23   1.88
2025-04-23T15:50:01.982199+08:00 Dky_app_00 linx[79655]: sdal              0.00     0.00    7.47   35.35   475.39  2281.93    64.39     0.01    0.92   0.02   0.06
2025-04-23T15:50:01.982208+08:00 Dky_app_00 linx[79655]: sdam              0.00     0.00    5.51    5.92   350.14   389.49    64.69     0.02    1.78   1.57   1.79
2025-04-23T15:50:01.982227+08:00 Dky_app_00 linx[79655]: sdan              0.00     0.00    9.17   43.06   574.91  1006.77    30.28     0.02    0.36   0.36   1.86
2025-04-23T15:50:01.982242+08:00 Dky_app_00 linx[79655]: sdao              0.00     0.00    0.00    0.00     0.00     0.00    28.57     0.00    0.13   0.13   0.00
2025-04-23T15:50:01.982248+08:00 Dky_app_00 linx[79655]: sdap              0.00     0.00    0.20    0.00     1.56     0.00     8.00     0.00    0.08   0.08   0.00
2025-04-23T15:50:01.982257+08:00 Dky_app_00 linx[79655]: sdaq              0.00     0.00    0.10    4.38     2.46  2847.02   636.56     0.00    0.51   1.57   0.70
2025-04-23T15:50:01.982275+08:00 Dky_app_00 linx[79655]: sdar              0.00     0.00    9.11   71.70   597.32  4602.19    64.34     0.02    0.19   0.30   2.39
2025-04-23T15:50:01.982297+08:00 Dky_app_00 linx[79655]: sdas              0.00     0.00    7.47   35.36   475.26  2282.06    64.39     0.00    0.85   0.72   3.07
2025-04-23T15:50:01.982307+08:00 Dky_app_00 linx[79655]: sdat              0.00     0.00    5.52    5.92   350.25   389.37    64.69     0.02    1.96   1.70   1.94
2025-04-23T15:50:01.982330+08:00 Dky_app_00 linx[79655]: sdau              0.00     0.00    9.22   43.01   577.54  1008.67    30.37     0.02    0.31   0.30   1.59
2025-04-23T15:50:01.982342+08:00 Dky_app_00 linx[79655]: sdav              0.00    11.20    0.30    0.11    75.39    90.50   406.11     0.01   12.52   0.70   0.03
2025-04-23T15:50:01.982362+08:00 Dky_app_00 linx[79655]: sdaw              0.00     0.00    0.20    0.00     1.56     0.00     8.00     0.00    0.08   0.08   0.00
2025-04-23T15:50:01.982381+08:00 Dky_app_00 linx[79655]: sday              0.00     0.00    9.08   71.72   595.63  4603.87    64.34     0.01    0.17   0.29   2.31
2025-04-23T15:50:01.982388+08:00 Dky_app_00 linx[79655]: sdaz              0.00     0.00    7.48   35.35   475.90  2281.41    64.39     0.00    0.83   0.70   2.99
2025-04-23T15:50:01.982403+08:00 Dky_app_00 linx[79655]: sdba              0.00     0.00    5.51    5.92   349.90   389.72    64.69     0.02    1.90   1.65   1.89
2025-04-23T15:50:01.982423+08:00 Dky_app_00 linx[79655]: sdbb              0.00     0.00    9.34   42.89   586.93   987.33    30.14     0.01    0.28   0.28   1.45
2025-04-23T15:50:01.982440+08:00 Dky_app_00 linx[79655]: sdbc              0.00     0.00    0.00    0.00     0.00     0.00    28.53     0.00    0.21   0.21   0.00
2025-04-23T15:50:01.982455+08:00 Dky_app_00 linx[79655]: sdbd              0.00     0.00    0.20    0.00     1.56     0.00     8.00     0.00    0.07   0.07   0.00
2025-04-23T15:50:01.982464+08:00 Dky_app_00 linx[79655]: sdbe              0.00     0.00    0.10    4.38     2.46  2843.93   635.88     0.00    0.82   1.65   0.74
2025-04-23T15:50:01.982489+08:00 Dky_app_00 linx[79655]: sdax              0.00     0.00    0.10    4.38     2.46  2871.70   642.09     0.00    0.85   1.66   0.74
2025-04-23T15:50:01.982497+08:00 Dky_app_00 linx[79655]: dm-0              0.00     0.70   72.34  573.73  4766.15 36826.74    64.38     0.03    0.04   0.04   2.82
2025-04-23T15:50:01.982510+08:00 Dky_app_00 linx[79655]: dm-1              0.00     0.34   59.40  282.80  3802.22 18253.17    64.45     0.01    0.04   0.05   1.69
2025-04-23T15:50:01.982527+08:00 Dky_app_00 linx[79655]: dm-2              0.01     0.04   43.70   47.37  2797.05  3116.74    64.94     0.01    0.46   0.18   1.60
2025-04-23T15:50:01.982542+08:00 Dky_app_00 linx[79655]: dm-3              0.00     0.00   73.67  343.77  4645.41  7974.80    30.23     0.01    0.10   0.01   0.60
2025-04-23T15:50:01.982551+08:00 Dky_app_00 linx[79655]: dm-4              0.00     0.00    0.00    0.00     0.00     0.00    15.59     0.00   17.28  17.28   0.00
2025-04-23T15:50:01.982570+08:00 Dky_app_00 linx[79655]: dm-5              0.00  2821.68    0.37   35.04    16.45 22853.82   645.84     0.01    0.38   0.29   1.02
2025-04-23T15:50:01.982580+08:00 Dky_app_00 linx[79655]: dm-6              0.00     0.00   25.49    3.00   333.40     3.00    11.81     0.01    0.36   0.36   1.02
2025-04-23T15:50:01.982600+08:00 Dky_app_00 linx[79655]: dm-7              0.00     0.00   45.80    0.00  4287.05     0.03    93.60     0.02    0.41   0.41   1.89
2025-04-23T15:50:01.982610+08:00 Dky_app_00 linx[79655]: dm-8              0.00     0.00    2.38  340.77    24.97  7971.77    23.30     0.01    0.03   0.03   1.04
2025-04-23T15:50:01.982619+08:00 Dky_app_00 linx[79655]: dm-9              0.00     0.00    0.37 2856.73    16.45 22853.82     8.00     0.02    0.00   0.00   1.03
2025-04-23T15:50:01.982649+08:00 Dky_app_00 linx[79655]:
2025-04-23T15:50:01.983710+08:00 Dky_app_00 linx[79657]: netstat -an |grep -i 'established'|wc -l
2025-04-23T15:52:01.795888+08:00 Dky_app_00 pmcagent[96228]: login_pmc: post req fail(28)
2025-04-23T15:52:01.795951+08:00 Dky_app_00 pmcagent[96228]: Pmcagent login error.
2025-04-23T15:52:01.851918+08:00 Dky_app_00 /usr/sbin/cron[82532]: (root) CMD (sh /usr/bin/msmp >> /var/log/msmp.log )
2025-04-23T15:52:01.851987+08:00 Dky_app_00 /usr/sbin/cron[82533]: (sysadmin) CMD (/usr/sbin/get_max_mem_process.sh)
2025-04-23T15:52:01.852113+08:00 Dky_app_00 /usr/sbin/cron[82534]: (dmdba) CMD (sh net_colsewait_mon.sh)
2025-04-23T15:52:01.852232+08:00 Dky_app_00 /usr/sbin/cron[82535]: (dmdba) CMD (sh /home/dmdba/dm/db_sessmon.sh)
2025-04-23T15:52:01.855169+08:00 Dky_app_00 linx[82538]: uptime
2025-04-23T15:52:01.870883+08:00 Dky_app_00 linx[82548]:  15:52:01 up 1551 days,  3:34,  8 users,  load average: 96.11, 92.68, 84.35
2025-04-23T15:52:01.872238+08:00 Dky_app_00 linx[82556]: free -m
2025-04-23T15:52:01.875486+08:00 Dky_app_00 linx[82558]:              total       used       free     shared    buffers     cached
2025-04-23T15:52:01.875525+08:00 Dky_app_00 linx[82558]: Mem:        516904     379842     137062          0        109      70563
2025-04-23T15:52:01.875577+08:00 Dky_app_00 linx[82558]: -/+ buffers/cache:     309168     207735
2025-04-23T15:52:01.875618+08:00 Dky_app_00 linx[82558]: Swap:        61034          0      61034
2025-04-23T15:52:01.876748+08:00 Dky_app_00 linx[82560]: df -h
2025-04-23T15:52:01.878297+08:00 Dky_app_00 linx[82562]: Filesystem            Size  Used Avail Use% Mounted on
2025-04-23T15:52:01.878348+08:00 Dky_app_00 linx[82562]: /dev/sda2             185G   75G  101G  43% /
2025-04-23T15:52:01.878391+08:00 Dky_app_00 linx[82562]: /dev/sda3             585G  197G  359G  36% /home
2025-04-23T15:52:01.878444+08:00 Dky_app_00 linx[82562]: /dev/sdav             3.0T  1.3T  1.6T  45% /dbbak
2025-04-23T15:52:01.878471+08:00 Dky_app_00 linx[82562]: /dev/mapper/dmarch_22-arch
2025-04-23T15:52:01.878524+08:00 Dky_app_00 linx[82562]:                       886G  680G  162G  81% /dbarch
2025-04-23T15:52:01.878560+08:00 Dky_app_00 linx[82562]: tmpfs                  20M   36K   20M   1% /tmp/smp
2025-04-23T15:52:01.878614+08:00 Dky_app_00 linx[82562]: 192.168.9.23:/dbarch/arch_rac1
2025-04-23T15:52:01.878633+08:00 Dky_app_00 linx[82562]:                       788G  681G   68G  91% /dbarch/arch_dsc1_kafka
2025-04-23T15:52:01.879848+08:00 Dky_app_00 linx[82564]: df -ih
2025-04-23T15:52:01.881367+08:00 Dky_app_00 linx[82566]: Filesystem            Inodes   IUsed   IFree IUse% Mounted on
2025-04-23T15:52:01.881399+08:00 Dky_app_00 linx[82566]: /dev/sda2                12M    2.1M    9.7M   18% /
2025-04-23T15:52:01.881481+08:00 Dky_app_00 linx[82566]: /dev/sda3                37M     28K     37M    1% /home
2025-04-23T15:52:01.881540+08:00 Dky_app_00 linx[82566]: /dev/sdav               192M     11K    192M    1% /dbbak
2025-04-23T15:52:01.881587+08:00 Dky_app_00 linx[82566]: /dev/mapper/dmarch_22-arch
2025-04-23T15:52:01.881608+08:00 Dky_app_00 linx[82566]:                          57M     463     57M    1% /dbarch
2025-04-23T15:52:01.881643+08:00 Dky_app_00 linx[82566]: tmpfs                    64M      13     64M    1% /tmp/smp
2025-04-23T15:52:01.881699+08:00 Dky_app_00 linx[82566]: 192.168.9.23:/dbarch/arch_rac1
2025-04-23T15:52:01.881749+08:00 Dky_app_00 linx[82566]:                          50M     353     50M    1% /dbarch/arch_dsc1_kafka
2025-04-23T15:52:01.882919+08:00 Dky_app_00 linx[82568]: iostat -x
2025-04-23T15:52:01.889227+08:00 Dky_app_00 linx[82570]: Linux 2.6.32-Rocky4.2-x86_64 (Dky_app_00) #01104/23/25 #011_x86_64_
2025-04-23T15:52:01.889253+08:00 Dky_app_00 linx[82570]:
2025-04-23T15:52:01.893062+08:00 Dky_app_00 linx[82570]: avg-cpu:  %user   %nice %system %iowait  %steal   %idle
2025-04-23T15:52:01.893103+08:00 Dky_app_00 linx[82570]:            3.47    0.00    1.30    0.67    0.00   94.61
2025-04-23T15:52:01.893126+08:00 Dky_app_00 linx[82570]:
2025-04-23T15:52:01.893166+08:00 Dky_app_00 linx[82570]: Device:         rrqm/s   wrqm/s     r/s     w/s   rsec/s   wsec/s avgrq-sz avgqu-sz   await  svctm  %util
2025-04-23T15:52:01.893193+08:00 Dky_app_00 linx[82570]: sda               0.02   223.59    0.15   13.30    17.75  1895.14   142.21     0.01    0.68   0.13   0.18
2025-04-23T15:52:01.893223+08:00 Dky_app_00 linx[82570]: sda1              0.00     0.00    0.00    0.00     0.00     0.00    40.85     0.00    2.01   2.01   0.00
2025-04-23T15:52:01.893260+08:00 Dky_app_00 linx[82570]: sda2              0.02    18.33    0.06    1.67     8.49   160.02    97.25     0.00    0.54   0.35   0.06
2025-04-23T15:52:01.893300+08:00 Dky_app_00 linx[82570]: sda3              0.00   205.26    0.08   11.63     9.25  1735.12   148.86     0.01    0.70   0.11   0.13
2025-04-23T15:52:01.893332+08:00 Dky_app_00 linx[82570]: sdb               0.00     0.00    9.08   71.73   595.36  4604.16    64.34     0.01    0.18   0.29   2.33
2025-04-23T15:52:01.893389+08:00 Dky_app_00 linx[82570]: sdc               0.00     0.00    7.48   35.34   476.06  2281.26    64.39     0.00    0.83   0.70   3.00
2025-04-23T15:52:01.893416+08:00 Dky_app_00 linx[82570]: sdd               0.00     0.00    5.51    5.92   349.87   389.75    64.69     0.02    1.89   1.65   1.89
2025-04-23T15:52:01.893455+08:00 Dky_app_00 linx[82570]: sde               0.00     0.00    9.33   42.90   586.69   984.38    30.08     0.02    0.29   0.29   1.50
2025-04-23T15:52:01.893490+08:00 Dky_app_00 linx[82570]: sdf               0.00     0.00    0.00    0.00     0.00     0.00    28.80     0.00    8.78   8.77   0.00
2025-04-23T15:52:01.893524+08:00 Dky_app_00 linx[82570]: sdg               0.00     0.00    0.20    0.00     1.56     0.00     8.00     0.00    0.10   0.10   0.00
2025-04-23T15:52:01.893546+08:00 Dky_app_00 linx[82570]: sdh               0.00     0.00    0.10    4.38     2.46  2869.90   641.69     0.00    0.85   1.66   0.74
2025-04-23T15:52:01.893585+08:00 Dky_app_00 linx[82570]: sdi               0.00     0.00    9.09   71.71   596.32  4603.18    64.34     0.01    0.08   0.24   1.91
2025-04-23T15:52:01.893592+08:00 Dky_app_00 linx[82570]: sdj               0.00     0.00    7.47   35.35   475.64  2281.69    64.39     0.01    0.93   0.02   0.08
2025-04-23T15:52:01.893603+08:00 Dky_app_00 linx[82570]: sdk               0.00     0.00    5.51    5.92   350.03   389.59    64.69     0.02    1.78   1.58   1.80
2025-04-23T15:52:01.893627+08:00 Dky_app_00 linx[82570]: sdl               0.00     0.00    9.10   43.13   569.60  1000.53    30.06     0.02    0.37   0.37   1.93
2025-04-23T15:52:01.893646+08:00 Dky_app_00 linx[82570]: sdm               0.00     0.00    0.00    0.00     0.00     0.00    28.51     0.00    0.20   0.20   0.00
2025-04-23T15:52:01.893663+08:00 Dky_app_00 linx[82570]: sdn               0.00     0.00    0.20    0.00     1.56     0.00     8.00     0.00    0.10   0.10   0.00
2025-04-23T15:52:01.893678+08:00 Dky_app_00 linx[82570]: sdo               0.00     0.00    0.10    4.38     2.46  2855.86   638.54     0.00    0.52   1.57   0.70
2025-04-23T15:52:01.893720+08:00 Dky_app_00 linx[82570]: sdq               0.00     0.00    7.47   35.36   475.33  2282.00    64.39     0.01    0.92   0.02   0.07
2025-04-23T15:52:01.893739+08:00 Dky_app_00 linx[82570]: sdr               0.00     0.00    5.52    5.92   350.21   389.42    64.69     0.02    1.78   1.57   1.80
2025-04-23T15:52:01.893782+08:00 Dky_app_00 linx[82570]: sds               0.00     0.00    9.21   43.02   577.26  1007.97    30.35     0.02    0.36   0.36   1.90
2025-04-23T15:52:01.893821+08:00 Dky_app_00 linx[82570]: sdt               0.00     0.00    0.00    0.00     0.00     0.00    28.50     0.00    0.16   0.16   0.00
2025-04-23T15:52:01.893863+08:00 Dky_app_00 linx[82570]: sdu               0.00     0.00    0.20    0.00     1.56     0.00     8.00     0.00    0.09   0.09   0.00
2025-04-23T15:52:01.893903+08:00 Dky_app_00 linx[82570]: sdv               0.00     0.00    0.10    4.38     2.46  2844.56   636.01     0.00    0.52   1.57   0.70
2025-04-23T15:52:01.893943+08:00 Dky_app_00 linx[82570]: sdw               0.00     0.00    9.09   71.72   595.91  4603.61    64.34     0.01    0.18   0.29   2.34
2025-04-23T15:52:01.893961+08:00 Dky_app_00 linx[82570]: sdx               0.00     0.00    7.47   35.35   475.67  2281.64    64.39     0.00    0.83   0.71   3.02
2025-04-23T15:52:01.894015+08:00 Dky_app_00 linx[82570]: sdy               0.00     0.00    5.51    5.92   349.99   389.63    64.69     0.02    1.92   1.67   1.91
2025-04-23T15:52:01.894043+08:00 Dky_app_00 linx[82570]: sdz               0.00     0.00    9.36   42.87   587.87   996.02    30.33     0.02    0.29   0.29   1.50
2025-04-23T15:52:01.894088+08:00 Dky_app_00 linx[82570]: sdab              0.00     0.00    0.20    0.00     1.56     0.00     8.00     0.00    0.09   0.09   0.00
2025-04-23T15:52:01.894135+08:00 Dky_app_00 linx[82570]: sdaa              0.00     0.00    0.00    0.00     0.00     0.00    28.48     0.00    0.22   0.22   0.00
2025-04-23T15:52:01.894185+08:00 Dky_app_00 linx[82570]: sdac              0.00     0.00    0.10    4.38     2.46  2852.40   637.77     0.00    0.84   1.66   0.74
2025-04-23T15:52:01.894232+08:00 Dky_app_00 linx[82570]: sdad              0.00     0.00    9.08   71.73   595.14  4604.36    64.34     0.01    0.08   0.23   1.89
2025-04-23T15:52:01.894264+08:00 Dky_app_00 linx[82570]: sdaf              0.00     0.00    5.51    5.92   349.85   389.77    64.69     0.02    1.79   1.58   1.80
2025-04-23T15:52:01.894297+08:00 Dky_app_00 linx[82570]: sdag              0.00     0.00    9.34   42.89   587.82   983.14    30.08     0.02    0.36   0.36   1.89
2025-04-23T15:52:01.894305+08:00 Dky_app_00 linx[82570]: sdah              0.00     0.00    0.00    0.00     0.00     0.00    28.56     0.00    0.12   0.12   0.00
2025-04-23T15:52:01.894353+08:00 Dky_app_00 linx[82570]: sdae              0.00     0.00    7.48   35.34   476.15  2281.16    64.39     0.01    0.92   0.01   0.06
2025-04-23T15:52:01.894407+08:00 Dky_app_00 linx[82570]: sdai              0.00     0.00    0.20    0.00     1.56     0.00     8.00     0.00    0.08   0.08   0.00
2025-04-23T15:52:01.894443+08:00 Dky_app_00 linx[82570]: sdaj              0.00     0.00    0.10    4.38     2.46  2868.42   641.34     0.00    0.51   1.57   0.70
2025-04-23T15:52:01.894500+08:00 Dky_app_00 linx[82570]: sdak              0.00     0.00    9.10   71.71   596.67  4602.83    64.34     0.01    0.08   0.23   1.88
2025-04-23T15:52:01.894529+08:00 Dky_app_00 linx[82570]: sdal              0.00     0.00    7.47   35.35   475.39  2281.93    64.39     0.01    0.92   0.02   0.06
2025-04-23T15:52:01.894568+08:00 Dky_app_00 linx[82570]: sdam              0.00     0.00    5.51    5.92   350.14   389.49    64.69     0.02    1.78   1.57   1.79
2025-04-23T15:52:01.894623+08:00 Dky_app_00 linx[82570]: sdan              0.00     0.00    9.17   43.06   574.91  1006.77    30.28     0.02    0.36   0.36   1.86
2025-04-23T15:52:01.894677+08:00 Dky_app_00 linx[82570]: sdao              0.00     0.00    0.00    0.00     0.00     0.00    28.57     0.00    0.13   0.13   0.00
2025-04-23T15:52:01.894742+08:00 Dky_app_00 linx[82570]: sdap              0.00     0.00    0.20    0.00     1.56     0.00     8.00     0.00    0.08   0.08   0.00
2025-04-23T15:52:01.894767+08:00 Dky_app_00 linx[82570]: sdaq              0.00     0.00    0.10    4.38     2.46  2847.02   636.56     0.00    0.51   1.57   0.70
2025-04-23T15:52:01.894820+08:00 Dky_app_00 linx[82570]: sdar              0.00     0.00    9.11   71.70   597.32  4602.19    64.34     0.02    0.19   0.30   2.39
2025-04-23T15:52:01.894865+08:00 Dky_app_00 linx[82570]: sdas              0.00     0.00    7.47   35.36   475.26  2282.06    64.39     0.00    0.85   0.72   3.07
2025-04-23T15:52:01.894897+08:00 Dky_app_00 linx[82570]: sdat              0.00     0.00    5.52    5.92   350.25   389.37    64.69     0.02    1.96   1.70   1.94
2025-04-23T15:52:01.894939+08:00 Dky_app_00 linx[82570]: sdau              0.00     0.00    9.22   43.01   577.54  1008.67    30.37     0.02    0.31   0.30   1.59
2025-04-23T15:52:01.894979+08:00 Dky_app_00 linx[82570]: sdav              0.00    11.20    0.30    0.11    75.39    90.50   406.11     0.01   12.52   0.70   0.03
2025-04-23T15:52:01.895033+08:00 Dky_app_00 linx[82570]: sdaw              0.00     0.00    0.20    0.00     1.56     0.00     8.00     0.00    0.08   0.08   0.00
2025-04-23T15:52:01.895094+08:00 Dky_app_00 linx[82570]: sday              0.00     0.00    9.08   71.72   595.63  4603.87    64.34     0.01    0.17   0.29   2.31
2025-04-23T15:52:01.895150+08:00 Dky_app_00 linx[82570]: sdaz              0.00     0.00    7.48   35.35   475.90  2281.41    64.39     0.00    0.83   0.70   2.99
2025-04-23T15:52:01.895191+08:00 Dky_app_00 linx[82570]: sdba              0.00     0.00    5.51    5.92   349.90   389.72    64.69     0.02    1.90   1.65   1.89
2025-04-23T15:52:01.895234+08:00 Dky_app_00 linx[82570]: sdbb              0.00     0.00    9.34   42.89   586.93   987.33    30.14     0.01    0.28   0.28   1.45
2025-04-23T15:52:01.895280+08:00 Dky_app_00 linx[82570]: sdbc              0.00     0.00    0.00    0.00     0.00     0.00    28.53     0.00    0.21   0.21   0.00
2025-04-23T15:52:01.895317+08:00 Dky_app_00 linx[82570]: sdbd              0.00     0.00    0.20    0.00     1.56     0.00     8.00     0.00    0.07   0.07   0.00
2025-04-23T15:52:01.895357+08:00 Dky_app_00 linx[82570]: sdbe              0.00     0.00    0.10    4.38     2.46  2843.93   635.88     0.00    0.82   1.65   0.74
2025-04-23T15:52:01.895401+08:00 Dky_app_00 linx[82570]: sdax              0.00     0.00    0.10    4.38     2.46  2871.69   642.09     0.00    0.85   1.66   0.74
2025-04-23T15:52:01.895439+08:00 Dky_app_00 linx[82570]: dm-0              0.00     0.70   72.34  573.73  4766.15 36826.71    64.38     0.03    0.04   0.04   2.82
2025-04-23T15:52:01.895471+08:00 Dky_app_00 linx[82570]: dm-1              0.00     0.34   59.40  282.80  3802.22 18253.15    64.45     0.01    0.04   0.05   1.69
2025-04-23T15:52:01.895510+08:00 Dky_app_00 linx[82570]: dm-2              0.01     0.04   43.70   47.37  2797.04  3116.74    64.94     0.01    0.46   0.18   1.60
2025-04-23T15:52:01.895547+08:00 Dky_app_00 linx[82570]: dm-3              0.00     0.00   73.67  343.77  4645.41  7974.79    30.23     0.01    0.10   0.01   0.60
2025-04-23T15:52:01.895583+08:00 Dky_app_00 linx[82570]: dm-4              0.00     0.00    0.00    0.00     0.00     0.00    15.59     0.00   17.28  17.28   0.00
2025-04-23T15:52:01.895616+08:00 Dky_app_00 linx[82570]: dm-5              0.00  2821.68    0.37   35.04    16.45 22853.80   645.84     0.01    0.38   0.29   1.02
2025-04-23T15:52:01.895654+08:00 Dky_app_00 linx[82570]: dm-6              0.00     0.00   25.49    3.00   333.40     3.00    11.81     0.01    0.36   0.36   1.02
2025-04-23T15:52:01.895692+08:00 Dky_app_00 linx[82570]: dm-7              0.00     0.00   45.80    0.00  4287.05     0.03    93.60     0.02    0.41   0.41   1.89
2025-04-23T15:52:01.895753+08:00 Dky_app_00 linx[82570]: dm-8              0.00     0.00    2.38  340.77    24.97  7971.77    23.30     0.01    0.03   0.03   1.04
2025-04-23T15:52:01.895809+08:00 Dky_app_00 linx[82570]: dm-9              0.00     0.00    0.37 2856.72    16.45 22853.80     8.00     0.02    0.00   0.00   1.03
2025-04-23T15:52:01.895868+08:00 Dky_app_00 linx[82570]:
2025-04-23T15:52:01.897137+08:00 Dky_app_00 linx[82572]: netstat -an |grep -i 'established'|wc -l
2025-04-23T15:52:01.931268+08:00 Dky_app_00 linx[82576]: 1046
2025-04-23T15:52:01.932407+08:00 Dky_app_00 linx[82578]: date
2025-04-23T15:52:01.933562+08:00 Dky_app_00 linx[82580]: Wed Apr 23 15:52:01 CST 2025
2025-04-23T15:52:01.934657+08:00 Dky_app_00 linx[82582]: cat   /proc/buddyinfo
2025-04-23T15:52:01.935696+08:00 Dky_app_00 linx[82584]: Node 0, zone      DMA      1      1      1      1      2      1      0      0      1      1      3
2025-04-23T15:52:01.935712+08:00 Dky_app_00 linx[82584]: Node 0, zone    DMA32    280     48     58     30     25     34      9     12      9     55     28
2025-04-23T15:52:01.935719+08:00 Dky_app_00 linx[82584]: Node 0, zone   Normal    756   3342   2271    917    678    568  16398  11043   4400      1      0
2025-04-23T15:52:01.935737+08:00 Dky_app_00 linx[82584]: Node 1, zone   Normal   5632   4958   2620   1807   2314  20704  19695   9981   3365     15      3
2025-04-23T15:52:01.935750+08:00 Dky_app_00 linx[82584]: Node 2, zone   Normal   3005   4098   3160   1735   1367   1515   5343   5744   1911      0      0
2025-04-23T15:52:01.935756+08:00 Dky_app_00 linx[82584]: Node 3, zone   Normal   1408   5474   6211   1671  12330  59532  32858  12330   3069      0      0
2025-04-23T15:52:01.935761+08:00 Dky_app_00 linx[82584]: Node 4, zone   Normal  13692  17728  45076  75423  95408  63877  32912  10226   1551      1      0
2025-04-23T15:52:01.935774+08:00 Dky_app_00 linx[82584]: Node 5, zone   Normal    214    366   1964   1124   1673   6571  19008   9477   3385      0      0
2025-04-23T15:52:01.935786+08:00 Dky_app_00 linx[82584]: Node 6, zone   Normal  26016  27863  23851  18502  11326   3394   4170   2932   1463      1      0
2025-04-23T15:52:01.935800+08:00 Dky_app_00 linx[82584]: Node 7, zone   Normal   6215   5236  28060  38421  41067  30573  19238  10202   3614      0      0
2025-04-23T15:52:01.936834+08:00 Dky_app_00 linx[82586]: top-detail:
2025-04-23T15:54:01.728273+08:00 Dky_app_00 /usr/sbin/cron[85470]: (root) CMD (sh /usr/bin/msmp >> /var/log/msmp.log )
2025-04-23T15:54:01.728311+08:00 Dky_app_00 /usr/sbin/cron[85471]: (sysadmin) CMD (/usr/sbin/get_max_mem_process.sh)
2025-04-23T15:54:01.728376+08:00 Dky_app_00 /usr/sbin/cron[85472]: (dmdba) CMD (sh net_colsewait_mon.sh)
2025-04-23T15:54:01.728549+08:00 Dky_app_00 /usr/sbin/cron[85473]: (dmdba) CMD (sh /home/dmdba/dm/db_sessmon.sh)
2025-04-23T15:54:01.731314+08:00 Dky_app_00 linx[85477]: uptime
2025-04-23T15:54:01.745804+08:00 Dky_app_00 linx[85487]:  15:54:01 up 1551 days,  3:36,  8 users,  load average: 97.84, 94.39, 85.98
2025-04-23T15:54:01.746966+08:00 Dky_app_00 linx[85495]: free -m
2025-04-23T15:54:01.749993+08:00 Dky_app_00 linx[85497]:              total       used       free     shared    buffers     cached
2025-04-23T15:54:01.750014+08:00 Dky_app_00 linx[85497]: Mem:        516904     381119     135785          0        109      70566
2025-04-23T15:54:01.750037+08:00 Dky_app_00 linx[85497]: -/+ buffers/cache:     310442     206462
2025-04-23T15:54:01.750046+08:00 Dky_app_00 linx[85497]: Swap:        61034          0      61034
2025-04-23T15:54:01.751131+08:00 Dky_app_00 linx[85499]: df -h
2025-04-23T15:54:01.752475+08:00 Dky_app_00 linx[85501]: Filesystem            Size  Used Avail Use% Mounted on
2025-04-23T15:54:01.752491+08:00 Dky_app_00 linx[85501]: /dev/sda2             185G   75G  101G  43% /
2025-04-23T15:54:01.752496+08:00 Dky_app_00 linx[85501]: /dev/sda3             585G  197G  359G  36% /home
2025-04-23T15:54:01.752521+08:00 Dky_app_00 linx[85501]: /dev/sdav             3.0T  1.3T  1.6T  45% /dbbak
2025-04-23T15:54:01.752526+08:00 Dky_app_00 linx[85501]: /dev/mapper/dmarch_22-arch
2025-04-23T15:54:01.752548+08:00 Dky_app_00 linx[85501]:                       886G  680G  162G  81% /dbarch
2025-04-23T15:54:01.752566+08:00 Dky_app_00 linx[85501]: tmpfs                  20M   48K   20M   1% /tmp/smp
2025-04-23T15:54:01.752576+08:00 Dky_app_00 linx[85501]: 192.168.9.23:/dbarch/arch_rac1
2025-04-23T15:54:01.752595+08:00 Dky_app_00 linx[85501]:                       788G  681G   68G  91% /dbarch/arch_dsc1_kafka
2025-04-23T15:54:01.753730+08:00 Dky_app_00 linx[85503]: df -ih
2025-04-23T15:54:01.755040+08:00 Dky_app_00 linx[85505]: Filesystem            Inodes   IUsed   IFree IUse% Mounted on
2025-04-23T15:54:01.755055+08:00 Dky_app_00 linx[85505]: /dev/sda2                12M    2.1M    9.7M   18% /
2025-04-23T15:54:01.755072+08:00 Dky_app_00 linx[85505]: /dev/sda3                37M     28K     37M    1% /home
2025-04-23T15:54:01.755099+08:00 Dky_app_00 linx[85505]: /dev/sdav               192M     11K    192M    1% /dbbak
2025-04-23T15:54:01.755114+08:00 Dky_app_00 linx[85505]: /dev/mapper/dmarch_22-arch
2025-04-23T15:54:01.755136+08:00 Dky_app_00 linx[85505]:                          57M     463     57M    1% /dbarch
2025-04-23T15:54:01.755156+08:00 Dky_app_00 linx[85505]: tmpfs                    64M      13     64M    1% /tmp/smp
2025-04-23T15:54:01.755168+08:00 Dky_app_00 linx[85505]: 192.168.9.23:/dbarch/arch_rac1
2025-04-23T15:54:01.755190+08:00 Dky_app_00 linx[85505]:                          50M     353     50M    1% /dbarch/arch_dsc1_kafka
2025-04-23T15:54:01.756292+08:00 Dky_app_00 linx[85507]: iostat -x
2025-04-23T15:54:01.761365+08:00 Dky_app_00 linx[85509]: Linux 2.6.32-Rocky4.2-x86_64 (Dky_app_00) #01104/23/25 #011_x86_64_
2025-04-23T15:54:01.761377+08:00 Dky_app_00 linx[85509]:
2025-04-23T15:54:01.765206+08:00 Dky_app_00 linx[85509]: avg-cpu:  %user   %nice %system %iowait  %steal   %idle
2025-04-23T15:54:01.765229+08:00 Dky_app_00 linx[85509]:            3.47    0.00    1.30    0.67    0.00   94.61
2025-04-23T15:54:01.765260+08:00 Dky_app_00 linx[85509]:
2025-04-23T15:54:01.765276+08:00 Dky_app_00 linx[85509]: Device:         rrqm/s   wrqm/s     r/s     w/s   rsec/s   wsec/s avgrq-sz avgqu-sz   await  svctm  %util
2025-04-23T15:54:01.765299+08:00 Dky_app_00 linx[85509]: sda               0.02   223.59    0.15   13.30    17.75  1895.14   142.21     0.01    0.68   0.13   0.18
2025-04-23T15:54:01.765313+08:00 Dky_app_00 linx[85509]: sda1              0.00     0.00    0.00    0.00     0.00     0.00    40.85     0.00    2.01   2.01   0.00
2025-04-23T15:54:01.765327+08:00 Dky_app_00 linx[85509]: sda2              0.02    18.33    0.06    1.67     8.49   160.02    97.25     0.00    0.54   0.35   0.06
2025-04-23T15:54:01.765348+08:00 Dky_app_00 linx[85509]: sda3              0.00   205.26    0.08   11.63     9.25  1735.12   148.86     0.01    0.70   0.11   0.13
2025-04-23T15:54:01.765378+08:00 Dky_app_00 linx[85509]: sdb               0.00     0.00    9.08   71.73   595.36  4604.15    64.34     0.01    0.18   0.29   2.33
2025-04-23T15:54:01.765389+08:00 Dky_app_00 linx[85509]: sdc               0.00     0.00    7.48   35.34   476.06  2281.26    64.39     0.00    0.83   0.70   3.00
2025-04-23T15:54:01.765406+08:00 Dky_app_00 linx[85509]: sdd               0.00     0.00    5.51    5.92   349.87   389.75    64.69     0.02    1.89   1.65   1.89
2025-04-23T15:54:01.765433+08:00 Dky_app_00 linx[85509]: sde               0.00     0.00    9.33   42.90   586.69   984.37    30.08     0.02    0.29   0.29   1.50
2025-04-23T15:54:01.765463+08:00 Dky_app_00 linx[85509]: sdf               0.00     0.00    0.00    0.00     0.00     0.00    28.80     0.00    8.78   8.77   0.00
2025-04-23T15:54:01.765480+08:00 Dky_app_00 linx[85509]: sdg               0.00     0.00    0.20    0.00     1.56     0.00     8.00     0.00    0.10   0.10   0.00
2025-04-23T15:54:01.765499+08:00 Dky_app_00 linx[85509]: sdh               0.00     0.00    0.10    4.38     2.46  2869.90   641.69     0.00    0.85   1.66   0.74
2025-04-23T15:54:01.765516+08:00 Dky_app_00 linx[85509]: sdi               0.00     0.00    9.09   71.71   596.32  4603.18    64.34     0.01    0.08   0.24   1.91
2025-04-23T15:54:01.765552+08:00 Dky_app_00 linx[85509]: sdj               0.00     0.00    7.47   35.35   475.64  2281.69    64.39     0.01    0.93   0.02   0.08
2025-04-23T15:54:01.765576+08:00 Dky_app_00 linx[85509]: sdk               0.00     0.00    5.51    5.92   350.03   389.59    64.69     0.02    1.78   1.58   1.80
2025-04-23T15:54:01.765610+08:00 Dky_app_00 linx[85509]: sdl               0.00     0.00    9.10   43.13   569.60  1000.53    30.06     0.02    0.37   0.37   1.93
2025-04-23T15:54:01.765621+08:00 Dky_app_00 linx[85509]: sdm               0.00     0.00    0.00    0.00     0.00     0.00    28.51     0.00    0.20   0.20   0.00
2025-04-23T15:54:01.765647+08:00 Dky_app_00 linx[85509]: sdn               0.00     0.00    0.20    0.00     1.56     0.00     8.00     0.00    0.10   0.10   0.00
2025-04-23T15:54:01.765667+08:00 Dky_app_00 linx[85509]: sdo               0.00     0.00    0.10    4.38     2.46  2855.86   638.54     0.00    0.52   1.57   0.70
2025-04-23T15:54:01.765689+08:00 Dky_app_00 linx[85509]: sdq               0.00     0.00    7.47   35.36   475.33  2282.00    64.39     0.01    0.92   0.02   0.07
2025-04-23T15:54:01.765705+08:00 Dky_app_00 linx[85509]: sdr               0.00     0.00    5.52    5.92   350.21   389.42    64.69     0.02    1.78   1.57   1.80
2025-04-23T15:54:01.765723+08:00 Dky_app_00 linx[85509]: sds               0.00     0.00    9.21   43.02   577.26  1007.96    30.35     0.02    0.36   0.36   1.90
2025-04-23T15:54:01.765746+08:00 Dky_app_00 linx[85509]: sdt               0.00     0.00    0.00    0.00     0.00     0.00    28.50     0.00    0.16   0.16   0.00
2025-04-23T15:54:01.765762+08:00 Dky_app_00 linx[85509]: sdu               0.00     0.00    0.20    0.00     1.56     0.00     8.00     0.00    0.09   0.09   0.00
2025-04-23T15:54:01.765774+08:00 Dky_app_00 linx[85509]: sdv               0.00     0.00    0.10    4.38     2.46  2844.56   636.01     0.00    0.52   1.57   0.70
2025-04-23T15:54:01.765795+08:00 Dky_app_00 linx[85509]: sdw               0.00     0.00    9.09   71.72   595.91  4603.60    64.34     0.01    0.18   0.29   2.34
2025-04-23T15:54:01.765817+08:00 Dky_app_00 linx[85509]: sdx               0.00     0.00    7.47   35.35   475.67  2281.64    64.39     0.00    0.83   0.71   3.02
2025-04-23T15:54:01.765853+08:00 Dky_app_00 linx[85509]: sdy               0.00     0.00    5.51    5.92   349.99   389.63    64.69     0.02    1.92   1.67   1.91
2025-04-23T15:54:01.765871+08:00 Dky_app_00 linx[85509]: sdz               0.00     0.00    9.36   42.87   587.87   996.02    30.33     0.02    0.29   0.29   1.50
2025-04-23T15:54:01.765890+08:00 Dky_app_00 linx[85509]: sdab              0.00     0.00    0.20    0.00     1.56     0.00     8.00     0.00    0.09   0.09   0.00
2025-04-23T15:54:01.765910+08:00 Dky_app_00 linx[85509]: sdaa              0.00     0.00    0.00    0.00     0.00     0.00    28.48     0.00    0.22   0.22   0.00
2025-04-23T15:54:01.765923+08:00 Dky_app_00 linx[85509]: sdac              0.00     0.00    0.10    4.38     2.46  2852.40   637.77     0.00    0.84   1.66   0.74
2025-04-23T15:54:01.765946+08:00 Dky_app_00 linx[85509]: sdad              0.00     0.00    9.08   71.73   595.14  4604.35    64.34     0.01    0.08   0.23   1.89
2025-04-23T15:54:01.765971+08:00 Dky_app_00 linx[85509]: sdaf              0.00     0.00    5.51    5.92   349.85   389.77    64.69     0.02    1.79   1.58   1.80
2025-04-23T15:54:01.765983+08:00 Dky_app_00 linx[85509]: sdag              0.00     0.00    9.34   42.89   587.82   983.14    30.08     0.02    0.36   0.36   1.89
2025-04-23T15:54:01.765991+08:00 Dky_app_00 linx[85509]: sdah              0.00     0.00    0.00    0.00     0.00     0.00    28.56     0.00    0.12   0.12   0.00
2025-04-23T15:54:01.766006+08:00 Dky_app_00 linx[85509]: sdae              0.00     0.00    7.48   35.34   476.15  2281.16    64.39     0.01    0.92   0.01   0.06
2025-04-23T15:54:01.766017+08:00 Dky_app_00 linx[85509]: sdai              0.00     0.00    0.20    0.00     1.56     0.00     8.00     0.00    0.08   0.08   0.00
2025-04-23T15:54:01.766034+08:00 Dky_app_00 linx[85509]: sdaj              0.00     0.00    0.10    4.38     2.46  2868.42   641.34     0.00    0.51   1.57   0.70
2025-04-23T15:54:01.766055+08:00 Dky_app_00 linx[85509]: sdak              0.00     0.00    9.10   71.71   596.67  4602.82    64.34     0.01    0.08   0.23   1.88
2025-04-23T15:54:01.766070+08:00 Dky_app_00 linx[85509]: sdal              0.00     0.00    7.47   35.35   475.39  2281.93    64.39     0.01    0.92   0.02   0.06
2025-04-23T15:54:01.766101+08:00 Dky_app_00 linx[85509]: sdam              0.00     0.00    5.51    5.92   350.13   389.49    64.69     0.02    1.78   1.57   1.79
2025-04-23T15:54:01.766125+08:00 Dky_app_00 linx[85509]: sdan              0.00     0.00    9.17   43.06   574.90  1006.77    30.28     0.02    0.36   0.36   1.86
2025-04-23T15:54:01.766148+08:00 Dky_app_00 linx[85509]: sdao              0.00     0.00    0.00    0.00     0.00     0.00    28.57     0.00    0.13   0.13   0.00
2025-04-23T15:54:01.766161+08:00 Dky_app_00 linx[85509]: sdap              0.00     0.00    0.20    0.00     1.56     0.00     8.00     0.00    0.08   0.08   0.00
2025-04-23T15:54:01.766179+08:00 Dky_app_00 linx[85509]: sdaq              0.00     0.00    0.10    4.38     2.46  2847.02   636.56     0.00    0.51   1.57   0.70
2025-04-23T15:54:01.766187+08:00 Dky_app_00 linx[85509]: sdar              0.00     0.00    9.11   71.70   597.32  4602.18    64.34     0.02    0.19   0.30   2.39
2025-04-23T15:54:01.766199+08:00 Dky_app_00 linx[85509]: sdas              0.00     0.00    7.47   35.36   475.26  2282.05    64.39     0.00    0.85   0.72   3.07
2025-04-23T15:54:01.766208+08:00 Dky_app_00 linx[85509]: sdat              0.00     0.00    5.52    5.92   350.25   389.37    64.69     0.02    1.96   1.70   1.94
2025-04-23T15:54:01.766235+08:00 Dky_app_00 linx[85509]: sdau              0.00     0.00    9.22   43.01   577.54  1008.67    30.37     0.02    0.31   0.30   1.59
2025-04-23T15:54:01.766264+08:00 Dky_app_00 linx[85509]: sdav              0.00    11.20    0.30    0.11    75.39    90.50   406.11     0.01   12.52   0.70   0.03
2025-04-23T15:54:01.766280+08:00 Dky_app_00 linx[85509]: sdaw              0.00     0.00    0.20    0.00     1.56     0.00     8.00     0.00    0.08   0.08   0.00
2025-04-23T15:54:01.766295+08:00 Dky_app_00 linx[85509]: sday              0.00     0.00    9.08   71.72   595.63  4603.86    64.34     0.01    0.17   0.29   2.31
2025-04-23T15:54:01.766314+08:00 Dky_app_00 linx[85509]: sdaz              0.00     0.00    7.48   35.35   475.90  2281.41    64.39     0.00    0.83   0.70   2.99
2025-04-23T15:54:01.766334+08:00 Dky_app_00 linx[85509]: sdba              0.00     0.00    5.51    5.92   349.90   389.72    64.69     0.02    1.90   1.65   1.89
2025-04-23T15:54:01.766356+08:00 Dky_app_00 linx[85509]: sdbb              0.00     0.00    9.34   42.89   586.93   987.32    30.14     0.01    0.28   0.28   1.45
2025-04-23T15:54:01.766374+08:00 Dky_app_00 linx[85509]: sdbc              0.00     0.00    0.00    0.00     0.00     0.00    28.53     0.00    0.21   0.21   0.00
2025-04-23T15:54:01.766405+08:00 Dky_app_00 linx[85509]: sdbd              0.00     0.00    0.20    0.00     1.56     0.00     8.00     0.00    0.07   0.07   0.00
2025-04-23T15:54:01.766425+08:00 Dky_app_00 linx[85509]: sdbe              0.00     0.00    0.10    4.38     2.46  2843.93   635.88     0.00    0.82   1.65   0.74
2025-04-23T15:54:01.766454+08:00 Dky_app_00 linx[85509]: sdax              0.00     0.00    0.10    4.38     2.46  2871.69   642.09     0.00    0.85   1.66   0.74
2025-04-23T15:54:01.766472+08:00 Dky_app_00 linx[85509]: dm-0              0.00     0.70   72.34  573.73  4766.14 36826.68    64.38     0.03    0.04   0.04   2.82
2025-04-23T15:54:01.766498+08:00 Dky_app_00 linx[85509]: dm-1              0.00     0.34   59.40  282.80  3802.21 18253.14    64.45     0.01    0.04   0.05   1.69
2025-04-23T15:54:01.766513+08:00 Dky_app_00 linx[85509]: dm-2              0.01     0.04   43.70   47.37  2797.04  3116.74    64.94     0.01    0.46   0.18   1.60
2025-04-23T15:54:01.766543+08:00 Dky_app_00 linx[85509]: dm-3              0.00     0.00   73.67  343.77  4645.41  7974.78    30.23     0.01    0.10   0.01   0.60
2025-04-23T15:54:01.766552+08:00 Dky_app_00 linx[85509]: dm-4              0.00     0.00    0.00    0.00     0.00     0.00    15.59     0.00   17.28  17.28   0.00
2025-04-23T15:54:01.766574+08:00 Dky_app_00 linx[85509]: dm-5              0.00  2821.68    0.37   35.04    16.45 22853.77   645.84     0.01    0.38   0.29   1.02
2025-04-23T15:54:01.766592+08:00 Dky_app_00 linx[85509]: dm-6              0.00     0.00   25.49    3.00   333.40     3.00    11.81     0.01    0.36   0.36   1.02
2025-04-23T15:54:01.766607+08:00 Dky_app_00 linx[85509]: dm-7              0.00     0.00   45.80    0.00  4287.04     0.03    93.60     0.02    0.41   0.41   1.89
2025-04-23T15:54:01.766624+08:00 Dky_app_00 linx[85509]: dm-8              0.00     0.00    2.38  340.77    24.97  7971.76    23.30     0.01    0.03   0.03   1.04
2025-04-23T15:54:01.766632+08:00 Dky_app_00 linx[85509]: dm-9              0.00     0.00    0.37 2856.72    16.45 22853.77     8.00     0.02    0.00   0.00   1.03
2025-04-23T15:54:01.766667+08:00 Dky_app_00 linx[85509]:
2025-04-23T15:54:01.767817+08:00 Dky_app_00 linx[85511]: netstat -an |grep -i 'established'|wc -l
2025-04-23T15:54:01.803131+08:00 Dky_app_00 linx[85515]: 977
2025-04-23T15:54:01.804252+08:00 Dky_app_00 linx[85521]: date
2025-04-23T15:54:01.805435+08:00 Dky_app_00 linx[85523]: Wed Apr 23 15:54:01 CST 2025
2025-04-23T15:54:01.806469+08:00 Dky_app_00 linx[85525]: cat   /proc/buddyinfo
2025-04-23T15:54:01.807514+08:00 Dky_app_00 linx[85527]: Node 0, zone      DMA      1      1      1      1      2      1      0      0      1      1      3
2025-04-23T15:54:01.807529+08:00 Dky_app_00 linx[85527]: Node 0, zone    DMA32    280     48     58     30     25     34      9     12      9     55     28
2025-04-23T15:54:01.807535+08:00 Dky_app_00 linx[85527]: Node 0, zone   Normal   3544   5272   2869    974    680    569  16397  11043   4400      0      0
2025-04-23T15:54:01.807540+08:00 Dky_app_00 linx[85527]: Node 1, zone   Normal   6114   4914   2604   1808   2312  20685  19682   9975   3362      0      0
2025-04-23T15:54:01.807559+08:00 Dky_app_00 linx[85527]: Node 2, zone   Normal   5302   4972   3127   1708   1353   1494   5322   5704   1888      0      0
2025-04-23T15:54:01.807569+08:00 Dky_app_00 linx[85527]: Node 3, zone   Normal   7920  14292  14685   8769  16306  55812  31034  11866   2994      1      0
2025-04-23T15:54:01.807579+08:00 Dky_app_00 linx[85527]: Node 4, zone   Normal  13537  17784  45068  75421  95406  63877  32912  10226   1551      1      0
2025-04-23T15:54:01.807594+08:00 Dky_app_00 linx[85527]: Node 5, zone   Normal    709    599   1954   1124   1673   6571  19008   9477   3385      0      0
2025-04-23T15:54:01.807601+08:00 Dky_app_00 linx[85527]: Node 6, zone   Normal  10842  17299  15517  12474   8139   3332   3971   2817   1513     25      1
2025-04-23T15:54:01.807618+08:00 Dky_app_00 linx[85527]: Node 7, zone   Normal   6557   5339  28268  38399  41035  30547  19209  10185   3606      1      0
2025-04-23T15:54:01.808701+08:00 Dky_app_00 linx[85529]: top-detail:
2025-04-23T15:56:01.624229+08:00 Dky_app_00 /usr/sbin/cron[88425]: (root) CMD (sh /usr/bin/msmp >> /var/log/msmp.log )
2025-04-23T15:56:01.624325+08:00 Dky_app_00 /usr/sbin/cron[88426]: (sysadmin) CMD (/usr/sbin/get_max_mem_process.sh)
2025-04-23T15:56:01.624469+08:00 Dky_app_00 /usr/sbin/cron[88427]: (dmdba) CMD (sh net_colsewait_mon.sh)
2025-04-23T15:56:01.624568+08:00 Dky_app_00 /usr/sbin/cron[88428]: (dmdba) CMD (sh /home/dmdba/dm/db_sessmon.sh)
2025-04-23T15:56:01.627184+08:00 Dky_app_00 linx[88431]: uptime
2025-04-23T15:56:01.641136+08:00 Dky_app_00 linx[88440]:  15:56:01 up 1551 days,  3:38,  8 users,  load average: 99.47, 96.09, 87.61
2025-04-23T15:56:01.642182+08:00 Dky_app_00 linx[88449]: free -m
2025-04-23T15:56:01.645190+08:00 Dky_app_00 linx[88451]:              total       used       free     shared    buffers     cached
2025-04-23T15:56:01.645211+08:00 Dky_app_00 linx[88451]: Mem:        516904     382471     134432          0        110      70569
2025-04-23T15:56:01.645223+08:00 Dky_app_00 linx[88451]: -/+ buffers/cache:     311792     205112
2025-04-23T15:56:01.645243+08:00 Dky_app_00 linx[88451]: Swap:        61034          0      61034
2025-04-23T15:56:01.646342+08:00 Dky_app_00 linx[88453]: df -h
2025-04-23T15:56:01.647704+08:00 Dky_app_00 linx[88455]: Filesystem            Size  Used Avail Use% Mounted on
2025-04-23T15:56:01.647718+08:00 Dky_app_00 linx[88455]: /dev/sda2             185G   75G  101G  43% /
2025-04-23T15:56:01.647745+08:00 Dky_app_00 linx[88455]: /dev/sda3             585G  197G  359G  36% /home
2025-04-23T15:56:01.647761+08:00 Dky_app_00 linx[88455]: /dev/sdav             3.0T  1.3T  1.6T  45% /dbbak
2025-04-23T15:56:01.647785+08:00 Dky_app_00 linx[88455]: /dev/mapper/dmarch_22-arch
2025-04-23T15:56:01.647797+08:00 Dky_app_00 linx[88455]:                       886G  680G  162G  81% /dbarch
2025-04-23T15:56:01.647828+08:00 Dky_app_00 linx[88455]: tmpfs                  20M   48K   20M   1% /tmp/smp
2025-04-23T15:56:01.647842+08:00 Dky_app_00 linx[88455]: 192.168.9.23:/dbarch/arch_rac1
2025-04-23T15:56:01.647869+08:00 Dky_app_00 linx[88455]:                       788G  681G   68G  91% /dbarch/arch_dsc1_kafka
2025-04-23T15:56:01.648993+08:00 Dky_app_00 linx[88457]: df -ih
2025-04-23T15:56:01.650247+08:00 Dky_app_00 linx[88459]: Filesystem            Inodes   IUsed   IFree IUse% Mounted on
2025-04-23T15:56:01.650265+08:00 Dky_app_00 linx[88459]: /dev/sda2                12M    2.1M    9.7M   18% /
2025-04-23T15:56:01.650285+08:00 Dky_app_00 linx[88459]: /dev/sda3                37M     28K     37M    1% /home
2025-04-23T15:56:01.650307+08:00 Dky_app_00 linx[88459]: /dev/sdav               192M     11K    192M    1% /dbbak
2025-04-23T15:56:01.650338+08:00 Dky_app_00 linx[88459]: /dev/mapper/dmarch_22-arch
2025-04-23T15:56:01.650358+08:00 Dky_app_00 linx[88459]:                          57M     463     57M    1% /dbarch
2025-04-23T15:56:01.650385+08:00 Dky_app_00 linx[88459]: tmpfs                    64M      13     64M    1% /tmp/smp
2025-04-23T15:56:01.650404+08:00 Dky_app_00 linx[88459]: 192.168.9.23:/dbarch/arch_rac1
2025-04-23T15:56:01.650424+08:00 Dky_app_00 linx[88459]:                          50M     353     50M    1% /dbarch/arch_dsc1_kafka
2025-04-23T15:56:01.651548+08:00 Dky_app_00 linx[88461]: iostat -x
2025-04-23T15:56:01.656532+08:00 Dky_app_00 linx[88463]: Linux 2.6.32-Rocky4.2-x86_64 (Dky_app_00) #01104/23/25 #011_x86_64_
2025-04-23T15:56:01.656560+08:00 Dky_app_00 linx[88463]:
2025-04-23T15:56:01.660273+08:00 Dky_app_00 linx[88463]: avg-cpu:  %user   %nice %system %iowait  %steal   %idle
2025-04-23T15:56:01.660298+08:00 Dky_app_00 linx[88463]:            3.47    0.00    1.30    0.67    0.00   94.61
2025-04-23T15:56:01.660318+08:00 Dky_app_00 linx[88463]:
2025-04-23T15:56:01.660341+08:00 Dky_app_00 linx[88463]: Device:         rrqm/s   wrqm/s     r/s     w/s   rsec/s   wsec/s avgrq-sz avgqu-sz   await  svctm  %util
2025-04-23T15:56:01.660356+08:00 Dky_app_00 linx[88463]: sda               0.02   223.59    0.15   13.30    17.75  1895.14   142.21     0.01    0.68   0.13   0.18
2025-04-23T15:56:01.660390+08:00 Dky_app_00 linx[88463]: sda1              0.00     0.00    0.00    0.00     0.00     0.00    40.85     0.00    2.01   2.01   0.00
2025-04-23T15:56:01.660402+08:00 Dky_app_00 linx[88463]: sda2              0.02    18.33    0.06    1.67     8.49   160.02    97.25     0.00    0.54   0.35   0.06
2025-04-23T15:56:01.660417+08:00 Dky_app_00 linx[88463]: sda3              0.00   205.26    0.08   11.63     9.25  1735.12   148.86     0.01    0.70   0.11   0.13
2025-04-23T15:56:01.660437+08:00 Dky_app_00 linx[88463]: sdb               0.00     0.00    9.08   71.73   595.36  4604.15    64.34     0.01    0.18   0.29   2.33
2025-04-23T15:56:01.660464+08:00 Dky_app_00 linx[88463]: sdc               0.00     0.00    7.48   35.34   476.06  2281.25    64.39     0.00    0.83   0.70   3.00
2025-04-23T15:56:01.660473+08:00 Dky_app_00 linx[88463]: sdd               0.00     0.00    5.51    5.92   349.87   389.75    64.69     0.02    1.89   1.65   1.89
2025-04-23T15:56:01.660492+08:00 Dky_app_00 linx[88463]: sde               0.00     0.00    9.33   42.90   586.69   984.37    30.08     0.02    0.29   0.29   1.50
2025-04-23T15:56:01.660510+08:00 Dky_app_00 linx[88463]: sdf               0.00     0.00    0.00    0.00     0.00     0.00    28.80     0.00    8.78   8.77   0.00
2025-04-23T15:56:01.660526+08:00 Dky_app_00 linx[88463]: sdg               0.00     0.00    0.20    0.00     1.56     0.00     8.00     0.00    0.10   0.10   0.00
2025-04-23T15:56:01.660551+08:00 Dky_app_00 linx[88463]: sdh               0.00     0.00    0.10    4.38     2.46  2869.90   641.69     0.00    0.85   1.66   0.74
2025-04-23T15:56:01.660558+08:00 Dky_app_00 linx[88463]: sdi               0.00     0.00    9.09   71.71   596.32  4603.17    64.34     0.01    0.08   0.24   1.91
2025-04-23T15:56:01.660591+08:00 Dky_app_00 linx[88463]: sdj               0.00     0.00    7.47   35.35   475.64  2281.69    64.39     0.01    0.93   0.02   0.08
2025-04-23T15:56:01.660610+08:00 Dky_app_00 linx[88463]: sdk               0.00     0.00    5.51    5.92   350.03   389.59    64.69     0.02    1.78   1.58   1.80
2025-04-23T15:56:01.660648+08:00 Dky_app_00 linx[88463]: sdl               0.00     0.00    9.10   43.13   569.60  1000.53    30.06     0.02    0.37   0.37   1.93
2025-04-23T15:56:01.660664+08:00 Dky_app_00 linx[88463]: sdm               0.00     0.00    0.00    0.00     0.00     0.00    28.51     0.00    0.20   0.20   0.00
2025-04-23T15:56:01.660681+08:00 Dky_app_00 linx[88463]: sdn               0.00     0.00    0.20    0.00     1.56     0.00     8.00     0.00    0.10   0.10   0.00
2025-04-23T15:56:01.660692+08:00 Dky_app_00 linx[88463]: sdo               0.00     0.00    0.10    4.38     2.46  2855.86   638.54     0.00    0.52   1.57   0.70
2025-04-23T15:56:01.660715+08:00 Dky_app_00 linx[88463]: sdq               0.00     0.00    7.47   35.36   475.33  2281.99    64.39     0.01    0.92   0.02   0.07
2025-04-23T15:56:01.660745+08:00 Dky_app_00 linx[88463]: sdr               0.00     0.00    5.52    5.92   350.21   389.42    64.69     0.02    1.78   1.57   1.80
2025-04-23T15:56:01.660760+08:00 Dky_app_00 linx[88463]: sds               0.00     0.00    9.21   43.02   577.26  1007.96    30.35     0.02    0.36   0.36   1.90
2025-04-23T15:56:01.660772+08:00 Dky_app_00 linx[88463]: sdt               0.00     0.00    0.00    0.00     0.00     0.00    28.50     0.00    0.16   0.16   0.00
2025-04-23T15:56:01.660797+08:00 Dky_app_00 linx[88463]: sdu               0.00     0.00    0.20    0.00     1.56     0.00     8.00     0.00    0.09   0.09   0.00
2025-04-23T15:56:01.660816+08:00 Dky_app_00 linx[88463]: sdv               0.00     0.00    0.10    4.38     2.46  2844.56   636.01     0.00    0.52   1.57   0.70
2025-04-23T15:56:01.660836+08:00 Dky_app_00 linx[88463]: sdw               0.00     0.00    9.09   71.72   595.91  4603.60    64.34     0.01    0.18   0.29   2.34
2025-04-23T15:56:01.660848+08:00 Dky_app_00 linx[88463]: sdx               0.00     0.00    7.47   35.35   475.67  2281.64    64.39     0.00    0.83   0.71   3.02
2025-04-23T15:56:01.660875+08:00 Dky_app_00 linx[88463]: sdy               0.00     0.00    5.51    5.92   349.99   389.63    64.69     0.02    1.92   1.67   1.91
2025-04-23T15:56:01.660887+08:00 Dky_app_00 linx[88463]: sdz               0.00     0.00    9.36   42.87   587.87   996.02    30.33     0.02    0.29   0.29   1.50
2025-04-23T15:56:01.660898+08:00 Dky_app_00 linx[88463]: sdab              0.00     0.00    0.20    0.00     1.56     0.00     8.00     0.00    0.09   0.09   0.00
2025-04-23T15:56:01.660924+08:00 Dky_app_00 linx[88463]: sdaa              0.00     0.00    0.00    0.00     0.00     0.00    28.48     0.00    0.22   0.22   0.00
2025-04-23T15:56:01.660940+08:00 Dky_app_00 linx[88463]: sdac              0.00     0.00    0.10    4.38     2.46  2852.40   637.77     0.00    0.84   1.66   0.74
2025-04-23T15:56:01.660962+08:00 Dky_app_00 linx[88463]: sdad              0.00     0.00    9.08   71.73   595.14  4604.35    64.34     0.01    0.08   0.23   1.89
2025-04-23T15:56:01.660973+08:00 Dky_app_00 linx[88463]: sdaf              0.00     0.00    5.51    5.92   349.85   389.77    64.69     0.02    1.79   1.58   1.80
2025-04-23T15:56:01.661002+08:00 Dky_app_00 linx[88463]: sdag              0.00     0.00    9.34   42.89   587.82   983.14    30.08     0.02    0.36   0.36   1.89
2025-04-23T15:56:01.661010+08:00 Dky_app_00 linx[88463]: sdah              0.00     0.00    0.00    0.00     0.00     0.00    28.56     0.00    0.12   0.12   0.00
2025-04-23T15:56:01.661034+08:00 Dky_app_00 linx[88463]: sdae              0.00     0.00    7.48   35.34   476.15  2281.16    64.39     0.01    0.92   0.01   0.06
2025-04-23T15:56:01.661064+08:00 Dky_app_00 linx[88463]: sdai              0.00     0.00    0.20    0.00     1.56     0.00     8.00     0.00    0.08   0.08   0.00
2025-04-23T15:56:01.661071+08:00 Dky_app_00 linx[88463]: sdaj              0.00     0.00    0.10    4.38     2.46  2868.42   641.34     0.00    0.51   1.57   0.70
2025-04-23T15:56:01.661091+08:00 Dky_app_00 linx[88463]: sdak              0.00     0.00    9.10   71.71   596.67  4602.82    64.34     0.01    0.08   0.23   1.88
2025-04-23T15:56:01.661120+08:00 Dky_app_00 linx[88463]: sdal              0.00     0.00    7.47   35.35   475.39  2281.93    64.39     0.01    0.92   0.02   0.06
2025-04-23T15:56:01.661147+08:00 Dky_app_00 linx[88463]: sdam              0.00     0.00    5.51    5.92   350.13   389.49    64.69     0.02    1.78   1.57   1.79
2025-04-23T15:56:01.661166+08:00 Dky_app_00 linx[88463]: sdan              0.00     0.00    9.17   43.06   574.90  1006.76    30.28     0.02    0.36   0.36   1.86
2025-04-23T15:56:01.661188+08:00 Dky_app_00 linx[88463]: sdao              0.00     0.00    0.00    0.00     0.00     0.00    28.57     0.00    0.13   0.13   0.00
2025-04-23T15:56:01.661206+08:00 Dky_app_00 linx[88463]: sdap              0.00     0.00    0.20    0.00     1.56     0.00     8.00     0.00    0.08   0.08   0.00
2025-04-23T15:56:01.661232+08:00 Dky_app_00 linx[88463]: sdaq              0.00     0.00    0.10    4.38     2.46  2847.01   636.56     0.00    0.51   1.57   0.70
2025-04-23T15:56:01.661242+08:00 Dky_app_00 linx[88463]: sdar              0.00     0.00    9.11   71.70   597.32  4602.18    64.34     0.02    0.19   0.30   2.39
2025-04-23T15:56:01.661268+08:00 Dky_app_00 linx[88463]: sdas              0.00     0.00    7.47   35.36   475.26  2282.05    64.39     0.00    0.85   0.72   3.07
2025-04-23T15:56:01.661274+08:00 Dky_app_00 linx[88463]: sdat              0.00     0.00    5.52    5.92   350.25   389.37    64.69     0.02    1.96   1.70   1.94
2025-04-23T15:56:01.661303+08:00 Dky_app_00 linx[88463]: sdau              0.00     0.00    9.22   43.01   577.54  1008.67    30.37     0.02    0.31   0.30   1.59
2025-04-23T15:56:01.661329+08:00 Dky_app_00 linx[88463]: sdav              0.00    11.20    0.30    0.11    75.39    90.50   406.11     0.01   12.52   0.70   0.03
2025-04-23T15:56:01.661351+08:00 Dky_app_00 linx[88463]: sdaw              0.00     0.00    0.20    0.00     1.56     0.00     8.00     0.00    0.08   0.08   0.00
2025-04-23T15:56:01.661371+08:00 Dky_app_00 linx[88463]: sday              0.00     0.00    9.08   71.72   595.63  4603.86    64.34     0.01    0.17   0.29   2.31
2025-04-23T15:56:01.661395+08:00 Dky_app_00 linx[88463]: sdaz              0.00     0.00    7.48   35.35   475.90  2281.41    64.39     0.00    0.83   0.70   2.99
2025-04-23T15:56:01.661420+08:00 Dky_app_00 linx[88463]: sdba              0.00     0.00    5.51    5.92   349.90   389.72    64.69     0.02    1.90   1.65   1.89
2025-04-23T15:56:01.661429+08:00 Dky_app_00 linx[88463]: sdbb              0.00     0.00    9.34   42.89   586.93   987.32    30.14     0.01    0.28   0.28   1.45
2025-04-23T15:56:01.661444+08:00 Dky_app_00 linx[88463]: sdbc              0.00     0.00    0.00    0.00     0.00     0.00    28.53     0.00    0.21   0.21   0.00
2025-04-23T15:56:01.661461+08:00 Dky_app_00 linx[88463]: sdbd              0.00     0.00    0.20    0.00     1.56     0.00     8.00     0.00    0.07   0.07   0.00
2025-04-23T15:56:01.661480+08:00 Dky_app_00 linx[88463]: sdbe              0.00     0.00    0.10    4.38     2.46  2843.92   635.88     0.00    0.82   1.65   0.74
2025-04-23T15:56:01.661505+08:00 Dky_app_00 linx[88463]: sdax              0.00     0.00    0.10    4.38     2.46  2871.69   642.09     0.00    0.85   1.66   0.74
2025-04-23T15:56:01.661518+08:00 Dky_app_00 linx[88463]: dm-0              0.00     0.70   72.34  573.73  4766.14 36826.64    64.38     0.03    0.04   0.04   2.82
2025-04-23T15:56:01.661534+08:00 Dky_app_00 linx[88463]: dm-1              0.00     0.34   59.40  282.80  3802.21 18253.12    64.45     0.01    0.04   0.05   1.69
2025-04-23T15:56:01.661563+08:00 Dky_app_00 linx[88463]: dm-2              0.01     0.04   43.70   47.37  2797.04  3116.74    64.94     0.01    0.46   0.18   1.60
2025-04-23T15:56:01.661587+08:00 Dky_app_00 linx[88463]: dm-3              0.00     0.00   73.67  343.77  4645.41  7974.78    30.23     0.01    0.10   0.01   0.60
2025-04-23T15:56:01.661601+08:00 Dky_app_00 linx[88463]: dm-4              0.00     0.00    0.00    0.00     0.00     0.00    15.59     0.00   17.28  17.28   0.00
2025-04-23T15:56:01.661623+08:00 Dky_app_00 linx[88463]: dm-5              0.00  2821.68    0.37   35.04    16.45 22853.75   645.84     0.01    0.38   0.29   1.02
2025-04-23T15:56:01.661637+08:00 Dky_app_00 linx[88463]: dm-6              0.00     0.00   25.49    3.00   333.40     3.00    11.81     0.01    0.36   0.36   1.02
2025-04-23T15:56:01.661661+08:00 Dky_app_00 linx[88463]: dm-7              0.00     0.00   45.80    0.00  4287.04     0.03    93.60     0.02    0.41   0.41   1.89
2025-04-23T15:56:01.661673+08:00 Dky_app_00 linx[88463]: dm-8              0.00     0.00    2.38  340.77    24.96  7971.75    23.30     0.01    0.03   0.03   1.04
2025-04-23T15:56:01.661697+08:00 Dky_app_00 linx[88463]: dm-9              0.00     0.00    0.37 2856.72    16.45 22853.75     8.00     0.02    0.00   0.00   1.03
2025-04-23T15:56:01.661717+08:00 Dky_app_00 linx[88463]:
2025-04-23T15:56:01.662938+08:00 Dky_app_00 linx[88465]: netstat -an |grep -i 'established'|wc -l
2025-04-23T15:56:01.696984+08:00 Dky_app_00 linx[88469]: 981
2025-04-23T15:56:01.698119+08:00 Dky_app_00 linx[88475]: date
2025-04-23T15:56:01.699250+08:00 Dky_app_00 linx[88477]: Wed Apr 23 15:56:01 CST 2025
2025-04-23T15:56:01.700343+08:00 Dky_app_00 linx[88479]: cat   /proc/buddyinfo
2025-04-23T15:56:01.701443+08:00 Dky_app_00 linx[88481]: Node 0, zone      DMA      1      1      1      1      2      1      0      0      1      1      3
2025-04-23T15:56:01.701461+08:00 Dky_app_00 linx[88481]: Node 0, zone    DMA32    280     48     58     30     25     34      9     12      9     55     28
2025-04-23T15:56:01.701466+08:00 Dky_app_00 linx[88481]: Node 0, zone   Normal    366   4418   2587    982    697    591  15804  10667   4234      0      1
2025-04-23T15:56:01.701470+08:00 Dky_app_00 linx[88481]: Node 1, zone   Normal   6363   4876   2612   1791   2308  20561  19559   9904   3329      2      1
2025-04-23T15:56:01.701477+08:00 Dky_app_00 linx[88481]: Node 2, zone   Normal   5389   4951   3124   1703   1350   1490   5318   5702   1886      1      0
2025-04-23T15:56:01.701481+08:00 Dky_app_00 linx[88481]: Node 3, zone   Normal   7550  14272  14684   8768  16305  55811  31033  11865   2995      0      0
2025-04-23T15:56:01.701507+08:00 Dky_app_00 linx[88481]: Node 4, zone   Normal  12731  17825  45075  75423  95408  63877  32912  10226   1551      0      0
2025-04-23T15:56:01.701511+08:00 Dky_app_00 linx[88481]: Node 5, zone   Normal    580    662   1954   1125   1673   6571  19008   9477   3385      0      0
2025-04-23T15:56:01.701526+08:00 Dky_app_00 linx[88481]: Node 6, zone   Normal  11091  17245  15520  12475   8140   3332   3971   2817   1513      0      0
2025-04-23T15:56:01.701533+08:00 Dky_app_00 linx[88481]: Node 7, zone   Normal   1173   4981  27772  37673  40142  29823  18668   9829   3458      1      0
2025-04-23T15:56:01.702661+08:00 Dky_app_00 linx[88483]: top-detail:
2025-04-23T15:58:01.481606+08:00 Dky_app_00 /usr/sbin/cron[91360]: (root) CMD (sh /usr/bin/msmp >> /var/log/msmp.log )
2025-04-23T15:58:01.481663+08:00 Dky_app_00 /usr/sbin/cron[91361]: (sysadmin) CMD (/usr/sbin/get_max_mem_process.sh)
2025-04-23T15:58:01.481785+08:00 Dky_app_00 /usr/sbin/cron[91362]: (dmdba) CMD (sh net_colsewait_mon.sh)
2025-04-23T15:58:01.481883+08:00 Dky_app_00 /usr/sbin/cron[91363]: (dmdba) CMD (sh /home/dmdba/dm/db_sessmon.sh)
2025-04-23T15:58:01.484477+08:00 Dky_app_00 linx[91366]: uptime
2025-04-23T15:58:01.502537+08:00 Dky_app_00 linx[91375]:  15:58:01 up 1551 days,  3:40,  8 users,  load average: 101.63, 97.90, 89.30
2025-04-23T15:58:01.503627+08:00 Dky_app_00 linx[91384]: free -m
2025-04-23T15:58:01.507015+08:00 Dky_app_00 linx[91386]:              total       used       free     shared    buffers     cached
2025-04-23T15:58:01.507031+08:00 Dky_app_00 linx[91386]: Mem:        516904     383149     133755          0        110      70571
2025-04-23T15:58:01.507038+08:00 Dky_app_00 linx[91386]: -/+ buffers/cache:     312467     204437
2025-04-23T15:58:01.507076+08:00 Dky_app_00 linx[91386]: Swap:        61034          0      61034
2025-04-23T15:58:01.508244+08:00 Dky_app_00 linx[91388]: df -h
2025-04-23T15:58:01.509618+08:00 Dky_app_00 linx[91390]: Filesystem            Size  Used Avail Use% Mounted on
2025-04-23T15:58:01.509643+08:00 Dky_app_00 linx[91390]: /dev/sda2             185G   75G  101G  43% /
2025-04-23T15:58:01.509666+08:00 Dky_app_00 linx[91390]: /dev/sda3             585G  197G  359G  36% /home
2025-04-23T15:58:01.509675+08:00 Dky_app_00 linx[91390]: /dev/sdav             3.0T  1.3T  1.6T  45% /dbbak
2025-04-23T15:58:01.509705+08:00 Dky_app_00 linx[91390]: /dev/mapper/dmarch_22-arch
2025-04-23T15:58:01.509735+08:00 Dky_app_00 linx[91390]:                       886G  680G  162G  81% /dbarch
2025-04-23T15:58:01.509746+08:00 Dky_app_00 linx[91390]: tmpfs                  20M   48K   20M   1% /tmp/smp
2025-04-23T15:58:01.509769+08:00 Dky_app_00 linx[91390]: 192.168.9.23:/dbarch/arch_rac1
2025-04-23T15:58:01.509791+08:00 Dky_app_00 linx[91390]:                       788G  681G   68G  91% /dbarch/arch_dsc1_kafka
2025-04-23T15:58:01.510993+08:00 Dky_app_00 linx[91392]: df -ih
2025-04-23T15:58:01.512273+08:00 Dky_app_00 linx[91394]: Filesystem            Inodes   IUsed   IFree IUse% Mounted on
2025-04-23T15:58:01.512326+08:00 Dky_app_00 linx[91394]: /dev/sda2                12M    2.1M    9.7M   18% /
2025-04-23T15:58:01.512345+08:00 Dky_app_00 linx[91394]: /dev/sda3                37M     28K     37M    1% /home
2025-04-23T15:58:01.512357+08:00 Dky_app_00 linx[91394]: /dev/sdav               192M     11K    192M    1% /dbbak
2025-04-23T15:58:01.512374+08:00 Dky_app_00 linx[91394]: /dev/mapper/dmarch_22-arch
2025-04-23T15:58:01.512397+08:00 Dky_app_00 linx[91394]:                          57M     463     57M    1% /dbarch
2025-04-23T15:58:01.512430+08:00 Dky_app_00 linx[91394]: tmpfs                    64M      13     64M    1% /tmp/smp
2025-04-23T15:58:01.512446+08:00 Dky_app_00 linx[91394]: 192.168.9.23:/dbarch/arch_rac1
2025-04-23T15:58:01.512476+08:00 Dky_app_00 linx[91394]:                          50M     353     50M    1% /dbarch/arch_dsc1_kafka
2025-04-23T15:58:01.513575+08:00 Dky_app_00 linx[91396]: iostat -x
2025-04-23T15:58:01.518510+08:00 Dky_app_00 linx[91398]: Linux 2.6.32-Rocky4.2-x86_64 (Dky_app_00) #01104/23/25 #011_x86_64_
2025-04-23T15:58:01.518524+08:00 Dky_app_00 linx[91398]:
2025-04-23T15:58:01.522064+08:00 Dky_app_00 linx[91398]: avg-cpu:  %user   %nice %system %iowait  %steal   %idle
2025-04-23T15:58:01.522074+08:00 Dky_app_00 linx[91398]:            3.47    0.00    1.30    0.67    0.00   94.61
2025-04-23T15:58:01.522080+08:00 Dky_app_00 linx[91398]:
2025-04-23T15:58:01.522093+08:00 Dky_app_00 linx[91398]: Device:         rrqm/s   wrqm/s     r/s     w/s   rsec/s   wsec/s avgrq-sz avgqu-sz   await  svctm  %util
2025-04-23T15:58:01.522105+08:00 Dky_app_00 linx[91398]: sda               0.02   223.59    0.15   13.30    17.75  1895.14   142.21     0.01    0.68   0.13   0.18
2025-04-23T15:58:01.522121+08:00 Dky_app_00 linx[91398]: sda1              0.00     0.00    0.00    0.00     0.00     0.00    40.85     0.00    2.01   2.01   0.00
2025-04-23T15:58:01.522132+08:00 Dky_app_00 linx[91398]: sda2              0.02    18.33    0.06    1.67     8.49   160.02    97.25     0.00    0.54   0.35   0.06
2025-04-23T15:58:01.522137+08:00 Dky_app_00 linx[91398]: sda3              0.00   205.26    0.08   11.63     9.25  1735.12   148.86     0.01    0.70   0.11   0.13
2025-04-23T15:58:01.522158+08:00 Dky_app_00 linx[91398]: sdb               0.00     0.00    9.08   71.73   595.35  4604.15    64.34     0.01    0.18   0.29   2.33
2025-04-23T15:58:01.522167+08:00 Dky_app_00 linx[91398]: sdc               0.00     0.00    7.48   35.34   476.05  2281.25    64.39     0.00    0.83   0.70   3.00
2025-04-23T15:58:01.522180+08:00 Dky_app_00 linx[91398]: sdd               0.00     0.00    5.51    5.92   349.87   389.75    64.69     0.02    1.89   1.65   1.89
2025-04-23T15:58:01.522189+08:00 Dky_app_00 linx[91398]: sde               0.00     0.00    9.33   42.90   586.69   984.37    30.08     0.02    0.29   0.29   1.50
2025-04-23T15:58:01.522203+08:00 Dky_app_00 linx[91398]: sdf               0.00     0.00    0.00    0.00     0.00     0.00    28.80     0.00    8.78   8.77   0.00
2025-04-23T15:58:01.522212+08:00 Dky_app_00 linx[91398]: sdg               0.00     0.00    0.20    0.00     1.56     0.00     8.00     0.00    0.10   0.10   0.00
2025-04-23T15:58:01.522231+08:00 Dky_app_00 linx[91398]: sdh               0.00     0.00    0.10    4.38     2.46  2869.90   641.69     0.00    0.85   1.66   0.74
2025-04-23T15:58:01.522243+08:00 Dky_app_00 linx[91398]: sdi               0.00     0.00    9.09   71.71   596.32  4603.17    64.34     0.01    0.08   0.24   1.91
2025-04-23T15:58:01.522252+08:00 Dky_app_00 linx[91398]: sdj               0.00     0.00    7.47   35.35   475.64  2281.69    64.39     0.01    0.93   0.02   0.08
2025-04-23T15:58:01.522275+08:00 Dky_app_00 linx[91398]: sdk               0.00     0.00    5.51    5.92   350.03   389.59    64.69     0.02    1.78   1.58   1.80
2025-04-23T15:58:01.522282+08:00 Dky_app_00 linx[91398]: sdl               0.00     0.00    9.10   43.13   569.60  1000.53    30.06     0.02    0.37   0.37   1.93
2025-04-23T15:58:01.522290+08:00 Dky_app_00 linx[91398]: sdm               0.00     0.00    0.00    0.00     0.00     0.00    28.51     0.00    0.20   0.20   0.00
2025-04-23T15:58:01.522294+08:00 Dky_app_00 linx[91398]: sdn               0.00     0.00    0.20    0.00     1.56     0.00     8.00     0.00    0.10   0.10   0.00
2025-04-23T15:58:01.522306+08:00 Dky_app_00 linx[91398]: sdo               0.00     0.00    0.10    4.38     2.46  2855.85   638.54     0.00    0.52   1.57   0.70
2025-04-23T15:58:01.522320+08:00 Dky_app_00 linx[91398]: sdq               0.00     0.00    7.47   35.36   475.32  2281.99    64.39     0.01    0.92   0.02   0.07
2025-04-23T15:58:01.522331+08:00 Dky_app_00 linx[91398]: sdr               0.00     0.00    5.52    5.92   350.21   389.42    64.69     0.02    1.78   1.57   1.80
2025-04-23T15:58:01.522340+08:00 Dky_app_00 linx[91398]: sds               0.00     0.00    9.21   43.02   577.25  1007.96    30.35     0.02    0.36   0.36   1.90
2025-04-23T15:58:01.522369+08:00 Dky_app_00 linx[91398]: sdt               0.00     0.00    0.00    0.00     0.00     0.00    28.50     0.00    0.16   0.16   0.00
2025-04-23T15:58:01.522383+08:00 Dky_app_00 linx[91398]: sdu               0.00     0.00    0.20    0.00     1.56     0.00     8.00     0.00    0.09   0.09   0.00
2025-04-23T15:58:01.522388+08:00 Dky_app_00 linx[91398]: sdv               0.00     0.00    0.10    4.38     2.46  2844.56   636.01     0.00    0.52   1.57   0.70
2025-04-23T15:58:01.522392+08:00 Dky_app_00 linx[91398]: sdw               0.00     0.00    9.09   71.72   595.91  4603.59    64.34     0.01    0.18   0.29   2.34
2025-04-23T15:58:01.522403+08:00 Dky_app_00 linx[91398]: sdx               0.00     0.00    7.47   35.35   475.67  2281.63    64.39     0.00    0.83   0.71   3.02
2025-04-23T15:58:01.522416+08:00 Dky_app_00 linx[91398]: sdy               0.00     0.00    5.51    5.92   349.99   389.63    64.69     0.02    1.92   1.67   1.91
2025-04-23T15:58:01.522425+08:00 Dky_app_00 linx[91398]: sdz               0.00     0.00    9.36   42.87   587.87   996.02    30.33     0.02    0.29   0.29   1.50
2025-04-23T15:58:01.522446+08:00 Dky_app_00 linx[91398]: sdab              0.00     0.00    0.20    0.00     1.56     0.00     8.00     0.00    0.09   0.09   0.00
2025-04-23T15:58:01.522455+08:00 Dky_app_00 linx[91398]: sdaa              0.00     0.00    0.00    0.00     0.00     0.00    28.48     0.00    0.22   0.22   0.00
2025-04-23T15:58:01.522464+08:00 Dky_app_00 linx[91398]: sdac              0.00     0.00    0.10    4.38     2.46  2852.39   637.77     0.00    0.84   1.66   0.74
2025-04-23T15:58:01.522476+08:00 Dky_app_00 linx[91398]: sdad              0.00     0.00    9.08   71.73   595.14  4604.35    64.34     0.01    0.08   0.23   1.89
2025-04-23T15:58:01.522483+08:00 Dky_app_00 linx[91398]: sdaf              0.00     0.00    5.51    5.92   349.85   389.77    64.69     0.02    1.79   1.58   1.80
2025-04-23T15:58:01.522496+08:00 Dky_app_00 linx[91398]: sdag              0.00     0.00    9.34   42.89   587.82   983.14    30.08     0.02    0.36   0.36   1.89
2025-04-23T15:58:01.522516+08:00 Dky_app_00 linx[91398]: sdah              0.00     0.00    0.00    0.00     0.00     0.00    28.56     0.00    0.12   0.12   0.00
2025-04-23T15:58:01.522523+08:00 Dky_app_00 linx[91398]: sdae              0.00     0.00    7.48   35.34   476.15  2281.16    64.39     0.01    0.92   0.01   0.06
2025-04-23T15:58:01.522531+08:00 Dky_app_00 linx[91398]: sdai              0.00     0.00    0.20    0.00     1.56     0.00     8.00     0.00    0.08   0.08   0.00
2025-04-23T15:58:01.522543+08:00 Dky_app_00 linx[91398]: sdaj              0.00     0.00    0.10    4.38     2.46  2868.42   641.34     0.00    0.51   1.57   0.70
2025-04-23T15:58:01.522554+08:00 Dky_app_00 linx[91398]: sdak              0.00     0.00    9.10   71.71   596.67  4602.81    64.34     0.01    0.08   0.23   1.88
2025-04-23T15:58:01.522564+08:00 Dky_app_00 linx[91398]: sdal              0.00     0.00    7.47   35.35   475.39  2281.93    64.39     0.01    0.92   0.02   0.06
2025-04-23T15:58:01.522574+08:00 Dky_app_00 linx[91398]: sdam              0.00     0.00    5.51    5.92   350.13   389.49    64.69     0.02    1.78   1.57   1.79
2025-04-23T15:58:01.522582+08:00 Dky_app_00 linx[91398]: sdan              0.00     0.00    9.17   43.06   574.90  1006.76    30.28     0.02    0.36   0.36   1.86
2025-04-23T15:58:01.522591+08:00 Dky_app_00 linx[91398]: sdao              0.00     0.00    0.00    0.00     0.00     0.00    28.57     0.00    0.13   0.13   0.00
2025-04-23T15:58:01.522597+08:00 Dky_app_00 linx[91398]: sdap              0.00     0.00    0.20    0.00     1.56     0.00     8.00     0.00    0.08   0.08   0.00
2025-04-23T15:58:01.522609+08:00 Dky_app_00 linx[91398]: sdaq              0.00     0.00    0.10    4.38     2.46  2847.01   636.56     0.00    0.51   1.57   0.70
2025-04-23T15:58:01.522623+08:00 Dky_app_00 linx[91398]: sdar              0.00     0.00    9.11   71.70   597.32  4602.18    64.34     0.02    0.19   0.30   2.39
2025-04-23T15:58:01.522633+08:00 Dky_app_00 linx[91398]: sdas              0.00     0.00    7.47   35.36   475.26  2282.05    64.39     0.00    0.85   0.72   3.07
2025-04-23T15:58:01.522638+08:00 Dky_app_00 linx[91398]: sdat              0.00     0.00    5.52    5.92   350.25   389.37    64.69     0.02    1.96   1.70   1.94
2025-04-23T15:58:01.522647+08:00 Dky_app_00 linx[91398]: sdau              0.00     0.00    9.22   43.01   577.54  1008.67    30.37     0.02    0.31   0.30   1.59
2025-04-23T15:58:01.522658+08:00 Dky_app_00 linx[91398]: sdav              0.00    11.20    0.30    0.11    75.39    90.50   406.11     0.01   12.52   0.70   0.03
2025-04-23T15:58:01.522670+08:00 Dky_app_00 linx[91398]: sdaw              0.00     0.00    0.20    0.00     1.56     0.00     8.00     0.00    0.08   0.08   0.00
2025-04-23T15:58:01.522683+08:00 Dky_app_00 linx[91398]: sday              0.00     0.00    9.08   71.72   595.63  4603.86    64.34     0.01    0.17   0.29   2.31
2025-04-23T15:58:01.522689+08:00 Dky_app_00 linx[91398]: sdaz              0.00     0.00    7.48   35.35   475.90  2281.41    64.39     0.00    0.83   0.70   2.99
2025-04-23T15:58:01.522698+08:00 Dky_app_00 linx[91398]: sdba              0.00     0.00    5.51    5.92   349.90   389.72    64.69     0.02    1.90   1.65   1.89
2025-04-23T15:58:01.522710+08:00 Dky_app_00 linx[91398]: sdbb              0.00     0.00    9.34   42.89   586.93   987.32    30.14     0.01    0.28   0.28   1.45
2025-04-23T15:58:01.522725+08:00 Dky_app_00 linx[91398]: sdbc              0.00     0.00    0.00    0.00     0.00     0.00    28.53     0.00    0.21   0.21   0.00
2025-04-23T15:58:01.522734+08:00 Dky_app_00 linx[91398]: sdbd              0.00     0.00    0.20    0.00     1.56     0.00     8.00     0.00    0.07   0.07   0.00
2025-04-23T15:58:01.522743+08:00 Dky_app_00 linx[91398]: sdbe              0.00     0.00    0.10    4.38     2.46  2843.92   635.88     0.00    0.82   1.65   0.74
2025-04-23T15:58:01.522757+08:00 Dky_app_00 linx[91398]: sdax              0.00     0.00    0.10    4.38     2.46  2871.69   642.09     0.00    0.85   1.66   0.74
2025-04-23T15:58:01.522772+08:00 Dky_app_00 linx[91398]: dm-0              0.00     0.70   72.34  573.73  4766.13 36826.61    64.38     0.03    0.04   0.04   2.82
2025-04-23T15:58:01.522785+08:00 Dky_app_00 linx[91398]: dm-1              0.00     0.34   59.40  282.80  3802.21 18253.10    64.45     0.01    0.04   0.05   1.69
2025-04-23T15:58:01.522793+08:00 Dky_app_00 linx[91398]: dm-2              0.01     0.04   43.70   47.37  2797.04  3116.73    64.94     0.01    0.46   0.18   1.60
2025-04-23T15:58:01.522806+08:00 Dky_app_00 linx[91398]: dm-3              0.00     0.00   73.67  343.76  4645.41  7974.77    30.23     0.01    0.10   0.01   0.60
2025-04-23T15:58:01.522818+08:00 Dky_app_00 linx[91398]: dm-4              0.00     0.00    0.00    0.00     0.00     0.00    15.59     0.00   17.28  17.28   0.00
2025-04-23T15:58:01.522830+08:00 Dky_app_00 linx[91398]: dm-5              0.00  2821.67    0.37   35.04    16.45 22853.73   645.84     0.01    0.38   0.29   1.02
2025-04-23T15:58:01.522840+08:00 Dky_app_00 linx[91398]: dm-6              0.00     0.00   25.49    3.00   333.40     3.00    11.81     0.01    0.36   0.36   1.02
2025-04-23T15:58:01.522853+08:00 Dky_app_00 linx[91398]: dm-7              0.00     0.00   45.80    0.00  4287.04     0.03    93.60     0.02    0.41   0.41   1.89
2025-04-23T15:58:01.522866+08:00 Dky_app_00 linx[91398]: dm-8              0.00     0.00    2.38  340.77    24.96  7971.74    23.30     0.01    0.03   0.03   1.04
2025-04-23T15:58:01.522877+08:00 Dky_app_00 linx[91398]: dm-9              0.00     0.00    0.37 2856.72    16.45 22853.73     8.00     0.02    0.00   0.00   1.03
2025-04-23T15:58:01.522885+08:00 Dky_app_00 linx[91398]:
2025-04-23T15:58:01.523934+08:00 Dky_app_00 linx[91400]: netstat -an |grep -i 'established'|wc -l
2025-04-23T15:58:01.557431+08:00 Dky_app_00 linx[91404]: 982
2025-04-23T15:58:01.558594+08:00 Dky_app_00 linx[91410]: date
2025-04-23T15:58:01.559712+08:00 Dky_app_00 linx[91412]: Wed Apr 23 15:58:01 CST 2025
2025-04-23T15:58:01.560782+08:00 Dky_app_00 linx[91414]: cat   /proc/buddyinfo
2025-04-23T15:58:01.561889+08:00 Dky_app_00 linx[91416]: Node 0, zone      DMA      1      1      1      1      2      1      0      0      1      1      3
2025-04-23T15:58:01.561916+08:00 Dky_app_00 linx[91416]: Node 0, zone    DMA32    280     48     58     30     25     34      9     12      9     55     28
2025-04-23T15:58:01.561924+08:00 Dky_app_00 linx[91416]: Node 0, zone   Normal    393   4349   2576    984    698    591  15804  10667   4234      1      0
2025-04-23T15:58:01.561937+08:00 Dky_app_00 linx[91416]: Node 1, zone   Normal    858   4561   2509   1707   2308  19716  18785   9500   3148     20      2
2025-04-23T15:58:01.561942+08:00 Dky_app_00 linx[91416]: Node 2, zone   Normal   4882   4909   3126   1701   1347   1492   5318   5702   1886      1      0
2025-04-23T15:58:01.561946+08:00 Dky_app_00 linx[91416]: Node 3, zone   Normal   7683  14247  14684   8769  16306  55811  31033  11865   2995      0      0
2025-04-23T15:58:01.561949+08:00 Dky_app_00 linx[91416]: Node 4, zone   Normal  12764  17826  45081  75422  95407  63877  32912  10226   1551      0      0
2025-04-23T15:58:01.561953+08:00 Dky_app_00 linx[91416]: Node 5, zone   Normal    459    720   1952   1125   1673   6571  19008   9477   3385      0      0
2025-04-23T15:58:01.561957+08:00 Dky_app_00 linx[91416]: Node 6, zone   Normal  11014  17287  15520  12474   8139   3332   3971   2817   1513      0      0
2025-04-23T15:58:01.561982+08:00 Dky_app_00 linx[91416]: Node 7, zone   Normal   1116   4815  27764  37673  40142  29823  18668   9829   3458      0      0
2025-04-23T15:58:01.563095+08:00 Dky_app_00 linx[91418]: top-detail:
2025-04-23T16:00:01.324700+08:00 Dky_app_00 /usr/sbin/cron[94302]: (root) CMD (sh /usr/bin/msmp >> /var/log/msmp.log )
2025-04-23T16:00:01.324773+08:00 Dky_app_00 /usr/sbin/cron[94303]: (sysadmin) CMD (/usr/sbin/get_system_load_average_15_minutes.sh)
2025-04-23T16:00:01.324796+08:00 Dky_app_00 /usr/sbin/cron[94304]: (sysadmin) CMD (/usr/sbin/get_max_mem_process.sh)
2025-04-23T16:00:01.324975+08:00 Dky_app_00 /usr/sbin/cron[94305]: (sysadmin) CMD (/usr/sbin/update_time.sh)
2025-04-23T16:00:01.325015+08:00 Dky_app_00 /usr/sbin/cron[94306]: (root) CMD (/usr/local/rising/ravmonsys.sh >> /usr/local/rising/sys.log)
2025-04-23T16:00:01.325296+08:00 Dky_app_00 /usr/sbin/cron[94307]: (root) CMD (/usr/local/rising/linuxRav/bin/ravdaemon > /dev/null 2>&1)
2025-04-23T16:00:01.325388+08:00 Dky_app_00 /usr/sbin/cron[94308]: (root) CMD (/home/dmdba/drop_cached.sh)
2025-04-23T16:00:01.325525+08:00 Dky_app_00 /usr/sbin/cron[94310]: (dmdba) CMD (sh /home/dmdba/dm/db_sessmon.sh)
2025-04-23T16:00:01.325538+08:00 Dky_app_00 /usr/sbin/cron[94309]: (dmdba) CMD (sh net_colsewait_mon.sh)
2025-04-23T16:00:01.327877+08:00 Dky_app_00 linx[94317]: uptime
2025-04-23T16:00:01.417015+08:00 Dky_app_00 linx[94333]:  16:00:01 up 1551 days,  3:42,  8 users,  load average: 103.72, 99.87, 91.06
2025-04-23T16:00:01.418395+08:00 Dky_app_00 linx[94352]: free -m
2025-04-23T16:00:01.424922+08:00 Dky_app_00 linx[94356]:              total       used       free     shared    buffers     cached
2025-04-23T16:00:01.424964+08:00 Dky_app_00 linx[94356]: Mem:        516904     384517     132386          0        111      70574
2025-04-23T16:00:01.425015+08:00 Dky_app_00 linx[94356]: -/+ buffers/cache:     313832     203072
2025-04-23T16:00:01.425032+08:00 Dky_app_00 linx[94356]: Swap:        61034          0      61034
2025-04-23T16:00:01.426317+08:00 Dky_app_00 linx[94368]: df -h
2025-04-23T16:00:01.428024+08:00 Dky_app_00 linx[94370]: Filesystem            Size  Used Avail Use% Mounted on
2025-04-23T16:00:01.428076+08:00 Dky_app_00 linx[94370]: /dev/sda2             185G   75G  101G  43% /
2025-04-23T16:00:01.428142+08:00 Dky_app_00 linx[94370]: /dev/sda3             585G  197G  359G  36% /home
2025-04-23T16:00:01.428202+08:00 Dky_app_00 linx[94370]: /dev/sdav             3.0T  1.3T  1.6T  45% /dbbak
2025-04-23T16:00:01.428259+08:00 Dky_app_00 linx[94370]: /dev/mapper/dmarch_22-arch
2025-04-23T16:00:01.428304+08:00 Dky_app_00 linx[94370]:                       886G  680G  162G  81% /dbarch
2025-04-23T16:00:01.428370+08:00 Dky_app_00 linx[94370]: tmpfs                  20M   48K   20M   1% /tmp/smp
2025-04-23T16:00:01.428427+08:00 Dky_app_00 linx[94370]: 192.168.9.23:/dbarch/arch_rac1
2025-04-23T16:00:01.428496+08:00 Dky_app_00 linx[94370]:                       788G  681G   68G  91% /dbarch/arch_dsc1_kafka
2025-04-23T16:00:01.429759+08:00 Dky_app_00 linx[94372]: df -ih
2025-04-23T16:00:01.431249+08:00 Dky_app_00 linx[94374]: Filesystem            Inodes   IUsed   IFree IUse% Mounted on
2025-04-23T16:00:01.431310+08:00 Dky_app_00 linx[94374]: /dev/sda2                12M    2.1M    9.7M   18% /
2025-04-23T16:00:01.431370+08:00 Dky_app_00 linx[94374]: /dev/sda3                37M     28K     37M    1% /home
2025-04-23T16:00:01.431433+08:00 Dky_app_00 linx[94374]: /dev/sdav               192M     11K    192M    1% /dbbak
2025-04-23T16:00:01.431498+08:00 Dky_app_00 linx[94374]: /dev/mapper/dmarch_22-arch
2025-04-23T16:00:01.431567+08:00 Dky_app_00 linx[94374]:                          57M     463     57M    1% /dbarch
2025-04-23T16:00:01.431638+08:00 Dky_app_00 linx[94374]: tmpfs                    64M      13     64M    1% /tmp/smp
2025-04-23T16:00:01.431704+08:00 Dky_app_00 linx[94374]: 192.168.9.23:/dbarch/arch_rac1
2025-04-23T16:00:01.431777+08:00 Dky_app_00 linx[94374]:                          50M     353     50M    1% /dbarch/arch_dsc1_kafka
2025-04-23T16:00:01.433110+08:00 Dky_app_00 linx[94376]: iostat -x
2025-04-23T16:00:01.440739+08:00 Dky_app_00 linx[94378]: Linux 2.6.32-Rocky4.2-x86_64 (Dky_app_00) #01104/23/25 #011_x86_64_
2025-04-23T16:00:01.440753+08:00 Dky_app_00 linx[94378]:
2025-04-23T16:00:01.444338+08:00 Dky_app_00 linx[94378]: avg-cpu:  %user   %nice %system %iowait  %steal   %idle
2025-04-23T16:00:01.444355+08:00 Dky_app_00 linx[94378]:            3.47    0.00    1.30    0.67    0.00   94.61
2025-04-23T16:00:01.444377+08:00 Dky_app_00 linx[94378]:
2025-04-23T16:00:01.444398+08:00 Dky_app_00 linx[94378]: Device:         rrqm/s   wrqm/s     r/s     w/s   rsec/s   wsec/s avgrq-sz avgqu-sz   await  svctm  %util
2025-04-23T16:00:01.444424+08:00 Dky_app_00 linx[94378]: sda               0.02   223.59    0.15   13.30    17.75  1895.14   142.21     0.01    0.68   0.13   0.18
2025-04-23T16:00:01.444443+08:00 Dky_app_00 linx[94378]: sda1              0.00     0.00    0.00    0.00     0.00     0.00    40.85     0.00    2.01   2.01   0.00
2025-04-23T16:00:01.444477+08:00 Dky_app_00 linx[94378]: sda2              0.02    18.33    0.06    1.67     8.49   160.02    97.25     0.00    0.54   0.35   0.06
2025-04-23T16:00:01.444510+08:00 Dky_app_00 linx[94378]: sda3              0.00   205.26    0.08   11.63     9.25  1735.12   148.86     0.01    0.70   0.11   0.13
2025-04-23T16:00:01.444536+08:00 Dky_app_00 linx[94378]: sdb               0.00     0.00    9.08   71.73   595.35  4604.14    64.34     0.01    0.18   0.29   2.33
2025-04-23T16:00:01.444552+08:00 Dky_app_00 linx[94378]: sdc               0.00     0.00    7.48   35.34   476.05  2281.25    64.39     0.00    0.83   0.70   3.00
2025-04-23T16:00:01.444572+08:00 Dky_app_00 linx[94378]: sdd               0.00     0.00    5.51    5.92   349.87   389.75    64.69     0.02    1.89   1.65   1.89
2025-04-23T16:00:01.444587+08:00 Dky_app_00 linx[94378]: sde               0.00     0.00    9.33   42.90   586.69   984.37    30.08     0.02    0.29   0.29   1.50
2025-04-23T16:00:01.444600+08:00 Dky_app_00 linx[94378]: sdf               0.00     0.00    0.00    0.00     0.00     0.00    28.80     0.00    8.78   8.77   0.00
2025-04-23T16:00:01.444646+08:00 Dky_app_00 linx[94378]: sdg               0.00     0.00    0.20    0.00     1.56     0.00     8.00     0.00    0.10   0.10   0.00
2025-04-23T16:00:01.444665+08:00 Dky_app_00 linx[94378]: sdh               0.00     0.00    0.10    4.38     2.46  2869.89   641.69     0.00    0.85   1.66   0.74
2025-04-23T16:00:01.444685+08:00 Dky_app_00 linx[94378]: sdi               0.00     0.00    9.09   71.71   596.32  4603.16    64.34     0.01    0.08   0.24   1.91
2025-04-23T16:00:01.444713+08:00 Dky_app_00 linx[94378]: sdj               0.00     0.00    7.47   35.35   475.64  2281.68    64.39     0.01    0.93   0.02   0.08
2025-04-23T16:00:01.444721+08:00 Dky_app_00 linx[94378]: sdk               0.00     0.00    5.51    5.92   350.03   389.59    64.69     0.02    1.78   1.58   1.80
2025-04-23T16:00:01.444763+08:00 Dky_app_00 linx[94378]: sdl               0.00     0.00    9.10   43.13   569.60  1000.53    30.06     0.02    0.37   0.37   1.93
2025-04-23T16:00:01.444785+08:00 Dky_app_00 linx[94378]: sdm               0.00     0.00    0.00    0.00     0.00     0.00    28.51     0.00    0.20   0.20   0.00
2025-04-23T16:00:01.444812+08:00 Dky_app_00 linx[94378]: sdn               0.00     0.00    0.20    0.00     1.56     0.00     8.00     0.00    0.10   0.10   0.00
2025-04-23T16:00:01.444825+08:00 Dky_app_00 linx[94378]: sdo               0.00     0.00    0.10    4.38     2.46  2855.85   638.54     0.00    0.52   1.57   0.70
2025-04-23T16:00:01.444845+08:00 Dky_app_00 linx[94378]: sdq               0.00     0.00    7.47   35.36   475.32  2281.99    64.39     0.01    0.92   0.02   0.07
2025-04-23T16:00:01.444871+08:00 Dky_app_00 linx[94378]: sdr               0.00     0.00    5.52    5.92   350.21   389.41    64.69     0.02    1.78   1.57   1.80
2025-04-23T16:00:01.444880+08:00 Dky_app_00 linx[94378]: sds               0.00     0.00    9.21   43.02   577.25  1007.96    30.35     0.02    0.36   0.36   1.90
2025-04-23T16:00:01.444917+08:00 Dky_app_00 linx[94378]: sdt               0.00     0.00    0.00    0.00     0.00     0.00    28.50     0.00    0.16   0.16   0.00
2025-04-23T16:00:01.444941+08:00 Dky_app_00 linx[94378]: sdu               0.00     0.00    0.20    0.00     1.56     0.00     8.00     0.00    0.09   0.09   0.00
2025-04-23T16:00:01.444957+08:00 Dky_app_00 linx[94378]: sdv               0.00     0.00    0.10    4.38     2.46  2844.55   636.01     0.00    0.52   1.57   0.70
2025-04-23T16:00:01.444992+08:00 Dky_app_00 linx[94378]: sdw               0.00     0.00    9.09   71.72   595.90  4603.59    64.34     0.01    0.18   0.29   2.34
2025-04-23T16:00:01.445025+08:00 Dky_app_00 linx[94378]: sdx               0.00     0.00    7.47   35.35   475.67  2281.63    64.39     0.00    0.83   0.71   3.02
2025-04-23T16:00:01.445038+08:00 Dky_app_00 linx[94378]: sdy               0.00     0.00    5.51    5.92   349.99   389.63    64.69     0.02    1.92   1.67   1.91
2025-04-23T16:00:01.445070+08:00 Dky_app_00 linx[94378]: sdz               0.00     0.00    9.36   42.87   587.87   996.02    30.33     0.02    0.29   0.29   1.50
2025-04-23T16:00:01.445083+08:00 Dky_app_00 linx[94378]: sdab              0.00     0.00    0.20    0.00     1.56     0.00     8.00     0.00    0.09   0.09   0.00
2025-04-23T16:00:01.445106+08:00 Dky_app_00 linx[94378]: sdaa              0.00     0.00    0.00    0.00     0.00     0.00    28.48     0.00    0.22   0.22   0.00
2025-04-23T16:00:01.445141+08:00 Dky_app_00 linx[94378]: sdac              0.00     0.00    0.10    4.38     2.46  2852.39   637.77     0.00    0.84   1.66   0.74
2025-04-23T16:00:01.445164+08:00 Dky_app_00 linx[94378]: sdad              0.00     0.00    9.08   71.73   595.14  4604.34    64.34     0.01    0.08   0.23   1.89
2025-04-23T16:00:01.445178+08:00 Dky_app_00 linx[94378]: sdaf              0.00     0.00    5.51    5.92   349.85   389.77    64.69     0.02    1.79   1.58   1.80
2025-04-23T16:00:01.445203+08:00 Dky_app_00 linx[94378]: sdag              0.00     0.00    9.34   42.89   587.82   983.14    30.08     0.02    0.36   0.36   1.89
2025-04-23T16:00:01.445218+08:00 Dky_app_00 linx[94378]: sdah              0.00     0.00    0.00    0.00     0.00     0.00    28.56     0.00    0.12   0.12   0.00
2025-04-23T16:00:01.445231+08:00 Dky_app_00 linx[94378]: sdae              0.00     0.00    7.48   35.34   476.15  2281.16    64.39     0.01    0.92   0.01   0.06
2025-04-23T16:00:01.445250+08:00 Dky_app_00 linx[94378]: sdai              0.00     0.00    0.20    0.00     1.56     0.00     8.00     0.00    0.08   0.08   0.00
2025-04-23T16:00:01.445258+08:00 Dky_app_00 linx[94378]: sdaj              0.00     0.00    0.10    4.38     2.46  2868.41   641.34     0.00    0.51   1.57   0.70
2025-04-23T16:00:01.445277+08:00 Dky_app_00 linx[94378]: sdak              0.00     0.00    9.10   71.71   596.67  4602.81    64.34     0.01    0.08   0.23   1.88
2025-04-23T16:00:01.445307+08:00 Dky_app_00 linx[94378]: sdal              0.00     0.00    7.47   35.35   475.39  2281.92    64.39     0.01    0.92   0.02   0.06
2025-04-23T16:00:01.445331+08:00 Dky_app_00 linx[94378]: sdam              0.00     0.00    5.51    5.92   350.13   389.49    64.69     0.02    1.78   1.57   1.79
2025-04-23T16:00:01.445348+08:00 Dky_app_00 linx[94378]: sdan              0.00     0.00    9.17   43.06   574.90  1006.76    30.28     0.02    0.36   0.36   1.86
2025-04-23T16:00:01.445376+08:00 Dky_app_00 linx[94378]: sdao              0.00     0.00    0.00    0.00     0.00     0.00    28.57     0.00    0.13   0.13   0.00
2025-04-23T16:00:01.445383+08:00 Dky_app_00 linx[94378]: sdap              0.00     0.00    0.20    0.00     1.56     0.00     8.00     0.00    0.08   0.08   0.00
2025-04-23T16:00:01.445421+08:00 Dky_app_00 linx[94378]: sdaq              0.00     0.00    0.10    4.38     2.46  2847.01   636.56     0.00    0.51   1.57   0.70
2025-04-23T16:00:01.445429+08:00 Dky_app_00 linx[94378]: sdar              0.00     0.00    9.11   71.70   597.32  4602.17    64.34     0.02    0.19   0.30   2.39
2025-04-23T16:00:01.445449+08:00 Dky_app_00 linx[94378]: sdas              0.00     0.00    7.47   35.36   475.26  2282.05    64.39     0.00    0.85   0.72   3.07
2025-04-23T16:00:01.445485+08:00 Dky_app_00 linx[94378]: sdat              0.00     0.00    5.52    5.92   350.25   389.37    64.69     0.02    1.96   1.70   1.94
2025-04-23T16:00:01.445492+08:00 Dky_app_00 linx[94378]: sdau              0.00     0.00    9.22   43.01   577.54  1008.67    30.37     0.02    0.31   0.30   1.59
2025-04-23T16:00:01.445523+08:00 Dky_app_00 linx[94378]: sdav              0.00    11.20    0.30    0.11    75.39    90.50   406.11     0.01   12.52   0.70   0.03
2025-04-23T16:00:01.445541+08:00 Dky_app_00 linx[94378]: sdaw              0.00     0.00    0.20    0.00     1.56     0.00     8.00     0.00    0.08   0.08   0.00
2025-04-23T16:00:01.445559+08:00 Dky_app_00 linx[94378]: sday              0.00     0.00    9.08   71.72   595.63  4603.85    64.34     0.01    0.17   0.29   2.31
2025-04-23T16:00:01.445593+08:00 Dky_app_00 linx[94378]: sdaz              0.00     0.00    7.48   35.35   475.90  2281.40    64.39     0.00    0.83   0.70   2.99
2025-04-23T16:00:01.445616+08:00 Dky_app_00 linx[94378]: sdba              0.00     0.00    5.51    5.92   349.90   389.72    64.69     0.02    1.90   1.65   1.89
2025-04-23T16:00:01.445654+08:00 Dky_app_00 linx[94378]: sdbb              0.00     0.00    9.34   42.89   586.93   987.32    30.14     0.01    0.28   0.28   1.45
2025-04-23T16:00:01.445665+08:00 Dky_app_00 linx[94378]: sdbc              0.00     0.00    0.00    0.00     0.00     0.00    28.53     0.00    0.21   0.21   0.00
2025-04-23T16:00:01.445694+08:00 Dky_app_00 linx[94378]: sdbd              0.00     0.00    0.20    0.00     1.56     0.00     8.00     0.00    0.07   0.07   0.00
2025-04-23T16:00:01.445734+08:00 Dky_app_00 linx[94378]: sdbe              0.00     0.00    0.10    4.38     2.46  2843.92   635.88     0.00    0.82   1.65   0.74
2025-04-23T16:00:01.445748+08:00 Dky_app_00 linx[94378]: sdax              0.00     0.00    0.10    4.38     2.46  2871.68   642.09     0.00    0.85   1.66   0.74
2025-04-23T16:00:01.445757+08:00 Dky_app_00 linx[94378]: dm-0              0.00     0.70   72.34  573.73  4766.13 36826.58    64.38     0.03    0.04   0.04   2.82
2025-04-23T16:00:01.445797+08:00 Dky_app_00 linx[94378]: dm-1              0.00     0.34   59.40  282.80  3802.20 18253.09    64.45     0.01    0.04   0.05   1.69
2025-04-23T16:00:01.445812+08:00 Dky_app_00 linx[94378]: dm-2              0.01     0.04   43.70   47.37  2797.03  3116.73    64.94     0.01    0.46   0.18   1.60
2025-04-23T16:00:01.445832+08:00 Dky_app_00 linx[94378]: dm-3              0.00     0.00   73.67  343.76  4645.41  7974.76    30.23     0.01    0.10   0.01   0.60
2025-04-23T16:00:01.445857+08:00 Dky_app_00 linx[94378]: dm-4              0.00     0.00    0.00    0.00     0.00     0.00    15.59     0.00   17.28  17.28   0.00
2025-04-23T16:00:01.445889+08:00 Dky_app_00 linx[94378]: dm-5              0.00  2821.67    0.37   35.04    16.45 22853.71   645.84     0.01    0.38   0.29   1.02
2025-04-23T16:00:01.445906+08:00 Dky_app_00 linx[94378]: dm-6              0.00     0.00   25.49    3.00   333.40     3.00    11.81     0.01    0.36   0.36   1.02
2025-04-23T16:00:01.445920+08:00 Dky_app_00 linx[94378]: dm-7              0.00     0.00   45.80    0.00  4287.04     0.03    93.60     0.02    0.41   0.41   1.89
2025-04-23T16:00:01.445955+08:00 Dky_app_00 linx[94378]: dm-8              0.00     0.00    2.38  340.77    24.96  7971.74    23.30     0.01    0.03   0.03   1.04
2025-04-23T16:00:01.445970+08:00 Dky_app_00 linx[94378]: dm-9              0.00     0.00    0.37 2856.71    16.45 22853.71     8.00     0.02    0.00   0.00   1.03
2025-04-23T16:00:01.445976+08:00 Dky_app_00 linx[94378]:
2025-04-23T16:00:01.447183+08:00 Dky_app_00 linx[94380]: netstat -an |grep -i 'established'|wc -l
2025-04-23T16:00:01.480747+08:00 Dky_app_00 linx[94384]: 931
2025-04-23T16:00:01.481854+08:00 Dky_app_00 linx[94394]: date
