336127    2019-04-10 15:58:24    0x100F02440006    Event    Informational    --    None    The link between initiator (type FC, identifier 0x21000024ff15ace5) of a host and the host port (Engine 0, expansion module A, port number H0) is linked up, time: 15:58:24, host: ID 4.
N/A.

336126    2019-04-10 15:58:23    0x100F02440006    Event    Informational    --    None    The link between initiator (type FC, identifier 0x21000024ff1d813c) of a host and the host port (Engine 0, expansion module A, port number H0) is linked up, time: 15:58:23, host: ID 1.
N/A.

336125    2019-04-10 15:58:23    0x100F02440006    Event    Informational    --    None    The link between initiator (type FC, identifier 0x21000024ff1d8159) of a host and the host port (Engine 0, expansion module A, port number H0) is linked up, time: 15:58:23, host: ID 0.
N/A.

336123    2019-04-10 15:58:23    0x100F02440006    Event    Informational    --    None    The link between initiator (type FC, identifier 0x10000090fac06423) of a host and the host port (Engine 0, expansion module A, port number H0) is linked up, time: 15:58:23, host: ID 2.
N/A.

336119    2019-04-10 15:58:14    0xF0060004    Fault    Major    Recovered    2019-04-10 15:58:24    FC host port (controller enclosure CTE0, -- controller A, port number H0) is disconnected.
Step1 Check cable connections.
1.1 If the cable is removed, reinsert it. If the alarm persists=>[1.2]. 
1.2 If the cable is damaged, replace it. If the alarm persists=>[1.3]. 
1.3 If the port has an optical module=>[Step2]. If no=>[1.4]. 
1.4 If no exceptions are detected=>[Step3]. 
Step2 Check whether optical modules of the peer port are damaged. 
2.1 Remove and reinsert optical modules of the peer port and reinsert the cables. If the alarm persists=>[2.2]. 
2.2 Replace the optical module of the peer port one by one and reinsert the cables. If the alarm persists=>[Step3]. 
Step3 Check the port configuration. 
3.1 Check whether the topology mode of the port matches that of its peer port. If no, make adaptation adjustment. If the alarm persists=>[3.2]. 
3.2 Check whether the rate of the port matches that of its peer port. If no, make adaptation adjustment. If the alarm persists=>[Step4]. 
Step4 Check whether the port and interface module of the two ends connected by the cable are faulty. If yes, rectify the faults. If the alarm persists=>[Step5]. 
Step5 Contact technical support engineers.

336117    2019-04-10 15:58:12    0x100F02440006    Event    Informational    --    None    The link between initiator (type FC, identifier 0x10000090fac06423) of a host and the host port (Engine 0, expansion module B, port number H0) is linked up, time: 15:58:12, host: ID 2.
N/A.

336116    2019-04-10 15:58:12    0x100F02440006    Event    Informational    --    None    The link between initiator (type FC, identifier 0x10000090fac06423) of a host and the host port (Engine 0, expansion module A, port number H2) is linked up, time: 15:58:12, host: ID 2.
N/A.

336115    2019-04-10 15:58:12    0x100F02440006    Event    Informational    --    None    The link between initiator (type FC, identifier 0x10000090fac06423) of a host and the host port (Engine 0, expansion module B, port number H2) is linked up, time: 15:58:12, host: ID 2.
N/A.

336112    2019-04-10 15:58:07    0x100F02440004    Event    Informational    --    None    The link between initiator (type FC, identifier 0x10000090fac06423) of a host and the host port (Engine 0, expansion module A, port number H0) is disconnected, time: 15:58:7, host: ID 2.
N/A.

336107    2019-04-10 15:57:57    0x100F02440006    Event    Informational    --    None    The link between initiator (type FC, identifier 0x10000090fac0643c) of a host and the host port (Engine 0, expansion module B, port number H3) is linked up, time: 15:57:57, host: ID 2.
N/A.

336106    2019-04-10 15:57:57    0x100F02440006    Event    Informational    --    None    The link between initiator (type FC, identifier 0x10000090fac0643c) of a host and the host port (Engine 0, expansion module A, port number H3) is linked up, time: 15:57:57, host: ID 2.
N/A.

336104    2019-04-10 15:57:57    0x100F02440006    Event    Informational    --    None    The link between initiator (type FC, identifier 0x10000090fac0643c) of a host and the host port (Engine 0, expansion module A, port number H1) is linked up, time: 15:57:57, host: ID 2.
N/A.

336103    2019-04-10 15:57:57    0x100F02440006    Event    Informational    --    None    The link between initiator (type FC, identifier 0x10000090fac0643c) of a host and the host port (Engine 0, expansion module B, port number H1) is linked up, time: 15:57:57, host: ID 2.
N/A.

335394    2019-04-10 15:26:02    0x100F0015001C    Event    Major    --    None    UltraPath push information from host (ID 2) is not received at the preset time point or fails to be processed.
Step1 Install UltraPath of the latest version on the host. If the fault persists=>[Step2]. 
Step2 Collect related information and contact technical support engineers.

335322    2019-04-10 15:22:31    0x100F02440004    Event    Informational    --    None    The link between initiator (type FC, identifier 0x10000090fac0643c) of a host and the host port (Engine 0, expansion module B, port number H3) is disconnected, time: 15:22:31, host: ID 2.
N/A.

335321    2019-04-10 15:22:31    0x100F02440004    Event    Informational    --    None    The link between initiator (type FC, identifier 0x10000090fac0643c) of a host and the host port (Engine 0, expansion module A, port number H3) is disconnected, time: 15:22:31, host: ID 2.
N/A.

335320    2019-04-10 15:22:31    0x100F02440004    Event    Informational    --    None    The link between initiator (type FC, identifier 0x10000090fac0643c) of a host and the host port (Engine 0, expansion module A, port number H1) is disconnected, time: 15:22:31, host: ID 2.
N/A.

335319    2019-04-10 15:22:31    0x100F02440004    Event    Informational    --    None    The link between initiator (type FC, identifier 0x10000090fac0643c) of a host and the host port (Engine 0, expansion module B, port number H1) is disconnected, time: 15:22:31, host: ID 2.
N/A.

335315    2019-04-10 15:22:23    0x100F02440006    Event    Informational    --    None    The link between initiator (type FC, identifier 0x10000090fac06423) of a host and the host port (Engine 0, expansion module A, port number H0) is linked up, time: 15:22:23, host: ID 2.
N/A.

335311    2019-04-10 15:22:14    0xF0060004    Fault    Major    Recovered    2019-04-10 15:22:24    FC host port (controller enclosure CTE0, -- controller A, port number H0) is disconnected.
Step1 Check cable connections.
1.1 If the cable is removed, reinsert it. If the alarm persists=>[1.2]. 
1.2 If the cable is damaged, replace it. If the alarm persists=>[1.3]. 
1.3 If the port has an optical module=>[Step2]. If no=>[1.4]. 
1.4 If no exceptions are detected=>[Step3]. 
Step2 Check whether optical modules of the peer port are damaged. 
2.1 Remove and reinsert optical modules of the peer port and reinsert the cables. If the alarm persists=>[2.2]. 
2.2 Replace the optical module of the peer port one by one and reinsert the cables. If the alarm persists=>[Step3]. 
Step3 Check the port configuration. 
3.1 Check whether the topology mode of the port matches that of its peer port. If no, make adaptation adjustment. If the alarm persists=>[3.2]. 
3.2 Check whether the rate of the port matches that of its peer port. If no, make adaptation adjustment. If the alarm persists=>[Step4]. 
Step4 Check whether the port and interface module of the two ends connected by the cable are faulty. If yes, rectify the faults. If the alarm persists=>[Step5]. 
Step5 Contact technical support engineers.

335308    2019-04-10 15:22:10    0x100F02440004    Event    Informational    --    None    The link between initiator (type FC, identifier 0x10000090faac6c2f) of a host and the host port (Engine 0, expansion module A, port number H0) is disconnected, time: 15:22:10, host: ID 3.
N/A.

335307    2019-04-10 15:22:10    0x100F02440004    Event    Informational    --    None    The link between initiator (type FC, identifier 0x21000024ff1d813c) of a host and the host port (Engine 0, expansion module A, port number H0) is disconnected, time: 15:22:10, host: ID 1.
N/A.

335306    2019-04-10 15:22:10    0x100F02440004    Event    Informational    --    None    The link between initiator (type FC, identifier 0x21000024ff1d8159) of a host and the host port (Engine 0, expansion module A, port number H0) is disconnected, time: 15:22:10, host: ID 0.
N/A.

335305    2019-04-10 15:22:10    0x100F02440004    Event    Informational    --    None    The link between initiator (type FC, identifier 0x21000024ff15ace5) of a host and the host port (Engine 0, expansion module A, port number H0) is disconnected, time: 15:22:10, host: ID 4.
N/A.

335148    2019-04-10 15:15:24    0x100F0015001C    Event    Major    --    None    UltraPath push information from host (ID 2) is not received at the preset time point or fails to be processed.
Step1 Install UltraPath of the latest version on the host. If the fault persists=>[Step2]. 
Step2 Collect related information and contact technical support engineers.

335147    2019-04-10 15:15:24    0x100F0015001C    Event    Major    --    None    UltraPath push information from host (ID 2) is not received at the preset time point or fails to be processed.
Step1 Install UltraPath of the latest version on the host. If the fault persists=>[Step2]. 
Step2 Collect related information and contact technical support engineers.

335074    2019-04-10 15:12:00    0x100F0015001C    Event    Major    --    None    UltraPath push information from host (ID 2) is not received at the preset time point or fails to be processed.
Step1 Install UltraPath of the latest version on the host. If the fault persists=>[Step2]. 
Step2 Collect related information and contact technical support engineers.

335073    2019-04-10 15:12:00    0x100F0015001C    Event    Major    --    None    UltraPath push information from host (ID 2) is not received at the preset time point or fails to be processed.
Step1 Install UltraPath of the latest version on the host. If the fault persists=>[Step2]. 
Step2 Collect related information and contact technical support engineers.

334997    2019-04-10 15:08:33    0x100F02440004    Event    Informational    --    None    The link between initiator (type FC, identifier 0x10000090fac06423) of a host and the host port (Engine 0, expansion module A, port number H2) is disconnected, time: 15:8:33, host: ID 2.
N/A.

334996    2019-04-10 15:08:33    0x100F02440004    Event    Informational    --    None    The link between initiator (type FC, identifier 0x10000090fac06423) of a host and the host port (Engine 0, expansion module A, port number H0) is disconnected, time: 15:8:33, host: ID 2.
N/A.

334994    2019-04-10 15:08:33    0x100F02440004    Event    Informational    --    None    The link between initiator (type FC, identifier 0x10000090fac06423) of a host and the host port (Engine 0, expansion module B, port number H0) is disconnected, time: 15:8:33, host: ID 2.
N/A.

334993    2019-04-10 15:08:33    0x100F02440004    Event    Informational    --    None    The link between initiator (type FC, identifier 0x10000090fac06423) of a host and the host port (Engine 0, expansion module B, port number H2) is disconnected, time: 15:8:33, host: ID 2.
N/A.

334991    2019-04-10 15:08:30    0x100F0015001C    Event    Major    --    None    UltraPath push information from host (ID 2) is not received at the preset time point or fails to be processed.
Step1 Install UltraPath of the latest version on the host. If the fault persists=>[Step2]. 
Step2 Collect related information and contact technical support engineers.

334990    2019-04-10 15:08:30    0x100F0015001C    Event    Major    --    None    UltraPath push information from host (ID 2) is not received at the preset time point or fails to be processed.
Step1 Install UltraPath of the latest version on the host. If the fault persists=>[Step2]. 
Step2 Collect related information and contact technical support engineers.

334989    2019-04-10 15:08:29    0x100F02440006    Event    Informational    --    None    The link between initiator (type FC, identifier 0x10000090fac0643c) of a host and the host port (Engine 0, expansion module A, port number H3) is linked up, time: 15:8:29, host: ID 2.
N/A.

334988    2019-04-10 15:08:29    0x100F02440006    Event    Informational    --    None    The link between initiator (type FC, identifier 0x10000090fac0643c) of a host and the host port (Engine 0, expansion module B, port number H1) is linked up, time: 15:8:29, host: ID 2.
N/A.

334987    2019-04-10 15:08:29    0x100F02440006    Event    Informational    --    None    The link between initiator (type FC, identifier 0x10000090fac0643c) of a host and the host port (Engine 0, expansion module A, port number H1) is linked up, time: 15:8:29, host: ID 2.
N/A.

334986    2019-04-10 15:08:29    0x100F02440006    Event    Informational    --    None    The link between initiator (type FC, identifier 0x10000090fac0643c) of a host and the host port (Engine 0, expansion module B, port number H3) is linked up, time: 15:8:29, host: ID 2.
N/A.

334915    2019-04-10 15:05:07    0x100F02440004    Event    Informational    --    None    The link between initiator (type FC, identifier 0x10000090fac0643c) of a host and the host port (Engine 0, expansion module A, port number H3) is disconnected, time: 15:5:7, host: ID 2.
N/A.

334914    2019-04-10 15:05:07    0x100F02440004    Event    Informational    --    None    The link between initiator (type FC, identifier 0x10000090fac0643c) of a host and the host port (Engine 0, expansion module B, port number H1) is disconnected, time: 15:5:7, host: ID 2.
N/A.

334913    2019-04-10 15:05:07    0x100F02440004    Event    Informational    --    None    The link between initiator (type FC, identifier 0x10000090fac0643c) of a host and the host port (Engine 0, expansion module B, port number H3) is disconnected, time: 15:5:7, host: ID 2.
N/A.

334912    2019-04-10 15:05:07    0x100F02440004    Event    Informational    --    None    The link between initiator (type FC, identifier 0x10000090fac0643c) of a host and the host port (Engine 0, expansion module A, port number H1) is disconnected, time: 15:5:7, host: ID 2.
N/A.

334908    2019-04-10 15:04:59    0x100F0015001C    Event    Major    --    None    UltraPath push information from host (ID 2) is not received at the preset time point or fails to be processed.
Step1 Install UltraPath of the latest version on the host. If the fault persists=>[Step2]. 
Step2 Collect related information and contact technical support engineers.

334907    2019-04-10 15:04:59    0x100F0015001C    Event    Major    --    None    UltraPath push information from host (ID 2) is not received at the preset time point or fails to be processed.
Step1 Install UltraPath of the latest version on the host. If the fault persists=>[Step2]. 
Step2 Collect related information and contact technical support engineers.

334906    2019-04-10 15:04:59    0x100F0015001C    Event    Major    --    None    UltraPath push information from host (ID 3) is not received at the preset time point or fails to be processed.
Step1 Install UltraPath of the latest version on the host. If the fault persists=>[Step2]. 
Step2 Collect related information and contact technical support engineers.

334905    2019-04-10 15:04:59    0x100F0015001C    Event    Major    --    None    UltraPath push information from host (ID 3) is not received at the preset time point or fails to be processed.
Step1 Install UltraPath of the latest version on the host. If the fault persists=>[Step2]. 
Step2 Collect related information and contact technical support engineers.

334904    2019-04-10 15:04:58    0x100F02440006    Event    Informational    --    None    The link between initiator (type FC, identifier 0x10000090fac06423) of a host and the host port (Engine 0, expansion module A, port number H0) is linked up, time: 15:4:58, host: ID 2.
N/A.

334903    2019-04-10 15:04:58    0x100F02440006    Event    Informational    --    None    The link between initiator (type FC, identifier 0x10000090fac06423) of a host and the host port (Engine 0, expansion module B, port number H0) is linked up, time: 15:4:58, host: ID 2.
N/A.

334902    2019-04-10 15:04:58    0x100F02440006    Event    Informational    --    None    The link between initiator (type FC, identifier 0x10000090fac06423) of a host and the host port (Engine 0, expansion module A, port number H2) is linked up, time: 15:4:58, host: ID 2.
N/A.

334901    2019-04-10 15:04:58    0x100F02440006    Event    Informational    --    None    The link between initiator (type FC, identifier 0x10000090fac06423) of a host and the host port (Engine 0, expansion module B, port number H2) is linked up, time: 15:4:58, host: ID 2.
N/A.

334899    2019-04-10 15:04:53    0x100F0015001C    Event    Major    --    None    UltraPath push information from host (ID 2) is not received at the preset time point or fails to be processed.
Step1 Install UltraPath of the latest version on the host. If the fault persists=>[Step2]. 
Step2 Collect related information and contact technical support engineers.

334898    2019-04-10 15:04:53    0x100F0015001C    Event    Major    --    None    UltraPath push information from host (ID 2) is not received at the preset time point or fails to be processed.
Step1 Install UltraPath of the latest version on the host. If the fault persists=>[Step2]. 
Step2 Collect related information and contact technical support engineers.

334897    2019-04-10 15:04:53    0x100F0015001C    Event    Major    --    None    UltraPath push information from host (ID 3) is not received at the preset time point or fails to be processed.
Step1 Install UltraPath of the latest version on the host. If the fault persists=>[Step2]. 
Step2 Collect related information and contact technical support engineers.

334896    2019-04-10 15:04:53    0x100F0015001C    Event    Major    --    None    UltraPath push information from host (ID 3) is not received at the preset time point or fails to be processed.
Step1 Install UltraPath of the latest version on the host. If the fault persists=>[Step2]. 
Step2 Collect related information and contact technical support engineers.

334894    2019-04-10 15:04:50    0x100F02440004    Event    Informational    --    None    The link between initiator (type FC, identifier 0x10000090fac06423) of a host and the host port (Engine 0, expansion module B, port number H0) is disconnected, time: 15:4:50, host: ID 2.
N/A.

334893    2019-04-10 15:04:50    0x100F02440004    Event    Informational    --    None    The link between initiator (type FC, identifier 0x10000090fac06423) of a host and the host port (Engine 0, expansion module A, port number H2) is disconnected, time: 15:4:50, host: ID 2.
N/A.

334892    2019-04-10 15:04:50    0x100F02440004    Event    Informational    --    None    The link between initiator (type FC, identifier 0x10000090fac06423) of a host and the host port (Engine 0, expansion module B, port number H2) is disconnected, time: 15:4:50, host: ID 2.
N/A.

334891    2019-04-10 15:04:50    0x100F02440004    Event    Informational    --    None    The link between initiator (type FC, identifier 0x10000090fac06423) of a host and the host port (Engine 0, expansion module A, port number H0) is disconnected, time: 15:4:50, host: ID 2.
N/A.

334784    2019-04-10 14:59:46    0x100F02440006    Event    Informational    --    None    The link between initiator (type FC, identifier 0x10000090faac6c2f) of a host and the host port (Engine 0, expansion module B, port number H2) is linked up, time: 14:59:46, host: ID 3.
N/A.

334783    2019-04-10 14:59:46    0x100F02440006    Event    Informational    --    None    The link between initiator (type FC, identifier 0x10000090faac6c2f) of a host and the host port (Engine 0, expansion module A, port number H0) is linked up, time: 14:59:46, host: ID 3.
N/A.

334782    2019-04-10 14:59:46    0x100F02440006    Event    Informational    --    None    The link between initiator (type FC, identifier 0x10000090faac6c2f) of a host and the host port (Engine 0, expansion module B, port number H0) is linked up, time: 14:59:46, host: ID 3.
N/A.

334781    2019-04-10 14:59:46    0x100F02440006    Event    Informational    --    None    The link between initiator (type FC, identifier 0x10000090faac6c2f) of a host and the host port (Engine 0, expansion module A, port number H2) is linked up, time: 14:59:46, host: ID 3.
N/A.

334778    2019-04-10 14:59:38    0x100F02440006    Event    Informational    --    None    The link between initiator (type FC, identifier 0x10000090fac0643c) of a host and the host port (Engine 0, expansion module A, port number H3) is linked up, time: 14:59:38, host: ID 2.
N/A.

334777    2019-04-10 14:59:38    0x100F02440006    Event    Informational    --    None    The link between initiator (type FC, identifier 0x10000090fac0643c) of a host and the host port (Engine 0, expansion module B, port number H1) is linked up, time: 14:59:38, host: ID 2.
N/A.

334776    2019-04-10 14:59:38    0x100F02440006    Event    Informational    --    None    The link between initiator (type FC, identifier 0x10000090fac0643c) of a host and the host port (Engine 0, expansion module A, port number H1) is linked up, time: 14:59:38, host: ID 2.
N/A.

334775    2019-04-10 14:59:38    0x100F02440006    Event    Informational    --    None    The link between initiator (type FC, identifier 0x10000090fac0643c) of a host and the host port (Engine 0, expansion module B, port number H3) is linked up, time: 14:59:38, host: ID 2.
N/A.

334655    2019-04-10 14:54:28    0x100F0015001C    Event    Major    --    None    UltraPath push information from host (ID 3) is not received at the preset time point or fails to be processed.
Step1 Install UltraPath of the latest version on the host. If the fault persists=>[Step2]. 
Step2 Collect related information and contact technical support engineers.

334654    2019-04-10 14:54:28    0x100F0015001C    Event    Major    --    None    UltraPath push information from host (ID 3) is not received at the preset time point or fails to be processed.
Step1 Install UltraPath of the latest version on the host. If the fault persists=>[Step2]. 
Step2 Collect related information and contact technical support engineers.

334652    2019-04-10 14:54:22    0x100F0015001C    Event    Major    --    None    UltraPath push information from host (ID 3) is not received at the preset time point or fails to be processed.
Step1 Install UltraPath of the latest version on the host. If the fault persists=>[Step2]. 
Step2 Collect related information and contact technical support engineers.

334651    2019-04-10 14:54:22    0x100F0015001C    Event    Major    --    None    UltraPath push information from host (ID 3) is not received at the preset time point or fails to be processed.
Step1 Install UltraPath of the latest version on the host. If the fault persists=>[Step2]. 
Step2 Collect related information and contact technical support engineers.

334578    2019-04-10 14:50:58    0x100F02440004    Event    Informational    --    None    The link between initiator (type FC, identifier 0x10000090fac0643c) of a host and the host port (Engine 0, expansion module A, port number H1) is disconnected, time: 14:50:58, host: ID 2.
N/A.

334577    2019-04-10 14:50:58    0x100F02440004    Event    Informational    --    None    The link between initiator (type FC, identifier 0x10000090fac0643c) of a host and the host port (Engine 0, expansion module B, port number H3) is disconnected, time: 14:50:58, host: ID 2.
N/A.

334576    2019-04-10 14:50:58    0x100F02440004    Event    Informational    --    None    The link between initiator (type FC, identifier 0x10000090fac0643c) of a host and the host port (Engine 0, expansion module A, port number H3) is disconnected, time: 14:50:58, host: ID 2.
N/A.

334575    2019-04-10 14:50:58    0x100F02440004    Event    Informational    --    None    The link between initiator (type FC, identifier 0x10000090fac0643c) of a host and the host port (Engine 0, expansion module B, port number H1) is disconnected, time: 14:50:58, host: ID 2.
N/A.

334507    2019-04-10 14:47:49    0x100F02440004    Event    Informational    --    None    The link between initiator (type FC, identifier 0x10000090faac6c2f) of a host and the host port (Engine 0, expansion module A, port number H0) is disconnected, time: 14:47:49, host: ID 3.
N/A.

334506    2019-04-10 14:47:49    0x100F02440004    Event    Informational    --    None    The link between initiator (type FC, identifier 0x10000090faac6c2f) of a host and the host port (Engine 0, expansion module B, port number H0) is disconnected, time: 14:47:49, host: ID 3.
N/A.

334505    2019-04-10 14:47:49    0x100F02440004    Event    Informational    --    None    The link between initiator (type FC, identifier 0x10000090faac6c2f) of a host and the host port (Engine 0, expansion module A, port number H2) is disconnected, time: 14:47:49, host: ID 3.
N/A.

334504    2019-04-10 14:47:49    0x100F02440004    Event    Informational    --    None    The link between initiator (type FC, identifier 0x10000090faac6c2f) of a host and the host port (Engine 0, expansion module B, port number H2) is disconnected, time: 14:47:49, host: ID 3.
N/A.

334501    2019-04-10 14:47:43    0x100F02440006    Event    Informational    --    None    The link between initiator (type FC, identifier 0x10000090faac6c46) of a host and the host port (Engine 0, expansion module A, port number H3) is linked up, time: 14:47:43, host: ID 3.
N/A.

334500    2019-04-10 14:47:43    0x100F02440006    Event    Informational    --    None    The link between initiator (type FC, identifier 0x10000090faac6c46) of a host and the host port (Engine 0, expansion module B, port number H3) is linked up, time: 14:47:43, host: ID 3.
N/A.

334499    2019-04-10 14:47:43    0x100F02440006    Event    Informational    --    None    The link between initiator (type FC, identifier 0x10000090faac6c46) of a host and the host port (Engine 0, expansion module A, port number H1) is linked up, time: 14:47:43, host: ID 3.
N/A.

334498    2019-04-10 14:47:43    0x100F02440006    Event    Informational    --    None    The link between initiator (type FC, identifier 0x10000090faac6c46) of a host and the host port (Engine 0, expansion module B, port number H1) is linked up, time: 14:47:43, host: ID 3.
N/A.

334451    2019-04-10 14:45:36    0x100F02440006    Event    Informational    --    None    The link between initiator (type FC, identifier 0x21000024ff1d813c) of a host and the host port (Engine 0, expansion module A, port number H2) is linked up, time: 14:45:36, host: ID 1.
N/A.

334450    2019-04-10 14:45:36    0x100F02440006    Event    Informational    --    None    The link between initiator (type FC, identifier 0x21000024ff1d813c) of a host and the host port (Engine 0, expansion module B, port number H2) is linked up, time: 14:45:36, host: ID 1.
N/A.

334449    2019-04-10 14:45:36    0x100F02440006    Event    Informational    --    None    The link between initiator (type FC, identifier 0x21000024ff1d813c) of a host and the host port (Engine 0, expansion module B, port number H0) is linked up, time: 14:45:36, host: ID 1.
N/A.

334448    2019-04-10 14:45:36    0x100F02440006    Event    Informational    --    None    The link between initiator (type FC, identifier 0x21000024ff1d813c) of a host and the host port (Engine 0, expansion module A, port number H0) is linked up, time: 14:45:36, host: ID 1.
N/A.

334445    2019-04-10 14:45:29    0x100F02440004    Event    Informational    --    None    The link between initiator (type FC, identifier 0x21000024ff1d813c) of a host and the host port (Engine 0, expansion module B, port number H0) is disconnected, time: 14:45:29, host: ID 1.
N/A.

334444    2019-04-10 14:45:29    0x100F02440004    Event    Informational    --    None    The link between initiator (type FC, identifier 0x21000024ff1d813c) of a host and the host port (Engine 0, expansion module A, port number H0) is disconnected, time: 14:45:29, host: ID 1.
N/A.

334443    2019-04-10 14:45:29    0x100F02440004    Event    Informational    --    None    The link between initiator (type FC, identifier 0x21000024ff1d813c) of a host and the host port (Engine 0, expansion module B, port number H2) is disconnected, time: 14:45:29, host: ID 1.
N/A.

334442    2019-04-10 14:45:29    0x100F02440004    Event    Informational    --    None    The link between initiator (type FC, identifier 0x21000024ff1d813c) of a host and the host port (Engine 0, expansion module A, port number H2) is disconnected, time: 14:45:29, host: ID 1.
N/A.

334392    2019-04-10 14:43:16    0x100F02440006    Event    Informational    --    None    The link between initiator (type FC, identifier 0x21000024ff1d8163) of a host and the host port (Engine 0, expansion module A, port number H3) is linked up, time: 14:43:16, host: ID 1.
N/A.

334391    2019-04-10 14:43:16    0x100F02440006    Event    Informational    --    None    The link between initiator (type FC, identifier 0x21000024ff1d8163) of a host and the host port (Engine 0, expansion module B, port number H1) is linked up, time: 14:43:16, host: ID 1.
N/A.

334390    2019-04-10 14:43:16    0x100F02440006    Event    Informational    --    None    The link between initiator (type FC, identifier 0x21000024ff1d8163) of a host and the host port (Engine 0, expansion module B, port number H3) is linked up, time: 14:43:16, host: ID 1.
N/A.

334389    2019-04-10 14:43:16    0x100F02440006    Event    Informational    --    None    The link between initiator (type FC, identifier 0x21000024ff1d8163) of a host and the host port (Engine 0, expansion module A, port number H1) is linked up, time: 14:43:16, host: ID 1.
N/A.

334384    2019-04-10 14:43:04    0x100F02440004    Event    Informational    --    None    The link between initiator (type FC, identifier 0x21000024ff1d8163) of a host and the host port (Engine 0, expansion module B, port number H1) is disconnected, time: 14:43:4, host: ID 1.
N/A.

334383    2019-04-10 14:43:04    0x100F02440004    Event    Informational    --    None    The link between initiator (type FC, identifier 0x21000024ff1d8163) of a host and the host port (Engine 0, expansion module B, port number H3) is disconnected, time: 14:43:4, host: ID 1.
N/A.

334382    2019-04-10 14:43:04    0x100F02440004    Event    Informational    --    None    The link between initiator (type FC, identifier 0x21000024ff1d8163) of a host and the host port (Engine 0, expansion module A, port number H1) is disconnected, time: 14:43:4, host: ID 1.
N/A.

334381    2019-04-10 14:43:04    0x100F02440004    Event    Informational    --    None    The link between initiator (type FC, identifier 0x21000024ff1d8163) of a host and the host port (Engine 0, expansion module A, port number H3) is disconnected, time: 14:43:4, host: ID 1.
N/A.

334318    2019-04-10 14:40:16    0x100F02440004    Event    Informational    --    None    The link between initiator (type FC, identifier 0x10000090faac6c46) of a host and the host port (Engine 0, expansion module A, port number H3) is disconnected, time: 14:40:16, host: ID 3.
N/A.

334317    2019-04-10 14:40:16    0x100F02440004    Event    Informational    --    None    The link between initiator (type FC, identifier 0x10000090faac6c46) of a host and the host port (Engine 0, expansion module B, port number H1) is disconnected, time: 14:40:16, host: ID 3.
N/A.

334316    2019-04-10 14:40:16    0x100F02440004    Event    Informational    --    None    The link between initiator (type FC, identifier 0x10000090faac6c46) of a host and the host port (Engine 0, expansion module A, port number H1) is disconnected, time: 14:40:16, host: ID 3.
N/A.

334315    2019-04-10 14:40:16    0x100F02440004    Event    Informational    --    None    The link between initiator (type FC, identifier 0x10000090faac6c46) of a host and the host port (Engine 0, expansion module B, port number H3) is disconnected, time: 14:40:16, host: ID 3.
N/A.

334090    2019-04-10 14:29:55    0x100F0015001C    Event    Major    --    None    UltraPath push information from host (ID 3) is not received at the preset time point or fails to be processed.
Step1 Install UltraPath of the latest version on the host. If the fault persists=>[Step2]. 
Step2 Collect related information and contact technical support engineers.

334089    2019-04-10 14:29:55    0x100F0015001C    Event    Major    --    None    UltraPath push information from host (ID 2) is not received at the preset time point or fails to be processed.
Step1 Install UltraPath of the latest version on the host. If the fault persists=>[Step2]. 
Step2 Collect related information and contact technical support engineers.

334088    2019-04-10 14:29:55    0x100F0015001C    Event    Major    --    None    UltraPath push information from host (ID 3) is not received at the preset time point or fails to be processed.
Step1 Install UltraPath of the latest version on the host. If the fault persists=>[Step2]. 
Step2 Collect related information and contact technical support engineers.

334087    2019-04-10 14:29:55    0x100F0015001C    Event    Major    --    None    UltraPath push information from host (ID 2) is not received at the preset time point or fails to be processed.
Step1 Install UltraPath of the latest version on the host. If the fault persists=>[Step2]. 
Step2 Collect related information and contact technical support engineers.

334086    2019-04-10 14:29:55    0x100F0015001C    Event    Major    --    None    UltraPath push information from host (ID 3) is not received at the preset time point or fails to be processed.
Step1 Install UltraPath of the latest version on the host. If the fault persists=>[Step2]. 
Step2 Collect related information and contact technical support engineers.

334085    2019-04-10 14:29:55    0x100F0015001C    Event    Major    --    None    UltraPath push information from host (ID 3) is not received at the preset time point or fails to be processed.
Step1 Install UltraPath of the latest version on the host. If the fault persists=>[Step2]. 
Step2 Collect related information and contact technical support engineers.

334082    2019-04-10 14:29:49    0x100F0015001C    Event    Major    --    None    UltraPath push information from host (ID 3) is not received at the preset time point or fails to be processed.
Step1 Install UltraPath of the latest version on the host. If the fault persists=>[Step2]. 
Step2 Collect related information and contact technical support engineers.

334081    2019-04-10 14:29:49    0x100F0015001C    Event    Major    --    None    UltraPath push information from host (ID 2) is not received at the preset time point or fails to be processed.
Step1 Install UltraPath of the latest version on the host. If the fault persists=>[Step2]. 
Step2 Collect related information and contact technical support engineers.

334080    2019-04-10 14:29:49    0x100F0015001C    Event    Major    --    None    UltraPath push information from host (ID 3) is not received at the preset time point or fails to be processed.
Step1 Install UltraPath of the latest version on the host. If the fault persists=>[Step2]. 
Step2 Collect related information and contact technical support engineers.

334079    2019-04-10 14:29:49    0x100F0015001C    Event    Major    --    None    UltraPath push information from host (ID 2) is not received at the preset time point or fails to be processed.
Step1 Install UltraPath of the latest version on the host. If the fault persists=>[Step2]. 
Step2 Collect related information and contact technical support engineers.

334078    2019-04-10 14:29:49    0x100F0015001C    Event    Major    --    None    UltraPath push information from host (ID 3) is not received at the preset time point or fails to be processed.
Step1 Install UltraPath of the latest version on the host. If the fault persists=>[Step2]. 
Step2 Collect related information and contact technical support engineers.

334077    2019-04-10 14:29:49    0x100F0015001C    Event    Major    --    None    UltraPath push information from host (ID 3) is not received at the preset time point or fails to be processed.
Step1 Install UltraPath of the latest version on the host. If the fault persists=>[Step2]. 
Step2 Collect related information and contact technical support engineers.

334004    2019-04-10 14:26:24    0x100F0015001C    Event    Major    --    None    UltraPath push information from host (ID 1) is not received at the preset time point or fails to be processed.
Step1 Install UltraPath of the latest version on the host. If the fault persists=>[Step2]. 
Step2 Collect related information and contact technical support engineers.

334003    2019-04-10 14:26:24    0x100F0015001C    Event    Major    --    None    UltraPath push information from host (ID 1) is not received at the preset time point or fails to be processed.
Step1 Install UltraPath of the latest version on the host. If the fault persists=>[Step2]. 
Step2 Collect related information and contact technical support engineers.

334002    2019-04-10 14:26:24    0x100F02440006    Event    Informational    --    None    The link between initiator (type FC, identifier 0x21000024ff1d81d0) of a host and the host port (Engine 0, expansion module A, port number H1) is linked up, time: 14:26:24, host: ID 0.
N/A.

334001    2019-04-10 14:26:24    0x100F02440006    Event    Informational    --    None    The link between initiator (type FC, identifier 0x21000024ff1d81d0) of a host and the host port (Engine 0, expansion module B, port number H1) is linked up, time: 14:26:24, host: ID 0.
N/A.

334000    2019-04-10 14:26:24    0x100F02440006    Event    Informational    --    None    The link between initiator (type FC, identifier 0x21000024ff1d81d0) of a host and the host port (Engine 0, expansion module A, port number H3) is linked up, time: 14:26:24, host: ID 0.
N/A.

333999    2019-04-10 14:26:24    0x100F02440006    Event    Informational    --    None    The link between initiator (type FC, identifier 0x21000024ff1d81d0) of a host and the host port (Engine 0, expansion module B, port number H3) is linked up, time: 14:26:24, host: ID 0.
N/A.

333996    2019-04-10 14:26:18    0x100F0015001C    Event    Major    --    None    UltraPath push information from host (ID 1) is not received at the preset time point or fails to be processed.
Step1 Install UltraPath of the latest version on the host. If the fault persists=>[Step2]. 
Step2 Collect related information and contact technical support engineers.

333995    2019-04-10 14:26:18    0x100F0015001C    Event    Major    --    None    UltraPath push information from host (ID 1) is not received at the preset time point or fails to be processed.
Step1 Install UltraPath of the latest version on the host. If the fault persists=>[Step2]. 
Step2 Collect related information and contact technical support engineers.

333990    2019-04-10 14:26:05    0x100F02440004    Event    Informational    --    None    The link between initiator (type FC, identifier 0x21000024ff1d81d0) of a host and the host port (Engine 0, expansion module A, port number H3) is disconnected, time: 14:26:5, host: ID 0.
N/A.

333989    2019-04-10 14:26:05    0x100F02440004    Event    Informational    --    None    The link between initiator (type FC, identifier 0x21000024ff1d81d0) of a host and the host port (Engine 0, expansion module B, port number H1) is disconnected, time: 14:26:5, host: ID 0.
N/A.

333988    2019-04-10 14:26:05    0x100F02440004    Event    Informational    --    None    The link between initiator (type FC, identifier 0x21000024ff1d81d0) of a host and the host port (Engine 0, expansion module B, port number H3) is disconnected, time: 14:26:5, host: ID 0.
N/A.

333987    2019-04-10 14:26:05    0x100F02440004    Event    Informational    --    None    The link between initiator (type FC, identifier 0x21000024ff1d81d0) of a host and the host port (Engine 0, expansion module A, port number H1) is disconnected, time: 14:26:5, host: ID 0.
N/A.

333957    2019-04-10 14:24:32    0x100F02440006    Event    Informational    --    None    The link between initiator (type FC, identifier 0x10000090faac6c46) of a host and the host port (Engine 0, expansion module A, port number H3) is linked up, time: 14:24:32, host: ID 3.
N/A.

333956    2019-04-10 14:24:32    0x100F02440006    Event    Informational    --    None    The link between initiator (type FC, identifier 0x10000090faac6c46) of a host and the host port (Engine 0, expansion module B, port number H3) is linked up, time: 14:24:32, host: ID 3.
N/A.

333955    2019-04-10 14:24:32    0x100F02440006    Event    Informational    --    None    The link between initiator (type FC, identifier 0x10000090faac6c46) of a host and the host port (Engine 0, expansion module A, port number H1) is linked up, time: 14:24:32, host: ID 3.
N/A.

333954    2019-04-10 14:24:32    0x100F02440006    Event    Informational    --    None    The link between initiator (type FC, identifier 0x10000090faac6c46) of a host and the host port (Engine 0, expansion module B, port number H1) is linked up, time: 14:24:32, host: ID 3.
N/A.

333948    2019-04-10 14:24:14    0x100F02440004    Event    Informational    --    None    The link between initiator (type FC, identifier 0x10000090faac6c46) of a host and the host port (Engine 0, expansion module B, port number H3) is disconnected, time: 14:24:14, host: ID 3.
N/A.

333947    2019-04-10 14:24:14    0x100F02440004    Event    Informational    --    None    The link between initiator (type FC, identifier 0x10000090faac6c46) of a host and the host port (Engine 0, expansion module A, port number H1) is disconnected, time: 14:24:14, host: ID 3.
N/A.

333946    2019-04-10 14:24:14    0x100F02440004    Event    Informational    --    None    The link between initiator (type FC, identifier 0x10000090faac6c46) of a host and the host port (Engine 0, expansion module B, port number H1) is disconnected, time: 14:24:14, host: ID 3.
N/A.

333945    2019-04-10 14:24:14    0x100F02440004    Event    Informational    --    None    The link between initiator (type FC, identifier 0x10000090faac6c46) of a host and the host port (Engine 0, expansion module A, port number H3) is disconnected, time: 14:24:14, host: ID 3.
N/A.

333941    2019-04-10 14:24:04    0x100F02440006    Event    Informational    --    None    The link between initiator (type FC, identifier 0x10000090faac6c2f) of a host and the host port (Engine 0, expansion module B, port number H0) is linked up, time: 14:24:4, host: ID 3.
N/A.

333940    2019-04-10 14:24:04    0x100F02440006    Event    Informational    --    None    The link between initiator (type FC, identifier 0x10000090faac6c2f) of a host and the host port (Engine 0, expansion module A, port number H2) is linked up, time: 14:24:4, host: ID 3.
N/A.

333939    2019-04-10 14:24:04    0x100F02440006    Event    Informational    --    None    The link between initiator (type FC, identifier 0x10000090faac6c2f) of a host and the host port (Engine 0, expansion module A, port number H0) is linked up, time: 14:24:4, host: ID 3.
N/A.

333938    2019-04-10 14:24:04    0x100F02440006    Event    Informational    --    None    The link between initiator (type FC, identifier 0x10000090faac6c2f) of a host and the host port (Engine 0, expansion module B, port number H2) is linked up, time: 14:24:4, host: ID 3.
N/A.

333928    2019-04-10 14:23:38    0x100F02440004    Event    Informational    --    None    The link between initiator (type FC, identifier 0x10000090faac6c2f) of a host and the host port (Engine 0, expansion module B, port number H0) is disconnected, time: 14:23:38, host: ID 3.
N/A.

333927    2019-04-10 14:23:38    0x100F02440004    Event    Informational    --    None    The link between initiator (type FC, identifier 0x10000090faac6c2f) of a host and the host port (Engine 0, expansion module B, port number H2) is disconnected, time: 14:23:38, host: ID 3.
N/A.

333926    2019-04-10 14:23:38    0x100F02440004    Event    Informational    --    None    The link between initiator (type FC, identifier 0x10000090faac6c2f) of a host and the host port (Engine 0, expansion module A, port number H2) is disconnected, time: 14:23:38, host: ID 3.
N/A.

333925    2019-04-10 14:23:38    0x100F02440004    Event    Informational    --    None    The link between initiator (type FC, identifier 0x10000090faac6c2f) of a host and the host port (Engine 0, expansion module A, port number H0) is disconnected, time: 14:23:38, host: ID 3.
N/A.

333914    2019-04-10 14:23:08    0x100F02440006    Event    Informational    --    None    The link between initiator (type FC, identifier 0x10000090fac0643c) of a host and the host port (Engine 0, expansion module A, port number H3) is linked up, time: 14:23:8, host: ID 2.
N/A.

333913    2019-04-10 14:23:08    0x100F02440006    Event    Informational    --    None    The link between initiator (type FC, identifier 0x10000090fac0643c) of a host and the host port (Engine 0, expansion module B, port number H3) is linked up, time: 14:23:8, host: ID 2.
N/A.

333912    2019-04-10 14:23:08    0x100F02440006    Event    Informational    --    None    The link between initiator (type FC, identifier 0x10000090fac0643c) of a host and the host port (Engine 0, expansion module A, port number H1) is linked up, time: 14:23:8, host: ID 2.
N/A.

333911    2019-04-10 14:23:08    0x100F02440006    Event    Informational    --    None    The link between initiator (type FC, identifier 0x10000090fac0643c) of a host and the host port (Engine 0, expansion module B, port number H1) is linked up, time: 14:23:8, host: ID 2.
N/A.

333906    2019-04-10 14:22:54    0x100F0015001C    Event    Major    --    None    UltraPath push information from host (ID 4) is not received at the preset time point or fails to be processed.
Step1 Install UltraPath of the latest version on the host. If the fault persists=>[Step2]. 
Step2 Collect related information and contact technical support engineers.

333905    2019-04-10 14:22:54    0x100F0015001C    Event    Major    --    None    UltraPath push information from host (ID 4) is not received at the preset time point or fails to be processed.
Step1 Install UltraPath of the latest version on the host. If the fault persists=>[Step2]. 
Step2 Collect related information and contact technical support engineers.

333904    2019-04-10 14:22:54    0x100F0015001C    Event    Major    --    None    UltraPath push information from host (ID 2) is not received at the preset time point or fails to be processed.
Step1 Install UltraPath of the latest version on the host. If the fault persists=>[Step2]. 
Step2 Collect related information and contact technical support engineers.

333903    2019-04-10 14:22:54    0x100F0015001C    Event    Major    --    None    UltraPath push information from host (ID 1) is not received at the preset time point or fails to be processed.
Step1 Install UltraPath of the latest version on the host. If the fault persists=>[Step2]. 
Step2 Collect related information and contact technical support engineers.

333902    2019-04-10 14:22:54    0x100F0015001C    Event    Major    --    None    UltraPath push information from host (ID 4) is not received at the preset time point or fails to be processed.
Step1 Install UltraPath of the latest version on the host. If the fault persists=>[Step2]. 
Step2 Collect related information and contact technical support engineers.

333901    2019-04-10 14:22:54    0x100F0015001C    Event    Major    --    None    UltraPath push information from host (ID 2) is not received at the preset time point or fails to be processed.
Step1 Install UltraPath of the latest version on the host. If the fault persists=>[Step2]. 
Step2 Collect related information and contact technical support engineers.

333900    2019-04-10 14:22:54    0x100F0015001C    Event    Major    --    None    UltraPath push information from host (ID 1) is not received at the preset time point or fails to be processed.
Step1 Install UltraPath of the latest version on the host. If the fault persists=>[Step2]. 
Step2 Collect related information and contact technical support engineers.

333899    2019-04-10 14:22:54    0x100F0015001C    Event    Major    --    None    UltraPath push information from host (ID 4) is not received at the preset time point or fails to be processed.
Step1 Install UltraPath of the latest version on the host. If the fault persists=>[Step2]. 
Step2 Collect related information and contact technical support engineers.

333895    2019-04-10 14:22:48    0x100F0015001C    Event    Major    --    None    UltraPath push information from host (ID 4) is not received at the preset time point or fails to be processed.
Step1 Install UltraPath of the latest version on the host. If the fault persists=>[Step2]. 
Step2 Collect related information and contact technical support engineers.

333894    2019-04-10 14:22:48    0x100F0015001C    Event    Major    --    None    UltraPath push information from host (ID 4) is not received at the preset time point or fails to be processed.
Step1 Install UltraPath of the latest version on the host. If the fault persists=>[Step2]. 
Step2 Collect related information and contact technical support engineers.

333893    2019-04-10 14:22:48    0x100F0015001C    Event    Major    --    None    UltraPath push information from host (ID 2) is not received at the preset time point or fails to be processed.
Step1 Install UltraPath of the latest version on the host. If the fault persists=>[Step2]. 
Step2 Collect related information and contact technical support engineers.

333892    2019-04-10 14:22:48    0x100F0015001C    Event    Major    --    None    UltraPath push information from host (ID 1) is not received at the preset time point or fails to be processed.
Step1 Install UltraPath of the latest version on the host. If the fault persists=>[Step2]. 
Step2 Collect related information and contact technical support engineers.

333891    2019-04-10 14:22:48    0x100F0015001C    Event    Major    --    None    UltraPath push information from host (ID 4) is not received at the preset time point or fails to be processed.
Step1 Install UltraPath of the latest version on the host. If the fault persists=>[Step2]. 
Step2 Collect related information and contact technical support engineers.

333890    2019-04-10 14:22:48    0x100F0015001C    Event    Major    --    None    UltraPath push information from host (ID 2) is not received at the preset time point or fails to be processed.
Step1 Install UltraPath of the latest version on the host. If the fault persists=>[Step2]. 
Step2 Collect related information and contact technical support engineers.

333889    2019-04-10 14:22:48    0x100F0015001C    Event    Major    --    None    UltraPath push information from host (ID 1) is not received at the preset time point or fails to be processed.
Step1 Install UltraPath of the latest version on the host. If the fault persists=>[Step2]. 
Step2 Collect related information and contact technical support engineers.

333888    2019-04-10 14:22:48    0x100F0015001C    Event    Major    --    None    UltraPath push information from host (ID 4) is not received at the preset time point or fails to be processed.
Step1 Install UltraPath of the latest version on the host. If the fault persists=>[Step2]. 
Step2 Collect related information and contact technical support engineers.

333884    2019-04-10 14:22:39    0x100F02440006    Event    Informational    --    None    The link between initiator (type FC, identifier 0x21000024ff1d8163) of a host and the host port (Engine 0, expansion module B, port number H3) is linked up, time: 14:22:39, host: ID 1.
N/A.

333883    2019-04-10 14:22:38    0x100F02440006    Event    Informational    --    None    The link between initiator (type FC, identifier 0x21000024ff1d8163) of a host and the host port (Engine 0, expansion module B, port number H1) is linked up, time: 14:22:38, host: ID 1.
N/A.

333882    2019-04-10 14:22:38    0x100F02440006    Event    Informational    --    None    The link between initiator (type FC, identifier 0x21000024ff1d8163) of a host and the host port (Engine 0, expansion module A, port number H3) is linked up, time: 14:22:38, host: ID 1.
N/A.

333881    2019-04-10 14:22:38    0x100F02440006    Event    Informational    --    None    The link between initiator (type FC, identifier 0x21000024ff1d8163) of a host and the host port (Engine 0, expansion module A, port number H1) is linked up, time: 14:22:38, host: ID 1.
N/A.

333876    2019-04-10 14:22:29    0x100F02440006    Event    Informational    --    None    The link between initiator (type FC, identifier 0x21000024ff1d8159) of a host and the host port (Engine 0, expansion module A, port number H0) is linked up, time: 14:22:29, host: ID 0.
N/A.

333875    2019-04-10 14:22:29    0x100F02440006    Event    Informational    --    None    The link between initiator (type FC, identifier 0x21000024ff1d8159) of a host and the host port (Engine 0, expansion module A, port number H2) is linked up, time: 14:22:29, host: ID 0.
N/A.

333874    2019-04-10 14:22:29    0x100F02440006    Event    Informational    --    None    The link between initiator (type FC, identifier 0x21000024ff1d8159) of a host and the host port (Engine 0, expansion module B, port number H2) is linked up, time: 14:22:29, host: ID 0.
N/A.

333873    2019-04-10 14:22:29    0x100F02440006    Event    Informational    --    None    The link between initiator (type FC, identifier 0x21000024ff1d8159) of a host and the host port (Engine 0, expansion module B, port number H0) is linked up, time: 14:22:29, host: ID 0.
N/A.

333872    2019-04-10 14:22:29    0x100F02440004    Event    Informational    --    None    The link between initiator (type FC, identifier 0x10000090fac0643c) of a host and the host port (Engine 0, expansion module B, port number H3) is disconnected, time: 14:22:29, host: ID 2.
N/A.

333871    2019-04-10 14:22:29    0x100F02440004    Event    Informational    --    None    The link between initiator (type FC, identifier 0x10000090fac0643c) of a host and the host port (Engine 0, expansion module A, port number H1) is disconnected, time: 14:22:29, host: ID 2.
N/A.

333870    2019-04-10 14:22:29    0x100F02440004    Event    Informational    --    None    The link between initiator (type FC, identifier 0x10000090fac0643c) of a host and the host port (Engine 0, expansion module B, port number H1) is disconnected, time: 14:22:29, host: ID 2.
N/A.

333869    2019-04-10 14:22:29    0x100F02440004    Event    Informational    --    None    The link between initiator (type FC, identifier 0x10000090fac0643c) of a host and the host port (Engine 0, expansion module A, port number H3) is disconnected, time: 14:22:29, host: ID 2.
N/A.

333865    2019-04-10 14:22:20    0x100F02440004    Event    Informational    --    None    The link between initiator (type FC, identifier 0x21000024ff1d8159) of a host and the host port (Engine 0, expansion module A, port number H0) is disconnected, time: 14:22:20, host: ID 0.
N/A.

333864    2019-04-10 14:22:20    0x100F02440004    Event    Informational    --    None    The link between initiator (type FC, identifier 0x21000024ff1d8159) of a host and the host port (Engine 0, expansion module B, port number H0) is disconnected, time: 14:22:20, host: ID 0.
N/A.

333863    2019-04-10 14:22:20    0x100F02440004    Event    Informational    --    None    The link between initiator (type FC, identifier 0x21000024ff1d8159) of a host and the host port (Engine 0, expansion module A, port number H2) is disconnected, time: 14:22:20, host: ID 0.
N/A.

333862    2019-04-10 14:22:20    0x100F02440004    Event    Informational    --    None    The link between initiator (type FC, identifier 0x21000024ff1d8159) of a host and the host port (Engine 0, expansion module B, port number H2) is disconnected, time: 14:22:20, host: ID 0.
N/A.

333844    2019-04-10 14:21:39    0x100F02440004    Event    Informational    --    None    The link between initiator (type FC, identifier 0x21000024ff1d8163) of a host and the host port (Engine 0, expansion module B, port number H3) is disconnected, time: 14:21:39, host: ID 1.
N/A.

333843    2019-04-10 14:21:39    0x100F02440004    Event    Informational    --    None    The link between initiator (type FC, identifier 0x21000024ff1d8163) of a host and the host port (Engine 0, expansion module B, port number H1) is disconnected, time: 14:21:39, host: ID 1.
N/A.

333842    2019-04-10 14:21:39    0x100F02440004    Event    Informational    --    None    The link between initiator (type FC, identifier 0x21000024ff1d8163) of a host and the host port (Engine 0, expansion module A, port number H1) is disconnected, time: 14:21:39, host: ID 1.
N/A.

333841    2019-04-10 14:21:39    0x100F02440004    Event    Informational    --    None    The link between initiator (type FC, identifier 0x21000024ff1d8163) of a host and the host port (Engine 0, expansion module A, port number H3) is disconnected, time: 14:21:39, host: ID 1.
N/A.

333816    2019-04-10 14:20:39    0x100F02440006    Event    Informational    --    None    The link between initiator (type FC, identifier 0x21000024ff1cd3ad) of a host and the host port (Engine 0, expansion module B, port number H3) is linked up, time: 14:20:39, host: ID 5.
N/A.

333815    2019-04-10 14:20:39    0x100F02440006    Event    Informational    --    None    The link between initiator (type FC, identifier 0x21000024ff1cd3ad) of a host and the host port (Engine 0, expansion module A, port number H1) is linked up, time: 14:20:39, host: ID 5.
N/A.

333814    2019-04-10 14:20:39    0x100F02440006    Event    Informational    --    None    The link between initiator (type FC, identifier 0x21000024ff1cd3ad) of a host and the host port (Engine 0, expansion module B, port number H1) is linked up, time: 14:20:39, host: ID 5.
N/A.

333813    2019-04-10 14:20:39    0x100F02440006    Event    Informational    --    None    The link between initiator (type FC, identifier 0x21000024ff1cd3ad) of a host and the host port (Engine 0, expansion module A, port number H3) is linked up, time: 14:20:39, host: ID 5.
N/A.

333808    2019-04-10 14:20:28    0x100F02440004    Event    Informational    --    None    The link between initiator (type FC, identifier 0x21000024ff1cd3ad) of a host and the host port (Engine 0, expansion module A, port number H1) is disconnected, time: 14:20:28, host: ID 5.
N/A.

333807    2019-04-10 14:20:28    0x100F02440004    Event    Informational    --    None    The link between initiator (type FC, identifier 0x21000024ff1cd3ad) of a host and the host port (Engine 0, expansion module B, port number H3) is disconnected, time: 14:20:28, host: ID 5.
N/A.

333806    2019-04-10 14:20:28    0x100F02440004    Event    Informational    --    None    The link between initiator (type FC, identifier 0x21000024ff1cd3ad) of a host and the host port (Engine 0, expansion module A, port number H3) is disconnected, time: 14:20:28, host: ID 5.
N/A.

333805    2019-04-10 14:20:28    0x100F02440004    Event    Informational    --    None    The link between initiator (type FC, identifier 0x21000024ff1cd3ad) of a host and the host port (Engine 0, expansion module B, port number H1) is disconnected, time: 14:20:28, host: ID 5.
N/A.

333780    2019-04-10 14:19:24    0x100F0015001C    Event    Major    --    None    UltraPath push information from host (ID 2) is not received at the preset time point or fails to be processed.
Step1 Install UltraPath of the latest version on the host. If the fault persists=>[Step2]. 
Step2 Collect related information and contact technical support engineers.

333779    2019-04-10 14:19:24    0x100F0015001C    Event    Major    --    None    UltraPath push information from host (ID 2) is not received at the preset time point or fails to be processed.
Step1 Install UltraPath of the latest version on the host. If the fault persists=>[Step2]. 
Step2 Collect related information and contact technical support engineers.

333778    2019-04-10 14:19:24    0x100F0015001C    Event    Major    --    None    UltraPath push information from host (ID 0) is not received at the preset time point or fails to be processed.
Step1 Install UltraPath of the latest version on the host. If the fault persists=>[Step2]. 
Step2 Collect related information and contact technical support engineers.

333777    2019-04-10 14:19:24    0x100F0015001C    Event    Major    --    None    UltraPath push information from host (ID 3) is not received at the preset time point or fails to be processed.
Step1 Install UltraPath of the latest version on the host. If the fault persists=>[Step2]. 
Step2 Collect related information and contact technical support engineers.

333776    2019-04-10 14:19:24    0x100F0015001C    Event    Major    --    None    UltraPath push information from host (ID 0) is not received at the preset time point or fails to be processed.
Step1 Install UltraPath of the latest version on the host. If the fault persists=>[Step2]. 
Step2 Collect related information and contact technical support engineers.

333775    2019-04-10 14:19:24    0x100F0015001C    Event    Major    --    None    UltraPath push information from host (ID 3) is not received at the preset time point or fails to be processed.
Step1 Install UltraPath of the latest version on the host. If the fault persists=>[Step2]. 
Step2 Collect related information and contact technical support engineers.

333771    2019-04-10 14:19:17    0x100F0015001C    Event    Major    --    None    UltraPath push information from host (ID 2) is not received at the preset time point or fails to be processed.
Step1 Install UltraPath of the latest version on the host. If the fault persists=>[Step2]. 
Step2 Collect related information and contact technical support engineers.

333770    2019-04-10 14:19:17    0x100F0015001C    Event    Major    --    None    UltraPath push information from host (ID 2) is not received at the preset time point or fails to be processed.
Step1 Install UltraPath of the latest version on the host. If the fault persists=>[Step2]. 
Step2 Collect related information and contact technical support engineers.

333769    2019-04-10 14:19:17    0x100F0015001C    Event    Major    --    None    UltraPath push information from host (ID 0) is not received at the preset time point or fails to be processed.
Step1 Install UltraPath of the latest version on the host. If the fault persists=>[Step2]. 
Step2 Collect related information and contact technical support engineers.

333768    2019-04-10 14:19:17    0x100F0015001C    Event    Major    --    None    UltraPath push information from host (ID 3) is not received at the preset time point or fails to be processed.
Step1 Install UltraPath of the latest version on the host. If the fault persists=>[Step2]. 
Step2 Collect related information and contact technical support engineers.

333767    2019-04-10 14:19:17    0x100F0015001C    Event    Major    --    None    UltraPath push information from host (ID 0) is not received at the preset time point or fails to be processed.
Step1 Install UltraPath of the latest version on the host. If the fault persists=>[Step2]. 
Step2 Collect related information and contact technical support engineers.

333766    2019-04-10 14:19:17    0x100F0015001C    Event    Major    --    None    UltraPath push information from host (ID 3) is not received at the preset time point or fails to be processed.
Step1 Install UltraPath of the latest version on the host. If the fault persists=>[Step2]. 
Step2 Collect related information and contact technical support engineers.

333761    2019-04-10 14:19:05    0x100F02440006    Event    Informational    --    None    The link between initiator (type FC, identifier 0x10000090fac06423) of a host and the host port (Engine 0, expansion module B, port number H2) is linked up, time: 14:19:5, host: ID 2.
N/A.

333760    2019-04-10 14:19:05    0x100F02440006    Event    Informational    --    None    The link between initiator (type FC, identifier 0x10000090fac06423) of a host and the host port (Engine 0, expansion module B, port number H0) is linked up, time: 14:19:5, host: ID 2.
N/A.

333759    2019-04-10 14:19:05    0x100F02440006    Event    Informational    --    None    The link between initiator (type FC, identifier 0x10000090fac06423) of a host and the host port (Engine 0, expansion module A, port number H2) is linked up, time: 14:19:5, host: ID 2.
N/A.

333758    2019-04-10 14:19:05    0x100F02440006    Event    Informational    --    None    The link between initiator (type FC, identifier 0x10000090fac06423) of a host and the host port (Engine 0, expansion module A, port number H0) is linked up, time: 14:19:5, host: ID 2.
N/A.

333747    2019-04-10 14:18:39    0x100F02440006    Event    Informational    --    None    The link between initiator (type FC, identifier 0x21000024ff1cc780) of a host and the host port (Engine 0, expansion module B, port number H1) is linked up, time: 14:18:39, host: ID 4.
N/A.

333746    2019-04-10 14:18:39    0x100F02440006    Event    Informational    --    None    The link between initiator (type FC, identifier 0x21000024ff1cc780) of a host and the host port (Engine 0, expansion module B, port number H3) is linked up, time: 14:18:39, host: ID 4.
N/A.

333745    2019-04-10 14:18:39    0x100F02440006    Event    Informational    --    None    The link between initiator (type FC, identifier 0x21000024ff1cc780) of a host and the host port (Engine 0, expansion module A, port number H1) is linked up, time: 14:18:39, host: ID 4.
N/A.

333744    2019-04-10 14:18:39    0x100F02440006    Event    Informational    --    None    The link between initiator (type FC, identifier 0x21000024ff1cc780) of a host and the host port (Engine 0, expansion module A, port number H3) is linked up, time: 14:18:39, host: ID 4.
N/A.

333741    2019-04-10 14:18:36    0x100F02440004    Event    Informational    --    None    The link between initiator (type FC, identifier 0x10000090fac06423) of a host and the host port (Engine 0, expansion module A, port number H2) is disconnected, time: 14:18:36, host: ID 2.
N/A.

333740    2019-04-10 14:18:36    0x100F02440004    Event    Informational    --    None    The link between initiator (type FC, identifier 0x10000090fac06423) of a host and the host port (Engine 0, expansion module B, port number H0) is disconnected, time: 14:18:36, host: ID 2.
N/A.

333739    2019-04-10 14:18:36    0x100F02440004    Event    Informational    --    None    The link between initiator (type FC, identifier 0x10000090fac06423) of a host and the host port (Engine 0, expansion module B, port number H2) is disconnected, time: 14:18:36, host: ID 2.
N/A.

333738    2019-04-10 14:18:36    0x100F02440004    Event    Informational    --    None    The link between initiator (type FC, identifier 0x10000090fac06423) of a host and the host port (Engine 0, expansion module A, port number H0) is disconnected, time: 14:18:36, host: ID 2.
N/A.

333737    2019-04-10 14:18:35    0x100F02440006    Event    Informational    --    None    The link between initiator (type FC, identifier 0x21000024ff1d813c) of a host and the host port (Engine 0, expansion module B, port number H0) is linked up, time: 14:18:35, host: ID 1.
N/A.

333736    2019-04-10 14:18:35    0x100F02440006    Event    Informational    --    None    The link between initiator (type FC, identifier 0x21000024ff1d813c) of a host and the host port (Engine 0, expansion module A, port number H0) is linked up, time: 14:18:35, host: ID 1.
N/A.

333735    2019-04-10 14:18:35    0x100F02440006    Event    Informational    --    None    The link between initiator (type FC, identifier 0x21000024ff1d813c) of a host and the host port (Engine 0, expansion module B, port number H2) is linked up, time: 14:18:35, host: ID 1.
N/A.

333734    2019-04-10 14:18:35    0x100F02440006    Event    Informational    --    None    The link between initiator (type FC, identifier 0x21000024ff1d813c) of a host and the host port (Engine 0, expansion module A, port number H2) is linked up, time: 14:18:35, host: ID 1.
N/A.

333721    2019-04-10 14:18:02    0x100F02440004    Event    Informational    --    None    The link between initiator (type FC, identifier 0x21000024ff1d813c) of a host and the host port (Engine 0, expansion module B, port number H0) is disconnected, time: 14:18:2, host: ID 1.
N/A.

333720    2019-04-10 14:18:02    0x100F02440004    Event    Informational    --    None    The link between initiator (type FC, identifier 0x21000024ff1d813c) of a host and the host port (Engine 0, expansion module B, port number H2) is disconnected, time: 14:18:2, host: ID 1.
N/A.

333719    2019-04-10 14:18:02    0x100F02440004    Event    Informational    --    None    The link between initiator (type FC, identifier 0x21000024ff1d813c) of a host and the host port (Engine 0, expansion module A, port number H2) is disconnected, time: 14:18:2, host: ID 1.
N/A.

333718    2019-04-10 14:18:02    0x100F02440004    Event    Informational    --    None    The link between initiator (type FC, identifier 0x21000024ff1d813c) of a host and the host port (Engine 0, expansion module A, port number H0) is disconnected, time: 14:18:2, host: ID 1.
N/A.

333713    2019-04-10 14:17:49    0x100F02440004    Event    Informational    --    None    The link between initiator (type FC, identifier 0x21000024ff1cc780) of a host and the host port (Engine 0, expansion module B, port number H3) is disconnected, time: 14:17:49, host: ID 4.
N/A.

333712    2019-04-10 14:17:49    0x100F02440004    Event    Informational    --    None    The link between initiator (type FC, identifier 0x21000024ff1cc780) of a host and the host port (Engine 0, expansion module A, port number H3) is disconnected, time: 14:17:49, host: ID 4.
N/A.

333711    2019-04-10 14:17:49    0x100F02440004    Event    Informational    --    None    The link between initiator (type FC, identifier 0x21000024ff1cc780) of a host and the host port (Engine 0, expansion module B, port number H1) is disconnected, time: 14:17:49, host: ID 4.
N/A.

333710    2019-04-10 14:17:49    0x100F02440004    Event    Informational    --    None    The link between initiator (type FC, identifier 0x21000024ff1cc780) of a host and the host port (Engine 0, expansion module A, port number H1) is disconnected, time: 14:17:49, host: ID 4.
N/A.

333705    2019-04-10 14:17:38    0x100F02440006    Event    Informational    --    None    The link between initiator (type FC, identifier 0x21000024ff15ace5) of a host and the host port (Engine 0, expansion module A, port number H2) is linked up, time: 14:17:38, host: ID 4.
N/A.

333704    2019-04-10 14:17:38    0x100F02440006    Event    Informational    --    None    The link between initiator (type FC, identifier 0x21000024ff15ace5) of a host and the host port (Engine 0, expansion module B, port number H2) is linked up, time: 14:17:38, host: ID 4.
N/A.

333703    2019-04-10 14:17:38    0x100F02440006    Event    Informational    --    None    The link between initiator (type FC, identifier 0x21000024ff15ace5) of a host and the host port (Engine 0, expansion module A, port number H0) is linked up, time: 14:17:38, host: ID 4.
N/A.

333702    2019-04-10 14:17:38    0x100F02440006    Event    Informational    --    None    The link between initiator (type FC, identifier 0x21000024ff15ace5) of a host and the host port (Engine 0, expansion module B, port number H0) is linked up, time: 14:17:38, host: ID 4.
N/A.

333687    2019-04-10 14:17:02    0x100F02440004    Event    Informational    --    None    The link between initiator (type FC, identifier 0x21000024ff15ace5) of a host and the host port (Engine 0, expansion module B, port number H2) is disconnected, time: 14:17:2, host: ID 4.
N/A.

333686    2019-04-10 14:17:02    0x100F02440004    Event    Informational    --    None    The link between initiator (type FC, identifier 0x21000024ff15ace5) of a host and the host port (Engine 0, expansion module A, port number H0) is disconnected, time: 14:17:2, host: ID 4.
N/A.

333685    2019-04-10 14:17:01    0x100F02440004    Event    Informational    --    None    The link between initiator (type FC, identifier 0x21000024ff15ace5) of a host and the host port (Engine 0, expansion module B, port number H0) is disconnected, time: 14:17:1, host: ID 4.
N/A.

333684    2019-04-10 14:17:01    0x100F02440004    Event    Informational    --    None    The link between initiator (type FC, identifier 0x21000024ff15ace5) of a host and the host port (Engine 0, expansion module A, port number H2) is disconnected, time: 14:17:1, host: ID 4.
N/A.

333652    2019-04-10 14:15:38    0x100F02440006    Event    Informational    --    None    The link between initiator (type FC, identifier 0x21000024ff1d8159) of a host and the host port (Engine 0, expansion module A, port number H2) is linked up, time: 14:15:38, host: ID 0.
N/A.

333651    2019-04-10 14:15:38    0x100F02440006    Event    Informational    --    None    The link between initiator (type FC, identifier 0x21000024ff1d8159) of a host and the host port (Engine 0, expansion module B, port number H2) is linked up, time: 14:15:38, host: ID 0.
N/A.

333650    2019-04-10 14:15:38    0x100F02440006    Event    Informational    --    None    The link between initiator (type FC, identifier 0x21000024ff1d8159) of a host and the host port (Engine 0, expansion module A, port number H0) is linked up, time: 14:15:38, host: ID 0.
N/A.

333649    2019-04-10 14:15:38    0x100F02440006    Event    Informational    --    None    The link between initiator (type FC, identifier 0x21000024ff1d8159) of a host and the host port (Engine 0, expansion module B, port number H0) is linked up, time: 14:15:38, host: ID 0.
N/A.

333620    2019-04-10 14:14:19    0x100F02440006    Event    Informational    --    None    The link between initiator (type FC, identifier 0x10000090faac6c2f) of a host and the host port (Engine 0, expansion module A, port number H0) is linked up, time: 14:14:19, host: ID 3.
N/A.

333619    2019-04-10 14:14:19    0x100F02440006    Event    Informational    --    None    The link between initiator (type FC, identifier 0x10000090faac6c2f) of a host and the host port (Engine 0, expansion module B, port number H2) is linked up, time: 14:14:19, host: ID 3.
N/A.

333618    2019-04-10 14:14:19    0x100F02440006    Event    Informational    --    None    The link between initiator (type FC, identifier 0x10000090faac6c2f) of a host and the host port (Engine 0, expansion module A, port number H2) is linked up, time: 14:14:19, host: ID 3.
N/A.

333617    2019-04-10 14:14:19    0x100F02440006    Event    Informational    --    None    The link between initiator (type FC, identifier 0x10000090faac6c2f) of a host and the host port (Engine 0, expansion module B, port number H0) is linked up, time: 14:14:19, host: ID 3.
N/A.

333616    2019-04-10 14:14:18    0x100F02440004    Event    Informational    --    None    The link between initiator (type FC, identifier 0x21000024ff1d8159) of a host and the host port (Engine 0, expansion module A, port number H0) is disconnected, time: 14:14:18, host: ID 0.
N/A.

333615    2019-04-10 14:14:18    0x100F02440004    Event    Informational    --    None    The link between initiator (type FC, identifier 0x21000024ff1d8159) of a host and the host port (Engine 0, expansion module B, port number H2) is disconnected, time: 14:14:18, host: ID 0.
N/A.

333614    2019-04-10 14:14:18    0x100F02440004    Event    Informational    --    None    The link between initiator (type FC, identifier 0x21000024ff1d8159) of a host and the host port (Engine 0, expansion module A, port number H2) is disconnected, time: 14:14:18, host: ID 0.
N/A.

333613    2019-04-10 14:14:18    0x100F02440004    Event    Informational    --    None    The link between initiator (type FC, identifier 0x21000024ff1d8159) of a host and the host port (Engine 0, expansion module B, port number H0) is disconnected, time: 14:14:18, host: ID 0.
N/A.

333602    2019-04-10 14:13:49    0x100F02440004    Event    Informational    --    None    The link between initiator (type FC, identifier 0x10000090faac6c2f) of a host and the host port (Engine 0, expansion module B, port number H0) is disconnected, time: 14:13:49, host: ID 3.
N/A.

333601    2019-04-10 14:13:49    0x100F02440004    Event    Informational    --    None    The link between initiator (type FC, identifier 0x10000090faac6c2f) of a host and the host port (Engine 0, expansion module B, port number H2) is disconnected, time: 14:13:49, host: ID 3.
N/A.

333600    2019-04-10 14:13:49    0x100F02440004    Event    Informational    --    None    The link between initiator (type FC, identifier 0x10000090faac6c2f) of a host and the host port (Engine 0, expansion module A, port number H2) is disconnected, time: 14:13:49, host: ID 3.
N/A.

333599    2019-04-10 14:13:49    0x100F02440004    Event    Informational    --    None    The link between initiator (type FC, identifier 0x10000090faac6c2f) of a host and the host port (Engine 0, expansion module A, port number H0) is disconnected, time: 14:13:49, host: ID 3.
N/A.

333592    2019-04-10 14:13:35    0x100F02440006    Event    Informational    --    None    The link between initiator (type FC, identifier 0x10000090faac6c2f) of a host and the host port (Engine 0, expansion module B, port number H2) is linked up, time: 14:13:35, host: ID 3.
N/A.

333591    2019-04-10 14:13:35    0x100F02440006    Event    Informational    --    None    The link between initiator (type FC, identifier 0x10000090faac6c2f) of a host and the host port (Engine 0, expansion module B, port number H0) is linked up, time: 14:13:35, host: ID 3.
N/A.

333590    2019-04-10 14:13:35    0x100F02440006    Event    Informational    --    None    The link between initiator (type FC, identifier 0x10000090faac6c2f) of a host and the host port (Engine 0, expansion module A, port number H2) is linked up, time: 14:13:35, host: ID 3.
N/A.

333589    2019-04-10 14:13:35    0x100F02440006    Event    Informational    --    None    The link between initiator (type FC, identifier 0x10000090faac6c2f) of a host and the host port (Engine 0, expansion module A, port number H0) is linked up, time: 14:13:35, host: ID 3.
N/A.

333586    2019-04-10 14:13:29    0x100F02440004    Event    Informational    --    None    The link between initiator (type FC, identifier 0x10000090faac6c2f) of a host and the host port (Engine 0, expansion module A, port number H2) is disconnected, time: 14:13:29, host: ID 3.
N/A.

333585    2019-04-10 14:13:29    0x100F02440004    Event    Informational    --    None    The link between initiator (type FC, identifier 0x10000090faac6c2f) of a host and the host port (Engine 0, expansion module B, port number H0) is disconnected, time: 14:13:29, host: ID 3.
N/A.

333584    2019-04-10 14:13:29    0x100F02440004    Event    Informational    --    None    The link between initiator (type FC, identifier 0x10000090faac6c2f) of a host and the host port (Engine 0, expansion module A, port number H0) is disconnected, time: 14:13:29, host: ID 3.
N/A.

333583    2019-04-10 14:13:29    0x100F02440004    Event    Informational    --    None    The link between initiator (type FC, identifier 0x10000090faac6c2f) of a host and the host port (Engine 0, expansion module B, port number H2) is disconnected, time: 14:13:29, host: ID 3.
N/A.

333580    2019-04-10 14:13:24    0x100F02440006    Event    Informational    --    None    The link between initiator (type FC, identifier 0x10000090fac06423) of a host and the host port (Engine 0, expansion module A, port number H2) is linked up, time: 14:13:24, host: ID 2.
N/A.

333579    2019-04-10 14:13:24    0x100F02440006    Event    Informational    --    None    The link between initiator (type FC, identifier 0x10000090fac06423) of a host and the host port (Engine 0, expansion module A, port number H0) is linked up, time: 14:13:24, host: ID 2.
N/A.

333578    2019-04-10 14:13:24    0x100F02440006    Event    Informational    --    None    The link between initiator (type FC, identifier 0x10000090fac06423) of a host and the host port (Engine 0, expansion module B, port number H0) is linked up, time: 14:13:24, host: ID 2.
N/A.

333577    2019-04-10 14:13:24    0x100F02440006    Event    Informational    --    None    The link between initiator (type FC, identifier 0x10000090fac06423) of a host and the host port (Engine 0, expansion module B, port number H2) is linked up, time: 14:13:24, host: ID 2.
N/A.

333572    2019-04-10 14:13:15    0x100F02440004    Event    Informational    --    None    The link between initiator (type FC, identifier 0x10000090fac06423) of a host and the host port (Engine 0, expansion module B, port number H2) is disconnected, time: 14:13:15, host: ID 2.
N/A.

333571    2019-04-10 14:13:15    0x100F02440004    Event    Informational    --    None    The link between initiator (type FC, identifier 0x10000090fac06423) of a host and the host port (Engine 0, expansion module A, port number H0) is disconnected, time: 14:13:15, host: ID 2.
N/A.

333570    2019-04-10 14:13:15    0x100F02440004    Event    Informational    --    None    The link between initiator (type FC, identifier 0x10000090fac06423) of a host and the host port (Engine 0, expansion module B, port number H0) is disconnected, time: 14:13:15, host: ID 2.
N/A.

333569    2019-04-10 14:13:15    0x100F02440004    Event    Informational    --    None    The link between initiator (type FC, identifier 0x10000090fac06423) of a host and the host port (Engine 0, expansion module A, port number H2) is disconnected, time: 14:13:15, host: ID 2.
N/A.

333567    2019-04-10 14:13:11    0x100F02440006    Event    Informational    --    None    The link between initiator (type FC, identifier 0x10000090fac0643c) of a host and the host port (Engine 0, expansion module B, port number H1) is linked up, time: 14:13:11, host: ID 2.
N/A.

333566    2019-04-10 14:13:11    0x100F02440006    Event    Informational    --    None    The link between initiator (type FC, identifier 0x10000090fac0643c) of a host and the host port (Engine 0, expansion module A, port number H1) is linked up, time: 14:13:11, host: ID 2.
N/A.

333565    2019-04-10 14:13:11    0x100F02440006    Event    Informational    --    None    The link between initiator (type FC, identifier 0x10000090fac0643c) of a host and the host port (Engine 0, expansion module A, port number H3) is linked up, time: 14:13:11, host: ID 2.
N/A.

333564    2019-04-10 14:13:11    0x100F02440006    Event    Informational    --    None    The link between initiator (type FC, identifier 0x10000090fac0643c) of a host and the host port (Engine 0, expansion module B, port number H3) is linked up, time: 14:13:11, host: ID 2.
N/A.

333549    2019-04-10 14:12:35    0x100F02440004    Event    Informational    --    None    The link between initiator (type FC, identifier 0x10000090fac0643c) of a host and the host port (Engine 0, expansion module A, port number H3) is disconnected, time: 14:12:35, host: ID 2.
N/A.

333548    2019-04-10 14:12:35    0x100F02440004    Event    Informational    --    None    The link between initiator (type FC, identifier 0x10000090fac0643c) of a host and the host port (Engine 0, expansion module B, port number H1) is disconnected, time: 14:12:35, host: ID 2.
N/A.

333547    2019-04-10 14:12:35    0x100F02440004    Event    Informational    --    None    The link between initiator (type FC, identifier 0x10000090fac0643c) of a host and the host port (Engine 0, expansion module A, port number H1) is disconnected, time: 14:12:35, host: ID 2.
N/A.

333546    2019-04-10 14:12:35    0x100F02440004    Event    Informational    --    None    The link between initiator (type FC, identifier 0x10000090fac0643c) of a host and the host port (Engine 0, expansion module B, port number H3) is disconnected, time: 14:12:35, host: ID 2.
N/A.

333543    2019-04-10 14:12:23    0x100F02440006    Event    Informational    --    None    The link between initiator (type FC, identifier 0x10000090fac06423) of a host and the host port (Engine 0, expansion module B, port number H0) is linked up, time: 14:12:23, host: ID 2.
N/A.

333542    2019-04-10 14:12:23    0x100F02440006    Event    Informational    --    None    The link between initiator (type FC, identifier 0x10000090fac06423) of a host and the host port (Engine 0, expansion module A, port number H0) is linked up, time: 14:12:23, host: ID 2.
N/A.

333541    2019-04-10 14:12:23    0x100F02440006    Event    Informational    --    None    The link between initiator (type FC, identifier 0x10000090fac06423) of a host and the host port (Engine 0, expansion module A, port number H2) is linked up, time: 14:12:23, host: ID 2.
N/A.

333540    2019-04-10 14:12:23    0x100F02440006    Event    Informational    --    None    The link between initiator (type FC, identifier 0x10000090fac06423) of a host and the host port (Engine 0, expansion module B, port number H2) is linked up, time: 14:12:23, host: ID 2.
N/A.

333538    2019-04-10 14:12:23    0x100F0015001C    Event    Major    --    None    UltraPath push information from host (ID 3) is not received at the preset time point or fails to be processed.
Step1 Install UltraPath of the latest version on the host. If the fault persists=>[Step2]. 
Step2 Collect related information and contact technical support engineers.

333537    2019-04-10 14:12:23    0x100F0015001C    Event    Major    --    None    UltraPath push information from host (ID 0) is not received at the preset time point or fails to be processed.
Step1 Install UltraPath of the latest version on the host. If the fault persists=>[Step2]. 
Step2 Collect related information and contact technical support engineers.

333536    2019-04-10 14:12:23    0x100F0015001C    Event    Major    --    None    UltraPath push information from host (ID 3) is not received at the preset time point or fails to be processed.
Step1 Install UltraPath of the latest version on the host. If the fault persists=>[Step2]. 
Step2 Collect related information and contact technical support engineers.

333535    2019-04-10 14:12:23    0x100F0015001C    Event    Major    --    None    UltraPath push information from host (ID 0) is not received at the preset time point or fails to be processed.
Step1 Install UltraPath of the latest version on the host. If the fault persists=>[Step2]. 
Step2 Collect related information and contact technical support engineers.

333531    2019-04-10 14:12:16    0x100F0015001C    Event    Major    --    None    UltraPath push information from host (ID 3) is not received at the preset time point or fails to be processed.
Step1 Install UltraPath of the latest version on the host. If the fault persists=>[Step2]. 
Step2 Collect related information and contact technical support engineers.

333530    2019-04-10 14:12:16    0x100F0015001C    Event    Major    --    None    UltraPath push information from host (ID 0) is not received at the preset time point or fails to be processed.
Step1 Install UltraPath of the latest version on the host. If the fault persists=>[Step2]. 
Step2 Collect related information and contact technical support engineers.

333529    2019-04-10 14:12:16    0x100F0015001C    Event    Major    --    None    UltraPath push information from host (ID 3) is not received at the preset time point or fails to be processed.
Step1 Install UltraPath of the latest version on the host. If the fault persists=>[Step2]. 
Step2 Collect related information and contact technical support engineers.

333528    2019-04-10 14:12:16    0x100F0015001C    Event    Major    --    None    UltraPath push information from host (ID 0) is not received at the preset time point or fails to be processed.
Step1 Install UltraPath of the latest version on the host. If the fault persists=>[Step2]. 
Step2 Collect related information and contact technical support engineers.

333508    2019-04-10 14:11:28    0x100F02440004    Event    Informational    --    None    The link between initiator (type FC, identifier 0x10000090fac06423) of a host and the host port (Engine 0, expansion module A, port number H0) is disconnected, time: 14:11:28, host: ID 2.
N/A.

333507    2019-04-10 14:11:28    0x100F02440004    Event    Informational    --    None    The link between initiator (type FC, identifier 0x10000090fac06423) of a host and the host port (Engine 0, expansion module B, port number H0) is disconnected, time: 14:11:28, host: ID 2.
N/A.

333506    2019-04-10 14:11:28    0x100F02440004    Event    Informational    --    None    The link between initiator (type FC, identifier 0x10000090fac06423) of a host and the host port (Engine 0, expansion module A, port number H2) is disconnected, time: 14:11:28, host: ID 2.
N/A.

333505    2019-04-10 14:11:28    0x100F02440004    Event    Informational    --    None    The link between initiator (type FC, identifier 0x10000090fac06423) of a host and the host port (Engine 0, expansion module B, port number H2) is disconnected, time: 14:11:28, host: ID 2.
N/A.

333471    2019-04-10 14:10:05    0x100F02440006    Event    Informational    --    None    The link between initiator (type FC, identifier 0x21000024ff1d813c) of a host and the host port (Engine 0, expansion module B, port number H0) is linked up, time: 14:10:5, host: ID 1.
N/A.

333470    2019-04-10 14:10:05    0x100F02440006    Event    Informational    --    None    The link between initiator (type FC, identifier 0x21000024ff1d813c) of a host and the host port (Engine 0, expansion module A, port number H0) is linked up, time: 14:10:5, host: ID 1.
N/A.

333469    2019-04-10 14:10:05    0x100F02440006    Event    Informational    --    None    The link between initiator (type FC, identifier 0x21000024ff1d813c) of a host and the host port (Engine 0, expansion module B, port number H2) is linked up, time: 14:10:5, host: ID 1.
N/A.

333468    2019-04-10 14:10:05    0x100F02440006    Event    Informational    --    None    The link between initiator (type FC, identifier 0x21000024ff1d813c) of a host and the host port (Engine 0, expansion module A, port number H2) is linked up, time: 14:10:5, host: ID 1.
N/A.

333461    2019-04-10 14:09:50    0x100F02440004    Event    Informational    --    None    The link between initiator (type FC, identifier 0x21000024ff1d813c) of a host and the host port (Engine 0, expansion module A, port number H0) is disconnected, time: 14:9:50, host: ID 1.
N/A.

333460    2019-04-10 14:09:50    0x100F02440004    Event    Informational    --    None    The link between initiator (type FC, identifier 0x21000024ff1d813c) of a host and the host port (Engine 0, expansion module B, port number H0) is disconnected, time: 14:9:50, host: ID 1.
N/A.

333459    2019-04-10 14:09:50    0x100F02440004    Event    Informational    --    None    The link between initiator (type FC, identifier 0x21000024ff1d813c) of a host and the host port (Engine 0, expansion module B, port number H2) is disconnected, time: 14:9:50, host: ID 1.
N/A.

333458    2019-04-10 14:09:50    0x100F02440004    Event    Informational    --    None    The link between initiator (type FC, identifier 0x21000024ff1d813c) of a host and the host port (Engine 0, expansion module A, port number H2) is disconnected, time: 14:9:50, host: ID 1.
N/A.

333434    2019-04-10 14:08:52    0x100F0015001C    Event    Major    --    None    UltraPath push information from host (ID 4) is not received at the preset time point or fails to be processed.
Step1 Install UltraPath of the latest version on the host. If the fault persists=>[Step2]. 
Step2 Collect related information and contact technical support engineers.

333433    2019-04-10 14:08:52    0x100F0015001C    Event    Major    --    None    UltraPath push information from host (ID 4) is not received at the preset time point or fails to be processed.
Step1 Install UltraPath of the latest version on the host. If the fault persists=>[Step2]. 
Step2 Collect related information and contact technical support engineers.

333430    2019-04-10 14:08:46    0x100F0015001C    Event    Major    --    None    UltraPath push information from host (ID 4) is not received at the preset time point or fails to be processed.
Step1 Install UltraPath of the latest version on the host. If the fault persists=>[Step2]. 
Step2 Collect related information and contact technical support engineers.

333429    2019-04-10 14:08:46    0x100F0015001C    Event    Major    --    None    UltraPath push information from host (ID 4) is not received at the preset time point or fails to be processed.
Step1 Install UltraPath of the latest version on the host. If the fault persists=>[Step2]. 
Step2 Collect related information and contact technical support engineers.

333421    2019-04-10 14:08:27    0x100F02440006    Event    Informational    --    None    The link between initiator (type FC, identifier 0x10000090faac6c46) of a host and the host port (Engine 0, expansion module B, port number H1) is linked up, time: 14:8:27, host: ID 3.
N/A.

333420    2019-04-10 14:08:27    0x100F02440006    Event    Informational    --    None    The link between initiator (type FC, identifier 0x10000090faac6c46) of a host and the host port (Engine 0, expansion module A, port number H3) is linked up, time: 14:8:27, host: ID 3.
N/A.

333419    2019-04-10 14:08:27    0x100F02440006    Event    Informational    --    None    The link between initiator (type FC, identifier 0x10000090faac6c46) of a host and the host port (Engine 0, expansion module B, port number H3) is linked up, time: 14:8:27, host: ID 3.
N/A.

333418    2019-04-10 14:08:27    0x100F02440006    Event    Informational    --    None    The link between initiator (type FC, identifier 0x10000090faac6c46) of a host and the host port (Engine 0, expansion module A, port number H1) is linked up, time: 14:8:27, host: ID 3.
N/A.

333403    2019-04-10 14:07:50    0x100F02440004    Event    Informational    --    None    The link between initiator (type FC, identifier 0x10000090faac6c46) of a host and the host port (Engine 0, expansion module A, port number H1) is disconnected, time: 14:7:50, host: ID 3.
N/A.

333402    2019-04-10 14:07:50    0x100F02440004    Event    Informational    --    None    The link between initiator (type FC, identifier 0x10000090faac6c46) of a host and the host port (Engine 0, expansion module B, port number H1) is disconnected, time: 14:7:50, host: ID 3.
N/A.

333401    2019-04-10 14:07:50    0x100F02440004    Event    Informational    --    None    The link between initiator (type FC, identifier 0x10000090faac6c46) of a host and the host port (Engine 0, expansion module B, port number H3) is disconnected, time: 14:7:50, host: ID 3.
N/A.

333400    2019-04-10 14:07:50    0x100F02440004    Event    Informational    --    None    The link between initiator (type FC, identifier 0x10000090faac6c46) of a host and the host port (Engine 0, expansion module A, port number H3) is disconnected, time: 14:7:50, host: ID 3.
N/A.

333397    2019-04-10 14:07:46    0x100F02440006    Event    Informational    --    None    The link between initiator (type FC, identifier 0x21000024ff1d81d0) of a host and the host port (Engine 0, expansion module B, port number H3) is linked up, time: 14:7:46, host: ID 0.
N/A.

333396    2019-04-10 14:07:46    0x100F02440006    Event    Informational    --    None    The link between initiator (type FC, identifier 0x21000024ff1d81d0) of a host and the host port (Engine 0, expansion module A, port number H3) is linked up, time: 14:7:46, host: ID 0.
N/A.

333395    2019-04-10 14:07:46    0x100F02440006    Event    Informational    --    None    The link between initiator (type FC, identifier 0x21000024ff1d81d0) of a host and the host port (Engine 0, expansion module B, port number H1) is linked up, time: 14:7:46, host: ID 0.
N/A.

333394    2019-04-10 14:07:46    0x100F02440006    Event    Informational    --    None    The link between initiator (type FC, identifier 0x21000024ff1d81d0) of a host and the host port (Engine 0, expansion module A, port number H1) is linked up, time: 14:7:46, host: ID 0.
N/A.

333379    2019-04-10 14:07:12    0x100F02440004    Event    Informational    --    None    The link between initiator (type FC, identifier 0x21000024ff1d81d0) of a host and the host port (Engine 0, expansion module A, port number H3) is disconnected, time: 14:7:12, host: ID 0.
N/A.

333378    2019-04-10 14:07:12    0x100F02440004    Event    Informational    --    None    The link between initiator (type FC, identifier 0x21000024ff1d81d0) of a host and the host port (Engine 0, expansion module B, port number H3) is disconnected, time: 14:7:12, host: ID 0.
N/A.

333377    2019-04-10 14:07:12    0x100F02440004    Event    Informational    --    None    The link between initiator (type FC, identifier 0x21000024ff1d81d0) of a host and the host port (Engine 0, expansion module A, port number H1) is disconnected, time: 14:7:12, host: ID 0.
N/A.

333376    2019-04-10 14:07:11    0x100F02440004    Event    Informational    --    None    The link between initiator (type FC, identifier 0x21000024ff1d81d0) of a host and the host port (Engine 0, expansion module B, port number H1) is disconnected, time: 14:7:11, host: ID 0.
N/A.

333286    2019-04-10 14:03:15    0x100F02440006    Event    Informational    --    None    The link between initiator (type FC, identifier 0x21000024ff1cc780) of a host and the host port (Engine 0, expansion module B, port number H1) is linked up, time: 14:3:15, host: ID 4.
N/A.

333285    2019-04-10 14:03:15    0x100F02440006    Event    Informational    --    None    The link between initiator (type FC, identifier 0x21000024ff1cc780) of a host and the host port (Engine 0, expansion module A, port number H1) is linked up, time: 14:3:15, host: ID 4.
N/A.

333284    2019-04-10 14:03:15    0x100F02440006    Event    Informational    --    None    The link between initiator (type FC, identifier 0x21000024ff1cc780) of a host and the host port (Engine 0, expansion module A, port number H3) is linked up, time: 14:3:15, host: ID 4.
N/A.

333283    2019-04-10 14:03:15    0x100F02440006    Event    Informational    --    None    The link between initiator (type FC, identifier 0x21000024ff1cc780) of a host and the host port (Engine 0, expansion module B, port number H3) is linked up, time: 14:3:15, host: ID 4.
N/A.

333262    2019-04-10 14:02:23    0x100F02440006    Event    Informational    --    None    The link between initiator (type FC, identifier 0x21000024ff1cd3ad) of a host and the host port (Engine 0, expansion module A, port number H3) is linked up, time: 14:2:23, host: ID 5.
N/A.

333261    2019-04-10 14:02:23    0x100F02440006    Event    Informational    --    None    The link between initiator (type FC, identifier 0x21000024ff1cd3ad) of a host and the host port (Engine 0, expansion module A, port number H1) is linked up, time: 14:2:23, host: ID 5.
N/A.

333260    2019-04-10 14:02:23    0x100F02440006    Event    Informational    --    None    The link between initiator (type FC, identifier 0x21000024ff1cd3ad) of a host and the host port (Engine 0, expansion module B, port number H3) is linked up, time: 14:2:23, host: ID 5.
N/A.

333258    2019-04-10 14:02:23    0x100F02440006    Event    Informational    --    None    The link between initiator (type FC, identifier 0x21000024ff1cd3ad) of a host and the host port (Engine 0, expansion module B, port number H1) is linked up, time: 14:2:23, host: ID 5.
N/A.

333256    2019-04-10 14:02:17    0x100F02440004    Event    Informational    --    None    The link between initiator (type FC, identifier 0x21000024ff1cc780) of a host and the host port (Engine 0, expansion module B, port number H3) is disconnected, time: 14:2:17, host: ID 4.
N/A.

333255    2019-04-10 14:02:17    0x100F02440004    Event    Informational    --    None    The link between initiator (type FC, identifier 0x21000024ff1cc780) of a host and the host port (Engine 0, expansion module A, port number H3) is disconnected, time: 14:2:17, host: ID 4.
N/A.

333254    2019-04-10 14:02:17    0x100F02440004    Event    Informational    --    None    The link between initiator (type FC, identifier 0x21000024ff1cc780) of a host and the host port (Engine 0, expansion module B, port number H1) is disconnected, time: 14:2:17, host: ID 4.
N/A.

333253    2019-04-10 14:02:17    0x100F02440004    Event    Informational    --    None    The link between initiator (type FC, identifier 0x21000024ff1cc780) of a host and the host port (Engine 0, expansion module A, port number H1) is disconnected, time: 14:2:17, host: ID 4.
N/A.

333234    2019-04-10 14:01:35    0x100F02440004    Event    Informational    --    None    The link between initiator (type FC, identifier 0x21000024ff1cd3ad) of a host and the host port (Engine 0, expansion module A, port number H3) is disconnected, time: 14:1:35, host: ID 5.
N/A.

333233    2019-04-10 14:01:35    0x100F02440004    Event    Informational    --    None    The link between initiator (type FC, identifier 0x21000024ff1cd3ad) of a host and the host port (Engine 0, expansion module B, port number H1) is disconnected, time: 14:1:35, host: ID 5.
N/A.

333232    2019-04-10 14:01:35    0x100F02440004    Event    Informational    --    None    The link between initiator (type FC, identifier 0x21000024ff1cd3ad) of a host and the host port (Engine 0, expansion module B, port number H3) is disconnected, time: 14:1:35, host: ID 5.
N/A.

333231    2019-04-10 14:01:35    0x100F02440004    Event    Informational    --    None    The link between initiator (type FC, identifier 0x21000024ff1cd3ad) of a host and the host port (Engine 0, expansion module A, port number H1) is disconnected, time: 14:1:35, host: ID 5.
N/A.

333154    2019-04-10 13:58:21    0x100F0015001C    Event    Major    --    None    UltraPath push information from host (ID 3) is not received at the preset time point or fails to be processed.
Step1 Install UltraPath of the latest version on the host. If the fault persists=>[Step2]. 
Step2 Collect related information and contact technical support engineers.

333153    2019-04-10 13:58:21    0x100F0015001C    Event    Major    --    None    UltraPath push information from host (ID 3) is not received at the preset time point or fails to be processed.
Step1 Install UltraPath of the latest version on the host. If the fault persists=>[Step2]. 
Step2 Collect related information and contact technical support engineers.

333151    2019-04-10 13:58:15    0x100F0015001C    Event    Major    --    None    UltraPath push information from host (ID 3) is not received at the preset time point or fails to be processed.
Step1 Install UltraPath of the latest version on the host. If the fault persists=>[Step2]. 
Step2 Collect related information and contact technical support engineers.

333150    2019-04-10 13:58:15    0x100F0015001C    Event    Major    --    None    UltraPath push information from host (ID 3) is not received at the preset time point or fails to be processed.
Step1 Install UltraPath of the latest version on the host. If the fault persists=>[Step2]. 
Step2 Collect related information and contact technical support engineers.

333058    2019-04-10 13:54:17    0x100F02440006    Event    Informational    --    None    The link between initiator (type FC, identifier 0x10000090faac6c46) of a host and the host port (Engine 0, expansion module A, port number H1) is linked up, time: 13:54:17, host: ID 3.
N/A.

333057    2019-04-10 13:54:17    0x100F02440006    Event    Informational    --    None    The link between initiator (type FC, identifier 0x10000090faac6c46) of a host and the host port (Engine 0, expansion module A, port number H3) is linked up, time: 13:54:17, host: ID 3.
N/A.

333056    2019-04-10 13:54:17    0x100F02440006    Event    Informational    --    None    The link between initiator (type FC, identifier 0x10000090faac6c46) of a host and the host port (Engine 0, expansion module B, port number H3) is linked up, time: 13:54:17, host: ID 3.
N/A.

333055    2019-04-10 13:54:17    0x100F02440006    Event    Informational    --    None    The link between initiator (type FC, identifier 0x10000090faac6c46) of a host and the host port (Engine 0, expansion module B, port number H1) is linked up, time: 13:54:17, host: ID 3.
N/A.

333049    2019-04-10 13:54:03    0x100F02440004    Event    Informational    --    None    The link between initiator (type FC, identifier 0x10000090faac6c46) of a host and the host port (Engine 0, expansion module B, port number H3) is disconnected, time: 13:54:3, host: ID 3.
N/A.

333048    2019-04-10 13:54:03    0x100F02440004    Event    Informational    --    None    The link between initiator (type FC, identifier 0x10000090faac6c46) of a host and the host port (Engine 0, expansion module A, port number H1) is disconnected, time: 13:54:3, host: ID 3.
N/A.

333047    2019-04-10 13:54:03    0x100F02440004    Event    Informational    --    None    The link between initiator (type FC, identifier 0x10000090faac6c46) of a host and the host port (Engine 0, expansion module B, port number H1) is disconnected, time: 13:54:3, host: ID 3.
N/A.

333046    2019-04-10 13:54:03    0x100F02440004    Event    Informational    --    None    The link between initiator (type FC, identifier 0x10000090faac6c46) of a host and the host port (Engine 0, expansion module A, port number H3) is disconnected, time: 13:54:3, host: ID 3.
N/A.

332978    2019-04-10 13:51:20    0x100F0015001C    Event    Major    --    None    UltraPath push information from host (ID 4) is not received at the preset time point or fails to be processed.
Step1 Install UltraPath of the latest version on the host. If the fault persists=>[Step2]. 
Step2 Collect related information and contact technical support engineers.

332977    2019-04-10 13:51:20    0x100F0015001C    Event    Major    --    None    UltraPath push information from host (ID 3) is not received at the preset time point or fails to be processed.
Step1 Install UltraPath of the latest version on the host. If the fault persists=>[Step2]. 
Step2 Collect related information and contact technical support engineers.

332976    2019-04-10 13:51:20    0x100F0015001C    Event    Major    --    None    UltraPath push information from host (ID 4) is not received at the preset time point or fails to be processed.
Step1 Install UltraPath of the latest version on the host. If the fault persists=>[Step2]. 
Step2 Collect related information and contact technical support engineers.

332975    2019-04-10 13:51:20    0x100F0015001C    Event    Major    --    None    UltraPath push information from host (ID 3) is not received at the preset time point or fails to be processed.
Step1 Install UltraPath of the latest version on the host. If the fault persists=>[Step2]. 
Step2 Collect related information and contact technical support engineers.

332972    2019-04-10 13:51:14    0x100F0015001C    Event    Major    --    None    UltraPath push information from host (ID 4) is not received at the preset time point or fails to be processed.
Step1 Install UltraPath of the latest version on the host. If the fault persists=>[Step2]. 
Step2 Collect related information and contact technical support engineers.

332971    2019-04-10 13:51:14    0x100F0015001C    Event    Major    --    None    UltraPath push information from host (ID 3) is not received at the preset time point or fails to be processed.
Step1 Install UltraPath of the latest version on the host. If the fault persists=>[Step2]. 
Step2 Collect related information and contact technical support engineers.

332970    2019-04-10 13:51:14    0x100F0015001C    Event    Major    --    None    UltraPath push information from host (ID 4) is not received at the preset time point or fails to be processed.
Step1 Install UltraPath of the latest version on the host. If the fault persists=>[Step2]. 
Step2 Collect related information and contact technical support engineers.

332969    2019-04-10 13:51:14    0x100F0015001C    Event    Major    --    None    UltraPath push information from host (ID 3) is not received at the preset time point or fails to be processed.
Step1 Install UltraPath of the latest version on the host. If the fault persists=>[Step2]. 
Step2 Collect related information and contact technical support engineers.

332909    2019-04-10 13:48:42    0x100F02440006    Event    Informational    --    None    The link between initiator (type FC, identifier 0x10000090faac6c46) of a host and the host port (Engine 0, expansion module B, port number H1) is linked up, time: 13:48:42, host: ID 3.
N/A.

332908    2019-04-10 13:48:42    0x100F02440006    Event    Informational    --    None    The link between initiator (type FC, identifier 0x10000090faac6c46) of a host and the host port (Engine 0, expansion module B, port number H3) is linked up, time: 13:48:42, host: ID 3.
N/A.

332907    2019-04-10 13:48:42    0x100F02440006    Event    Informational    --    None    The link between initiator (type FC, identifier 0x10000090faac6c46) of a host and the host port (Engine 0, expansion module A, port number H3) is linked up, time: 13:48:42, host: ID 3.
N/A.

332906    2019-04-10 13:48:42    0x100F02440006    Event    Informational    --    None    The link between initiator (type FC, identifier 0x10000090faac6c46) of a host and the host port (Engine 0, expansion module A, port number H1) is linked up, time: 13:48:42, host: ID 3.
N/A.

332848    2019-04-10 13:46:18    0x100F02440006    Event    Informational    --    None    The link between initiator (type FC, identifier 0x21000024ff15ace5) of a host and the host port (Engine 0, expansion module B, port number H0) is linked up, time: 13:46:18, host: ID 4.
N/A.

332847    2019-04-10 13:46:18    0x100F02440006    Event    Informational    --    None    The link between initiator (type FC, identifier 0x21000024ff15ace5) of a host and the host port (Engine 0, expansion module A, port number H2) is linked up, time: 13:46:18, host: ID 4.
N/A.

332846    2019-04-10 13:46:18    0x100F02440006    Event    Informational    --    None    The link between initiator (type FC, identifier 0x21000024ff15ace5) of a host and the host port (Engine 0, expansion module A, port number H0) is linked up, time: 13:46:18, host: ID 4.
N/A.

332845    2019-04-10 13:46:18    0x100F02440006    Event    Informational    --    None    The link between initiator (type FC, identifier 0x21000024ff15ace5) of a host and the host port (Engine 0, expansion module B, port number H2) is linked up, time: 13:46:18, host: ID 4.
N/A.

332839    2019-04-10 13:46:04    0x100F02440006    Event    Informational    --    None    The link between initiator (type FC, identifier 0x10000090faac6c2f) of a host and the host port (Engine 0, expansion module B, port number H0) is linked up, time: 13:46:4, host: ID 3.
N/A.

332838    2019-04-10 13:46:04    0x100F02440006    Event    Informational    --    None    The link between initiator (type FC, identifier 0x10000090faac6c2f) of a host and the host port (Engine 0, expansion module B, port number H2) is linked up, time: 13:46:4, host: ID 3.
N/A.

332837    2019-04-10 13:46:04    0x100F02440006    Event    Informational    --    None    The link between initiator (type FC, identifier 0x10000090faac6c2f) of a host and the host port (Engine 0, expansion module A, port number H2) is linked up, time: 13:46:4, host: ID 3.
N/A.

332836    2019-04-10 13:46:04    0x100F02440006    Event    Informational    --    None    The link between initiator (type FC, identifier 0x10000090faac6c2f) of a host and the host port (Engine 0, expansion module A, port number H0) is linked up, time: 13:46:4, host: ID 3.
N/A.

332822    2019-04-10 13:45:30    0x100F02440004    Event    Informational    --    None    The link between initiator (type FC, identifier 0x21000024ff15ace5) of a host and the host port (Engine 0, expansion module B, port number H2) is disconnected, time: 13:45:30, host: ID 4.
N/A.

332821    2019-04-10 13:45:30    0x100F02440004    Event    Informational    --    None    The link between initiator (type FC, identifier 0x21000024ff15ace5) of a host and the host port (Engine 0, expansion module A, port number H2) is disconnected, time: 13:45:30, host: ID 4.
N/A.

332820    2019-04-10 13:45:30    0x100F02440004    Event    Informational    --    None    The link between initiator (type FC, identifier 0x21000024ff15ace5) of a host and the host port (Engine 0, expansion module A, port number H0) is disconnected, time: 13:45:30, host: ID 4.
N/A.

332819    2019-04-10 13:45:30    0x100F02440004    Event    Informational    --    None    The link between initiator (type FC, identifier 0x21000024ff15ace5) of a host and the host port (Engine 0, expansion module B, port number H0) is disconnected, time: 13:45:30, host: ID 4.
N/A.

332771    2019-04-10 13:43:18    0x100F02440004    Event    Informational    --    None    The link between initiator (type FC, identifier 0x10000090faac6c2f) of a host and the host port (Engine 0, expansion module B, port number H0) is disconnected, time: 13:43:18, host: ID 3.
N/A.

332770    2019-04-10 13:43:18    0x100F02440004    Event    Informational    --    None    The link between initiator (type FC, identifier 0x10000090faac6c2f) of a host and the host port (Engine 0, expansion module A, port number H0) is disconnected, time: 13:43:18, host: ID 3.
N/A.

332769    2019-04-10 13:43:18    0x100F02440004    Event    Informational    --    None    The link between initiator (type FC, identifier 0x10000090faac6c2f) of a host and the host port (Engine 0, expansion module B, port number H2) is disconnected, time: 13:43:18, host: ID 3.
N/A.

332767    2019-04-10 13:43:18    0x100F02440004    Event    Informational    --    None    The link between initiator (type FC, identifier 0x10000090faac6c2f) of a host and the host port (Engine 0, expansion module A, port number H2) is disconnected, time: 13:43:18, host: ID 3.
N/A.

332711    2019-04-10 13:40:49    0x100F0015001C    Event    Major    --    None    UltraPath push information from host (ID 3) is not received at the preset time point or fails to be processed.
Step1 Install UltraPath of the latest version on the host. If the fault persists=>[Step2]. 
Step2 Collect related information and contact technical support engineers.

332710    2019-04-10 13:40:49    0x100F0015001C    Event    Major    --    None    UltraPath push information from host (ID 3) is not received at the preset time point or fails to be processed.
Step1 Install UltraPath of the latest version on the host. If the fault persists=>[Step2]. 
Step2 Collect related information and contact technical support engineers.

332706    2019-04-10 13:40:43    0x100F0015001C    Event    Major    --    None    UltraPath push information from host (ID 3) is not received at the preset time point or fails to be processed.
Step1 Install UltraPath of the latest version on the host. If the fault persists=>[Step2]. 
Step2 Collect related information and contact technical support engineers.

332705    2019-04-10 13:40:43    0x100F0015001C    Event    Major    --    None    UltraPath push information from host (ID 3) is not received at the preset time point or fails to be processed.
Step1 Install UltraPath of the latest version on the host. If the fault persists=>[Step2]. 
Step2 Collect related information and contact technical support engineers.

332685    2019-04-10 13:39:47    0x100F02440006    Event    Informational    --    None    The link between initiator (type FC, identifier 0x21000024ff1d8159) of a host and the host port (Engine 0, expansion module A, port number H0) is linked up, time: 13:39:47, host: ID 0.
N/A.

332684    2019-04-10 13:39:47    0x100F02440006    Event    Informational    --    None    The link between initiator (type FC, identifier 0x21000024ff1d8159) of a host and the host port (Engine 0, expansion module B, port number H2) is linked up, time: 13:39:47, host: ID 0.
N/A.

332683    2019-04-10 13:39:47    0x100F02440006    Event    Informational    --    None    The link between initiator (type FC, identifier 0x21000024ff1d8159) of a host and the host port (Engine 0, expansion module A, port number H2) is linked up, time: 13:39:47, host: ID 0.
N/A.

332682    2019-04-10 13:39:47    0x100F02440006    Event    Informational    --    None    The link between initiator (type FC, identifier 0x21000024ff1d8159) of a host and the host port (Engine 0, expansion module B, port number H0) is linked up, time: 13:39:47, host: ID 0.
N/A.

332678    2019-04-10 13:39:40    0x100F02440004    Event    Informational    --    None    The link between initiator (type FC, identifier 0x21000024ff1d8159) of a host and the host port (Engine 0, expansion module A, port number H0) is disconnected, time: 13:39:40, host: ID 0.
N/A.

332677    2019-04-10 13:39:40    0x100F02440004    Event    Informational    --    None    The link between initiator (type FC, identifier 0x21000024ff1d8159) of a host and the host port (Engine 0, expansion module B, port number H0) is disconnected, time: 13:39:40, host: ID 0.
N/A.

332676    2019-04-10 13:39:40    0x100F02440004    Event    Informational    --    None    The link between initiator (type FC, identifier 0x21000024ff1d8159) of a host and the host port (Engine 0, expansion module A, port number H2) is disconnected, time: 13:39:40, host: ID 0.
N/A.

332675    2019-04-10 13:39:40    0x100F02440004    Event    Informational    --    None    The link between initiator (type FC, identifier 0x21000024ff1d8159) of a host and the host port (Engine 0, expansion module B, port number H2) is disconnected, time: 13:39:40, host: ID 0.
N/A.

332548    2019-04-10 13:34:21    0x100F02440006    Event    Informational    --    None    The link between initiator (type FC, identifier 0x10000090faac6c2f) of a host and the host port (Engine 0, expansion module A, port number H2) is linked up, time: 13:34:21, host: ID 3.
N/A.

332547    2019-04-10 13:34:21    0x100F02440006    Event    Informational    --    None    The link between initiator (type FC, identifier 0x10000090faac6c2f) of a host and the host port (Engine 0, expansion module B, port number H0) is linked up, time: 13:34:21, host: ID 3.
N/A.

332546    2019-04-10 13:34:21    0x100F02440006    Event    Informational    --    None    The link between initiator (type FC, identifier 0x10000090faac6c2f) of a host and the host port (Engine 0, expansion module A, port number H0) is linked up, time: 13:34:21, host: ID 3.
N/A.

332545    2019-04-10 13:34:21    0x100F02440006    Event    Informational    --    None    The link between initiator (type FC, identifier 0x10000090faac6c2f) of a host and the host port (Engine 0, expansion module B, port number H2) is linked up, time: 13:34:21, host: ID 3.
N/A.

332510    2019-04-10 13:32:56    0x100F02440004    Event    Informational    --    None    The link between initiator (type FC, identifier 0x10000090faac6c2f) of a host and the host port (Engine 0, expansion module A, port number H0) is disconnected, time: 13:32:56, host: ID 3.
N/A.

332509    2019-04-10 13:32:56    0x100F02440004    Event    Informational    --    None    The link between initiator (type FC, identifier 0x10000090faac6c2f) of a host and the host port (Engine 0, expansion module B, port number H0) is disconnected, time: 13:32:56, host: ID 3.
N/A.

332508    2019-04-10 13:32:56    0x100F02440004    Event    Informational    --    None    The link between initiator (type FC, identifier 0x10000090faac6c2f) of a host and the host port (Engine 0, expansion module B, port number H2) is disconnected, time: 13:32:56, host: ID 3.
N/A.

332507    2019-04-10 13:32:56    0x100F02440004    Event    Informational    --    None    The link between initiator (type FC, identifier 0x10000090faac6c2f) of a host and the host port (Engine 0, expansion module A, port number H2) is disconnected, time: 13:32:56, host: ID 3.
N/A.

332357    2019-04-10 13:26:47    0x100F0015001C    Event    Major    --    None    UltraPath push information from host (ID 3) is not received at the preset time point or fails to be processed.
Step1 Install UltraPath of the latest version on the host. If the fault persists=>[Step2]. 
Step2 Collect related information and contact technical support engineers.

332356    2019-04-10 13:26:47    0x100F0015001C    Event    Major    --    None    UltraPath push information from host (ID 3) is not received at the preset time point or fails to be processed.
Step1 Install UltraPath of the latest version on the host. If the fault persists=>[Step2]. 
Step2 Collect related information and contact technical support engineers.

332352    2019-04-10 13:26:41    0x100F0015001C    Event    Major    --    None    UltraPath push information from host (ID 3) is not received at the preset time point or fails to be processed.
Step1 Install UltraPath of the latest version on the host. If the fault persists=>[Step2]. 
Step2 Collect related information and contact technical support engineers.

332351    2019-04-10 13:26:41    0x100F0015001C    Event    Major    --    None    UltraPath push information from host (ID 3) is not received at the preset time point or fails to be processed.
Step1 Install UltraPath of the latest version on the host. If the fault persists=>[Step2]. 
Step2 Collect related information and contact technical support engineers.

332243    2019-04-10 13:22:06    0x100F02440004    Event    Informational    --    None    The link between initiator (type FC, identifier 0x10000090faac6c46) of a host and the host port (Engine 0, expansion module B, port number H3) is disconnected, time: 13:22:6, host: ID 3.
N/A.

332242    2019-04-10 13:22:06    0x100F02440004    Event    Informational    --    None    The link between initiator (type FC, identifier 0x10000090faac6c46) of a host and the host port (Engine 0, expansion module A, port number H3) is disconnected, time: 13:22:6, host: ID 3.
N/A.

332241    2019-04-10 13:22:06    0x100F02440004    Event    Informational    --    None    The link between initiator (type FC, identifier 0x10000090faac6c46) of a host and the host port (Engine 0, expansion module B, port number H1) is disconnected, time: 13:22:6, host: ID 3.
N/A.

332240    2019-04-10 13:22:06    0x100F02440004    Event    Informational    --    None    The link between initiator (type FC, identifier 0x10000090faac6c46) of a host and the host port (Engine 0, expansion module A, port number H1) is disconnected, time: 13:22:6, host: ID 3.
N/A.

332207    2019-04-10 13:20:49    0x100F02440006    Event    Informational    --    None    The link between initiator (type FC, identifier 0x10000090faac6c2f) of a host and the host port (Engine 0, expansion module A, port number H2) is linked up, time: 13:20:49, host: ID 3.
N/A.

332206    2019-04-10 13:20:49    0x100F02440006    Event    Informational    --    None    The link between initiator (type FC, identifier 0x10000090faac6c2f) of a host and the host port (Engine 0, expansion module B, port number H2) is linked up, time: 13:20:49, host: ID 3.
N/A.

332205    2019-04-10 13:20:49    0x100F02440006    Event    Informational    --    None    The link between initiator (type FC, identifier 0x10000090faac6c2f) of a host and the host port (Engine 0, expansion module B, port number H0) is linked up, time: 13:20:49, host: ID 3.
N/A.

332204    2019-04-10 13:20:49    0x100F02440006    Event    Informational    --    None    The link between initiator (type FC, identifier 0x10000090faac6c2f) of a host and the host port (Engine 0, expansion module A, port number H0) is linked up, time: 13:20:49, host: ID 3.
N/A.

332015    2019-04-10 13:12:45    0x100F0015001C    Event    Major    --    None    UltraPath push information from host (ID 4) is not received at the preset time point or fails to be processed.
Step1 Install UltraPath of the latest version on the host. If the fault persists=>[Step2]. 
Step2 Collect related information and contact technical support engineers.

332014    2019-04-10 13:12:45    0x100F0015001C    Event    Major    --    None    UltraPath push information from host (ID 4) is not received at the preset time point or fails to be processed.
Step1 Install UltraPath of the latest version on the host. If the fault persists=>[Step2]. 
Step2 Collect related information and contact technical support engineers.

332011    2019-04-10 13:12:39    0x100F0015001C    Event    Major    --    None    UltraPath push information from host (ID 4) is not received at the preset time point or fails to be processed.
Step1 Install UltraPath of the latest version on the host. If the fault persists=>[Step2]. 
Step2 Collect related information and contact technical support engineers.

332010    2019-04-10 13:12:39    0x100F0015001C    Event    Major    --    None    UltraPath push information from host (ID 4) is not received at the preset time point or fails to be processed.
Step1 Install UltraPath of the latest version on the host. If the fault persists=>[Step2]. 
Step2 Collect related information and contact technical support engineers.

331848    2019-04-10 13:06:03    0x100F02440006    Event    Informational    --    None    The link between initiator (type FC, identifier 0x21000024ff15ace5) of a host and the host port (Engine 0, expansion module A, port number H2) is linked up, time: 13:6:3, host: ID 4.
N/A.

331847    2019-04-10 13:06:03    0x100F02440006    Event    Informational    --    None    The link between initiator (type FC, identifier 0x21000024ff15ace5) of a host and the host port (Engine 0, expansion module B, port number H0) is linked up, time: 13:6:3, host: ID 4.
N/A.

331846    2019-04-10 13:06:03    0x100F02440006    Event    Informational    --    None    The link between initiator (type FC, identifier 0x21000024ff15ace5) of a host and the host port (Engine 0, expansion module A, port number H0) is linked up, time: 13:6:3, host: ID 4.
N/A.

331845    2019-04-10 13:06:03    0x100F02440006    Event    Informational    --    None    The link between initiator (type FC, identifier 0x21000024ff15ace5) of a host and the host port (Engine 0, expansion module B, port number H2) is linked up, time: 13:6:3, host: ID 4.
N/A.

331814    2019-04-10 13:04:47    0x100F02440004    Event    Informational    --    None    The link between initiator (type FC, identifier 0x21000024ff15ace5) of a host and the host port (Engine 0, expansion module B, port number H0) is disconnected, time: 13:4:47, host: ID 4.
N/A.

331813    2019-04-10 13:04:47    0x100F02440004    Event    Informational    --    None    The link between initiator (type FC, identifier 0x21000024ff15ace5) of a host and the host port (Engine 0, expansion module A, port number H0) is disconnected, time: 13:4:47, host: ID 4.
N/A.

331812    2019-04-10 13:04:47    0x100F02440004    Event    Informational    --    None    The link between initiator (type FC, identifier 0x21000024ff15ace5) of a host and the host port (Engine 0, expansion module B, port number H2) is disconnected, time: 13:4:47, host: ID 4.
N/A.

331811    2019-04-10 13:04:47    0x100F02440004    Event    Informational    --    None    The link between initiator (type FC, identifier 0x21000024ff15ace5) of a host and the host port (Engine 0, expansion module A, port number H2) is disconnected, time: 13:4:47, host: ID 4.
N/A.

331783    2019-04-10 13:03:35    0x100F02440004    Event    Informational    --    None    The link between initiator (type FC, identifier 0x21000024ff1cc7e3) of a host and the host port (Engine 0, expansion module B, port number H2) is disconnected, time: 13:3:35, host: ID 5.
N/A.

331782    2019-04-10 13:03:35    0x100F02440004    Event    Informational    --    None    The link between initiator (type FC, identifier 0x21000024ff1cc7e3) of a host and the host port (Engine 0, expansion module A, port number H2) is disconnected, time: 13:3:35, host: ID 5.
N/A.

331781    2019-04-10 13:03:35    0x100F02440004    Event    Informational    --    None    The link between initiator (type FC, identifier 0x21000024ff1cc7e3) of a host and the host port (Engine 0, expansion module B, port number H0) is disconnected, time: 13:3:35, host: ID 5.
N/A.

331780    2019-04-10 13:03:35    0x100F02440004    Event    Informational    --    None    The link between initiator (type FC, identifier 0x21000024ff1cc7e3) of a host and the host port (Engine 0, expansion module A, port number H0) is disconnected, time: 13:3:35, host: ID 5.
N/A.

