2025-04-23T16:00:01.483136+08:00 Dky_app_00 linx[94396]: Wed Apr 23 16:00:01 CST 2025
2025-04-23T16:00:01.484279+08:00 Dky_app_00 linx[94398]: cat   /proc/buddyinfo
2025-04-23T16:00:01.485319+08:00 Dky_app_00 linx[94400]: Node 0, zone      DMA      1      1      1      1      2      1      0      0      1      1      3
2025-04-23T16:00:01.485349+08:00 Dky_app_00 linx[94400]: Node 0, zone    DMA32    280     48     58     30     25     34      9     12      9     55     28
2025-04-23T16:00:01.485378+08:00 Dky_app_00 linx[94400]: Node 0, zone   Normal     14   4320   2514    983    697    591  15804  10667   4234      0      0
2025-04-23T16:00:01.485404+08:00 Dky_app_00 linx[94400]: Node 1, zone   Normal    658   4492   2501   1693   2306  19715  18784   9499   3147      0      0
2025-04-23T16:00:01.485414+08:00 Dky_app_00 linx[94400]: Node 2, zone   Normal   4874   4863   3131   1701   1346   1492   5318   5702   1886      0      0
2025-04-23T16:00:01.485456+08:00 Dky_app_00 linx[94400]: Node 3, zone   Normal   7570  14245  14679   8767  16304  55810  31034  11865   2995      0      0
2025-04-23T16:00:01.485492+08:00 Dky_app_00 linx[94400]: Node 4, zone   Normal   6732  17261  43863  73586  93417  62739  32296  10015   1532      0      0
2025-04-23T16:00:01.485534+08:00 Dky_app_00 linx[94400]: Node 5, zone   Normal    145     95    915   1109   1669   6341  18053   8983   3257      1      1
2025-04-23T16:00:01.485568+08:00 Dky_app_00 linx[94400]: Node 6, zone   Normal  10667  17210  15522  12474   8139   3332   3971   2817   1513      0      0
2025-04-23T16:00:01.485599+08:00 Dky_app_00 linx[94400]: Node 7, zone   Normal    946   4677  27702  37671  40140  29822  18667   9828   3457      1      0
2025-04-23T16:00:01.486639+08:00 Dky_app_00 linx[94402]: top-detail:
2025-04-23T16:02:01.337193+08:00 Dky_app_00 /usr/sbin/cron[97364]: (root) CMD (sh /usr/bin/msmp >> /var/log/msmp.log )
2025-04-23T16:02:01.337303+08:00 Dky_app_00 /usr/sbin/cron[97365]: (sysadmin) CMD (/usr/sbin/get_max_mem_process.sh)
2025-04-23T16:02:01.337339+08:00 Dky_app_00 /usr/sbin/cron[97366]: (root) CMD (/home/dmdba/drop_cached.sh)
2025-04-23T16:02:01.337456+08:00 Dky_app_00 /usr/sbin/cron[97367]: (dmdba) CMD (sh net_colsewait_mon.sh)
2025-04-23T16:02:01.337624+08:00 Dky_app_00 /usr/sbin/cron[97368]: (dmdba) CMD (sh /home/dmdba/dm/db_sessmon.sh)
2025-04-23T16:02:01.340390+08:00 Dky_app_00 linx[97373]: uptime
2025-04-23T16:02:01.361749+08:00 Dky_app_00 linx[97384]:  16:02:01 up 1551 days,  3:44,  8 users,  load average: 105.34, 101.69, 92.79
2025-04-23T16:02:01.362864+08:00 Dky_app_00 linx[97393]: free -m
2025-04-23T16:02:01.366287+08:00 Dky_app_00 linx[97395]:              total       used       free     shared    buffers     cached
2025-04-23T16:02:01.366305+08:00 Dky_app_00 linx[97395]: Mem:        516904     385765     131138          0        111      70477
2025-04-23T16:02:01.366308+08:00 Dky_app_00 linx[97395]: -/+ buffers/cache:     315177     201727
2025-04-23T16:02:01.366330+08:00 Dky_app_00 linx[97395]: Swap:        61034          0      61034
2025-04-23T16:02:01.367484+08:00 Dky_app_00 linx[97397]: df -h
2025-04-23T16:02:01.368811+08:00 Dky_app_00 linx[97399]: Filesystem            Size  Used Avail Use% Mounted on
2025-04-23T16:02:01.368834+08:00 Dky_app_00 linx[97399]: /dev/sda2             185G   75G  101G  43% /
2025-04-23T16:02:01.368846+08:00 Dky_app_00 linx[97399]: /dev/sda3             585G  197G  359G  36% /home
2025-04-23T16:02:01.368862+08:00 Dky_app_00 linx[97399]: /dev/sdav             3.0T  1.3T  1.6T  45% /dbbak
2025-04-23T16:02:01.368872+08:00 Dky_app_00 linx[97399]: /dev/mapper/dmarch_22-arch
2025-04-23T16:02:01.368902+08:00 Dky_app_00 linx[97399]:                       886G  680G  162G  81% /dbarch
2025-04-23T16:02:01.368922+08:00 Dky_app_00 linx[97399]: tmpfs                  20M   48K   20M   1% /tmp/smp
2025-04-23T16:02:01.368934+08:00 Dky_app_00 linx[97399]: 192.168.9.23:/dbarch/arch_rac1
2025-04-23T16:02:01.368943+08:00 Dky_app_00 linx[97399]:                       788G  681G   68G  91% /dbarch/arch_dsc1_kafka
2025-04-23T16:02:01.370079+08:00 Dky_app_00 linx[97401]: df -ih
2025-04-23T16:02:01.371317+08:00 Dky_app_00 linx[97403]: Filesystem            Inodes   IUsed   IFree IUse% Mounted on
2025-04-23T16:02:01.371331+08:00 Dky_app_00 linx[97403]: /dev/sda2                12M    2.1M    9.7M   18% /
2025-04-23T16:02:01.371336+08:00 Dky_app_00 linx[97403]: /dev/sda3                37M     28K     37M    1% /home
2025-04-23T16:02:01.371347+08:00 Dky_app_00 linx[97403]: /dev/sdav               192M     11K    192M    1% /dbbak
2025-04-23T16:02:01.371351+08:00 Dky_app_00 linx[97403]: /dev/mapper/dmarch_22-arch
2025-04-23T16:02:01.371368+08:00 Dky_app_00 linx[97403]:                          57M     463     57M    1% /dbarch
2025-04-23T16:02:01.371385+08:00 Dky_app_00 linx[97403]: tmpfs                    64M      13     64M    1% /tmp/smp
2025-04-23T16:02:01.371393+08:00 Dky_app_00 linx[97403]: 192.168.9.23:/dbarch/arch_rac1
2025-04-23T16:02:01.371402+08:00 Dky_app_00 linx[97403]:                          50M     353     50M    1% /dbarch/arch_dsc1_kafka
2025-04-23T16:02:01.372415+08:00 Dky_app_00 linx[97405]: iostat -x
2025-04-23T16:02:01.376595+08:00 Dky_app_00 linx[97407]: Linux 2.6.32-Rocky4.2-x86_64 (Dky_app_00) #01104/23/25 #011_x86_64_
2025-04-23T16:02:01.376609+08:00 Dky_app_00 linx[97407]:
2025-04-23T16:02:01.380329+08:00 Dky_app_00 linx[97407]: avg-cpu:  %user   %nice %system %iowait  %steal   %idle
2025-04-23T16:02:01.380339+08:00 Dky_app_00 linx[97407]:            3.47    0.00    1.30    0.67    0.00   94.61
2025-04-23T16:02:01.380365+08:00 Dky_app_00 linx[97407]:
2025-04-23T16:02:01.380370+08:00 Dky_app_00 linx[97407]: Device:         rrqm/s   wrqm/s     r/s     w/s   rsec/s   wsec/s avgrq-sz avgqu-sz   await  svctm  %util
2025-04-23T16:02:01.380377+08:00 Dky_app_00 linx[97407]: sda               0.02   223.59    0.15   13.30    17.75  1895.14   142.21     0.01    0.68   0.13   0.18
2025-04-23T16:02:01.380389+08:00 Dky_app_00 linx[97407]: sda1              0.00     0.00    0.00    0.00     0.00     0.00    40.85     0.00    2.01   2.01   0.00
2025-04-23T16:02:01.380399+08:00 Dky_app_00 linx[97407]: sda2              0.02    18.33    0.06    1.67     8.49   160.02    97.25     0.00    0.54   0.35   0.06
2025-04-23T16:02:01.380412+08:00 Dky_app_00 linx[97407]: sda3              0.00   205.26    0.08   11.63     9.25  1735.11   148.86     0.01    0.70   0.11   0.13
2025-04-23T16:02:01.380423+08:00 Dky_app_00 linx[97407]: sdb               0.00     0.00    9.08   71.73   595.35  4604.14    64.34     0.01    0.18   0.29   2.33
2025-04-23T16:02:01.380433+08:00 Dky_app_00 linx[97407]: sdc               0.00     0.00    7.48   35.34   476.05  2281.25    64.39     0.00    0.83   0.70   3.00
2025-04-23T16:02:01.380440+08:00 Dky_app_00 linx[97407]: sdd               0.00     0.00    5.51    5.92   349.87   389.75    64.69     0.02    1.89   1.65   1.89
2025-04-23T16:02:01.380464+08:00 Dky_app_00 linx[97407]: sde               0.00     0.00    9.33   42.90   586.69   984.37    30.08     0.02    0.29   0.29   1.50
2025-04-23T16:02:01.380468+08:00 Dky_app_00 linx[97407]: sdf               0.00     0.00    0.00    0.00     0.00     0.00    28.80     0.00    8.78   8.77   0.00
2025-04-23T16:02:01.380474+08:00 Dky_app_00 linx[97407]: sdg               0.00     0.00    0.20    0.00     1.56     0.00     8.00     0.00    0.10   0.10   0.00
2025-04-23T16:02:01.380487+08:00 Dky_app_00 linx[97407]: sdh               0.00     0.00    0.10    4.38     2.46  2869.89   641.69     0.00    0.85   1.66   0.74
2025-04-23T16:02:01.380496+08:00 Dky_app_00 linx[97407]: sdi               0.00     0.00    9.09   71.71   596.32  4603.16    64.34     0.01    0.08   0.24   1.91
2025-04-23T16:02:01.380516+08:00 Dky_app_00 linx[97407]: sdj               0.00     0.00    7.47   35.35   475.64  2281.68    64.39     0.01    0.93   0.02   0.08
2025-04-23T16:02:01.380521+08:00 Dky_app_00 linx[97407]: sdk               0.00     0.00    5.51    5.92   350.03   389.59    64.69     0.02    1.78   1.58   1.80
2025-04-23T16:02:01.380535+08:00 Dky_app_00 linx[97407]: sdl               0.00     0.00    9.10   43.13   569.60  1000.52    30.06     0.02    0.37   0.37   1.93
2025-04-23T16:02:01.380546+08:00 Dky_app_00 linx[97407]: sdm               0.00     0.00    0.00    0.00     0.00     0.00    28.51     0.00    0.20   0.20   0.00
2025-04-23T16:02:01.380562+08:00 Dky_app_00 linx[97407]: sdn               0.00     0.00    0.20    0.00     1.56     0.00     8.00     0.00    0.10   0.10   0.00
2025-04-23T16:02:01.380573+08:00 Dky_app_00 linx[97407]: sdo               0.00     0.00    0.10    4.38     2.46  2855.85   638.54     0.00    0.52   1.57   0.70
2025-04-23T16:02:01.380585+08:00 Dky_app_00 linx[97407]: sdq               0.00     0.00    7.47   35.36   475.32  2281.99    64.39     0.01    0.92   0.02   0.07
2025-04-23T16:02:01.380599+08:00 Dky_app_00 linx[97407]: sdr               0.00     0.00    5.52    5.92   350.21   389.41    64.69     0.02    1.78   1.57   1.80
2025-04-23T16:02:01.380614+08:00 Dky_app_00 linx[97407]: sds               0.00     0.00    9.21   43.02   577.25  1007.96    30.35     0.02    0.36   0.36   1.90
2025-04-23T16:02:01.380627+08:00 Dky_app_00 linx[97407]: sdt               0.00     0.00    0.00    0.00     0.00     0.00    28.50     0.00    0.16   0.16   0.00
2025-04-23T16:02:01.380639+08:00 Dky_app_00 linx[97407]: sdu               0.00     0.00    0.20    0.00     1.56     0.00     8.00     0.00    0.09   0.09   0.00
2025-04-23T16:02:01.380659+08:00 Dky_app_00 linx[97407]: sdv               0.00     0.00    0.10    4.38     2.46  2844.55   636.01     0.00    0.52   1.57   0.70
2025-04-23T16:02:01.380670+08:00 Dky_app_00 linx[97407]: sdw               0.00     0.00    9.09   71.72   595.90  4603.59    64.34     0.01    0.18   0.29   2.34
2025-04-23T16:02:01.380681+08:00 Dky_app_00 linx[97407]: sdx               0.00     0.00    7.47   35.35   475.67  2281.63    64.39     0.00    0.83   0.71   3.02
2025-04-23T16:02:01.380688+08:00 Dky_app_00 linx[97407]: sdy               0.00     0.00    5.51    5.92   349.99   389.63    64.69     0.02    1.92   1.67   1.91
2025-04-23T16:02:01.380699+08:00 Dky_app_00 linx[97407]: sdz               0.00     0.00    9.36   42.87   587.87   996.01    30.33     0.02    0.29   0.29   1.50
2025-04-23T16:02:01.380717+08:00 Dky_app_00 linx[97407]: sdab              0.00     0.00    0.20    0.00     1.56     0.00     8.00     0.00    0.09   0.09   0.00
2025-04-23T16:02:01.380728+08:00 Dky_app_00 linx[97407]: sdaa              0.00     0.00    0.00    0.00     0.00     0.00    28.48     0.00    0.22   0.22   0.00
2025-04-23T16:02:01.380737+08:00 Dky_app_00 linx[97407]: sdac              0.00     0.00    0.10    4.38     2.46  2852.39   637.77     0.00    0.84   1.66   0.74
2025-04-23T16:02:01.380749+08:00 Dky_app_00 linx[97407]: sdad              0.00     0.00    9.08   71.73   595.14  4604.34    64.34     0.01    0.08   0.23   1.89
2025-04-23T16:02:01.380760+08:00 Dky_app_00 linx[97407]: sdaf              0.00     0.00    5.51    5.92   349.85   389.77    64.69     0.02    1.79   1.58   1.80
2025-04-23T16:02:01.380774+08:00 Dky_app_00 linx[97407]: sdag              0.00     0.00    9.34   42.89   587.82   983.14    30.08     0.02    0.36   0.36   1.89
2025-04-23T16:02:01.380784+08:00 Dky_app_00 linx[97407]: sdah              0.00     0.00    0.00    0.00     0.00     0.00    28.56     0.00    0.12   0.12   0.00
2025-04-23T16:02:01.380804+08:00 Dky_app_00 linx[97407]: sdae              0.00     0.00    7.48   35.34   476.15  2281.15    64.39     0.01    0.92   0.01   0.06
2025-04-23T16:02:01.380808+08:00 Dky_app_00 linx[97407]: sdai              0.00     0.00    0.20    0.00     1.56     0.00     8.00     0.00    0.08   0.08   0.00
2025-04-23T16:02:01.380817+08:00 Dky_app_00 linx[97407]: sdaj              0.00     0.00    0.10    4.38     2.46  2868.41   641.34     0.00    0.51   1.57   0.70
2025-04-23T16:02:01.380824+08:00 Dky_app_00 linx[97407]: sdak              0.00     0.00    9.10   71.71   596.67  4602.81    64.34     0.01    0.08   0.23   1.88
2025-04-23T16:02:01.380834+08:00 Dky_app_00 linx[97407]: sdal              0.00     0.00    7.47   35.35   475.39  2281.92    64.39     0.01    0.92   0.02   0.06
2025-04-23T16:02:01.380843+08:00 Dky_app_00 linx[97407]: sdam              0.00     0.00    5.51    5.92   350.13   389.49    64.69     0.02    1.78   1.57   1.79
2025-04-23T16:02:01.380854+08:00 Dky_app_00 linx[97407]: sdan              0.00     0.00    9.17   43.06   574.90  1006.76    30.28     0.02    0.36   0.36   1.86
2025-04-23T16:02:01.380873+08:00 Dky_app_00 linx[97407]: sdao              0.00     0.00    0.00    0.00     0.00     0.00    28.57     0.00    0.13   0.13   0.00
2025-04-23T16:02:01.380880+08:00 Dky_app_00 linx[97407]: sdap              0.00     0.00    0.20    0.00     1.56     0.00     8.00     0.00    0.08   0.08   0.00
2025-04-23T16:02:01.380894+08:00 Dky_app_00 linx[97407]: sdaq              0.00     0.00    0.10    4.38     2.46  2847.01   636.56     0.00    0.51   1.57   0.70
2025-04-23T16:02:01.380904+08:00 Dky_app_00 linx[97407]: sdar              0.00     0.00    9.11   71.70   597.32  4602.17    64.34     0.02    0.19   0.30   2.39
2025-04-23T16:02:01.380921+08:00 Dky_app_00 linx[97407]: sdas              0.00     0.00    7.47   35.36   475.26  2282.05    64.39     0.00    0.85   0.72   3.07
2025-04-23T16:02:01.380926+08:00 Dky_app_00 linx[97407]: sdat              0.00     0.00    5.52    5.92   350.25   389.37    64.69     0.02    1.96   1.70   1.94
2025-04-23T16:02:01.380934+08:00 Dky_app_00 linx[97407]: sdau              0.00     0.00    9.22   43.01   577.54  1008.67    30.37     0.02    0.31   0.30   1.59
2025-04-23T16:02:01.380944+08:00 Dky_app_00 linx[97407]: sdav              0.00    11.20    0.30    0.11    75.39    90.50   406.11     0.01   12.52   0.70   0.03
2025-04-23T16:02:01.380956+08:00 Dky_app_00 linx[97407]: sdaw              0.00     0.00    0.20    0.00     1.56     0.00     8.00     0.00    0.08   0.08   0.00
2025-04-23T16:02:01.380975+08:00 Dky_app_00 linx[97407]: sday              0.00     0.00    9.08   71.72   595.63  4603.85    64.34     0.01    0.17   0.29   2.31
2025-04-23T16:02:01.380989+08:00 Dky_app_00 linx[97407]: sdaz              0.00     0.00    7.48   35.35   475.90  2281.40    64.39     0.00    0.83   0.70   2.99
2025-04-23T16:02:01.380997+08:00 Dky_app_00 linx[97407]: sdba              0.00     0.00    5.51    5.92   349.90   389.72    64.69     0.02    1.90   1.65   1.89
2025-04-23T16:02:01.381007+08:00 Dky_app_00 linx[97407]: sdbb              0.00     0.00    9.34   42.89   586.93   987.32    30.14     0.01    0.28   0.28   1.45
2025-04-23T16:02:01.381024+08:00 Dky_app_00 linx[97407]: sdbc              0.00     0.00    0.00    0.00     0.00     0.00    28.53     0.00    0.21   0.21   0.00
2025-04-23T16:02:01.381030+08:00 Dky_app_00 linx[97407]: sdbd              0.00     0.00    0.20    0.00     1.56     0.00     8.00     0.00    0.07   0.07   0.00
2025-04-23T16:02:01.381044+08:00 Dky_app_00 linx[97407]: sdbe              0.00     0.00    0.10    4.38     2.46  2843.92   635.88     0.00    0.82   1.65   0.74
2025-04-23T16:02:01.381052+08:00 Dky_app_00 linx[97407]: sdax              0.00     0.00    0.10    4.38     2.46  2871.68   642.09     0.00    0.85   1.66   0.74
2025-04-23T16:02:01.381060+08:00 Dky_app_00 linx[97407]: dm-0              0.00     0.70   72.34  573.73  4766.13 36826.54    64.38     0.03    0.04   0.04   2.82
2025-04-23T16:02:01.381071+08:00 Dky_app_00 linx[97407]: dm-1              0.00     0.34   59.40  282.80  3802.20 18253.07    64.45     0.01    0.04   0.05   1.69
2025-04-23T16:02:01.381083+08:00 Dky_app_00 linx[97407]: dm-2              0.01     0.04   43.70   47.37  2797.03  3116.73    64.94     0.01    0.46   0.18   1.60
2025-04-23T16:02:01.381092+08:00 Dky_app_00 linx[97407]: dm-3              0.00     0.00   73.67  343.76  4645.40  7974.76    30.23     0.01    0.10   0.01   0.60
2025-04-23T16:02:01.381103+08:00 Dky_app_00 linx[97407]: dm-4              0.00     0.00    0.00    0.00     0.00     0.00    15.59     0.00   17.28  17.28   0.00
2025-04-23T16:02:01.381113+08:00 Dky_app_00 linx[97407]: dm-5              0.00  2821.67    0.37   35.04    16.45 22853.69   645.84     0.01    0.38   0.29   1.02
2025-04-23T16:02:01.381126+08:00 Dky_app_00 linx[97407]: dm-6              0.00     0.00   25.49    3.00   333.40     3.00    11.81     0.01    0.36   0.36   1.02
2025-04-23T16:02:01.381135+08:00 Dky_app_00 linx[97407]: dm-7              0.00     0.00   45.80    0.00  4287.04     0.03    93.60     0.02    0.41   0.41   1.89
2025-04-23T16:02:01.381140+08:00 Dky_app_00 linx[97407]: dm-8              0.00     0.00    2.38  340.77    24.96  7971.73    23.30     0.01    0.03   0.03   1.04
2025-04-23T16:02:01.381156+08:00 Dky_app_00 linx[97407]: dm-9              0.00     0.00    0.37 2856.71    16.45 22853.69     8.00     0.02    0.00   0.00   1.03
2025-04-23T16:02:01.381167+08:00 Dky_app_00 linx[97407]:
2025-04-23T16:02:01.382191+08:00 Dky_app_00 linx[97410]: netstat -an |grep -i 'established'|wc -l
2025-04-23T16:02:01.412766+08:00 Dky_app_00 linx[97414]: 935
2025-04-23T16:02:01.413848+08:00 Dky_app_00 linx[97420]: date
2025-04-23T16:02:01.415055+08:00 Dky_app_00 linx[97422]: Wed Apr 23 16:02:01 CST 2025
2025-04-23T16:02:01.416028+08:00 Dky_app_00 linx[97424]: cat   /proc/buddyinfo
2025-04-23T16:02:01.417093+08:00 Dky_app_00 linx[97426]: Node 0, zone      DMA      1      1      1      1      2      1      0      0      1      1      3
2025-04-23T16:02:01.417120+08:00 Dky_app_00 linx[97426]: Node 0, zone    DMA32    280     48     58     30     25     34      9     12      9     55     28
2025-04-23T16:02:01.417126+08:00 Dky_app_00 linx[97426]: Node 0, zone   Normal    739   4426   2534    990    699    591  15804  10667   4234      0      0
2025-04-23T16:02:01.417134+08:00 Dky_app_00 linx[97426]: Node 1, zone   Normal   1268   4664   2745   1818   2442  20340  18780   9495   3143      1      0
2025-04-23T16:02:01.417140+08:00 Dky_app_00 linx[97426]: Node 2, zone   Normal   5090   4981   3131   1702   1347   1492   5318   5702   1886      0      0
2025-04-23T16:02:01.417154+08:00 Dky_app_00 linx[97426]: Node 3, zone   Normal   7178  14235  14677   8768  16305  55810  31034  11865   2995      0      0
2025-04-23T16:02:01.417158+08:00 Dky_app_00 linx[97426]: Node 4, zone   Normal   7166  17266  43850  73583  93416  62738  32295  10014   1531      0      0
2025-04-23T16:02:01.417174+08:00 Dky_app_00 linx[97426]: Node 5, zone   Normal    314    345    832   1128   1668   6341  18053   8983   3257      1      0
2025-04-23T16:02:01.417179+08:00 Dky_app_00 linx[97426]: Node 6, zone   Normal   1481   8024   8011   7008   5331   3235   3796   2698   1548      1      0
2025-04-23T16:02:01.417186+08:00 Dky_app_00 linx[97426]: Node 7, zone   Normal    273   2506  27003  36833  39130  29018  18069   9415   3342      2      0
2025-04-23T16:02:01.418262+08:00 Dky_app_00 linx[97428]: top-detail:
2025-04-23T16:04:01.234068+08:00 Dky_app_00 /usr/sbin/cron[100308]: (root) CMD (sh /usr/bin/msmp >> /var/log/msmp.log )
2025-04-23T16:04:01.234114+08:00 Dky_app_00 /usr/sbin/cron[100309]: (sysadmin) CMD (/usr/sbin/get_max_mem_process.sh)
2025-04-23T16:04:01.234227+08:00 Dky_app_00 /usr/sbin/cron[100310]: (root) CMD (/home/dmdba/drop_cached.sh)
2025-04-23T16:04:01.234366+08:00 Dky_app_00 /usr/sbin/cron[100311]: (dmdba) CMD (sh net_colsewait_mon.sh)
2025-04-23T16:04:01.234509+08:00 Dky_app_00 /usr/sbin/cron[100312]: (dmdba) CMD (sh /home/dmdba/dm/db_sessmon.sh)
2025-04-23T16:04:01.237167+08:00 Dky_app_00 linx[100315]: uptime
2025-04-23T16:04:01.258315+08:00 Dky_app_00 linx[100328]:  16:04:01 up 1551 days,  3:46,  8 users,  load average: 107.21, 103.59, 94.56
2025-04-23T16:04:01.259513+08:00 Dky_app_00 linx[100338]: free -m
2025-04-23T16:04:01.263024+08:00 Dky_app_00 linx[100340]:              total       used       free     shared    buffers     cached
2025-04-23T16:04:01.263039+08:00 Dky_app_00 linx[100340]: Mem:        516904     386446     130458          0        112      70479
2025-04-23T16:04:01.263057+08:00 Dky_app_00 linx[100340]: -/+ buffers/cache:     315854     201050
2025-04-23T16:04:01.263072+08:00 Dky_app_00 linx[100340]: Swap:        61034          0      61034
2025-04-23T16:04:01.264282+08:00 Dky_app_00 linx[100342]: df -h
2025-04-23T16:04:01.265848+08:00 Dky_app_00 linx[100344]: Filesystem            Size  Used Avail Use% Mounted on
2025-04-23T16:04:01.265861+08:00 Dky_app_00 linx[100344]: /dev/sda2             185G   75G  101G  43% /
2025-04-23T16:04:01.265873+08:00 Dky_app_00 linx[100344]: /dev/sda3             585G  197G  359G  36% /home
2025-04-23T16:04:01.265898+08:00 Dky_app_00 linx[100344]: /dev/sdav             3.0T  1.3T  1.6T  45% /dbbak
2025-04-23T16:04:01.265909+08:00 Dky_app_00 linx[100344]: /dev/mapper/dmarch_22-arch
2025-04-23T16:04:01.265923+08:00 Dky_app_00 linx[100344]:                       886G  680G  162G  81% /dbarch
2025-04-23T16:04:01.265933+08:00 Dky_app_00 linx[100344]: tmpfs                  20M   48K   20M   1% /tmp/smp
2025-04-23T16:04:01.265963+08:00 Dky_app_00 linx[100344]: 192.168.9.23:/dbarch/arch_rac1
2025-04-23T16:04:01.265981+08:00 Dky_app_00 linx[100344]:                       788G  681G   68G  91% /dbarch/arch_dsc1_kafka
2025-04-23T16:04:01.267127+08:00 Dky_app_00 linx[100346]: df -ih
2025-04-23T16:04:01.268429+08:00 Dky_app_00 linx[100348]: Filesystem            Inodes   IUsed   IFree IUse% Mounted on
2025-04-23T16:04:01.268443+08:00 Dky_app_00 linx[100348]: /dev/sda2                12M    2.1M    9.7M   18% /
2025-04-23T16:04:01.268447+08:00 Dky_app_00 linx[100348]: /dev/sda3                37M     28K     37M    1% /home
2025-04-23T16:04:01.268459+08:00 Dky_app_00 linx[100348]: /dev/sdav               192M     11K    192M    1% /dbbak
2025-04-23T16:04:01.268467+08:00 Dky_app_00 linx[100348]: /dev/mapper/dmarch_22-arch
2025-04-23T16:04:01.268480+08:00 Dky_app_00 linx[100348]:                          57M     463     57M    1% /dbarch
2025-04-23T16:04:01.268485+08:00 Dky_app_00 linx[100348]: tmpfs                    64M      13     64M    1% /tmp/smp
2025-04-23T16:04:01.268497+08:00 Dky_app_00 linx[100348]: 192.168.9.23:/dbarch/arch_rac1
2025-04-23T16:04:01.268510+08:00 Dky_app_00 linx[100348]:                          50M     353     50M    1% /dbarch/arch_dsc1_kafka
2025-04-23T16:04:01.269561+08:00 Dky_app_00 linx[100350]: iostat -x
2025-04-23T16:04:01.273873+08:00 Dky_app_00 linx[100352]: Linux 2.6.32-Rocky4.2-x86_64 (Dky_app_00) #01104/23/25 #011_x86_64_
2025-04-23T16:04:01.273901+08:00 Dky_app_00 linx[100352]:
2025-04-23T16:04:01.277424+08:00 Dky_app_00 linx[100352]: avg-cpu:  %user   %nice %system %iowait  %steal   %idle
2025-04-23T16:04:01.277434+08:00 Dky_app_00 linx[100352]:            3.47    0.00    1.30    0.67    0.00   94.61
2025-04-23T16:04:01.277439+08:00 Dky_app_00 linx[100352]:
2025-04-23T16:04:01.277455+08:00 Dky_app_00 linx[100352]: Device:         rrqm/s   wrqm/s     r/s     w/s   rsec/s   wsec/s avgrq-sz avgqu-sz   await  svctm  %util
2025-04-23T16:04:01.277465+08:00 Dky_app_00 linx[100352]: sda               0.02   223.59    0.15   13.30    17.75  1895.13   142.21     0.01    0.68   0.13   0.18
2025-04-23T16:04:01.277486+08:00 Dky_app_00 linx[100352]: sda1              0.00     0.00    0.00    0.00     0.00     0.00    40.85     0.00    2.01   2.01   0.00
2025-04-23T16:04:01.277497+08:00 Dky_app_00 linx[100352]: sda2              0.02    18.33    0.06    1.67     8.49   160.02    97.25     0.00    0.54   0.35   0.06
2025-04-23T16:04:01.277501+08:00 Dky_app_00 linx[100352]: sda3              0.00   205.26    0.08   11.63     9.25  1735.11   148.86     0.01    0.70   0.11   0.13
2025-04-23T16:04:01.277517+08:00 Dky_app_00 linx[100352]: sdb               0.00     0.00    9.08   71.73   595.35  4604.13    64.34     0.01    0.18   0.29   2.33
2025-04-23T16:04:01.277535+08:00 Dky_app_00 linx[100352]: sdc               0.00     0.00    7.48   35.34   476.05  2281.25    64.39     0.00    0.83   0.70   3.00
2025-04-23T16:04:01.277542+08:00 Dky_app_00 linx[100352]: sdd               0.00     0.00    5.51    5.92   349.87   389.75    64.69     0.02    1.89   1.65   1.89
2025-04-23T16:04:01.277552+08:00 Dky_app_00 linx[100352]: sde               0.00     0.00    9.33   42.90   586.69   984.37    30.08     0.02    0.29   0.29   1.50
2025-04-23T16:04:01.277558+08:00 Dky_app_00 linx[100352]: sdf               0.00     0.00    0.00    0.00     0.00     0.00    28.80     0.00    8.78   8.77   0.00
2025-04-23T16:04:01.277572+08:00 Dky_app_00 linx[100352]: sdg               0.00     0.00    0.20    0.00     1.56     0.00     8.00     0.00    0.10   0.10   0.00
2025-04-23T16:04:01.277587+08:00 Dky_app_00 linx[100352]: sdh               0.00     0.00    0.10    4.38     2.46  2869.89   641.69     0.00    0.85   1.66   0.74
2025-04-23T16:04:01.277598+08:00 Dky_app_00 linx[100352]: sdi               0.00     0.00    9.09   71.71   596.32  4603.16    64.34     0.01    0.08   0.24   1.91
2025-04-23T16:04:01.277613+08:00 Dky_app_00 linx[100352]: sdj               0.00     0.00    7.47   35.35   475.64  2281.68    64.39     0.01    0.93   0.02   0.08
2025-04-23T16:04:01.277622+08:00 Dky_app_00 linx[100352]: sdk               0.00     0.00    5.51    5.92   350.03   389.59    64.69     0.02    1.78   1.58   1.80
2025-04-23T16:04:01.277632+08:00 Dky_app_00 linx[100352]: sdl               0.00     0.00    9.10   43.13   569.60  1000.52    30.06     0.02    0.37   0.37   1.93
2025-04-23T16:04:01.277649+08:00 Dky_app_00 linx[100352]: sdm               0.00     0.00    0.00    0.00     0.00     0.00    28.51     0.00    0.20   0.20   0.00
2025-04-23T16:04:01.277659+08:00 Dky_app_00 linx[100352]: sdn               0.00     0.00    0.20    0.00     1.56     0.00     8.00     0.00    0.10   0.10   0.00
2025-04-23T16:04:01.277665+08:00 Dky_app_00 linx[100352]: sdo               0.00     0.00    0.10    4.38     2.46  2855.84   638.54     0.00    0.52   1.57   0.70
2025-04-23T16:04:01.277680+08:00 Dky_app_00 linx[100352]: sdq               0.00     0.00    7.47   35.36   475.32  2281.99    64.39     0.01    0.92   0.02   0.07
2025-04-23T16:04:01.277695+08:00 Dky_app_00 linx[100352]: sdr               0.00     0.00    5.52    5.92   350.20   389.41    64.69     0.02    1.78   1.57   1.80
2025-04-23T16:04:01.277706+08:00 Dky_app_00 linx[100352]: sds               0.00     0.00    9.21   43.02   577.25  1007.96    30.35     0.02    0.36   0.36   1.90
2025-04-23T16:04:01.277716+08:00 Dky_app_00 linx[100352]: sdt               0.00     0.00    0.00    0.00     0.00     0.00    28.50     0.00    0.16   0.16   0.00
2025-04-23T16:04:01.277724+08:00 Dky_app_00 linx[100352]: sdu               0.00     0.00    0.20    0.00     1.56     0.00     8.00     0.00    0.09   0.09   0.00
2025-04-23T16:04:01.277743+08:00 Dky_app_00 linx[100352]: sdv               0.00     0.00    0.10    4.38     2.46  2844.55   636.01     0.00    0.52   1.57   0.70
2025-04-23T16:04:01.277752+08:00 Dky_app_00 linx[100352]: sdw               0.00     0.00    9.09   71.72   595.90  4603.58    64.34     0.01    0.18   0.29   2.34
2025-04-23T16:04:01.277768+08:00 Dky_app_00 linx[100352]: sdx               0.00     0.00    7.47   35.35   475.67  2281.63    64.39     0.00    0.83   0.71   3.02
2025-04-23T16:04:01.277786+08:00 Dky_app_00 linx[100352]: sdy               0.00     0.00    5.51    5.92   349.99   389.62    64.69     0.02    1.92   1.67   1.91
2025-04-23T16:04:01.277791+08:00 Dky_app_00 linx[100352]: sdz               0.00     0.00    9.36   42.87   587.87   996.01    30.33     0.02    0.29   0.29   1.50
2025-04-23T16:04:01.277803+08:00 Dky_app_00 linx[100352]: sdab              0.00     0.00    0.20    0.00     1.56     0.00     8.00     0.00    0.09   0.09   0.00
2025-04-23T16:04:01.277819+08:00 Dky_app_00 linx[100352]: sdaa              0.00     0.00    0.00    0.00     0.00     0.00    28.48     0.00    0.22   0.22   0.00
2025-04-23T16:04:01.277830+08:00 Dky_app_00 linx[100352]: sdac              0.00     0.00    0.10    4.38     2.46  2852.39   637.77     0.00    0.84   1.66   0.74
2025-04-23T16:04:01.277842+08:00 Dky_app_00 linx[100352]: sdad              0.00     0.00    9.08   71.73   595.14  4604.33    64.34     0.01    0.08   0.23   1.89
2025-04-23T16:04:01.277848+08:00 Dky_app_00 linx[100352]: sdaf              0.00     0.00    5.51    5.92   349.85   389.77    64.69     0.02    1.79   1.58   1.80
2025-04-23T16:04:01.277868+08:00 Dky_app_00 linx[100352]: sdag              0.00     0.00    9.34   42.89   587.82   983.13    30.08     0.02    0.36   0.36   1.89
2025-04-23T16:04:01.277876+08:00 Dky_app_00 linx[100352]: sdah              0.00     0.00    0.00    0.00     0.00     0.00    28.56     0.00    0.12   0.12   0.00
2025-04-23T16:04:01.277883+08:00 Dky_app_00 linx[100352]: sdae              0.00     0.00    7.48   35.34   476.15  2281.15    64.39     0.01    0.92   0.01   0.06
2025-04-23T16:04:01.277895+08:00 Dky_app_00 linx[100352]: sdai              0.00     0.00    0.20    0.00     1.56     0.00     8.00     0.00    0.08   0.08   0.00
2025-04-23T16:04:01.277916+08:00 Dky_app_00 linx[100352]: sdaj              0.00     0.00    0.10    4.38     2.46  2868.41   641.34     0.00    0.51   1.57   0.70
2025-04-23T16:04:01.277929+08:00 Dky_app_00 linx[100352]: sdak              0.00     0.00    9.10   71.71   596.66  4602.80    64.34     0.01    0.08   0.23   1.88
2025-04-23T16:04:01.277936+08:00 Dky_app_00 linx[100352]: sdal              0.00     0.00    7.47   35.35   475.39  2281.92    64.39     0.01    0.92   0.02   0.06
2025-04-23T16:04:01.277943+08:00 Dky_app_00 linx[100352]: sdam              0.00     0.00    5.51    5.92   350.13   389.49    64.69     0.02    1.78   1.57   1.79
2025-04-23T16:04:01.277948+08:00 Dky_app_00 linx[100352]: sdan              0.00     0.00    9.17   43.06   574.90  1006.76    30.28     0.02    0.36   0.36   1.86
2025-04-23T16:04:01.277966+08:00 Dky_app_00 linx[100352]: sdao              0.00     0.00    0.00    0.00     0.00     0.00    28.57     0.00    0.13   0.13   0.00
2025-04-23T16:04:01.277977+08:00 Dky_app_00 linx[100352]: sdap              0.00     0.00    0.20    0.00     1.56     0.00     8.00     0.00    0.08   0.08   0.00
2025-04-23T16:04:01.277982+08:00 Dky_app_00 linx[100352]: sdaq              0.00     0.00    0.10    4.38     2.46  2847.00   636.56     0.00    0.51   1.57   0.70
2025-04-23T16:04:01.277995+08:00 Dky_app_00 linx[100352]: sdar              0.00     0.00    9.11   71.70   597.31  4602.16    64.34     0.02    0.19   0.30   2.39
2025-04-23T16:04:01.278003+08:00 Dky_app_00 linx[100352]: sdas              0.00     0.00    7.47   35.36   475.26  2282.04    64.39     0.00    0.85   0.72   3.07
2025-04-23T16:04:01.278013+08:00 Dky_app_00 linx[100352]: sdat              0.00     0.00    5.52    5.92   350.25   389.37    64.69     0.02    1.96   1.70   1.94
2025-04-23T16:04:01.278018+08:00 Dky_app_00 linx[100352]: sdau              0.00     0.00    9.22   43.01   577.54  1008.67    30.37     0.02    0.31   0.30   1.59
2025-04-23T16:04:01.278034+08:00 Dky_app_00 linx[100352]: sdav              0.00    11.20    0.30    0.11    75.39    90.50   406.11     0.01   12.52   0.70   0.03
2025-04-23T16:04:01.278039+08:00 Dky_app_00 linx[100352]: sdaw              0.00     0.00    0.20    0.00     1.56     0.00     8.00     0.00    0.08   0.08   0.00
2025-04-23T16:04:01.278050+08:00 Dky_app_00 linx[100352]: sday              0.00     0.00    9.08   71.72   595.63  4603.84    64.34     0.01    0.17   0.29   2.31
2025-04-23T16:04:01.278059+08:00 Dky_app_00 linx[100352]: sdaz              0.00     0.00    7.48   35.35   475.90  2281.40    64.39     0.00    0.83   0.70   2.99
2025-04-23T16:04:01.278068+08:00 Dky_app_00 linx[100352]: sdba              0.00     0.00    5.51    5.92   349.89   389.72    64.69     0.02    1.90   1.65   1.89
2025-04-23T16:04:01.278077+08:00 Dky_app_00 linx[100352]: sdbb              0.00     0.00    9.34   42.89   586.93   987.32    30.14     0.01    0.28   0.28   1.45
2025-04-23T16:04:01.278091+08:00 Dky_app_00 linx[100352]: sdbc              0.00     0.00    0.00    0.00     0.00     0.00    28.53     0.00    0.21   0.21   0.00
2025-04-23T16:04:01.278099+08:00 Dky_app_00 linx[100352]: sdbd              0.00     0.00    0.20    0.00     1.56     0.00     8.00     0.00    0.07   0.07   0.00
2025-04-23T16:04:01.278108+08:00 Dky_app_00 linx[100352]: sdbe              0.00     0.00    0.10    4.38     2.46  2843.91   635.88     0.00    0.82   1.65   0.74
2025-04-23T16:04:01.278119+08:00 Dky_app_00 linx[100352]: sdax              0.00     0.00    0.10    4.38     2.46  2871.68   642.09     0.00    0.85   1.66   0.74
2025-04-23T16:04:01.278132+08:00 Dky_app_00 linx[100352]: dm-0              0.00     0.70   72.34  573.73  4766.12 36826.51    64.38     0.03    0.04   0.04   2.82
2025-04-23T16:04:01.278145+08:00 Dky_app_00 linx[100352]: dm-1              0.00     0.34   59.40  282.80  3802.20 18253.05    64.45     0.01    0.04   0.05   1.69
2025-04-23T16:04:01.278155+08:00 Dky_app_00 linx[100352]: dm-2              0.01     0.04   43.70   47.37  2797.03  3116.72    64.94     0.01    0.46   0.18   1.60
2025-04-23T16:04:01.278163+08:00 Dky_app_00 linx[100352]: dm-3              0.00     0.00   73.67  343.76  4645.40  7974.75    30.23     0.01    0.10   0.01   0.60
2025-04-23T16:04:01.278177+08:00 Dky_app_00 linx[100352]: dm-4              0.00     0.00    0.00    0.00     0.00     0.00    15.59     0.00   17.28  17.28   0.00
2025-04-23T16:04:01.278191+08:00 Dky_app_00 linx[100352]: dm-5              0.00  2821.67    0.37   35.04    16.45 22853.67   645.84     0.01    0.38   0.29   1.02
2025-04-23T16:04:01.278201+08:00 Dky_app_00 linx[100352]: dm-6              0.00     0.00   25.49    3.00   333.40     3.00    11.81     0.01    0.36   0.36   1.02
2025-04-23T16:04:01.278214+08:00 Dky_app_00 linx[100352]: dm-7              0.00     0.00   45.80    0.00  4287.04     0.03    93.60     0.02    0.41   0.41   1.89
2025-04-23T16:04:01.278238+08:00 Dky_app_00 linx[100352]: dm-8              0.00     0.00    2.38  340.77    24.96  7971.72    23.30     0.01    0.03   0.03   1.04
2025-04-23T16:04:01.278246+08:00 Dky_app_00 linx[100352]: dm-9              0.00     0.00    0.37 2856.71    16.45 22853.67     8.00     0.02    0.00   0.00   1.03
2025-04-23T16:04:01.278251+08:00 Dky_app_00 linx[100352]:
2025-04-23T16:04:01.279345+08:00 Dky_app_00 linx[100354]: netstat -an |grep -i 'established'|wc -l
2025-04-23T16:04:01.310084+08:00 Dky_app_00 linx[100358]: 924
2025-04-23T16:04:01.311164+08:00 Dky_app_00 linx[100370]: date
2025-04-23T16:04:01.312295+08:00 Dky_app_00 linx[100372]: Wed Apr 23 16:04:01 CST 2025
2025-04-23T16:04:01.313247+08:00 Dky_app_00 linx[100374]: cat   /proc/buddyinfo
2025-04-23T16:04:01.314302+08:00 Dky_app_00 linx[100376]: Node 0, zone      DMA      1      1      1      1      2      1      0      0      1      1      3
2025-04-23T16:04:01.314313+08:00 Dky_app_00 linx[100376]: Node 0, zone    DMA32    280     48     58     30     25     34      9     12      9     55     28
2025-04-23T16:04:01.314317+08:00 Dky_app_00 linx[100376]: Node 0, zone   Normal     70   2273   2373    985    708    597  14950  10163   4054      2      1
2025-04-23T16:04:01.314333+08:00 Dky_app_00 linx[100376]: Node 1, zone   Normal   1097   4498   2728   1806   2429  20326  18771   9485   3140      1      1
2025-04-23T16:04:01.314358+08:00 Dky_app_00 linx[100376]: Node 2, zone   Normal   4854   4951   3128   1703   1348   1492   5318   5702   1886      0      0
2025-04-23T16:04:01.314386+08:00 Dky_app_00 linx[100376]: Node 3, zone   Normal   7105  14262  14677   8768  16305  55810  31034  11865   2995      0      0
2025-04-23T16:04:01.314395+08:00 Dky_app_00 linx[100376]: Node 4, zone   Normal   6942  17292  43841  73582  93415  62738  32295  10014   1531      0      0
2025-04-23T16:04:01.314407+08:00 Dky_app_00 linx[100376]: Node 5, zone   Normal    421    359    760   1134   1668   6341  18053   8983   3257      1      0
2025-04-23T16:04:01.314425+08:00 Dky_app_00 linx[100376]: Node 6, zone   Normal   1379   8045   8033   7009   5332   3235   3796   2698   1548      0      0
2025-04-23T16:04:01.314435+08:00 Dky_app_00 linx[100376]: Node 7, zone   Normal    324   2159  27029  36832  39129  29018  18069   9415   3342      0      0
2025-04-23T16:04:01.315413+08:00 Dky_app_00 linx[100378]: top-detail:
2025-04-23T16:04:01.961471+08:00 Dky_app_00 linx[100381]: top - 16:04:01 up 1551 days,  3:46,  8 users,  load average: 107.21, 103.59, 94.
2025-04-23T16:04:01.961492+08:00 Dky_app_00 linx[100381]: Tasks: 3169 total,   2 running, 3165 sleeping,   1 stopped,   1 zombie
2025-04-23T16:04:01.961503+08:00 Dky_app_00 linx[100381]: Cpu(s):  3.5%us,  1.2%sy,  0.0%ni, 94.6%id,  0.7%wa,  0.0%hi,  0.0%si,  0.0%st
2025-04-23T16:04:01.961508+08:00 Dky_app_00 linx[100381]: Mem:  529310592k total, 395723624k used, 133586968k free,   114900k buffers
2025-04-23T16:04:01.961513+08:00 Dky_app_00 linx[100381]: Swap: 62499836k total,        0k used, 62499836k free, 72171468k cached
2025-04-23T16:04:01.961515+08:00 Dky_app_00 linx[100381]:
2025-04-23T16:04:01.961517+08:00 Dky_app_00 linx[100381]:    PID USER      PR  NI  VIRT  RES  SHR S %CPU %MEM    TIME+  COMMAND
2025-04-23T16:04:01.961527+08:00 Dky_app_00 linx[100381]: 100379 sysadmin  20   0 12844 3484  760 R    9  0.0   0:00.13 top
2025-04-23T16:04:01.961530+08:00 Dky_app_00 linx[100381]:  41212 sysadmin  20   0 1095m  20m 2944 S    2  0.0  29086:07 linx_smp
2025-04-23T16:04:01.961541+08:00 Dky_app_00 linx[100381]: 100401 sysadmin  20   0  5500 1456  628 R    2  0.0   0:00.01 fuser
2025-04-23T16:04:01.961547+08:00 Dky_app_00 linx[100381]:      1 root      20   0  7852  612  512 S    0  0.0  31:07.30 init
2025-04-23T16:04:01.961556+08:00 Dky_app_00 linx[100381]:      2 root      20   0     0    0    0 S    0  0.0   0:02.80 kthreadd
2025-04-23T16:04:01.961567+08:00 Dky_app_00 linx[100381]:      3 root      RT   0     0    0    0 S    0  0.0 112:36.37 migration/0
2025-04-23T16:04:01.961571+08:00 Dky_app_00 linx[100381]:      4 root      20   0     0    0    0 S    0  0.0  84:30.65 ksoftirqd/0
2025-04-23T16:04:01.961584+08:00 Dky_app_00 linx[100381]:      5 root      RT   0     0    0    0 S    0  0.0   0:00.00 stopper/0
2025-04-23T16:04:01.961591+08:00 Dky_app_00 linx[100381]:      6 root      RT   0     0    0    0 S    0  0.0   2:55.88 watchdog/0
2025-04-23T16:04:01.961605+08:00 Dky_app_00 linx[100381]:      7 root      RT   0     0    0    0 S    0  0.0  77:01.65 migration/1
2025-04-23T16:04:01.961612+08:00 Dky_app_00 linx[100381]:      8 root      RT   0     0    0    0 S    0  0.0   0:00.00 stopper/1
2025-04-23T16:04:01.961625+08:00 Dky_app_00 linx[100381]:      9 root      20   0     0    0    0 S    0  0.0 378:07.84 ksoftirqd/1
2025-04-23T16:04:01.961637+08:00 Dky_app_00 linx[100381]:     10 root      RT   0     0    0    0 S    0  0.0   5:34.41 watchdog/1
2025-04-23T16:06:01.147442+08:00 Dky_app_00 /usr/sbin/cron[103263]: (root) CMD (sh /usr/bin/msmp >> /var/log/msmp.log )
2025-04-23T16:06:01.147469+08:00 Dky_app_00 /usr/sbin/cron[103264]: (sysadmin) CMD (/usr/sbin/get_max_mem_process.sh)
2025-04-23T16:06:01.147561+08:00 Dky_app_00 /usr/sbin/cron[103265]: (root) CMD (/home/dmdba/drop_cached.sh)
2025-04-23T16:06:01.147713+08:00 Dky_app_00 /usr/sbin/cron[103266]: (dmdba) CMD (sh net_colsewait_mon.sh)
2025-04-23T16:06:01.147900+08:00 Dky_app_00 /usr/sbin/cron[103267]: (dmdba) CMD (sh /home/dmdba/dm/db_sessmon.sh)
2025-04-23T16:06:01.150586+08:00 Dky_app_00 linx[103271]: uptime
2025-04-23T16:06:01.178209+08:00 Dky_app_00 linx[103283]:  16:06:01 up 1551 days,  3:48,  8 users,  load average: 108.94, 105.37, 96.30
2025-04-23T16:06:01.179418+08:00 Dky_app_00 linx[103293]: free -m
2025-04-23T16:06:01.182727+08:00 Dky_app_00 linx[103295]:              total       used       free     shared    buffers     cached
2025-04-23T16:06:01.182756+08:00 Dky_app_00 linx[103295]: Mem:        516904     387793     129111          0        112      70482
2025-04-23T16:06:01.182762+08:00 Dky_app_00 linx[103295]: -/+ buffers/cache:     317198     199706
2025-04-23T16:06:01.182767+08:00 Dky_app_00 linx[103295]: Swap:        61034          0      61034
2025-04-23T16:06:01.183876+08:00 Dky_app_00 linx[103297]: df -h
2025-04-23T16:06:01.185118+08:00 Dky_app_00 linx[103299]: Filesystem            Size  Used Avail Use% Mounted on
2025-04-23T16:06:01.185134+08:00 Dky_app_00 linx[103299]: /dev/sda2             185G   75G  101G  43% /
2025-04-23T16:06:01.185138+08:00 Dky_app_00 linx[103299]: /dev/sda3             585G  197G  359G  36% /home
2025-04-23T16:06:01.185142+08:00 Dky_app_00 linx[103299]: /dev/sdav             3.0T  1.3T  1.6T  45% /dbbak
2025-04-23T16:06:01.185148+08:00 Dky_app_00 linx[103299]: /dev/mapper/dmarch_22-arch
2025-04-23T16:06:01.185163+08:00 Dky_app_00 linx[103299]:                       886G  680G  162G  81% /dbarch
2025-04-23T16:06:01.185173+08:00 Dky_app_00 linx[103299]: tmpfs                  20M   36K   20M   1% /tmp/smp
2025-04-23T16:06:01.185177+08:00 Dky_app_00 linx[103299]: 192.168.9.23:/dbarch/arch_rac1
2025-04-23T16:06:01.185190+08:00 Dky_app_00 linx[103299]:                       788G  681G   68G  91% /dbarch/arch_dsc1_kafka
2025-04-23T16:06:01.186247+08:00 Dky_app_00 linx[103301]: df -ih
2025-04-23T16:06:01.187390+08:00 Dky_app_00 linx[103303]: Filesystem            Inodes   IUsed   IFree IUse% Mounted on
2025-04-23T16:06:01.187403+08:00 Dky_app_00 linx[103303]: /dev/sda2                12M    2.1M    9.7M   18% /
2025-04-23T16:06:01.187408+08:00 Dky_app_00 linx[103303]: /dev/sda3                37M     28K     37M    1% /home
2025-04-23T16:06:01.187420+08:00 Dky_app_00 linx[103303]: /dev/sdav               192M     11K    192M    1% /dbbak
2025-04-23T16:06:01.187424+08:00 Dky_app_00 linx[103303]: /dev/mapper/dmarch_22-arch
2025-04-23T16:06:01.187435+08:00 Dky_app_00 linx[103303]:                          57M     463     57M    1% /dbarch
2025-04-23T16:06:01.187440+08:00 Dky_app_00 linx[103303]: tmpfs                    64M      13     64M    1% /tmp/smp
2025-04-23T16:06:01.187449+08:00 Dky_app_00 linx[103303]: 192.168.9.23:/dbarch/arch_rac1
2025-04-23T16:06:01.187460+08:00 Dky_app_00 linx[103303]:                          50M     353     50M    1% /dbarch/arch_dsc1_kafka
2025-04-23T16:06:01.188500+08:00 Dky_app_00 linx[103305]: iostat -x
2025-04-23T16:06:01.192800+08:00 Dky_app_00 linx[103307]: Linux 2.6.32-Rocky4.2-x86_64 (Dky_app_00) #01104/23/25 #011_x86_64_
2025-04-23T16:06:01.192816+08:00 Dky_app_00 linx[103307]:
2025-04-23T16:06:01.196679+08:00 Dky_app_00 linx[103307]: avg-cpu:  %user   %nice %system %iowait  %steal   %idle
2025-04-23T16:06:01.196698+08:00 Dky_app_00 linx[103307]:            3.47    0.00    1.30    0.67    0.00   94.61
2025-04-23T16:06:01.196707+08:00 Dky_app_00 linx[103307]:
2025-04-23T16:06:01.196718+08:00 Dky_app_00 linx[103307]: Device:         rrqm/s   wrqm/s     r/s     w/s   rsec/s   wsec/s avgrq-sz avgqu-sz   await  svctm  %util
2025-04-23T16:06:01.196730+08:00 Dky_app_00 linx[103307]: sda               0.02   223.59    0.15   13.30    17.75  1895.13   142.21     0.01    0.68   0.13   0.18
2025-04-23T16:06:01.196742+08:00 Dky_app_00 linx[103307]: sda1              0.00     0.00    0.00    0.00     0.00     0.00    40.85     0.00    2.01   2.01   0.00
2025-04-23T16:06:01.196753+08:00 Dky_app_00 linx[103307]: sda2              0.02    18.33    0.06    1.67     8.49   160.02    97.25     0.00    0.54   0.35   0.06
2025-04-23T16:06:01.196763+08:00 Dky_app_00 linx[103307]: sda3              0.00   205.26    0.08   11.63     9.25  1735.11   148.86     0.01    0.70   0.11   0.13
2025-04-23T16:06:01.196769+08:00 Dky_app_00 linx[103307]: sdb               0.00     0.00    9.08   71.73   595.35  4604.13    64.34     0.01    0.18   0.29   2.33
2025-04-23T16:06:01.196783+08:00 Dky_app_00 linx[103307]: sdc               0.00     0.00    7.48   35.34   476.05  2281.24    64.39     0.00    0.83   0.70   3.00
2025-04-23T16:06:01.196794+08:00 Dky_app_00 linx[103307]: sdd               0.00     0.00    5.51    5.92   349.87   389.75    64.69     0.02    1.89   1.65   1.89
2025-04-23T16:06:01.196807+08:00 Dky_app_00 linx[103307]: sde               0.00     0.00    9.33   42.90   586.69   984.37    30.08     0.02    0.29   0.29   1.50
2025-04-23T16:06:01.196819+08:00 Dky_app_00 linx[103307]: sdf               0.00     0.00    0.00    0.00     0.00     0.00    28.80     0.00    8.78   8.77   0.00
2025-04-23T16:06:01.196829+08:00 Dky_app_00 linx[103307]: sdg               0.00     0.00    0.20    0.00     1.56     0.00     8.00     0.00    0.10   0.10   0.00
2025-04-23T16:06:01.196845+08:00 Dky_app_00 linx[103307]: sdh               0.00     0.00    0.10    4.38     2.46  2869.89   641.69     0.00    0.85   1.66   0.74
2025-04-23T16:06:01.196857+08:00 Dky_app_00 linx[103307]: sdi               0.00     0.00    9.09   71.71   596.32  4603.15    64.34     0.01    0.08   0.24   1.91
2025-04-23T16:06:01.196868+08:00 Dky_app_00 linx[103307]: sdj               0.00     0.00    7.47   35.35   475.64  2281.68    64.39     0.01    0.93   0.02   0.08
2025-04-23T16:06:01.196879+08:00 Dky_app_00 linx[103307]: sdk               0.00     0.00    5.51    5.92   350.03   389.59    64.69     0.02    1.78   1.58   1.80
2025-04-23T16:06:01.196894+08:00 Dky_app_00 linx[103307]: sdl               0.00     0.00    9.10   43.13   569.60  1000.52    30.06     0.02    0.37   0.37   1.93
2025-04-23T16:06:01.196900+08:00 Dky_app_00 linx[103307]: sdm               0.00     0.00    0.00    0.00     0.00     0.00    28.51     0.00    0.20   0.20   0.00
2025-04-23T16:06:01.196911+08:00 Dky_app_00 linx[103307]: sdn               0.00     0.00    0.20    0.00     1.56     0.00     8.00     0.00    0.10   0.10   0.00
2025-04-23T16:06:01.196918+08:00 Dky_app_00 linx[103307]: sdo               0.00     0.00    0.10    4.38     2.46  2855.84   638.54     0.00    0.52   1.57   0.70
2025-04-23T16:06:01.196928+08:00 Dky_app_00 linx[103307]: sdq               0.00     0.00    7.47   35.36   475.32  2281.98    64.39     0.01    0.92   0.02   0.07
2025-04-23T16:06:01.196942+08:00 Dky_app_00 linx[103307]: sdr               0.00     0.00    5.52    5.92   350.20   389.41    64.69     0.02    1.78   1.57   1.80
2025-04-23T16:06:01.196947+08:00 Dky_app_00 linx[103307]: sds               0.00     0.00    9.21   43.02   577.25  1007.96    30.35     0.02    0.36   0.36   1.90
2025-04-23T16:06:01.196964+08:00 Dky_app_00 linx[103307]: sdt               0.00     0.00    0.00    0.00     0.00     0.00    28.50     0.00    0.16   0.16   0.00
2025-04-23T16:06:01.196973+08:00 Dky_app_00 linx[103307]: sdu               0.00     0.00    0.20    0.00     1.56     0.00     8.00     0.00    0.09   0.09   0.00
2025-04-23T16:06:01.196985+08:00 Dky_app_00 linx[103307]: sdv               0.00     0.00    0.10    4.38     2.46  2844.55   636.01     0.00    0.52   1.57   0.70
2025-04-23T16:06:01.197005+08:00 Dky_app_00 linx[103307]: sdw               0.00     0.00    9.09   71.72   595.90  4603.58    64.34     0.01    0.18   0.29   2.34
2025-04-23T16:06:01.197015+08:00 Dky_app_00 linx[103307]: sdx               0.00     0.00    7.47   35.35   475.67  2281.63    64.39     0.00    0.83   0.71   3.02
2025-04-23T16:06:01.197021+08:00 Dky_app_00 linx[103307]: sdy               0.00     0.00    5.51    5.92   349.99   389.62    64.69     0.02    1.92   1.67   1.91
2025-04-23T16:06:01.197026+08:00 Dky_app_00 linx[103307]: sdz               0.00     0.00    9.36   42.87   587.87   996.01    30.33     0.02    0.29   0.29   1.50
2025-04-23T16:06:01.197040+08:00 Dky_app_00 linx[103307]: sdab              0.00     0.00    0.20    0.00     1.56     0.00     8.00     0.00    0.09   0.09   0.00
2025-04-23T16:06:01.197061+08:00 Dky_app_00 linx[103307]: sdaa              0.00     0.00    0.00    0.00     0.00     0.00    28.48     0.00    0.22   0.22   0.00
2025-04-23T16:06:01.197071+08:00 Dky_app_00 linx[103307]: sdac              0.00     0.00    0.10    4.38     2.46  2852.38   637.77     0.00    0.84   1.66   0.74
2025-04-23T16:06:01.197076+08:00 Dky_app_00 linx[103307]: sdad              0.00     0.00    9.08   71.73   595.14  4604.33    64.34     0.01    0.08   0.23   1.89
2025-04-23T16:06:01.197095+08:00 Dky_app_00 linx[103307]: sdaf              0.00     0.00    5.51    5.92   349.85   389.77    64.69     0.02    1.79   1.58   1.80
2025-04-23T16:06:01.197106+08:00 Dky_app_00 linx[103307]: sdag              0.00     0.00    9.34   42.89   587.82   983.13    30.08     0.02    0.36   0.36   1.89
2025-04-23T16:06:01.197117+08:00 Dky_app_00 linx[103307]: sdah              0.00     0.00    0.00    0.00     0.00     0.00    28.56     0.00    0.12   0.12   0.00
2025-04-23T16:06:01.197129+08:00 Dky_app_00 linx[103307]: sdae              0.00     0.00    7.48   35.34   476.15  2281.15    64.39     0.01    0.92   0.01   0.06
2025-04-23T16:06:01.197134+08:00 Dky_app_00 linx[103307]: sdai              0.00     0.00    0.20    0.00     1.56     0.00     8.00     0.00    0.08   0.08   0.00
2025-04-23T16:06:01.197163+08:00 Dky_app_00 linx[103307]: sdaj              0.00     0.00    0.10    4.38     2.46  2868.41   641.34     0.00    0.51   1.57   0.70
2025-04-23T16:06:01.197169+08:00 Dky_app_00 linx[103307]: sdak              0.00     0.00    9.10   71.71   596.66  4602.80    64.34     0.01    0.08   0.23   1.88
2025-04-23T16:06:01.197175+08:00 Dky_app_00 linx[103307]: sdal              0.00     0.00    7.47   35.35   475.39  2281.92    64.39     0.01    0.92   0.02   0.06
2025-04-23T16:06:01.197183+08:00 Dky_app_00 linx[103307]: sdam              0.00     0.00    5.51    5.92   350.13   389.49    64.69     0.02    1.78   1.57   1.79
2025-04-23T16:06:01.197194+08:00 Dky_app_00 linx[103307]: sdan              0.00     0.00    9.17   43.06   574.90  1006.76    30.28     0.02    0.36   0.36   1.86
2025-04-23T16:06:01.197206+08:00 Dky_app_00 linx[103307]: sdao              0.00     0.00    0.00    0.00     0.00     0.00    28.57     0.00    0.13   0.13   0.00
2025-04-23T16:06:01.197215+08:00 Dky_app_00 linx[103307]: sdap              0.00     0.00    0.20    0.00     1.56     0.00     8.00     0.00    0.08   0.08   0.00
2025-04-23T16:06:01.197225+08:00 Dky_app_00 linx[103307]: sdaq              0.00     0.00    0.10    4.38     2.46  2847.00   636.56     0.00    0.51   1.57   0.70
2025-04-23T16:06:01.197235+08:00 Dky_app_00 linx[103307]: sdar              0.00     0.00    9.11   71.70   597.31  4602.16    64.34     0.02    0.19   0.30   2.39
2025-04-23T16:06:01.197245+08:00 Dky_app_00 linx[103307]: sdas              0.00     0.00    7.47   35.36   475.26  2282.04    64.39     0.00    0.85   0.72   3.07
2025-04-23T16:06:01.197263+08:00 Dky_app_00 linx[103307]: sdat              0.00     0.00    5.52    5.92   350.25   389.37    64.69     0.02    1.96   1.70   1.94
2025-04-23T16:06:01.197273+08:00 Dky_app_00 linx[103307]: sdau              0.00     0.00    9.22   43.00   577.54  1008.67    30.37     0.02    0.31   0.30   1.59
2025-04-23T16:06:01.197278+08:00 Dky_app_00 linx[103307]: sdav              0.00    11.20    0.30    0.11    75.39    90.50   406.11     0.01   12.52   0.70   0.03
2025-04-23T16:06:01.197295+08:00 Dky_app_00 linx[103307]: sdaw              0.00     0.00    0.20    0.00     1.56     0.00     8.00     0.00    0.08   0.08   0.00
2025-04-23T16:06:01.197306+08:00 Dky_app_00 linx[103307]: sday              0.00     0.00    9.08   71.72   595.63  4603.84    64.34     0.01    0.17   0.29   2.31
2025-04-23T16:06:01.197316+08:00 Dky_app_00 linx[103307]: sdaz              0.00     0.00    7.48   35.35   475.90  2281.40    64.39     0.00    0.83   0.70   2.99
2025-04-23T16:06:01.197329+08:00 Dky_app_00 linx[103307]: sdba              0.00     0.00    5.51    5.92   349.89   389.72    64.69     0.02    1.90   1.65   1.89
2025-04-23T16:06:01.197336+08:00 Dky_app_00 linx[103307]: sdbb              0.00     0.00    9.34   42.89   586.93   987.32    30.14     0.01    0.28   0.28   1.45
2025-04-23T16:06:01.197349+08:00 Dky_app_00 linx[103307]: sdbc              0.00     0.00    0.00    0.00     0.00     0.00    28.53     0.00    0.21   0.21   0.00
2025-04-23T16:06:01.197361+08:00 Dky_app_00 linx[103307]: sdbd              0.00     0.00    0.20    0.00     1.56     0.00     8.00     0.00    0.07   0.07   0.00
2025-04-23T16:06:01.197371+08:00 Dky_app_00 linx[103307]: sdbe              0.00     0.00    0.10    4.38     2.46  2843.91   635.88     0.00    0.82   1.65   0.74
2025-04-23T16:06:01.197383+08:00 Dky_app_00 linx[103307]: sdax              0.00     0.00    0.10    4.38     2.46  2871.68   642.09     0.00    0.85   1.66   0.74
2025-04-23T16:06:01.197396+08:00 Dky_app_00 linx[103307]: dm-0              0.00     0.70   72.34  573.73  4766.12 36826.48    64.38     0.03    0.04   0.04   2.82
2025-04-23T16:06:01.197411+08:00 Dky_app_00 linx[103307]: dm-1              0.00     0.34   59.40  282.80  3802.19 18253.04    64.45     0.01    0.04   0.05   1.69
2025-04-23T16:06:01.197429+08:00 Dky_app_00 linx[103307]: dm-2              0.01     0.04   43.70   47.37  2797.03  3116.72    64.94     0.01    0.46   0.18   1.60
2025-04-23T16:06:01.197433+08:00 Dky_app_00 linx[103307]: dm-3              0.00     0.00   73.67  343.76  4645.40  7974.74    30.23     0.01    0.10   0.01   0.60
2025-04-23T16:06:01.197450+08:00 Dky_app_00 linx[103307]: dm-4              0.00     0.00    0.00    0.00     0.00     0.00    15.59     0.00   17.28  17.28   0.00
2025-04-23T16:06:01.197463+08:00 Dky_app_00 linx[103307]: dm-5              0.00  2821.66    0.37   35.04    16.45 22853.65   645.84     0.01    0.38   0.29   1.02
2025-04-23T16:06:01.197475+08:00 Dky_app_00 linx[103307]: dm-6              0.00     0.00   25.49    3.00   333.40     3.00    11.81     0.01    0.36   0.36   1.02
2025-04-23T16:06:01.197484+08:00 Dky_app_00 linx[103307]: dm-7              0.00     0.00   45.80    0.00  4287.04     0.03    93.60     0.02    0.41   0.41   1.89
2025-04-23T16:06:01.197497+08:00 Dky_app_00 linx[103307]: dm-8              0.00     0.00    2.38  340.77    24.96  7971.72    23.30     0.01    0.03   0.03   1.04
2025-04-23T16:06:01.197509+08:00 Dky_app_00 linx[103307]: dm-9              0.00     0.00    0.37 2856.71    16.45 22853.65     8.00     0.02    0.00   0.00   1.03
2025-04-23T16:06:01.197519+08:00 Dky_app_00 linx[103307]:
2025-04-23T16:06:01.198677+08:00 Dky_app_00 linx[103309]: netstat -an |grep -i 'established'|wc -l
2025-04-23T16:06:01.228921+08:00 Dky_app_00 linx[103313]: 920
2025-04-23T16:06:01.230128+08:00 Dky_app_00 linx[103319]: date
2025-04-23T16:06:01.231259+08:00 Dky_app_00 linx[103321]: Wed Apr 23 16:06:01 CST 2025
2025-04-23T16:06:01.232290+08:00 Dky_app_00 linx[103323]: cat   /proc/buddyinfo
2025-04-23T16:06:01.233302+08:00 Dky_app_00 linx[103325]: Node 0, zone      DMA      1      1      1      1      2      1      0      0      1      1      3
2025-04-23T16:06:01.233314+08:00 Dky_app_00 linx[103325]: Node 0, zone    DMA32    280     48     58     30     25     34      9     12      9     55     28
2025-04-23T16:06:01.233326+08:00 Dky_app_00 linx[103325]: Node 0, zone   Normal    259   2237   2372    985    708    597  14950  10163   4054      0      0
2025-04-23T16:06:01.233338+08:00 Dky_app_00 linx[103325]: Node 1, zone   Normal    611   2638   2615   1701   2399  19609  18106   9054   2988      0      0
2025-04-23T16:06:01.233352+08:00 Dky_app_00 linx[103325]: Node 2, zone   Normal    538   3884   3006   1716   1345   1504   4871   5096   1721      1      0
2025-04-23T16:06:01.233360+08:00 Dky_app_00 linx[103325]: Node 3, zone   Normal   7184  14199  14681   8767  16306  55810  31034  11865   2995      0      0
2025-04-23T16:06:01.233374+08:00 Dky_app_00 linx[103325]: Node 4, zone   Normal   7004  17299  43825  73518  93358  62701  32273  10012   1530      0      0
2025-04-23T16:06:01.233387+08:00 Dky_app_00 linx[103325]: Node 5, zone   Normal    235    260    932   1135   1662   6313  17949   8935   3247      2      0
2025-04-23T16:06:01.233403+08:00 Dky_app_00 linx[103325]: Node 6, zone   Normal   1190   7843   8023   6996   5321   3224   3789   2689   1541      4      0
2025-04-23T16:06:01.233410+08:00 Dky_app_00 linx[103325]: Node 7, zone   Normal    318   2463  27041  36832  39129  29018  18069   9415   3342      0      0
2025-04-23T16:06:01.234565+08:00 Dky_app_00 linx[103327]: top-detail:
2025-04-23T16:06:01.888544+08:00 Dky_app_00 linx[103330]: top - 16:06:01 up 1551 days,  3:48,  8 users,  load average: 108.94, 105.37, 96.
2025-04-23T16:06:01.888567+08:00 Dky_app_00 linx[103330]: Tasks: 3174 total,   2 running, 3170 sleeping,   1 stopped,   1 zombie
2025-04-23T16:06:01.888577+08:00 Dky_app_00 linx[103330]: Cpu(s):  3.5%us,  1.2%sy,  0.0%ni, 94.6%id,  0.7%wa,  0.0%hi,  0.0%si,  0.0%st
2025-04-23T16:06:01.888583+08:00 Dky_app_00 linx[103330]: Mem:  529310592k total, 397109680k used, 132200912k free,   115320k buffers
2025-04-23T16:06:01.888588+08:00 Dky_app_00 linx[103330]: Swap: 62499836k total,        0k used, 62499836k free, 72174108k cached
2025-04-23T16:06:01.888593+08:00 Dky_app_00 linx[103330]:
2025-04-23T16:06:01.888597+08:00 Dky_app_00 linx[103330]:    PID USER      PR  NI  VIRT  RES  SHR S %CPU %MEM    TIME+  COMMAND
2025-04-23T16:06:01.888601+08:00 Dky_app_00 linx[103330]: 103356 sysadmin  20   0  9000 4924  628 R   12  0.0   0:00.07 fuser
2025-04-23T16:06:01.888614+08:00 Dky_app_00 linx[103330]: 103328 sysadmin  20   0 12844 3480  760 R   10  0.0   0:00.13 top
2025-04-23T16:06:01.888620+08:00 Dky_app_00 linx[103330]:  41212 sysadmin  20   0 1095m  20m 2944 S    2  0.0  29086:09 linx_smp
2025-04-23T16:06:01.888635+08:00 Dky_app_00 linx[103330]:  96228 root      20   0  302m 4704 2908 S    2  0.0  18:18.92 guard-pmc
2025-04-23T16:06:01.888643+08:00 Dky_app_00 linx[103330]:      1 root      20   0  7852  612  512 S    0  0.0  31:07.30 init
2025-04-23T16:06:01.888654+08:00 Dky_app_00 linx[103330]:      2 root      20   0     0    0    0 S    0  0.0   0:02.80 kthreadd
2025-04-23T16:06:01.888664+08:00 Dky_app_00 linx[103330]:      3 root      RT   0     0    0    0 S    0  0.0 112:36.37 migration/0
2025-04-23T16:06:01.888676+08:00 Dky_app_00 linx[103330]:      4 root      20   0     0    0    0 S    0  0.0  84:30.65 ksoftirqd/0
2025-04-23T16:06:01.888682+08:00 Dky_app_00 linx[103330]:      5 root      RT   0     0    0    0 S    0  0.0   0:00.00 stopper/0
2025-04-23T16:06:01.888686+08:00 Dky_app_00 linx[103330]:      6 root      RT   0     0    0    0 S    0  0.0   2:55.88 watchdog/0
2025-04-23T16:06:01.888699+08:00 Dky_app_00 linx[103330]:      7 root      RT   0     0    0    0 S    0  0.0  77:01.65 migration/1
2025-04-23T16:06:01.888706+08:00 Dky_app_00 linx[103330]:      8 root      RT   0     0    0    0 S    0  0.0   0:00.00 stopper/1
2025-04-23T16:06:01.888716+08:00 Dky_app_00 linx[103330]:      9 root      20   0     0    0    0 S    0  0.0 378:07.87 ksoftirqd/1
2025-04-23T16:08:01.032097+08:00 Dky_app_00 /usr/sbin/cron[106225]: (root) CMD (sh /usr/bin/msmp >> /var/log/msmp.log )
2025-04-23T16:08:01.032216+08:00 Dky_app_00 /usr/sbin/cron[106226]: (sysadmin) CMD (/usr/sbin/get_max_mem_process.sh)
2025-04-23T16:08:01.032250+08:00 Dky_app_00 /usr/sbin/cron[106227]: (root) CMD (/home/dmdba/drop_cached.sh)
2025-04-23T16:08:01.032458+08:00 Dky_app_00 /usr/sbin/cron[106228]: (dmdba) CMD (sh net_colsewait_mon.sh)
2025-04-23T16:08:01.032510+08:00 Dky_app_00 /usr/sbin/cron[106229]: (dmdba) CMD (sh /home/dmdba/dm/db_sessmon.sh)
2025-04-23T16:08:01.035310+08:00 Dky_app_00 linx[106233]: uptime
2025-04-23T16:08:01.071021+08:00 Dky_app_00 linx[106244]:  16:08:01 up 1551 days,  3:50,  8 users,  load average: 110.59, 107.11, 98.04
2025-04-23T16:08:01.072202+08:00 Dky_app_00 linx[106255]: free -m
2025-04-23T16:08:01.075615+08:00 Dky_app_00 linx[106257]:              total       used       free     shared    buffers     cached
2025-04-23T16:08:01.075640+08:00 Dky_app_00 linx[106257]: Mem:        516904     389150     127754          0        113      70485
2025-04-23T16:08:01.075647+08:00 Dky_app_00 linx[106257]: -/+ buffers/cache:     318552     198352
2025-04-23T16:08:01.075655+08:00 Dky_app_00 linx[106257]: Swap:        61034          0      61034
2025-04-23T16:08:01.076724+08:00 Dky_app_00 linx[106259]: df -h
2025-04-23T16:08:01.077957+08:00 Dky_app_00 linx[106261]: Filesystem            Size  Used Avail Use% Mounted on
2025-04-23T16:08:01.077973+08:00 Dky_app_00 linx[106261]: /dev/sda2             185G   75G  101G  43% /
2025-04-23T16:08:01.077978+08:00 Dky_app_00 linx[106261]: /dev/sda3             585G  197G  359G  36% /home
2025-04-23T16:08:01.077991+08:00 Dky_app_00 linx[106261]: /dev/sdav             3.0T  1.3T  1.6T  45% /dbbak
2025-04-23T16:08:01.078000+08:00 Dky_app_00 linx[106261]: /dev/mapper/dmarch_22-arch
2025-04-23T16:08:01.078011+08:00 Dky_app_00 linx[106261]:                       886G  680G  162G  81% /dbarch
2025-04-23T16:08:01.078022+08:00 Dky_app_00 linx[106261]: tmpfs                  20M   48K   20M   1% /tmp/smp
2025-04-23T16:08:01.078033+08:00 Dky_app_00 linx[106261]: 192.168.9.23:/dbarch/arch_rac1
2025-04-23T16:08:01.078053+08:00 Dky_app_00 linx[106261]:                       788G  681G   68G  91% /dbarch/arch_dsc1_kafka
2025-04-23T16:08:01.079124+08:00 Dky_app_00 linx[106263]: df -ih
2025-04-23T16:08:01.080347+08:00 Dky_app_00 linx[106265]: Filesystem            Inodes   IUsed   IFree IUse% Mounted on
2025-04-23T16:08:01.080361+08:00 Dky_app_00 linx[106265]: /dev/sda2                12M    2.1M    9.7M   18% /
2025-04-23T16:08:01.080366+08:00 Dky_app_00 linx[106265]: /dev/sda3                37M     28K     37M    1% /home
2025-04-23T16:08:01.080371+08:00 Dky_app_00 linx[106265]: /dev/sdav               192M     11K    192M    1% /dbbak
2025-04-23T16:08:01.080388+08:00 Dky_app_00 linx[106265]: /dev/mapper/dmarch_22-arch
2025-04-23T16:08:01.080401+08:00 Dky_app_00 linx[106265]:                          57M     463     57M    1% /dbarch
2025-04-23T16:08:01.080410+08:00 Dky_app_00 linx[106265]: tmpfs                    64M      13     64M    1% /tmp/smp
2025-04-23T16:08:01.080414+08:00 Dky_app_00 linx[106265]: 192.168.9.23:/dbarch/arch_rac1
2025-04-23T16:08:01.080435+08:00 Dky_app_00 linx[106265]:                          50M     353     50M    1% /dbarch/arch_dsc1_kafka
2025-04-23T16:08:01.081538+08:00 Dky_app_00 linx[106267]: iostat -x
2025-04-23T16:08:01.085810+08:00 Dky_app_00 linx[106269]: Linux 2.6.32-Rocky4.2-x86_64 (Dky_app_00) #01104/23/25 #011_x86_64_
2025-04-23T16:08:01.085826+08:00 Dky_app_00 linx[106269]:
2025-04-23T16:08:01.089392+08:00 Dky_app_00 linx[106269]: avg-cpu:  %user   %nice %system %iowait  %steal   %idle
2025-04-23T16:08:01.089408+08:00 Dky_app_00 linx[106269]:            3.47    0.00    1.30    0.67    0.00   94.61
2025-04-23T16:08:01.089416+08:00 Dky_app_00 linx[106269]:
2025-04-23T16:08:01.089428+08:00 Dky_app_00 linx[106269]: Device:         rrqm/s   wrqm/s     r/s     w/s   rsec/s   wsec/s avgrq-sz avgqu-sz   await  svctm  %util
2025-04-23T16:08:01.089440+08:00 Dky_app_00 linx[106269]: sda               0.02   223.59    0.15   13.30    17.75  1895.13   142.21     0.01    0.68   0.13   0.18
2025-04-23T16:08:01.089456+08:00 Dky_app_00 linx[106269]: sda1              0.00     0.00    0.00    0.00     0.00     0.00    40.85     0.00    2.01   2.01   0.00
2025-04-23T16:08:01.089459+08:00 Dky_app_00 linx[106269]: sda2              0.02    18.33    0.06    1.67     8.49   160.02    97.25     0.00    0.54   0.35   0.06
2025-04-23T16:08:01.089473+08:00 Dky_app_00 linx[106269]: sda3              0.00   205.26    0.08   11.63     9.25  1735.11   148.86     0.01    0.70   0.11   0.13
2025-04-23T16:08:01.089485+08:00 Dky_app_00 linx[106269]: sdb               0.00     0.00    9.08   71.73   595.35  4604.13    64.34     0.01    0.18   0.29   2.33
2025-04-23T16:08:01.089494+08:00 Dky_app_00 linx[106269]: sdc               0.00     0.00    7.48   35.34   476.05  2281.24    64.39     0.00    0.83   0.70   3.00
2025-04-23T16:08:01.089505+08:00 Dky_app_00 linx[106269]: sdd               0.00     0.00    5.51    5.92   349.87   389.75    64.69     0.02    1.89   1.65   1.89
2025-04-23T16:08:01.089510+08:00 Dky_app_00 linx[106269]: sde               0.00     0.00    9.33   42.90   586.69   984.37    30.08     0.02    0.29   0.29   1.50
2025-04-23T16:08:01.089527+08:00 Dky_app_00 linx[106269]: sdf               0.00     0.00    0.00    0.00     0.00     0.00    28.80     0.00    8.78   8.77   0.00
2025-04-23T16:08:01.089543+08:00 Dky_app_00 linx[106269]: sdg               0.00     0.00    0.20    0.00     1.56     0.00     8.00     0.00    0.10   0.10   0.00
2025-04-23T16:08:01.089548+08:00 Dky_app_00 linx[106269]: sdh               0.00     0.00    0.10    4.38     2.46  2869.88   641.69     0.00    0.85   1.66   0.74
2025-04-23T16:08:01.089556+08:00 Dky_app_00 linx[106269]: sdi               0.00     0.00    9.09   71.71   596.32  4603.15    64.34     0.01    0.08   0.24   1.91
2025-04-23T16:08:01.089562+08:00 Dky_app_00 linx[106269]: sdj               0.00     0.00    7.47   35.35   475.64  2281.68    64.39     0.01    0.93   0.02   0.08
2025-04-23T16:08:01.089572+08:00 Dky_app_00 linx[106269]: sdk               0.00     0.00    5.51    5.92   350.03   389.59    64.69     0.02    1.78   1.58   1.80
2025-04-23T16:08:01.089587+08:00 Dky_app_00 linx[106269]: sdl               0.00     0.00    9.10   43.13   569.60  1000.52    30.06     0.02    0.37   0.37   1.93
2025-04-23T16:08:01.089599+08:00 Dky_app_00 linx[106269]: sdm               0.00     0.00    0.00    0.00     0.00     0.00    28.51     0.00    0.20   0.20   0.00
2025-04-23T16:08:01.089610+08:00 Dky_app_00 linx[106269]: sdn               0.00     0.00    0.20    0.00     1.56     0.00     8.00     0.00    0.10   0.10   0.00
2025-04-23T16:08:01.089620+08:00 Dky_app_00 linx[106269]: sdo               0.00     0.00    0.10    4.38     2.46  2855.84   638.54     0.00    0.52   1.57   0.70
2025-04-23T16:08:01.089630+08:00 Dky_app_00 linx[106269]: sdq               0.00     0.00    7.47   35.36   475.32  2281.98    64.39     0.01    0.92   0.02   0.07
2025-04-23T16:08:01.089645+08:00 Dky_app_00 linx[106269]: sdr               0.00     0.00    5.52    5.92   350.20   389.41    64.69     0.02    1.78   1.57   1.80
2025-04-23T16:08:01.089654+08:00 Dky_app_00 linx[106269]: sds               0.00     0.00    9.21   43.02   577.25  1007.96    30.35     0.02    0.36   0.36   1.90
2025-04-23T16:08:01.089658+08:00 Dky_app_00 linx[106269]: sdt               0.00     0.00    0.00    0.00     0.00     0.00    28.50     0.00    0.16   0.16   0.00
2025-04-23T16:08:01.089673+08:00 Dky_app_00 linx[106269]: sdu               0.00     0.00    0.20    0.00     1.56     0.00     8.00     0.00    0.09   0.09   0.00
2025-04-23T16:08:01.089684+08:00 Dky_app_00 linx[106269]: sdv               0.00     0.00    0.10    4.38     2.46  2844.54   636.01     0.00    0.52   1.57   0.70
2025-04-23T16:08:01.089694+08:00 Dky_app_00 linx[106269]: sdw               0.00     0.00    9.09   71.72   595.90  4603.57    64.34     0.01    0.18   0.29   2.34
2025-04-23T16:08:01.089708+08:00 Dky_app_00 linx[106269]: sdx               0.00     0.00    7.47   35.35   475.67  2281.62    64.39     0.00    0.83   0.71   3.02
2025-04-23T16:08:01.089714+08:00 Dky_app_00 linx[106269]: sdy               0.00     0.00    5.51    5.92   349.99   389.62    64.69     0.02    1.92   1.67   1.91
2025-04-23T16:08:01.089726+08:00 Dky_app_00 linx[106269]: sdz               0.00     0.00    9.36   42.87   587.87   996.01    30.33     0.02    0.29   0.29   1.50
2025-04-23T16:08:01.089763+08:00 Dky_app_00 linx[106269]: sdab              0.00     0.00    0.20    0.00     1.56     0.00     8.00     0.00    0.09   0.09   0.00
2025-04-23T16:08:01.089774+08:00 Dky_app_00 linx[106269]: sdaa              0.00     0.00    0.00    0.00     0.00     0.00    28.48     0.00    0.22   0.22   0.00
2025-04-23T16:08:01.089785+08:00 Dky_app_00 linx[106269]: sdac              0.00     0.00    0.10    4.38     2.46  2852.38   637.77     0.00    0.84   1.66   0.74
2025-04-23T16:08:01.089791+08:00 Dky_app_00 linx[106269]: sdad              0.00     0.00    9.08   71.73   595.14  4604.32    64.34     0.01    0.08   0.23   1.89
2025-04-23T16:08:01.089801+08:00 Dky_app_00 linx[106269]: sdaf              0.00     0.00    5.51    5.92   349.85   389.77    64.69     0.02    1.79   1.58   1.80
2025-04-23T16:08:01.089806+08:00 Dky_app_00 linx[106269]: sdag              0.00     0.00    9.34   42.89   587.82   983.13    30.08     0.02    0.36   0.36   1.89
2025-04-23T16:08:01.089818+08:00 Dky_app_00 linx[106269]: sdah              0.00     0.00    0.00    0.00     0.00     0.00    28.56     0.00    0.12   0.12   0.00
2025-04-23T16:08:01.089827+08:00 Dky_app_00 linx[106269]: sdae              0.00     0.00    7.48   35.34   476.15  2281.15    64.39     0.01    0.92   0.01   0.06
2025-04-23T16:08:01.089833+08:00 Dky_app_00 linx[106269]: sdai              0.00     0.00    0.20    0.00     1.56     0.00     8.00     0.00    0.08   0.08   0.00
2025-04-23T16:08:01.089847+08:00 Dky_app_00 linx[106269]: sdaj              0.00     0.00    0.10    4.38     2.46  2868.40   641.34     0.00    0.51   1.57   0.70
2025-04-23T16:08:01.089858+08:00 Dky_app_00 linx[106269]: sdak              0.00     0.00    9.10   71.71   596.66  4602.79    64.34     0.01    0.08   0.23   1.88
2025-04-23T16:08:01.089871+08:00 Dky_app_00 linx[106269]: sdal              0.00     0.00    7.47   35.35   475.39  2281.92    64.39     0.01    0.92   0.02   0.06
2025-04-23T16:08:01.089877+08:00 Dky_app_00 linx[106269]: sdam              0.00     0.00    5.51    5.92   350.13   389.49    64.69     0.02    1.78   1.57   1.79
2025-04-23T16:08:01.089887+08:00 Dky_app_00 linx[106269]: sdan              0.00     0.00    9.17   43.06   574.90  1006.76    30.28     0.02    0.36   0.36   1.86
2025-04-23T16:08:01.089899+08:00 Dky_app_00 linx[106269]: sdao              0.00     0.00    0.00    0.00     0.00     0.00    28.57     0.00    0.13   0.13   0.00
2025-04-23T16:08:01.089913+08:00 Dky_app_00 linx[106269]: sdap              0.00     0.00    0.20    0.00     1.56     0.00     8.00     0.00    0.08   0.08   0.00
2025-04-23T16:08:01.089925+08:00 Dky_app_00 linx[106269]: sdaq              0.00     0.00    0.10    4.38     2.46  2847.00   636.56     0.00    0.51   1.57   0.70
2025-04-23T16:08:01.089934+08:00 Dky_app_00 linx[106269]: sdar              0.00     0.00    9.11   71.70   597.31  4602.16    64.34     0.02    0.19   0.30   2.39
2025-04-23T16:08:01.089945+08:00 Dky_app_00 linx[106269]: sdas              0.00     0.00    7.47   35.36   475.26  2282.04    64.39     0.00    0.85   0.72   3.07
2025-04-23T16:08:01.089962+08:00 Dky_app_00 linx[106269]: sdat              0.00     0.00    5.52    5.92   350.25   389.37    64.69     0.02    1.96   1.70   1.94
2025-04-23T16:08:01.089971+08:00 Dky_app_00 linx[106269]: sdau              0.00     0.00    9.22   43.00   577.54  1008.66    30.37     0.02    0.31   0.30   1.59
2025-04-23T16:08:01.089981+08:00 Dky_app_00 linx[106269]: sdav              0.00    11.20    0.30    0.11    75.39    90.50   406.11     0.01   12.52   0.70   0.03
2025-04-23T16:08:01.089992+08:00 Dky_app_00 linx[106269]: sdaw              0.00     0.00    0.20    0.00     1.56     0.00     8.00     0.00    0.08   0.08   0.00
2025-04-23T16:08:01.090002+08:00 Dky_app_00 linx[106269]: sday              0.00     0.00    9.08   71.72   595.63  4603.84    64.34     0.01    0.17   0.29   2.31
2025-04-23T16:08:01.090021+08:00 Dky_app_00 linx[106269]: sdaz              0.00     0.00    7.48   35.35   475.90  2281.40    64.39     0.00    0.83   0.70   2.99
2025-04-23T16:08:01.090029+08:00 Dky_app_00 linx[106269]: sdba              0.00     0.00    5.51    5.92   349.89   389.72    64.69     0.02    1.90   1.65   1.89
2025-04-23T16:08:01.090035+08:00 Dky_app_00 linx[106269]: sdbb              0.00     0.00    9.34   42.89   586.93   987.32    30.14     0.01    0.28   0.28   1.45
2025-04-23T16:08:01.090042+08:00 Dky_app_00 linx[106269]: sdbc              0.00     0.00    0.00    0.00     0.00     0.00    28.53     0.00    0.21   0.21   0.00
2025-04-23T16:08:01.090058+08:00 Dky_app_00 linx[106269]: sdbd              0.00     0.00    0.20    0.00     1.56     0.00     8.00     0.00    0.07   0.07   0.00
2025-04-23T16:08:01.090069+08:00 Dky_app_00 linx[106269]: sdbe              0.00     0.00    0.10    4.38     2.46  2843.91   635.88     0.00    0.82   1.65   0.74
2025-04-23T16:08:01.090082+08:00 Dky_app_00 linx[106269]: sdax              0.00     0.00    0.10    4.38     2.46  2871.67   642.09     0.00    0.85   1.66   0.74
2025-04-23T16:08:01.090101+08:00 Dky_app_00 linx[106269]: dm-0              0.00     0.70   72.34  573.73  4766.11 36826.45    64.38     0.03    0.04   0.04   2.82
2025-04-23T16:08:01.090107+08:00 Dky_app_00 linx[106269]: dm-1              0.00     0.34   59.40  282.80  3802.19 18253.02    64.45     0.01    0.04   0.05   1.69
2025-04-23T16:08:01.090122+08:00 Dky_app_00 linx[106269]: dm-2              0.01     0.04   43.70   47.37  2797.02  3116.72    64.94     0.01    0.46   0.18   1.60
2025-04-23T16:08:01.090132+08:00 Dky_app_00 linx[106269]: dm-3              0.00     0.00   73.67  343.76  4645.40  7974.73    30.23     0.01    0.10   0.01   0.60
2025-04-23T16:08:01.090143+08:00 Dky_app_00 linx[106269]: dm-4              0.00     0.00    0.00    0.00     0.00     0.00    15.59     0.00   17.28  17.28   0.00
2025-04-23T16:08:01.090153+08:00 Dky_app_00 linx[106269]: dm-5              0.00  2821.66    0.37   35.04    16.45 22853.63   645.84     0.01    0.38   0.29   1.02
2025-04-23T16:08:01.090158+08:00 Dky_app_00 linx[106269]: dm-6              0.00     0.00   25.49    3.00   333.40     3.00    11.81     0.01    0.36   0.36   1.02
2025-04-23T16:08:01.090179+08:00 Dky_app_00 linx[106269]: dm-7              0.00     0.00   45.80    0.00  4287.04     0.03    93.60     0.02    0.41   0.41   1.89
2025-04-23T16:08:01.090184+08:00 Dky_app_00 linx[106269]: dm-8              0.00     0.00    2.38  340.77    24.96  7971.71    23.30     0.01    0.03   0.03   1.04
2025-04-23T16:08:01.090191+08:00 Dky_app_00 linx[106269]: dm-9              0.00     0.00    0.37 2856.70    16.45 22853.63     8.00     0.02    0.00   0.00   1.03
2025-04-23T16:08:01.090205+08:00 Dky_app_00 linx[106269]:
2025-04-23T16:08:01.091296+08:00 Dky_app_00 linx[106271]: netstat -an |grep -i 'established'|wc -l
2025-04-23T16:08:01.121237+08:00 Dky_app_00 linx[106275]: 921
2025-04-23T16:08:01.122367+08:00 Dky_app_00 linx[106281]: date
2025-04-23T16:08:01.123457+08:00 Dky_app_00 linx[106283]: Wed Apr 23 16:08:01 CST 2025
2025-04-23T16:08:01.124512+08:00 Dky_app_00 linx[106285]: cat   /proc/buddyinfo
2025-04-23T16:08:01.125528+08:00 Dky_app_00 linx[106287]: Node 0, zone      DMA      1      1      1      1      2      1      0      0      1      1      3
2025-04-23T16:08:01.125541+08:00 Dky_app_00 linx[106287]: Node 0, zone    DMA32    280     48     58     30     25     34      9     12      9     55     28
2025-04-23T16:08:01.125556+08:00 Dky_app_00 linx[106287]: Node 0, zone   Normal    172   2268   2415    984    707    597  14950  10163   4054      0      0
2025-04-23T16:08:01.125564+08:00 Dky_app_00 linx[106287]: Node 1, zone   Normal    710   2389   2599   1695   2400  19609  18106   9054   2988      0      0
2025-04-23T16:08:01.125575+08:00 Dky_app_00 linx[106287]: Node 2, zone   Normal    366   3941   3012   1715   1344   1504   4871   5096   1721      0      0
2025-04-23T16:08:01.125579+08:00 Dky_app_00 linx[106287]: Node 3, zone   Normal   6840  14242  14679   8767  16306  55810  31034  11865   2995      0      0
2025-04-23T16:08:01.125589+08:00 Dky_app_00 linx[106287]: Node 4, zone   Normal   7274  17259  43823  73525  93359  62701  32273  10012   1530      0      0
2025-04-23T16:08:01.125594+08:00 Dky_app_00 linx[106287]: Node 5, zone   Normal    461    317    209    765   1627   6065  17013   8496   3083      0      0
2025-04-23T16:08:01.125609+08:00 Dky_app_00 linx[106287]: Node 6, zone   Normal    182   3447   5335   4983   4279   3360   3095   2163   1581      7      1
2025-04-23T16:08:01.125629+08:00 Dky_app_00 linx[106287]: Node 7, zone   Normal    245   2198  26982  36721  38991  28906  17983   9355   3325      1      0
2025-04-23T16:08:01.126764+08:00 Dky_app_00 linx[106289]: top-detail:
2025-04-23T16:08:01.764695+08:00 Dky_app_00 linx[106292]: top - 16:08:01 up 1551 days,  3:50,  8 users,  load average: 110.59, 107.11, 98.
2025-04-23T16:08:01.764715+08:00 Dky_app_00 linx[106292]: Tasks: 3168 total,   1 running, 3165 sleeping,   1 stopped,   1 zombie
2025-04-23T16:08:01.764725+08:00 Dky_app_00 linx[106292]: Cpu(s):  3.5%us,  1.2%sy,  0.0%ni, 94.6%id,  0.7%wa,  0.0%hi,  0.0%si,  0.0%st
2025-04-23T16:08:01.764731+08:00 Dky_app_00 linx[106292]: Mem:  529310592k total, 398494560k used, 130816032k free,   115716k buffers
2025-04-23T16:08:01.764736+08:00 Dky_app_00 linx[106292]: Swap: 62499836k total,        0k used, 62499836k free, 72176752k cached
2025-04-23T16:08:01.764741+08:00 Dky_app_00 linx[106292]:
2025-04-23T16:08:01.764745+08:00 Dky_app_00 linx[106292]:    PID USER      PR  NI  VIRT  RES  SHR S %CPU %MEM    TIME+  COMMAND
2025-04-23T16:08:01.764750+08:00 Dky_app_00 linx[106292]: 106290 sysadmin  20   0 12844 3484  760 R    9  0.0   0:00.12 top
2025-04-23T16:08:01.764754+08:00 Dky_app_00 linx[106292]:    693 root      20   0     0    0    0 S    2  0.0  61:52.81 events/114
2025-04-23T16:08:01.764758+08:00 Dky_app_00 linx[106292]:  41212 sysadmin  20   0 1095m  20m 2944 S    2  0.0  29086:12 linx_smp
2025-04-23T16:08:01.764767+08:00 Dky_app_00 linx[106292]:  96228 root      20   0  302m 4704 2908 S    2  0.0  18:19.75 guard-pmc
2025-04-23T16:08:01.764771+08:00 Dky_app_00 linx[106292]:      1 root      20   0  7852  612  512 S    0  0.0  31:07.30 init
2025-04-23T16:08:01.764774+08:00 Dky_app_00 linx[106292]:      2 root      20   0     0    0    0 S    0  0.0   0:02.80 kthreadd
2025-04-23T16:08:01.764777+08:00 Dky_app_00 linx[106292]:      3 root      RT   0     0    0    0 S    0  0.0 112:36.37 migration/0
2025-04-23T16:08:01.764781+08:00 Dky_app_00 linx[106292]:      4 root      20   0     0    0    0 S    0  0.0  84:30.65 ksoftirqd/0
2025-04-23T16:08:01.764785+08:00 Dky_app_00 linx[106292]:      5 root      RT   0     0    0    0 S    0  0.0   0:00.00 stopper/0
2025-04-23T16:08:01.764788+08:00 Dky_app_00 linx[106292]:      6 root      RT   0     0    0    0 S    0  0.0   2:55.88 watchdog/0
2025-04-23T16:08:01.764800+08:00 Dky_app_00 linx[106292]:      7 root      RT   0     0    0    0 S    0  0.0  77:01.65 migration/1
2025-04-23T16:08:01.764807+08:00 Dky_app_00 linx[106292]:      8 root      RT   0     0    0    0 S    0  0.0   0:00.00 stopper/1
2025-04-23T16:08:01.764818+08:00 Dky_app_00 linx[106292]:      9 root      20   0     0    0    0 S    0  0.0 378:07.90 ksoftirqd/1
2025-04-23T16:10:01.923050+08:00 Dky_app_00 /usr/sbin/cron[109193]: (root) CMD (sh /usr/bin/msmp >> /var/log/msmp.log )
2025-04-23T16:10:01.923081+08:00 Dky_app_00 /usr/sbin/cron[109194]: (sysadmin) CMD (/usr/sbin/get_max_mem_process.sh)
2025-04-23T16:10:01.923147+08:00 Dky_app_00 /usr/sbin/cron[109195]: (root) CMD (/usr/local/rising/linuxRav/bin/ravdaemon > /dev/null 2>&1)
2025-04-23T16:10:01.923295+08:00 Dky_app_00 /usr/sbin/cron[109196]: (root) CMD (/home/dmdba/drop_cached.sh)
2025-04-23T16:10:01.923330+08:00 Dky_app_00 /usr/sbin/cron[109197]: (dmdba) CMD (sh net_colsewait_mon.sh)
2025-04-23T16:10:01.923564+08:00 Dky_app_00 /usr/sbin/cron[109198]: (dmdba) CMD (sh /home/dmdba/dm/db_sessmon.sh)
2025-04-23T16:10:01.926221+08:00 Dky_app_00 linx[109203]: uptime
2025-04-23T16:10:01.976221+08:00 Dky_app_00 linx[109217]:  16:10:01 up 1551 days,  3:52,  8 users,  load average: 112.16, 108.79, 99.75
2025-04-23T16:10:01.977333+08:00 Dky_app_00 linx[109228]: free -m
2025-04-23T16:10:01.980653+08:00 Dky_app_00 linx[109230]:              total       used       free     shared    buffers     cached
2025-04-23T16:10:01.980667+08:00 Dky_app_00 linx[109230]: Mem:        516904     389830     127074          0        113      70487
2025-04-23T16:10:01.980674+08:00 Dky_app_00 linx[109230]: -/+ buffers/cache:     319229     197675
2025-04-23T16:10:01.980678+08:00 Dky_app_00 linx[109230]: Swap:        61034          0      61034
2025-04-23T16:10:01.981679+08:00 Dky_app_00 linx[109232]: df -h
2025-04-23T16:10:01.983088+08:00 Dky_app_00 linx[109234]: Filesystem            Size  Used Avail Use% Mounted on
2025-04-23T16:10:01.983111+08:00 Dky_app_00 linx[109234]: /dev/sda2             185G   75G  101G  43% /
2025-04-23T16:10:01.983116+08:00 Dky_app_00 linx[109234]: /dev/sda3             585G  197G  359G  36% /home
2025-04-23T16:10:01.983121+08:00 Dky_app_00 linx[109234]: /dev/sdav             3.0T  1.3T  1.6T  45% /dbbak
2025-04-23T16:10:01.983133+08:00 Dky_app_00 linx[109234]: /dev/mapper/dmarch_22-arch
2025-04-23T16:10:01.983147+08:00 Dky_app_00 linx[109234]:                       886G  680G  162G  81% /dbarch
2025-04-23T16:10:01.983152+08:00 Dky_app_00 linx[109234]: tmpfs                  20M   48K   20M   1% /tmp/smp
2025-04-23T16:10:01.983169+08:00 Dky_app_00 linx[109234]: 192.168.9.23:/dbarch/arch_rac1
2025-04-23T16:10:01.983179+08:00 Dky_app_00 linx[109234]:                       788G  681G   68G  91% /dbarch/arch_dsc1_kafka
2025-04-23T16:10:01.984391+08:00 Dky_app_00 linx[109236]: df -ih
2025-04-23T16:10:01.985635+08:00 Dky_app_00 linx[109238]: Filesystem            Inodes   IUsed   IFree IUse% Mounted on
2025-04-23T16:10:01.985649+08:00 Dky_app_00 linx[109238]: /dev/sda2                12M    2.1M    9.7M   18% /
2025-04-23T16:10:01.985673+08:00 Dky_app_00 linx[109238]: /dev/sda3                37M     28K     37M    1% /home
2025-04-23T16:10:01.985683+08:00 Dky_app_00 linx[109238]: /dev/sdav               192M     11K    192M    1% /dbbak
2025-04-23T16:10:01.985688+08:00 Dky_app_00 linx[109238]: /dev/mapper/dmarch_22-arch
2025-04-23T16:10:01.985703+08:00 Dky_app_00 linx[109238]:                          57M     463     57M    1% /dbarch
2025-04-23T16:10:01.985730+08:00 Dky_app_00 linx[109238]: tmpfs                    64M      13     64M    1% /tmp/smp
2025-04-23T16:10:01.985741+08:00 Dky_app_00 linx[109238]: 192.168.9.23:/dbarch/arch_rac1
2025-04-23T16:10:01.985758+08:00 Dky_app_00 linx[109238]:                          50M     353     50M    1% /dbarch/arch_dsc1_kafka
2025-04-23T16:10:01.986811+08:00 Dky_app_00 linx[109240]: iostat -x
2025-04-23T16:10:01.992182+08:00 Dky_app_00 linx[109246]: Linux 2.6.32-Rocky4.2-x86_64 (Dky_app_00) #01104/23/25 #011_x86_64_
2025-04-23T16:10:01.992221+08:00 Dky_app_00 linx[109246]:
2025-04-23T16:10:01.995761+08:00 Dky_app_00 linx[109246]: avg-cpu:  %user   %nice %system %iowait  %steal   %idle
2025-04-23T16:10:01.995794+08:00 Dky_app_00 linx[109246]:            3.47    0.00    1.30    0.67    0.00   94.61
2025-04-23T16:10:01.995808+08:00 Dky_app_00 linx[109246]:
2025-04-23T16:10:01.995830+08:00 Dky_app_00 linx[109246]: Device:         rrqm/s   wrqm/s     r/s     w/s   rsec/s   wsec/s avgrq-sz avgqu-sz   await  svctm  %util
2025-04-23T16:10:01.995855+08:00 Dky_app_00 linx[109246]: sda               0.02   223.59    0.15   13.30    17.75  1895.13   142.21     0.01    0.68   0.13   0.18
2025-04-23T16:10:01.995876+08:00 Dky_app_00 linx[109246]: sda1              0.00     0.00    0.00    0.00     0.00     0.00    40.85     0.00    2.01   2.01   0.00
2025-04-23T16:10:01.995923+08:00 Dky_app_00 linx[109246]: sda2              0.02    18.33    0.06    1.67     8.49   160.02    97.25     0.00    0.54   0.35   0.06
2025-04-23T16:10:01.995950+08:00 Dky_app_00 linx[109246]: sda3              0.00   205.26    0.08   11.63     9.25  1735.11   148.86     0.01    0.70   0.11   0.13
2025-04-23T16:10:01.995964+08:00 Dky_app_00 linx[109246]: sdb               0.00     0.00    9.08   71.73   595.35  4604.12    64.34     0.01    0.18   0.29   2.33
2025-04-23T16:10:01.995976+08:00 Dky_app_00 linx[109246]: sdc               0.00     0.00    7.48   35.34   476.05  2281.24    64.39     0.00    0.83   0.70   3.00
2025-04-23T16:10:01.996002+08:00 Dky_app_00 linx[109246]: sdd               0.00     0.00    5.51    5.92   349.87   389.75    64.69     0.02    1.89   1.65   1.89
2025-04-23T16:10:01.996039+08:00 Dky_app_00 linx[109246]: sde               0.00     0.00    9.33   42.90   586.69   984.37    30.08     0.02    0.29   0.29   1.50
2025-04-23T16:10:01.996075+08:00 Dky_app_00 linx[109246]: sdf               0.00     0.00    0.00    0.00     0.00     0.00    28.80     0.00    8.78   8.77   0.00
2025-04-23T16:10:01.996089+08:00 Dky_app_00 linx[109246]: sdg               0.00     0.00    0.20    0.00     1.56     0.00     8.00     0.00    0.10   0.10   0.00
2025-04-23T16:10:01.996135+08:00 Dky_app_00 linx[109246]: sdh               0.00     0.00    0.10    4.38     2.46  2869.88   641.69     0.00    0.85   1.66   0.74
2025-04-23T16:10:01.996149+08:00 Dky_app_00 linx[109246]: sdi               0.00     0.00    9.09   71.71   596.32  4603.14    64.34     0.01    0.08   0.24   1.91
2025-04-23T16:10:01.996174+08:00 Dky_app_00 linx[109246]: sdj               0.00     0.00    7.47   35.35   475.64  2281.67    64.39     0.01    0.93   0.02   0.08
2025-04-23T16:10:01.996214+08:00 Dky_app_00 linx[109246]: sdk               0.00     0.00    5.51    5.92   350.03   389.59    64.69     0.02    1.78   1.58   1.80
2025-04-23T16:10:01.996258+08:00 Dky_app_00 linx[109246]: sdl               0.00     0.00    9.10   43.13   569.60  1000.52    30.06     0.02    0.37   0.37   1.93
2025-04-23T16:10:01.996269+08:00 Dky_app_00 linx[109246]: sdm               0.00     0.00    0.00    0.00     0.00     0.00    28.51     0.00    0.20   0.20   0.00
2025-04-23T16:10:01.996310+08:00 Dky_app_00 linx[109246]: sdn               0.00     0.00    0.20    0.00     1.56     0.00     8.00     0.00    0.10   0.10   0.00
2025-04-23T16:10:01.996333+08:00 Dky_app_00 linx[109246]: sdo               0.00     0.00    0.10    4.38     2.46  2855.84   638.54     0.00    0.52   1.57   0.70
2025-04-23T16:10:01.996369+08:00 Dky_app_00 linx[109246]: sdq               0.00     0.00    7.47   35.36   475.32  2281.98    64.39     0.01    0.92   0.02   0.07
2025-04-23T16:10:01.996397+08:00 Dky_app_00 linx[109246]: sdr               0.00     0.00    5.52    5.92   350.20   389.41    64.69     0.02    1.78   1.57   1.80
2025-04-23T16:10:01.996434+08:00 Dky_app_00 linx[109246]: sds               0.00     0.00    9.21   43.02   577.25  1007.96    30.35     0.02    0.36   0.36   1.90
2025-04-23T16:10:01.996449+08:00 Dky_app_00 linx[109246]: sdt               0.00     0.00    0.00    0.00     0.00     0.00    28.50     0.00    0.16   0.16   0.00
2025-04-23T16:10:01.996475+08:00 Dky_app_00 linx[109246]: sdu               0.00     0.00    0.20    0.00     1.56     0.00     8.00     0.00    0.09   0.09   0.00
2025-04-23T16:10:01.996499+08:00 Dky_app_00 linx[109246]: sdv               0.00     0.00    0.10    4.38     2.46  2844.54   636.01     0.00    0.52   1.57   0.70
2025-04-23T16:10:01.996534+08:00 Dky_app_00 linx[109246]: sdw               0.00     0.00    9.09   71.72   595.90  4603.57    64.34     0.01    0.18   0.29   2.34
2025-04-23T16:10:01.996567+08:00 Dky_app_00 linx[109246]: sdx               0.00     0.00    7.47   35.35   475.67  2281.62    64.39     0.00    0.83   0.71   3.02
2025-04-23T16:10:01.996584+08:00 Dky_app_00 linx[109246]: sdy               0.00     0.00    5.51    5.92   349.99   389.62    64.69     0.02    1.92   1.67   1.91
2025-04-23T16:10:01.996597+08:00 Dky_app_00 linx[109246]: sdz               0.00     0.00    9.36   42.87   587.87   996.01    30.33     0.02    0.29   0.29   1.50
2025-04-23T16:10:01.996631+08:00 Dky_app_00 linx[109246]: sdab              0.00     0.00    0.20    0.00     1.56     0.00     8.00     0.00    0.09   0.09   0.00
2025-04-23T16:10:01.996660+08:00 Dky_app_00 linx[109246]: sdaa              0.00     0.00    0.00    0.00     0.00     0.00    28.48     0.00    0.22   0.22   0.00
2025-04-23T16:10:01.996708+08:00 Dky_app_00 linx[109246]: sdac              0.00     0.00    0.10    4.38     2.46  2852.38   637.77     0.00    0.84   1.66   0.74
2025-04-23T16:10:01.996741+08:00 Dky_app_00 linx[109246]: sdad              0.00     0.00    9.08   71.73   595.14  4604.32    64.34     0.01    0.08   0.23   1.89
2025-04-23T16:10:01.996776+08:00 Dky_app_00 linx[109246]: sdaf              0.00     0.00    5.51    5.92   349.85   389.77    64.69     0.02    1.79   1.58   1.80
2025-04-23T16:10:01.996811+08:00 Dky_app_00 linx[109246]: sdag              0.00     0.00    9.34   42.89   587.82   983.13    30.08     0.02    0.36   0.36   1.89
2025-04-23T16:10:01.996829+08:00 Dky_app_00 linx[109246]: sdah              0.00     0.00    0.00    0.00     0.00     0.00    28.56     0.00    0.12   0.12   0.00
2025-04-23T16:10:01.996855+08:00 Dky_app_00 linx[109246]: sdae              0.00     0.00    7.48   35.34   476.15  2281.15    64.39     0.01    0.92   0.01   0.06
2025-04-23T16:10:01.996894+08:00 Dky_app_00 linx[109246]: sdai              0.00     0.00    0.20    0.00     1.56     0.00     8.00     0.00    0.08   0.08   0.00
2025-04-23T16:10:01.996928+08:00 Dky_app_00 linx[109246]: sdaj              0.00     0.00    0.10    4.38     2.46  2868.40   641.34     0.00    0.51   1.57   0.70
2025-04-23T16:10:01.996952+08:00 Dky_app_00 linx[109246]: sdak              0.00     0.00    9.10   71.71   596.66  4602.79    64.34     0.01    0.08   0.23   1.88
2025-04-23T16:10:01.996992+08:00 Dky_app_00 linx[109246]: sdal              0.00     0.00    7.47   35.35   475.39  2281.91    64.39     0.01    0.92   0.02   0.06
2025-04-23T16:10:01.997024+08:00 Dky_app_00 linx[109246]: sdam              0.00     0.00    5.51    5.92   350.13   389.48    64.69     0.02    1.78   1.57   1.79
2025-04-23T16:10:01.997059+08:00 Dky_app_00 linx[109246]: sdan              0.00     0.00    9.17   43.06   574.90  1006.76    30.28     0.02    0.36   0.36   1.86
2025-04-23T16:10:01.997089+08:00 Dky_app_00 linx[109246]: sdao              0.00     0.00    0.00    0.00     0.00     0.00    28.57     0.00    0.13   0.13   0.00
2025-04-23T16:10:01.997108+08:00 Dky_app_00 linx[109246]: sdap              0.00     0.00    0.20    0.00     1.56     0.00     8.00     0.00    0.08   0.08   0.00
2025-04-23T16:10:01.997136+08:00 Dky_app_00 linx[109246]: sdaq              0.00     0.00    0.10    4.38     2.46  2847.00   636.56     0.00    0.51   1.57   0.70
2025-04-23T16:10:01.997168+08:00 Dky_app_00 linx[109246]: sdar              0.00     0.00    9.11   71.70   597.31  4602.15    64.34     0.02    0.19   0.30   2.39
2025-04-23T16:10:01.997206+08:00 Dky_app_00 linx[109246]: sdas              0.00     0.00    7.47   35.36   475.26  2282.04    64.39     0.00    0.85   0.72   3.07
2025-04-23T16:10:01.997223+08:00 Dky_app_00 linx[109246]: sdat              0.00     0.00    5.52    5.92   350.25   389.37    64.69     0.02    1.96   1.70   1.94
2025-04-23T16:10:01.997266+08:00 Dky_app_00 linx[109246]: sdau              0.00     0.00    9.22   43.00   577.54  1008.66    30.37     0.02    0.31   0.30   1.59
2025-04-23T16:10:01.997295+08:00 Dky_app_00 linx[109246]: sdav              0.00    11.20    0.30    0.11    75.39    90.50   406.11     0.01   12.52   0.70   0.03
2025-04-23T16:10:01.997337+08:00 Dky_app_00 linx[109246]: sdaw              0.00     0.00    0.20    0.00     1.56     0.00     8.00     0.00    0.08   0.08   0.00
2025-04-23T16:10:01.997370+08:00 Dky_app_00 linx[109246]: sday              0.00     0.00    9.08   71.72   595.62  4603.83    64.34     0.01    0.17   0.29   2.31
2025-04-23T16:10:01.997404+08:00 Dky_app_00 linx[109246]: sdaz              0.00     0.00    7.48   35.35   475.90  2281.39    64.39     0.00    0.83   0.70   2.99
2025-04-23T16:10:01.997411+08:00 Dky_app_00 linx[109246]: sdba              0.00     0.00    5.51    5.92   349.89   389.72    64.69     0.02    1.90   1.65   1.89
2025-04-23T16:10:01.997435+08:00 Dky_app_00 linx[109246]: sdbb              0.00     0.00    9.34   42.89   586.93   987.32    30.14     0.01    0.28   0.28   1.45
2025-04-23T16:10:01.997463+08:00 Dky_app_00 linx[109246]: sdbc              0.00     0.00    0.00    0.00     0.00     0.00    28.53     0.00    0.21   0.21   0.00
2025-04-23T16:10:01.997493+08:00 Dky_app_00 linx[109246]: sdbd              0.00     0.00    0.20    0.00     1.56     0.00     8.00     0.00    0.07   0.07   0.00
2025-04-23T16:10:01.997510+08:00 Dky_app_00 linx[109246]: sdbe              0.00     0.00    0.10    4.38     2.46  2843.91   635.88     0.00    0.82   1.65   0.74
2025-04-23T16:10:01.997559+08:00 Dky_app_00 linx[109246]: sdax              0.00     0.00    0.10    4.38     2.46  2871.67   642.09     0.00    0.85   1.66   0.74
2025-04-23T16:10:01.997581+08:00 Dky_app_00 linx[109246]: dm-0              0.00     0.70   72.34  573.73  4766.11 36826.41    64.38     0.03    0.04   0.04   2.82
2025-04-23T16:10:01.997617+08:00 Dky_app_00 linx[109246]: dm-1              0.00     0.34   59.40  282.80  3802.19 18253.01    64.45     0.01    0.04   0.05   1.69
2025-04-23T16:10:01.997665+08:00 Dky_app_00 linx[109246]: dm-2              0.01     0.04   43.70   47.37  2797.02  3116.72    64.94     0.01    0.46   0.18   1.60
2025-04-23T16:10:01.997699+08:00 Dky_app_00 linx[109246]: dm-3              0.00     0.00   73.67  343.76  4645.40  7974.73    30.23     0.01    0.10   0.01   0.60
2025-04-23T16:10:01.997714+08:00 Dky_app_00 linx[109246]: dm-4              0.00     0.00    0.00    0.00     0.00     0.00    15.59     0.00   17.28  17.28   0.00
2025-04-23T16:10:01.997752+08:00 Dky_app_00 linx[109246]: dm-5              0.00  2821.66    0.37   35.04    16.45 22853.61   645.84     0.01    0.38   0.29   1.02
2025-04-23T16:10:01.997781+08:00 Dky_app_00 linx[109246]: dm-6              0.00     0.00   25.49    3.00   333.40     3.00    11.81     0.01    0.36   0.36   1.02
2025-04-23T16:10:01.997817+08:00 Dky_app_00 linx[109246]: dm-7              0.00     0.00   45.80    0.00  4287.04     0.03    93.60     0.02    0.41   0.41   1.89
2025-04-23T16:10:01.997829+08:00 Dky_app_00 linx[109246]: dm-8              0.00     0.00    2.38  340.77    24.96  7971.70    23.30     0.01    0.03   0.03   1.04
2025-04-23T16:10:01.997870+08:00 Dky_app_00 linx[109246]: dm-9              0.00     0.00    0.37 2856.70    16.45 22853.61     8.00     0.02    0.00   0.00   1.03
2025-04-23T16:10:01.997902+08:00 Dky_app_00 linx[109246]:
2025-04-23T16:10:01.999050+08:00 Dky_app_00 linx[109248]: netstat -an |grep -i 'established'|wc -l
2025-04-23T16:12:01.874366+08:00 Dky_app_00 /usr/sbin/cron[112140]: (root) CMD (sh /usr/bin/msmp >> /var/log/msmp.log )
2025-04-23T16:12:01.874396+08:00 Dky_app_00 /usr/sbin/cron[112141]: (sysadmin) CMD (/usr/sbin/get_max_mem_process.sh)
2025-04-23T16:12:01.874549+08:00 Dky_app_00 /usr/sbin/cron[112142]: (root) CMD (/home/dmdba/drop_cached.sh)
2025-04-23T16:12:01.874639+08:00 Dky_app_00 /usr/sbin/cron[112143]: (dmdba) CMD (sh net_colsewait_mon.sh)
2025-04-23T16:12:01.874712+08:00 Dky_app_00 /usr/sbin/cron[112144]: (dmdba) CMD (sh /home/dmdba/dm/db_sessmon.sh)
2025-04-23T16:12:01.877418+08:00 Dky_app_00 linx[112147]: uptime
2025-04-23T16:12:01.903940+08:00 Dky_app_00 linx[112160]:  16:12:01 up 1551 days,  3:54,  8 users,  load average: 114.05, 110.56, 101.49
2025-04-23T16:12:01.905086+08:00 Dky_app_00 linx[112170]: free -m
2025-04-23T16:12:01.908594+08:00 Dky_app_00 linx[112172]:              total       used       free     shared    buffers     cached
2025-04-23T16:12:01.908621+08:00 Dky_app_00 linx[112172]: Mem:        516904     391181     125723          0        113      70490
2025-04-23T16:12:01.908626+08:00 Dky_app_00 linx[112172]: -/+ buffers/cache:     320577     196327
2025-04-23T16:12:01.908630+08:00 Dky_app_00 linx[112172]: Swap:        61034          0      61034
2025-04-23T16:12:01.909713+08:00 Dky_app_00 linx[112174]: df -h
2025-04-23T16:12:01.910984+08:00 Dky_app_00 linx[112176]: Filesystem            Size  Used Avail Use% Mounted on
2025-04-23T16:12:01.910996+08:00 Dky_app_00 linx[112176]: /dev/sda2             185G   75G  101G  43% /
2025-04-23T16:12:01.911003+08:00 Dky_app_00 linx[112176]: /dev/sda3             585G  197G  359G  36% /home
2025-04-23T16:12:01.911006+08:00 Dky_app_00 linx[112176]: /dev/sdav             3.0T  1.3T  1.6T  45% /dbbak
2025-04-23T16:12:01.911014+08:00 Dky_app_00 linx[112176]: /dev/mapper/dmarch_22-arch
2025-04-23T16:12:01.911018+08:00 Dky_app_00 linx[112176]:                       886G  680G  162G  81% /dbarch
2025-04-23T16:12:01.911028+08:00 Dky_app_00 linx[112176]: tmpfs                  20M   36K   20M   1% /tmp/smp
2025-04-23T16:12:01.911037+08:00 Dky_app_00 linx[112176]: 192.168.9.23:/dbarch/arch_rac1
2025-04-23T16:12:01.911046+08:00 Dky_app_00 linx[112176]:                       788G  681G   68G  91% /dbarch/arch_dsc1_kafka
2025-04-23T16:12:01.912212+08:00 Dky_app_00 linx[112178]: df -ih
2025-04-23T16:12:01.913422+08:00 Dky_app_00 linx[112180]: Filesystem            Inodes   IUsed   IFree IUse% Mounted on
2025-04-23T16:12:01.913435+08:00 Dky_app_00 linx[112180]: /dev/sda2                12M    2.1M    9.7M   18% /
2025-04-23T16:12:01.913439+08:00 Dky_app_00 linx[112180]: /dev/sda3                37M     28K     37M    1% /home
2025-04-23T16:12:01.913449+08:00 Dky_app_00 linx[112180]: /dev/sdav               192M     11K    192M    1% /dbbak
2025-04-23T16:12:01.913459+08:00 Dky_app_00 linx[112180]: /dev/mapper/dmarch_22-arch
2025-04-23T16:12:01.913469+08:00 Dky_app_00 linx[112180]:                          57M     463     57M    1% /dbarch
2025-04-23T16:12:01.913487+08:00 Dky_app_00 linx[112180]: tmpfs                    64M      13     64M    1% /tmp/smp
2025-04-23T16:12:01.913495+08:00 Dky_app_00 linx[112180]: 192.168.9.23:/dbarch/arch_rac1
2025-04-23T16:12:01.913500+08:00 Dky_app_00 linx[112180]:                          50M     353     50M    1% /dbarch/arch_dsc1_kafka
2025-04-23T16:12:01.914577+08:00 Dky_app_00 linx[112182]: iostat -x
2025-04-23T16:12:01.918841+08:00 Dky_app_00 linx[112184]: Linux 2.6.32-Rocky4.2-x86_64 (Dky_app_00) #01104/23/25 #011_x86_64_
2025-04-23T16:12:01.918855+08:00 Dky_app_00 linx[112184]:
2025-04-23T16:12:01.922512+08:00 Dky_app_00 linx[112184]: avg-cpu:  %user   %nice %system %iowait  %steal   %idle
2025-04-23T16:12:01.922521+08:00 Dky_app_00 linx[112184]:            3.47    0.00    1.30    0.67    0.00   94.61
2025-04-23T16:12:01.922531+08:00 Dky_app_00 linx[112184]:
2025-04-23T16:12:01.922541+08:00 Dky_app_00 linx[112184]: Device:         rrqm/s   wrqm/s     r/s     w/s   rsec/s   wsec/s avgrq-sz avgqu-sz   await  svctm  %util
2025-04-23T16:12:01.922563+08:00 Dky_app_00 linx[112184]: sda               0.02   223.59    0.15   13.30    17.75  1895.13   142.21     0.01    0.68   0.13   0.18
2025-04-23T16:12:01.922569+08:00 Dky_app_00 linx[112184]: sda1              0.00     0.00    0.00    0.00     0.00     0.00    40.85     0.00    2.01   2.01   0.00
2025-04-23T16:12:01.922577+08:00 Dky_app_00 linx[112184]: sda2              0.02    18.33    0.06    1.67     8.49   160.02    97.25     0.00    0.54   0.35   0.06
2025-04-23T16:12:01.922589+08:00 Dky_app_00 linx[112184]: sda3              0.00   205.26    0.08   11.63     9.25  1735.11   148.86     0.01    0.70   0.11   0.13
2025-04-23T16:12:01.922595+08:00 Dky_app_00 linx[112184]: sdb               0.00     0.00    9.08   71.73   595.35  4604.12    64.34     0.01    0.18   0.29   2.33
2025-04-23T16:12:01.922611+08:00 Dky_app_00 linx[112184]: sdc               0.00     0.00    7.48   35.34   476.05  2281.24    64.39     0.00    0.83   0.70   3.00
2025-04-23T16:12:01.922629+08:00 Dky_app_00 linx[112184]: sdd               0.00     0.00    5.51    5.92   349.87   389.75    64.69     0.02    1.89   1.65   1.89
2025-04-23T16:12:01.922641+08:00 Dky_app_00 linx[112184]: sde               0.00     0.00    9.33   42.90   586.69   984.37    30.08     0.02    0.29   0.29   1.50
2025-04-23T16:12:01.922652+08:00 Dky_app_00 linx[112184]: sdf               0.00     0.00    0.00    0.00     0.00     0.00    28.80     0.00    8.78   8.77   0.00
2025-04-23T16:12:01.922671+08:00 Dky_app_00 linx[112184]: sdg               0.00     0.00    0.20    0.00     1.56     0.00     8.00     0.00    0.10   0.10   0.00
2025-04-23T16:12:01.922678+08:00 Dky_app_00 linx[112184]: sdh               0.00     0.00    0.10    4.38     2.46  2869.88   641.69     0.00    0.85   1.66   0.74
2025-04-23T16:12:01.922684+08:00 Dky_app_00 linx[112184]: sdi               0.00     0.00    9.09   71.71   596.32  4603.14    64.34     0.01    0.08   0.24   1.91
2025-04-23T16:12:01.922693+08:00 Dky_app_00 linx[112184]: sdj               0.00     0.00    7.47   35.35   475.64  2281.67    64.39     0.01    0.93   0.02   0.08
2025-04-23T16:12:01.922705+08:00 Dky_app_00 linx[112184]: sdk               0.00     0.00    5.51    5.92   350.03   389.59    64.69     0.02    1.78   1.58   1.80
2025-04-23T16:12:01.922718+08:00 Dky_app_00 linx[112184]: sdl               0.00     0.00    9.10   43.13   569.60  1000.52    30.06     0.02    0.37   0.37   1.93
2025-04-23T16:12:01.922727+08:00 Dky_app_00 linx[112184]: sdm               0.00     0.00    0.00    0.00     0.00     0.00    28.51     0.00    0.20   0.20   0.00
2025-04-23T16:12:01.922741+08:00 Dky_app_00 linx[112184]: sdn               0.00     0.00    0.20    0.00     1.56     0.00     8.00     0.00    0.10   0.10   0.00
2025-04-23T16:12:01.922752+08:00 Dky_app_00 linx[112184]: sdo               0.00     0.00    0.10    4.38     2.46  2855.83   638.54     0.00    0.52   1.57   0.70
2025-04-23T16:12:01.922759+08:00 Dky_app_00 linx[112184]: sdq               0.00     0.00    7.47   35.36   475.32  2281.98    64.39     0.01    0.92   0.02   0.07
2025-04-23T16:12:01.922778+08:00 Dky_app_00 linx[112184]: sdr               0.00     0.00    5.51    5.92   350.20   389.41    64.69     0.02    1.78   1.57   1.80
2025-04-23T16:12:01.922788+08:00 Dky_app_00 linx[112184]: sds               0.00     0.00    9.21   43.02   577.25  1007.96    30.35     0.02    0.36   0.36   1.90
2025-04-23T16:12:01.922794+08:00 Dky_app_00 linx[112184]: sdt               0.00     0.00    0.00    0.00     0.00     0.00    28.50     0.00    0.16   0.16   0.00
2025-04-23T16:12:01.922806+08:00 Dky_app_00 linx[112184]: sdu               0.00     0.00    0.20    0.00     1.56     0.00     8.00     0.00    0.09   0.09   0.00
2025-04-23T16:12:01.922832+08:00 Dky_app_00 linx[112184]: sdv               0.00     0.00    0.10    4.38     2.46  2844.54   636.01     0.00    0.52   1.57   0.70
2025-04-23T16:12:01.922843+08:00 Dky_app_00 linx[112184]: sdw               0.00     0.00    9.09   71.72   595.90  4603.56    64.34     0.01    0.18   0.29   2.34
2025-04-23T16:12:01.922849+08:00 Dky_app_00 linx[112184]: sdx               0.00     0.00    7.47   35.35   475.67  2281.62    64.39     0.00    0.83   0.71   3.02
2025-04-23T16:12:01.922853+08:00 Dky_app_00 linx[112184]: sdy               0.00     0.00    5.51    5.92   349.99   389.62    64.69     0.02    1.92   1.67   1.91
2025-04-23T16:12:01.922869+08:00 Dky_app_00 linx[112184]: sdz               0.00     0.00    9.36   42.87   587.87   996.01    30.33     0.02    0.29   0.29   1.50
2025-04-23T16:12:01.922880+08:00 Dky_app_00 linx[112184]: sdab              0.00     0.00    0.20    0.00     1.56     0.00     8.00     0.00    0.09   0.09   0.00
2025-04-23T16:12:01.922895+08:00 Dky_app_00 linx[112184]: sdaa              0.00     0.00    0.00    0.00     0.00     0.00    28.48     0.00    0.22   0.22   0.00
2025-04-23T16:12:01.922906+08:00 Dky_app_00 linx[112184]: sdac              0.00     0.00    0.10    4.38     2.46  2852.38   637.77     0.00    0.84   1.66   0.74
2025-04-23T16:12:01.922924+08:00 Dky_app_00 linx[112184]: sdad              0.00     0.00    9.08   71.73   595.14  4604.32    64.34     0.01    0.08   0.23   1.89
2025-04-23T16:12:01.922930+08:00 Dky_app_00 linx[112184]: sdaf              0.00     0.00    5.51    5.92   349.85   389.77    64.69     0.02    1.79   1.58   1.80
2025-04-23T16:12:01.922941+08:00 Dky_app_00 linx[112184]: sdag              0.00     0.00    9.34   42.89   587.82   983.13    30.08     0.02    0.36   0.36   1.89
2025-04-23T16:12:01.922960+08:00 Dky_app_00 linx[112184]: sdah              0.00     0.00    0.00    0.00     0.00     0.00    28.56     0.00    0.12   0.12   0.00
2025-04-23T16:12:01.922969+08:00 Dky_app_00 linx[112184]: sdae              0.00     0.00    7.48   35.34   476.15  2281.14    64.39     0.01    0.92   0.01   0.06
2025-04-23T16:12:01.922992+08:00 Dky_app_00 linx[112184]: sdai              0.00     0.00    0.20    0.00     1.56     0.00     8.00     0.00    0.08   0.08   0.00
2025-04-23T16:12:01.922998+08:00 Dky_app_00 linx[112184]: sdaj              0.00     0.00    0.10    4.38     2.46  2868.40   641.34     0.00    0.51   1.57   0.70
2025-04-23T16:12:01.923010+08:00 Dky_app_00 linx[112184]: sdak              0.00     0.00    9.10   71.71   596.66  4602.79    64.34     0.01    0.08   0.23   1.88
2025-04-23T16:12:01.923019+08:00 Dky_app_00 linx[112184]: sdal              0.00     0.00    7.47   35.35   475.39  2281.91    64.39     0.01    0.92   0.02   0.06
2025-04-23T16:12:01.923037+08:00 Dky_app_00 linx[112184]: sdam              0.00     0.00    5.51    5.92   350.13   389.48    64.69     0.02    1.78   1.57   1.79
2025-04-23T16:12:01.923042+08:00 Dky_app_00 linx[112184]: sdan              0.00     0.00    9.17   43.06   574.90  1006.76    30.28     0.02    0.36   0.36   1.86
2025-04-23T16:12:01.923054+08:00 Dky_app_00 linx[112184]: sdao              0.00     0.00    0.00    0.00     0.00     0.00    28.57     0.00    0.13   0.13   0.00
2025-04-23T16:12:01.923062+08:00 Dky_app_00 linx[112184]: sdap              0.00     0.00    0.20    0.00     1.56     0.00     8.00     0.00    0.08   0.08   0.00
2025-04-23T16:12:01.923074+08:00 Dky_app_00 linx[112184]: sdaq              0.00     0.00    0.10    4.38     2.46  2846.99   636.56     0.00    0.51   1.57   0.70
2025-04-23T16:12:01.923085+08:00 Dky_app_00 linx[112184]: sdar              0.00     0.00    9.11   71.70   597.31  4602.15    64.34     0.02    0.19   0.30   2.39
2025-04-23T16:12:01.923097+08:00 Dky_app_00 linx[112184]: sdas              0.00     0.00    7.47   35.36   475.26  2282.04    64.39     0.00    0.85   0.72   3.07
2025-04-23T16:12:01.923112+08:00 Dky_app_00 linx[112184]: sdat              0.00     0.00    5.52    5.92   350.25   389.37    64.69     0.02    1.96   1.70   1.94
2025-04-23T16:12:01.923125+08:00 Dky_app_00 linx[112184]: sdau              0.00     0.00    9.22   43.00   577.54  1008.66    30.37     0.02    0.31   0.30   1.59
2025-04-23T16:12:01.923135+08:00 Dky_app_00 linx[112184]: sdav              0.00    11.20    0.30    0.11    75.39    90.50   406.11     0.01   12.52   0.70   0.03
2025-04-23T16:12:01.923139+08:00 Dky_app_00 linx[112184]: sdaw              0.00     0.00    0.20    0.00     1.56     0.00     8.00     0.00    0.08   0.08   0.00
2025-04-23T16:12:01.923153+08:00 Dky_app_00 linx[112184]: sday              0.00     0.00    9.08   71.72   595.62  4603.83    64.34     0.01    0.17   0.29   2.31
2025-04-23T16:12:01.923164+08:00 Dky_app_00 linx[112184]: sdaz              0.00     0.00    7.48   35.35   475.89  2281.39    64.39     0.00    0.83   0.70   2.99
2025-04-23T16:12:01.923173+08:00 Dky_app_00 linx[112184]: sdba              0.00     0.00    5.51    5.92   349.89   389.72    64.69     0.02    1.90   1.65   1.89
2025-04-23T16:12:01.923182+08:00 Dky_app_00 linx[112184]: sdbb              0.00     0.00    9.34   42.89   586.93   987.32    30.14     0.01    0.28   0.28   1.45
2025-04-23T16:12:01.923200+08:00 Dky_app_00 linx[112184]: sdbc              0.00     0.00    0.00    0.00     0.00     0.00    28.53     0.00    0.21   0.21   0.00
2025-04-23T16:12:01.923219+08:00 Dky_app_00 linx[112184]: sdbd              0.00     0.00    0.20    0.00     1.56     0.00     8.00     0.00    0.07   0.07   0.00
2025-04-23T16:12:01.923225+08:00 Dky_app_00 linx[112184]: sdbe              0.00     0.00    0.10    4.38     2.46  2843.90   635.88     0.00    0.82   1.65   0.74
2025-04-23T16:12:01.923235+08:00 Dky_app_00 linx[112184]: sdax              0.00     0.00    0.10    4.38     2.46  2871.67   642.09     0.00    0.85   1.66   0.74
2025-04-23T16:12:01.923246+08:00 Dky_app_00 linx[112184]: dm-0              0.00     0.70   72.34  573.72  4766.10 36826.38    64.38     0.03    0.04   0.04   2.83
2025-04-23T16:12:01.923257+08:00 Dky_app_00 linx[112184]: dm-1              0.00     0.34   59.40  282.80  3802.18 18252.99    64.45     0.01    0.04   0.05   1.69
2025-04-23T16:12:01.923269+08:00 Dky_app_00 linx[112184]: dm-2              0.01     0.04   43.70   47.37  2797.02  3116.71    64.94     0.01    0.46   0.18   1.60
2025-04-23T16:12:01.923287+08:00 Dky_app_00 linx[112184]: dm-3              0.00     0.00   73.67  343.76  4645.40  7974.72    30.23     0.01    0.10   0.01   0.60
2025-04-23T16:12:01.923298+08:00 Dky_app_00 linx[112184]: dm-4              0.00     0.00    0.00    0.00     0.00     0.00    15.59     0.00   17.28  17.28   0.00
2025-04-23T16:12:01.923307+08:00 Dky_app_00 linx[112184]: dm-5              0.00  2821.66    0.37   35.04    16.45 22853.59   645.84     0.01    0.38   0.29   1.02
2025-04-23T16:12:01.923312+08:00 Dky_app_00 linx[112184]: dm-6              0.00     0.00   25.49    3.00   333.40     3.00    11.81     0.01    0.36   0.36   1.02
2025-04-23T16:12:01.923318+08:00 Dky_app_00 linx[112184]: dm-7              0.00     0.00   45.80    0.00  4287.03     0.03    93.60     0.02    0.41   0.41   1.89
2025-04-23T16:12:01.923337+08:00 Dky_app_00 linx[112184]: dm-8              0.00     0.00    2.38  340.77    24.96  7971.69    23.30     0.01    0.03   0.03   1.04
2025-04-23T16:12:01.923343+08:00 Dky_app_00 linx[112184]: dm-9              0.00     0.00    0.37 2856.70    16.45 22853.59     8.00     0.02    0.00   0.00   1.03
2025-04-23T16:12:01.923355+08:00 Dky_app_00 linx[112184]:
2025-04-23T16:12:01.924435+08:00 Dky_app_00 linx[112186]: netstat -an |grep -i 'established'|wc -l
2025-04-23T16:12:01.955062+08:00 Dky_app_00 linx[112190]: 920
2025-04-23T16:12:01.956217+08:00 Dky_app_00 linx[112198]: date
2025-04-23T16:12:01.957358+08:00 Dky_app_00 linx[112200]: Wed Apr 23 16:12:01 CST 2025
2025-04-23T16:12:01.958353+08:00 Dky_app_00 linx[112202]: cat   /proc/buddyinfo
2025-04-23T16:12:01.959387+08:00 Dky_app_00 linx[112205]: Node 0, zone      DMA      1      1      1      1      2      1      0      0      1      1      3
2025-04-23T16:12:01.959400+08:00 Dky_app_00 linx[112205]: Node 0, zone    DMA32    325     93     60     31     25     34      9     12      9     55     28
2025-04-23T16:12:01.959418+08:00 Dky_app_00 linx[112205]: Node 0, zone   Normal    248    834   2213   1000    734    613  14039   9634   3934      0      0
2025-04-23T16:12:01.959428+08:00 Dky_app_00 linx[112205]: Node 1, zone   Normal    554   2301   2596   1651   2396  19539  18032   9016   2969      0      0
2025-04-23T16:12:01.959439+08:00 Dky_app_00 linx[112205]: Node 2, zone   Normal    274   1821   2689   1666   1299   1456   4360   4455   1527      9      1
2025-04-23T16:12:01.959455+08:00 Dky_app_00 linx[112205]: Node 3, zone   Normal   6888  14283  14679   8767  16306  55810  31034  11865   2995      0      0
2025-04-23T16:12:01.959465+08:00 Dky_app_00 linx[112205]: Node 4, zone   Normal   7032  17269  43793  73524  93359  62701  32273  10012   1530      0      0
2025-04-23T16:12:01.959475+08:00 Dky_app_00 linx[112205]: Node 5, zone   Normal    205    404    147    759   1632   6058  16996   8486   3079      1      0
2025-04-23T16:12:01.959486+08:00 Dky_app_00 linx[112205]: Node 6, zone   Normal    117   3212   5326   4978   4274   3355   3094   2160   1578      0      0
2025-04-23T16:12:01.959502+08:00 Dky_app_00 linx[112205]: Node 7, zone   Normal    489    598  25643  35890  38015  28130  17411   9010   3207      0      0
2025-04-23T16:12:01.960663+08:00 Dky_app_00 linx[112207]: top-detail:
2025-04-23T16:14:01.773754+08:00 Dky_app_00 /usr/sbin/cron[115083]: (root) CMD (sh /usr/bin/msmp >> /var/log/msmp.log )
2025-04-23T16:14:01.773786+08:00 Dky_app_00 /usr/sbin/cron[115084]: (sysadmin) CMD (/usr/sbin/get_max_mem_process.sh)
2025-04-23T16:14:01.773880+08:00 Dky_app_00 /usr/sbin/cron[115085]: (root) CMD (/home/dmdba/drop_cached.sh)
2025-04-23T16:14:01.773918+08:00 Dky_app_00 /usr/sbin/cron[115086]: (dmdba) CMD (sh net_colsewait_mon.sh)
2025-04-23T16:14:01.774117+08:00 Dky_app_00 /usr/sbin/cron[115087]: (dmdba) CMD (sh /home/dmdba/dm/db_sessmon.sh)
2025-04-23T16:14:01.776912+08:00 Dky_app_00 linx[115091]: uptime
2025-04-23T16:14:01.796731+08:00 Dky_app_00 linx[115103]:  16:14:01 up 1551 days,  3:56,  8 users,  load average: 115.87, 112.31, 103.22
2025-04-23T16:14:01.798016+08:00 Dky_app_00 linx[115113]: free -m
2025-04-23T16:14:01.801204+08:00 Dky_app_00 linx[115115]:              total       used       free     shared    buffers     cached
2025-04-23T16:14:01.801217+08:00 Dky_app_00 linx[115115]: Mem:        516904     392540     124364          0        114      70493
2025-04-23T16:14:01.801235+08:00 Dky_app_00 linx[115115]: -/+ buffers/cache:     321933     194971
2025-04-23T16:14:01.801254+08:00 Dky_app_00 linx[115115]: Swap:        61034          0      61034
2025-04-23T16:14:01.802525+08:00 Dky_app_00 linx[115117]: df -h
2025-04-23T16:14:01.804079+08:00 Dky_app_00 linx[115119]: Filesystem            Size  Used Avail Use% Mounted on
2025-04-23T16:14:01.804102+08:00 Dky_app_00 linx[115119]: /dev/sda2             185G   75G  101G  43% /
2025-04-23T16:14:01.804137+08:00 Dky_app_00 linx[115119]: /dev/sda3             585G  197G  359G  36% /home
2025-04-23T16:14:01.804195+08:00 Dky_app_00 linx[115119]: /dev/sdav             3.0T  1.3T  1.6T  45% /dbbak
2025-04-23T16:14:01.804218+08:00 Dky_app_00 linx[115119]: /dev/mapper/dmarch_22-arch
2025-04-23T16:14:01.804281+08:00 Dky_app_00 linx[115119]:                       886G  680G  162G  81% /dbarch
2025-04-23T16:14:01.804322+08:00 Dky_app_00 linx[115119]: tmpfs                  20M   48K   20M   1% /tmp/smp
2025-04-23T16:14:01.804358+08:00 Dky_app_00 linx[115119]: 192.168.9.23:/dbarch/arch_rac1
2025-04-23T16:14:01.804421+08:00 Dky_app_00 linx[115119]:                       788G  681G   68G  91% /dbarch/arch_dsc1_kafka
2025-04-23T16:14:01.805709+08:00 Dky_app_00 linx[115121]: df -ih
2025-04-23T16:14:01.807111+08:00 Dky_app_00 linx[115123]: Filesystem            Inodes   IUsed   IFree IUse% Mounted on
2025-04-23T16:14:01.807136+08:00 Dky_app_00 linx[115123]: /dev/sda2                12M    2.1M    9.7M   18% /
2025-04-23T16:14:01.807181+08:00 Dky_app_00 linx[115123]: /dev/sda3                37M     28K     37M    1% /home
2025-04-23T16:14:01.807215+08:00 Dky_app_00 linx[115123]: /dev/sdav               192M     11K    192M    1% /dbbak
2025-04-23T16:14:01.807266+08:00 Dky_app_00 linx[115123]: /dev/mapper/dmarch_22-arch
2025-04-23T16:14:01.807312+08:00 Dky_app_00 linx[115123]:                          57M     463     57M    1% /dbarch
2025-04-23T16:14:01.807348+08:00 Dky_app_00 linx[115123]: tmpfs                    64M      13     64M    1% /tmp/smp
2025-04-23T16:14:01.807392+08:00 Dky_app_00 linx[115123]: 192.168.9.23:/dbarch/arch_rac1
2025-04-23T16:14:01.807415+08:00 Dky_app_00 linx[115123]:                          50M     353     50M    1% /dbarch/arch_dsc1_kafka
2025-04-23T16:14:01.808750+08:00 Dky_app_00 linx[115125]: iostat -x
2025-04-23T16:14:01.815474+08:00 Dky_app_00 linx[115127]: Linux 2.6.32-Rocky4.2-x86_64 (Dky_app_00) #01104/23/25 #011_x86_64_
2025-04-23T16:14:01.815506+08:00 Dky_app_00 linx[115127]:
2025-04-23T16:14:01.819038+08:00 Dky_app_00 linx[115127]: avg-cpu:  %user   %nice %system %iowait  %steal   %idle
2025-04-23T16:14:01.819081+08:00 Dky_app_00 linx[115127]:            3.47    0.00    1.30    0.67    0.00   94.61
2025-04-23T16:14:01.819108+08:00 Dky_app_00 linx[115127]:
2025-04-23T16:14:01.819145+08:00 Dky_app_00 linx[115127]: Device:         rrqm/s   wrqm/s     r/s     w/s   rsec/s   wsec/s avgrq-sz avgqu-sz   await  svctm  %util
2025-04-23T16:14:01.819167+08:00 Dky_app_00 linx[115127]: sda               0.02   223.59    0.15   13.30    17.75  1895.13   142.21     0.01    0.68   0.13   0.18
2025-04-23T16:14:01.819204+08:00 Dky_app_00 linx[115127]: sda1              0.00     0.00    0.00    0.00     0.00     0.00    40.85     0.00    2.01   2.01   0.00
2025-04-23T16:14:01.819244+08:00 Dky_app_00 linx[115127]: sda2              0.02    18.33    0.06    1.67     8.49   160.02    97.25     0.00    0.54   0.35   0.06
2025-04-23T16:14:01.819276+08:00 Dky_app_00 linx[115127]: sda3              0.00   205.26    0.08   11.63     9.25  1735.11   148.86     0.01    0.70   0.11   0.13
2025-04-23T16:14:01.819310+08:00 Dky_app_00 linx[115127]: sdb               0.00     0.00    9.08   71.73   595.35  4604.11    64.34     0.01    0.18   0.29   2.33
2025-04-23T16:14:01.819363+08:00 Dky_app_00 linx[115127]: sdc               0.00     0.00    7.48   35.34   476.05  2281.24    64.39     0.00    0.83   0.70   3.00
2025-04-23T16:14:01.819386+08:00 Dky_app_00 linx[115127]: sdd               0.00     0.00    5.51    5.92   349.87   389.75    64.69     0.02    1.89   1.65   1.89
2025-04-23T16:14:01.819419+08:00 Dky_app_00 linx[115127]: sde               0.00     0.00    9.33   42.90   586.69   984.37    30.08     0.02    0.29   0.29   1.50
2025-04-23T16:14:01.819450+08:00 Dky_app_00 linx[115127]: sdf               0.00     0.00    0.00    0.00     0.00     0.00    28.80     0.00    8.78   8.77   0.00
2025-04-23T16:14:01.819500+08:00 Dky_app_00 linx[115127]: sdg               0.00     0.00    0.20    0.00     1.56     0.00     8.00     0.00    0.10   0.10   0.00
2025-04-23T16:14:01.819542+08:00 Dky_app_00 linx[115127]: sdh               0.00     0.00    0.10    4.38     2.46  2869.88   641.69     0.00    0.85   1.66   0.74
2025-04-23T16:14:01.819584+08:00 Dky_app_00 linx[115127]: sdi               0.00     0.00    9.09   71.71   596.32  4603.13    64.34     0.01    0.08   0.24   1.91
2025-04-23T16:14:01.819626+08:00 Dky_app_00 linx[115127]: sdj               0.00     0.00    7.47   35.35   475.64  2281.67    64.39     0.01    0.93   0.02   0.08
2025-04-23T16:14:01.819663+08:00 Dky_app_00 linx[115127]: sdk               0.00     0.00    5.51    5.92   350.03   389.59    64.69     0.02    1.78   1.58   1.80
2025-04-23T16:14:01.819702+08:00 Dky_app_00 linx[115127]: sdl               0.00     0.00    9.10   43.13   569.60  1000.52    30.06     0.02    0.37   0.37   1.93
2025-04-23T16:14:01.819737+08:00 Dky_app_00 linx[115127]: sdm               0.00     0.00    0.00    0.00     0.00     0.00    28.51     0.00    0.20   0.20   0.00
2025-04-23T16:14:01.819780+08:00 Dky_app_00 linx[115127]: sdn               0.00     0.00    0.20    0.00     1.56     0.00     8.00     0.00    0.10   0.10   0.00
2025-04-23T16:14:01.819811+08:00 Dky_app_00 linx[115127]: sdo               0.00     0.00    0.10    4.38     2.46  2855.83   638.54     0.00    0.52   1.57   0.70
2025-04-23T16:14:01.819869+08:00 Dky_app_00 linx[115127]: sdq               0.00     0.00    7.47   35.36   475.32  2281.98    64.39     0.01    0.92   0.02   0.07
2025-04-23T16:14:01.819887+08:00 Dky_app_00 linx[115127]: sdr               0.00     0.00    5.51    5.92   350.20   389.41    64.69     0.02    1.78   1.57   1.80
2025-04-23T16:14:01.819938+08:00 Dky_app_00 linx[115127]: sds               0.00     0.00    9.21   43.02   577.25  1007.96    30.35     0.02    0.36   0.36   1.90
2025-04-23T16:14:01.819965+08:00 Dky_app_00 linx[115127]: sdt               0.00     0.00    0.00    0.00     0.00     0.00    28.50     0.00    0.16   0.16   0.00
2025-04-23T16:14:01.820009+08:00 Dky_app_00 linx[115127]: sdu               0.00     0.00    0.20    0.00     1.56     0.00     8.00     0.00    0.09   0.09   0.00
2025-04-23T16:14:01.820050+08:00 Dky_app_00 linx[115127]: sdv               0.00     0.00    0.10    4.38     2.46  2844.54   636.01     0.00    0.52   1.57   0.70
2025-04-23T16:14:01.820102+08:00 Dky_app_00 linx[115127]: sdw               0.00     0.00    9.09   71.72   595.90  4603.56    64.34     0.01    0.18   0.29   2.34
2025-04-23T16:14:01.820140+08:00 Dky_app_00 linx[115127]: sdx               0.00     0.00    7.47   35.35   475.67  2281.62    64.39     0.00    0.83   0.71   3.02
2025-04-23T16:14:01.820162+08:00 Dky_app_00 linx[115127]: sdy               0.00     0.00    5.51    5.92   349.99   389.62    64.69     0.02    1.92   1.67   1.91
2025-04-23T16:14:01.820183+08:00 Dky_app_00 linx[115127]: sdz               0.00     0.00    9.36   42.87   587.87   996.01    30.33     0.02    0.29   0.29   1.50
2025-04-23T16:14:01.820226+08:00 Dky_app_00 linx[115127]: sdab              0.00     0.00    0.20    0.00     1.56     0.00     8.00     0.00    0.09   0.09   0.00
2025-04-23T16:14:01.820262+08:00 Dky_app_00 linx[115127]: sdaa              0.00     0.00    0.00    0.00     0.00     0.00    28.48     0.00    0.22   0.22   0.00
2025-04-23T16:14:01.820304+08:00 Dky_app_00 linx[115127]: sdac              0.00     0.00    0.10    4.38     2.46  2852.37   637.77     0.00    0.84   1.66   0.74
2025-04-23T16:14:01.820348+08:00 Dky_app_00 linx[115127]: sdad              0.00     0.00    9.08   71.73   595.14  4604.31    64.34     0.01    0.08   0.23   1.89
2025-04-23T16:14:01.820389+08:00 Dky_app_00 linx[115127]: sdaf              0.00     0.00    5.51    5.92   349.85   389.77    64.69     0.02    1.79   1.58   1.80
2025-04-23T16:14:01.820437+08:00 Dky_app_00 linx[115127]: sdag              0.00     0.00    9.34   42.89   587.82   983.13    30.08     0.02    0.36   0.36   1.89
2025-04-23T16:14:01.820469+08:00 Dky_app_00 linx[115127]: sdah              0.00     0.00    0.00    0.00     0.00     0.00    28.56     0.00    0.12   0.12   0.00
2025-04-23T16:14:01.820511+08:00 Dky_app_00 linx[115127]: sdae              0.00     0.00    7.48   35.34   476.15  2281.14    64.39     0.01    0.92   0.01   0.06
2025-04-23T16:14:01.820546+08:00 Dky_app_00 linx[115127]: sdai              0.00     0.00    0.20    0.00     1.56     0.00     8.00     0.00    0.08   0.08   0.00
2025-04-23T16:14:01.820591+08:00 Dky_app_00 linx[115127]: sdaj              0.00     0.00    0.10    4.38     2.46  2868.40   641.34     0.00    0.51   1.57   0.70
2025-04-23T16:14:01.820612+08:00 Dky_app_00 linx[115127]: sdak              0.00     0.00    9.10   71.71   596.66  4602.78    64.34     0.01    0.08   0.23   1.88
2025-04-23T16:14:01.820650+08:00 Dky_app_00 linx[115127]: sdal              0.00     0.00    7.47   35.35   475.39  2281.91    64.39     0.01    0.92   0.02   0.06
2025-04-23T16:14:01.820680+08:00 Dky_app_00 linx[115127]: sdam              0.00     0.00    5.51    5.92   350.13   389.48    64.69     0.02    1.78   1.57   1.79
2025-04-23T16:14:01.820725+08:00 Dky_app_00 linx[115127]: sdan              0.00     0.00    9.17   43.06   574.90  1006.76    30.28     0.02    0.36   0.36   1.86
2025-04-23T16:14:01.820764+08:00 Dky_app_00 linx[115127]: sdao              0.00     0.00    0.00    0.00     0.00     0.00    28.57     0.00    0.13   0.13   0.00
2025-04-23T16:14:01.820810+08:00 Dky_app_00 linx[115127]: sdap              0.00     0.00    0.20    0.00     1.56     0.00     8.00     0.00    0.08   0.08   0.00
2025-04-23T16:14:01.820872+08:00 Dky_app_00 linx[115127]: sdaq              0.00     0.00    0.10    4.38     2.46  2846.99   636.56     0.00    0.51   1.57   0.70
2025-04-23T16:14:01.820899+08:00 Dky_app_00 linx[115127]: sdar              0.00     0.00    9.11   71.70   597.31  4602.14    64.34     0.02    0.19   0.30   2.39
2025-04-23T16:14:01.820942+08:00 Dky_app_00 linx[115127]: sdas              0.00     0.00    7.47   35.36   475.26  2282.03    64.39     0.00    0.85   0.72   3.07
2025-04-23T16:14:01.820985+08:00 Dky_app_00 linx[115127]: sdat              0.00     0.00    5.52    5.92   350.25   389.37    64.69     0.02    1.96   1.70   1.94
2025-04-23T16:14:01.821025+08:00 Dky_app_00 linx[115127]: sdau              0.00     0.00    9.22   43.00   577.54  1008.66    30.37     0.02    0.31   0.30   1.59
2025-04-23T16:14:01.821055+08:00 Dky_app_00 linx[115127]: sdav              0.00    11.20    0.30    0.11    75.39    90.50   406.11     0.01   12.52   0.70   0.03
2025-04-23T16:14:01.821097+08:00 Dky_app_00 linx[115127]: sdaw              0.00     0.00    0.20    0.00     1.56     0.00     8.00     0.00    0.08   0.08   0.00
2025-04-23T16:14:01.821138+08:00 Dky_app_00 linx[115127]: sday              0.00     0.00    9.08   71.72   595.62  4603.82    64.34     0.01    0.17   0.29   2.31
2025-04-23T16:14:01.821170+08:00 Dky_app_00 linx[115127]: sdaz              0.00     0.00    7.48   35.35   475.89  2281.39    64.39     0.00    0.83   0.70   2.99
2025-04-23T16:14:01.821214+08:00 Dky_app_00 linx[115127]: sdba              0.00     0.00    5.51    5.92   349.89   389.72    64.69     0.02    1.90   1.65   1.89
2025-04-23T16:14:01.821234+08:00 Dky_app_00 linx[115127]: sdbb              0.00     0.00    9.34   42.89   586.93   987.32    30.14     0.01    0.28   0.28   1.45
2025-04-23T16:14:01.821274+08:00 Dky_app_00 linx[115127]: sdbc              0.00     0.00    0.00    0.00     0.00     0.00    28.53     0.00    0.21   0.21   0.00
2025-04-23T16:14:01.821310+08:00 Dky_app_00 linx[115127]: sdbd              0.00     0.00    0.20    0.00     1.56     0.00     8.00     0.00    0.07   0.07   0.00
2025-04-23T16:14:01.821363+08:00 Dky_app_00 linx[115127]: sdbe              0.00     0.00    0.10    4.38     2.46  2843.90   635.88     0.00    0.82   1.65   0.74
2025-04-23T16:14:01.821391+08:00 Dky_app_00 linx[115127]: sdax              0.00     0.00    0.10    4.38     2.46  2871.66   642.09     0.00    0.85   1.66   0.74
2025-04-23T16:14:01.821431+08:00 Dky_app_00 linx[115127]: dm-0              0.00     0.70   72.34  573.72  4766.10 36826.35    64.38     0.03    0.04   0.04   2.83
2025-04-23T16:14:01.821465+08:00 Dky_app_00 linx[115127]: dm-1              0.00     0.34   59.40  282.80  3802.18 18252.97    64.45     0.01    0.04   0.05   1.69
2025-04-23T16:14:01.821508+08:00 Dky_app_00 linx[115127]: dm-2              0.01     0.04   43.70   47.37  2797.02  3116.71    64.94     0.01    0.46   0.18   1.60
2025-04-23T16:14:01.821543+08:00 Dky_app_00 linx[115127]: dm-3              0.00     0.00   73.67  343.76  4645.40  7974.71    30.23     0.01    0.10   0.01   0.60
2025-04-23T16:14:01.821592+08:00 Dky_app_00 linx[115127]: dm-4              0.00     0.00    0.00    0.00     0.00     0.00    15.59     0.00   17.28  17.28   0.00
2025-04-23T16:14:01.821626+08:00 Dky_app_00 linx[115127]: dm-5              0.00  2821.65    0.37   35.04    16.45 22853.57   645.84     0.01    0.38   0.29   1.02
2025-04-23T16:14:01.821667+08:00 Dky_app_00 linx[115127]: dm-6              0.00     0.00   25.49    3.00   333.40     3.00    11.81     0.01    0.36   0.36   1.02
2025-04-23T16:14:01.821702+08:00 Dky_app_00 linx[115127]: dm-7              0.00     0.00   45.80    0.00  4287.03     0.03    93.60     0.02    0.41   0.41   1.89
2025-04-23T16:14:01.821747+08:00 Dky_app_00 linx[115127]: dm-8              0.00     0.00    2.38  340.77    24.96  7971.69    23.30     0.01    0.03   0.03   1.04
2025-04-23T16:14:01.821783+08:00 Dky_app_00 linx[115127]: dm-9              0.00     0.00    0.37 2856.70    16.45 22853.57     8.00     0.02    0.00   0.00   1.03
2025-04-23T16:14:01.821834+08:00 Dky_app_00 linx[115127]:
2025-04-23T16:14:01.823088+08:00 Dky_app_00 linx[115129]: netstat -an |grep -i 'established'|wc -l
2025-04-23T16:14:01.854128+08:00 Dky_app_00 linx[115133]: 924
2025-04-23T16:14:01.855334+08:00 Dky_app_00 linx[115135]: date
2025-04-23T16:14:01.856541+08:00 Dky_app_00 linx[115137]: Wed Apr 23 16:14:01 CST 2025
2025-04-23T16:14:01.857576+08:00 Dky_app_00 linx[115139]: cat   /proc/buddyinfo
2025-04-23T16:14:01.858570+08:00 Dky_app_00 linx[115141]: Node 0, zone      DMA      1      1      1      1      2      1      0      0      1      1      3
2025-04-23T16:14:01.858594+08:00 Dky_app_00 linx[115141]: Node 0, zone    DMA32    325     93     60     31     25     34      9     12      9     55     28
2025-04-23T16:14:01.858611+08:00 Dky_app_00 linx[115141]: Node 0, zone   Normal    184    821   2188   1002    734    613  14039   9634   3934      0      0
2025-04-23T16:14:01.858633+08:00 Dky_app_00 linx[115141]: Node 1, zone   Normal    606   1630   2594   1656   2396  19539  18032   9016   2969      0      0
2025-04-23T16:14:01.858642+08:00 Dky_app_00 linx[115141]: Node 2, zone   Normal    132     54   2044   1639   1276   1440   3824   3805   1352      1      0
2025-04-23T16:14:01.858673+08:00 Dky_app_00 linx[115141]: Node 3, zone   Normal   6716  14286  14678   8766  16305  55810  31034  11865   2995      0      0
2025-04-23T16:14:01.858689+08:00 Dky_app_00 linx[115141]: Node 4, zone   Normal   7081  17309  43833  73524  93358  62701  32273  10012   1530      0      0
2025-04-23T16:14:01.858702+08:00 Dky_app_00 linx[115141]: Node 5, zone   Normal    313    188     58    244   1587   5849  16081   8025   2914      0      2
2025-04-23T16:14:01.858720+08:00 Dky_app_00 linx[115141]: Node 6, zone   Normal     76   3083   5309   4980   4275   3355   3094   2160   1578      0      0
2025-04-23T16:14:01.858748+08:00 Dky_app_00 linx[115141]: Node 7, zone   Normal    240    570  25629  35891  38016  28130  17411   9010   3207      0      0
2025-04-23T16:14:01.859776+08:00 Dky_app_00 linx[115143]: top-detail:
2025-04-23T16:16:01.711781+08:00 Dky_app_00 /usr/sbin/cron[118045]: (root) CMD (sh /usr/bin/msmp >> /var/log/msmp.log )
2025-04-23T16:16:01.711890+08:00 Dky_app_00 /usr/sbin/cron[118046]: (sysadmin) CMD (/usr/sbin/get_max_mem_process.sh)
2025-04-23T16:16:01.712078+08:00 Dky_app_00 /usr/sbin/cron[118047]: (root) CMD (/home/dmdba/drop_cached.sh)
2025-04-23T16:16:01.712237+08:00 Dky_app_00 /usr/sbin/cron[118048]: (dmdba) CMD (sh net_colsewait_mon.sh)
2025-04-23T16:16:01.712294+08:00 Dky_app_00 /usr/sbin/cron[118049]: (dmdba) CMD (sh /home/dmdba/dm/db_sessmon.sh)
2025-04-23T16:16:01.714798+08:00 Dky_app_00 linx[118052]: uptime
2025-04-23T16:16:01.747609+08:00 Dky_app_00 linx[118065]:  16:16:01 up 1551 days,  3:58,  8 users,  load average: 117.19, 113.92, 104.91
2025-04-23T16:16:01.749012+08:00 Dky_app_00 linx[118075]: free -m
2025-04-23T16:16:01.752544+08:00 Dky_app_00 linx[118077]:              total       used       free     shared    buffers     cached
2025-04-23T16:16:01.752589+08:00 Dky_app_00 linx[118077]: Mem:        516904     393477     123427          0        114      70495
2025-04-23T16:16:01.752607+08:00 Dky_app_00 linx[118077]: -/+ buffers/cache:     322867     194037
2025-04-23T16:16:01.752628+08:00 Dky_app_00 linx[118077]: Swap:        61034          0      61034
2025-04-23T16:16:01.753757+08:00 Dky_app_00 linx[118079]: df -h
2025-04-23T16:16:01.755128+08:00 Dky_app_00 linx[118081]: Filesystem            Size  Used Avail Use% Mounted on
2025-04-23T16:16:01.755162+08:00 Dky_app_00 linx[118081]: /dev/sda2             185G   75G  101G  43% /
2025-04-23T16:16:01.755202+08:00 Dky_app_00 linx[118081]: /dev/sda3             585G  197G  359G  36% /home
2025-04-23T16:16:01.755241+08:00 Dky_app_00 linx[118081]: /dev/sdav             3.0T  1.3T  1.6T  45% /dbbak
2025-04-23T16:16:01.755282+08:00 Dky_app_00 linx[118081]: /dev/mapper/dmarch_22-arch
2025-04-23T16:16:01.755295+08:00 Dky_app_00 linx[118081]:                       886G  680G  162G  81% /dbarch
2025-04-23T16:16:01.755334+08:00 Dky_app_00 linx[118081]: tmpfs                  20M   48K   20M   1% /tmp/smp
2025-04-23T16:16:01.755368+08:00 Dky_app_00 linx[118081]: 192.168.9.23:/dbarch/arch_rac1
2025-04-23T16:16:01.755415+08:00 Dky_app_00 linx[118081]:                       788G  681G   68G  91% /dbarch/arch_dsc1_kafka
2025-04-23T16:16:01.756594+08:00 Dky_app_00 linx[118083]: df -ih
2025-04-23T16:16:01.757877+08:00 Dky_app_00 linx[118085]: Filesystem            Inodes   IUsed   IFree IUse% Mounted on
2025-04-23T16:16:01.757921+08:00 Dky_app_00 linx[118085]: /dev/sda2                12M    2.1M    9.7M   18% /
2025-04-23T16:16:01.757952+08:00 Dky_app_00 linx[118085]: /dev/sda3                37M     28K     37M    1% /home
2025-04-23T16:16:01.757968+08:00 Dky_app_00 linx[118085]: /dev/sdav               192M     11K    192M    1% /dbbak
2025-04-23T16:16:01.758012+08:00 Dky_app_00 linx[118085]: /dev/mapper/dmarch_22-arch
2025-04-23T16:16:01.758038+08:00 Dky_app_00 linx[118085]:                          57M     463     57M    1% /dbarch
2025-04-23T16:16:01.758066+08:00 Dky_app_00 linx[118085]: tmpfs                    64M      13     64M    1% /tmp/smp
2025-04-23T16:16:01.758101+08:00 Dky_app_00 linx[118085]: 192.168.9.23:/dbarch/arch_rac1
2025-04-23T16:16:01.758136+08:00 Dky_app_00 linx[118085]:                          50M     353     50M    1% /dbarch/arch_dsc1_kafka
2025-04-23T16:16:01.759317+08:00 Dky_app_00 linx[118087]: iostat -x
2025-04-23T16:16:01.764790+08:00 Dky_app_00 linx[118089]: Linux 2.6.32-Rocky4.2-x86_64 (Dky_app_00) #01104/23/25 #011_x86_64_
2025-04-23T16:16:01.764803+08:00 Dky_app_00 linx[118089]:
2025-04-23T16:16:01.768313+08:00 Dky_app_00 linx[118089]: avg-cpu:  %user   %nice %system %iowait  %steal   %idle
2025-04-23T16:16:01.768322+08:00 Dky_app_00 linx[118089]:            3.47    0.00    1.30    0.67    0.00   94.61
2025-04-23T16:16:01.768339+08:00 Dky_app_00 linx[118089]:
2025-04-23T16:16:01.768354+08:00 Dky_app_00 linx[118089]: Device:         rrqm/s   wrqm/s     r/s     w/s   rsec/s   wsec/s avgrq-sz avgqu-sz   await  svctm  %util
2025-04-23T16:16:01.768386+08:00 Dky_app_00 linx[118089]: sda               0.02   223.59    0.15   13.30    17.75  1895.12   142.21     0.01    0.68   0.13   0.18
2025-04-23T16:16:01.768400+08:00 Dky_app_00 linx[118089]: sda1              0.00     0.00    0.00    0.00     0.00     0.00    40.85     0.00    2.01   2.01   0.00
2025-04-23T16:16:01.768430+08:00 Dky_app_00 linx[118089]: sda2              0.02    18.33    0.06    1.67     8.49   160.02    97.25     0.00    0.54   0.35   0.06
2025-04-23T16:16:01.768456+08:00 Dky_app_00 linx[118089]: sda3              0.00   205.25    0.08   11.63     9.25  1735.10   148.86     0.01    0.70   0.11   0.13
2025-04-23T16:16:01.768477+08:00 Dky_app_00 linx[118089]: sdb               0.00     0.00    9.08   71.73   595.35  4604.11    64.34     0.01    0.18   0.29   2.33
2025-04-23T16:16:01.768496+08:00 Dky_app_00 linx[118089]: sdc               0.00     0.00    7.48   35.34   476.05  2281.23    64.39     0.00    0.83   0.70   3.00
2025-04-23T16:16:01.768513+08:00 Dky_app_00 linx[118089]: sdd               0.00     0.00    5.51    5.92   349.87   389.75    64.69     0.02    1.89   1.65   1.89
2025-04-23T16:16:01.768532+08:00 Dky_app_00 linx[118089]: sde               0.00     0.00    9.33   42.90   586.69   984.36    30.08     0.02    0.29   0.29   1.50
2025-04-23T16:16:01.768547+08:00 Dky_app_00 linx[118089]: sdf               0.00     0.00    0.00    0.00     0.00     0.00    28.80     0.00    8.78   8.77   0.00
2025-04-23T16:16:01.768568+08:00 Dky_app_00 linx[118089]: sdg               0.00     0.00    0.20    0.00     1.56     0.00     8.00     0.00    0.10   0.10   0.00
2025-04-23T16:16:01.768602+08:00 Dky_app_00 linx[118089]: sdh               0.00     0.00    0.10    4.38     2.46  2869.87   641.69     0.00    0.85   1.66   0.74
2025-04-23T16:16:01.768615+08:00 Dky_app_00 linx[118089]: sdi               0.00     0.00    9.09   71.71   596.32  4603.13    64.34     0.01    0.08   0.24   1.91
2025-04-23T16:16:01.768634+08:00 Dky_app_00 linx[118089]: sdj               0.00     0.00    7.47   35.35   475.64  2281.67    64.39     0.01    0.93   0.02   0.08
2025-04-23T16:16:01.768651+08:00 Dky_app_00 linx[118089]: sdk               0.00     0.00    5.51    5.92   350.03   389.59    64.69     0.02    1.78   1.58   1.80
2025-04-23T16:16:01.768665+08:00 Dky_app_00 linx[118089]: sdl               0.00     0.00    9.10   43.13   569.60  1000.52    30.06     0.02    0.37   0.37   1.93
2025-04-23T16:16:01.768680+08:00 Dky_app_00 linx[118089]: sdm               0.00     0.00    0.00    0.00     0.00     0.00    28.51     0.00    0.20   0.20   0.00
2025-04-23T16:16:01.768693+08:00 Dky_app_00 linx[118089]: sdn               0.00     0.00    0.20    0.00     1.56     0.00     8.00     0.00    0.10   0.10   0.00
2025-04-23T16:16:01.768717+08:00 Dky_app_00 linx[118089]: sdo               0.00     0.00    0.10    4.38     2.46  2855.83   638.54     0.00    0.52   1.57   0.70
2025-04-23T16:16:01.768732+08:00 Dky_app_00 linx[118089]: sdq               0.00     0.00    7.47   35.36   475.32  2281.97    64.39     0.01    0.92   0.02   0.07
2025-04-23T16:16:01.768747+08:00 Dky_app_00 linx[118089]: sdr               0.00     0.00    5.51    5.92   350.20   389.41    64.69     0.02    1.78   1.57   1.80
2025-04-23T16:16:01.768761+08:00 Dky_app_00 linx[118089]: sds               0.00     0.00    9.21   43.02   577.25  1007.95    30.35     0.02    0.36   0.36   1.90
2025-04-23T16:16:01.768787+08:00 Dky_app_00 linx[118089]: sdt               0.00     0.00    0.00    0.00     0.00     0.00    28.50     0.00    0.16   0.16   0.00
2025-04-23T16:16:01.768795+08:00 Dky_app_00 linx[118089]: sdu               0.00     0.00    0.20    0.00     1.56     0.00     8.00     0.00    0.09   0.09   0.00
2025-04-23T16:16:01.768817+08:00 Dky_app_00 linx[118089]: sdv               0.00     0.00    0.10    4.38     2.46  2844.53   636.01     0.00    0.52   1.57   0.70
2025-04-23T16:16:01.768832+08:00 Dky_app_00 linx[118089]: sdw               0.00     0.00    9.09   71.72   595.90  4603.56    64.34     0.01    0.18   0.29   2.34
2025-04-23T16:16:01.768855+08:00 Dky_app_00 linx[118089]: sdx               0.00     0.00    7.47   35.35   475.67  2281.61    64.39     0.00    0.83   0.71   3.02
2025-04-23T16:16:01.768869+08:00 Dky_app_00 linx[118089]: sdy               0.00     0.00    5.51    5.92   349.99   389.62    64.69     0.02    1.92   1.67   1.91
2025-04-23T16:16:01.768885+08:00 Dky_app_00 linx[118089]: sdz               0.00     0.00    9.36   42.87   587.87   996.01    30.33     0.02    0.29   0.29   1.50
2025-04-23T16:16:01.768907+08:00 Dky_app_00 linx[118089]: sdab              0.00     0.00    0.20    0.00     1.56     0.00     8.00     0.00    0.09   0.09   0.00
2025-04-23T16:16:01.768928+08:00 Dky_app_00 linx[118089]: sdaa              0.00     0.00    0.00    0.00     0.00     0.00    28.48     0.00    0.22   0.22   0.00
2025-04-23T16:16:01.768942+08:00 Dky_app_00 linx[118089]: sdac              0.00     0.00    0.10    4.38     2.46  2852.37   637.77     0.00    0.84   1.66   0.74
2025-04-23T16:16:01.768957+08:00 Dky_app_00 linx[118089]: sdad              0.00     0.00    9.08   71.73   595.14  4604.31    64.34     0.01    0.08   0.23   1.89
2025-04-23T16:16:01.768982+08:00 Dky_app_00 linx[118089]: sdaf              0.00     0.00    5.51    5.92   349.85   389.77    64.69     0.02    1.79   1.58   1.80
2025-04-23T16:16:01.768997+08:00 Dky_app_00 linx[118089]: sdag              0.00     0.00    9.34   42.89   587.82   983.13    30.08     0.02    0.36   0.36   1.89
2025-04-23T16:16:01.769019+08:00 Dky_app_00 linx[118089]: sdah              0.00     0.00    0.00    0.00     0.00     0.00    28.56     0.00    0.12   0.12   0.00
2025-04-23T16:16:01.769030+08:00 Dky_app_00 linx[118089]: sdae              0.00     0.00    7.48   35.34   476.15  2281.14    64.39     0.01    0.92   0.01   0.06
2025-04-23T16:16:01.769051+08:00 Dky_app_00 linx[118089]: sdai              0.00     0.00    0.20    0.00     1.56     0.00     8.00     0.00    0.08   0.08   0.00
2025-04-23T16:16:01.769062+08:00 Dky_app_00 linx[118089]: sdaj              0.00     0.00    0.10    4.38     2.46  2868.39   641.34     0.00    0.51   1.57   0.70
2025-04-23T16:16:01.769067+08:00 Dky_app_00 linx[118089]: sdak              0.00     0.00    9.10   71.71   596.66  4602.78    64.34     0.01    0.08   0.23   1.88
2025-04-23T16:16:01.769090+08:00 Dky_app_00 linx[118089]: sdal              0.00     0.00    7.47   35.35   475.39  2281.91    64.39     0.01    0.92   0.02   0.06
2025-04-23T16:16:01.769098+08:00 Dky_app_00 linx[118089]: sdam              0.00     0.00    5.51    5.92   350.13   389.48    64.69     0.02    1.78   1.57   1.79
2025-04-23T16:16:01.769112+08:00 Dky_app_00 linx[118089]: sdan              0.00     0.00    9.17   43.06   574.90  1006.76    30.28     0.02    0.36   0.36   1.86
2025-04-23T16:16:01.769131+08:00 Dky_app_00 linx[118089]: sdao              0.00     0.00    0.00    0.00     0.00     0.00    28.57     0.00    0.13   0.13   0.00
2025-04-23T16:16:01.769139+08:00 Dky_app_00 linx[118089]: sdap              0.00     0.00    0.20    0.00     1.56     0.00     8.00     0.00    0.08   0.08   0.00
2025-04-23T16:16:01.769158+08:00 Dky_app_00 linx[118089]: sdaq              0.00     0.00    0.10    4.38     2.46  2846.99   636.56     0.00    0.51   1.57   0.70
2025-04-23T16:16:01.769171+08:00 Dky_app_00 linx[118089]: sdar              0.00     0.00    9.11   71.70   597.31  4602.14    64.34     0.02    0.19   0.30   2.39
2025-04-23T16:16:01.769196+08:00 Dky_app_00 linx[118089]: sdas              0.00     0.00    7.47   35.36   475.26  2282.03    64.39     0.00    0.85   0.72   3.07
2025-04-23T16:16:01.769221+08:00 Dky_app_00 linx[118089]: sdat              0.00     0.00    5.52    5.92   350.25   389.37    64.69     0.02    1.96   1.70   1.94
2025-04-23T16:16:01.769235+08:00 Dky_app_00 linx[118089]: sdau              0.00     0.00    9.22   43.00   577.54  1008.66    30.37     0.02    0.31   0.30   1.59
2025-04-23T16:16:01.769255+08:00 Dky_app_00 linx[118089]: sdav              0.00    11.20    0.30    0.11    75.39    90.49   406.11     0.01   12.52   0.70   0.03
2025-04-23T16:16:01.769272+08:00 Dky_app_00 linx[118089]: sdaw              0.00     0.00    0.20    0.00     1.56     0.00     8.00     0.00    0.08   0.08   0.00
2025-04-23T16:16:01.769296+08:00 Dky_app_00 linx[118089]: sday              0.00     0.00    9.08   71.72   595.62  4603.82    64.34     0.01    0.17   0.29   2.31
2025-04-23T16:16:01.769320+08:00 Dky_app_00 linx[118089]: sdaz              0.00     0.00    7.48   35.35   475.89  2281.39    64.39     0.00    0.83   0.70   2.99
2025-04-23T16:16:01.769328+08:00 Dky_app_00 linx[118089]: sdba              0.00     0.00    5.51    5.92   349.89   389.72    64.69     0.02    1.90   1.65   1.89
2025-04-23T16:16:01.769363+08:00 Dky_app_00 linx[118089]: sdbb              0.00     0.00    9.34   42.89   586.93   987.31    30.14     0.01    0.28   0.28   1.45
2025-04-23T16:16:01.769378+08:00 Dky_app_00 linx[118089]: sdbc              0.00     0.00    0.00    0.00     0.00     0.00    28.53     0.00    0.21   0.21   0.00
2025-04-23T16:16:01.769393+08:00 Dky_app_00 linx[118089]: sdbd              0.00     0.00    0.20    0.00     1.56     0.00     8.00     0.00    0.07   0.07   0.00
2025-04-23T16:16:01.769417+08:00 Dky_app_00 linx[118089]: sdbe              0.00     0.00    0.10    4.38     2.46  2843.90   635.88     0.00    0.82   1.65   0.74
2025-04-23T16:16:01.769448+08:00 Dky_app_00 linx[118089]: sdax              0.00     0.00    0.10    4.38     2.46  2871.66   642.09     0.00    0.85   1.66   0.74
2025-04-23T16:16:01.769457+08:00 Dky_app_00 linx[118089]: dm-0              0.00     0.70   72.34  573.72  4766.10 36826.31    64.38     0.03    0.04   0.04   2.83
2025-04-23T16:16:01.769467+08:00 Dky_app_00 linx[118089]: dm-1              0.00     0.34   59.40  282.80  3802.18 18252.96    64.45     0.01    0.04   0.05   1.69
2025-04-23T16:16:01.769483+08:00 Dky_app_00 linx[118089]: dm-2              0.01     0.04   43.70   47.37  2797.01  3116.71    64.94     0.01    0.46   0.18   1.60
2025-04-23T16:16:01.769513+08:00 Dky_app_00 linx[118089]: dm-3              0.00     0.00   73.67  343.76  4645.40  7974.71    30.23     0.01    0.10   0.01   0.60
2025-04-23T16:16:01.769521+08:00 Dky_app_00 linx[118089]: dm-4              0.00     0.00    0.00    0.00     0.00     0.00    15.59     0.00   17.28  17.28   0.00
2025-04-23T16:16:01.769543+08:00 Dky_app_00 linx[118089]: dm-5              0.00  2821.65    0.37   35.04    16.45 22853.55   645.84     0.01    0.38   0.29   1.02
2025-04-23T16:16:01.769567+08:00 Dky_app_00 linx[118089]: dm-6              0.00     0.00   25.49    3.00   333.40     3.00    11.81     0.01    0.36   0.36   1.02
2025-04-23T16:16:01.769582+08:00 Dky_app_00 linx[118089]: dm-7              0.00     0.00   45.80    0.00  4287.03     0.03    93.60     0.02    0.41   0.41   1.89
2025-04-23T16:16:01.769600+08:00 Dky_app_00 linx[118089]: dm-8              0.00     0.00    2.38  340.76    24.96  7971.68    23.30     0.01    0.03   0.03   1.04
2025-04-23T16:16:01.769609+08:00 Dky_app_00 linx[118089]: dm-9              0.00     0.00    0.37 2856.69    16.45 22853.55     8.00     0.02    0.00   0.00   1.03
2025-04-23T16:16:01.769641+08:00 Dky_app_00 linx[118089]:
2025-04-23T16:16:01.770631+08:00 Dky_app_00 linx[118091]: netstat -an |grep -i 'established'|wc -l
2025-04-23T16:16:01.801771+08:00 Dky_app_00 linx[118095]: 921
2025-04-23T16:16:01.802970+08:00 Dky_app_00 linx[118101]: date
2025-04-23T16:16:01.804114+08:00 Dky_app_00 linx[118103]: Wed Apr 23 16:16:01 CST 2025
2025-04-23T16:16:01.805207+08:00 Dky_app_00 linx[118105]: cat   /proc/buddyinfo
2025-04-23T16:16:01.806258+08:00 Dky_app_00 linx[118107]: Node 0, zone      DMA      1      1      1      1      2      1      0      0      1      1      3
2025-04-23T16:16:01.806278+08:00 Dky_app_00 linx[118107]: Node 0, zone    DMA32    325     93     60     31     25     34      9     12      9     55     28
2025-04-23T16:16:01.806284+08:00 Dky_app_00 linx[118107]: Node 0, zone   Normal    131    775   2159    994    735    613  14039   9634   3934      0      0
2025-04-23T16:16:01.806288+08:00 Dky_app_00 linx[118107]: Node 1, zone   Normal    701   1874   2605   1663   2392  19539  18032   9016   2969      0      0
2025-04-23T16:16:01.806291+08:00 Dky_app_00 linx[118107]: Node 2, zone   Normal    103    142   1914   1639   1276   1440   3824   3805   1352      0      0
2025-04-23T16:16:01.806306+08:00 Dky_app_00 linx[118107]: Node 3, zone   Normal   6868  14224  14677   8770  16294  55760  31017  11861   2996      0      0
2025-04-23T16:16:01.806313+08:00 Dky_app_00 linx[118107]: Node 4, zone   Normal   7152  17280  43834  73518  93359  62701  32273  10012   1530      0      0
2025-04-23T16:16:01.806322+08:00 Dky_app_00 linx[118107]: Node 5, zone   Normal    232    173    133    199   1576   5849  16081   8025   2914      0      0
2025-04-23T16:16:01.806334+08:00 Dky_app_00 linx[118107]: Node 6, zone   Normal    244   3942   5028   4736   4135   3291   2992   2081   1539      0      0
2025-04-23T16:16:01.806346+08:00 Dky_app_00 linx[118107]: Node 7, zone   Normal    188    139  24562  34739  36700  27056  16610   8518   3014      0      0
2025-04-23T16:16:01.807412+08:00 Dky_app_00 linx[118109]: top-detail:
2025-04-23T16:18:01.627545+08:00 Dky_app_00 /usr/sbin/cron[120986]: (root) CMD (sh /usr/bin/msmp >> /var/log/msmp.log )
2025-04-23T16:18:01.627738+08:00 Dky_app_00 /usr/sbin/cron[120987]: (sysadmin) CMD (/usr/sbin/get_max_mem_process.sh)
2025-04-23T16:18:01.627767+08:00 Dky_app_00 /usr/sbin/cron[120988]: (root) CMD (/home/dmdba/drop_cached.sh)
2025-04-23T16:18:01.627885+08:00 Dky_app_00 /usr/sbin/cron[120989]: (dmdba) CMD (sh net_colsewait_mon.sh)
2025-04-23T16:18:01.628046+08:00 Dky_app_00 /usr/sbin/cron[120990]: (dmdba) CMD (sh /home/dmdba/dm/db_sessmon.sh)
2025-04-23T16:18:01.630914+08:00 Dky_app_00 linx[120994]: uptime
2025-04-23T16:18:01.654636+08:00 Dky_app_00 linx[121006]:  16:18:01 up 1551 days,  4:00,  8 users,  load average: 119.15, 115.73, 106.66
2025-04-23T16:18:01.655985+08:00 Dky_app_00 linx[121016]: free -m
2025-04-23T16:18:01.659371+08:00 Dky_app_00 linx[121018]:              total       used       free     shared    buffers     cached
2025-04-23T16:18:01.659408+08:00 Dky_app_00 linx[121018]: Mem:        516904     394576     122328          0        114      70498
2025-04-23T16:18:01.659445+08:00 Dky_app_00 linx[121018]: -/+ buffers/cache:     323963     192941
2025-04-23T16:18:01.659492+08:00 Dky_app_00 linx[121018]: Swap:        61034          0      61034
2025-04-23T16:18:01.660786+08:00 Dky_app_00 linx[121020]: df -h
2025-04-23T16:18:01.662380+08:00 Dky_app_00 linx[121022]: Filesystem            Size  Used Avail Use% Mounted on
2025-04-23T16:18:01.662397+08:00 Dky_app_00 linx[121022]: /dev/sda2             185G   75G  101G  43% /
2025-04-23T16:18:01.662425+08:00 Dky_app_00 linx[121022]: /dev/sda3             585G  197G  359G  36% /home
2025-04-23T16:18:01.662454+08:00 Dky_app_00 linx[121022]: /dev/sdav             3.0T  1.3T  1.6T  45% /dbbak
2025-04-23T16:18:01.662487+08:00 Dky_app_00 linx[121022]: /dev/mapper/dmarch_22-arch
2025-04-23T16:18:01.662517+08:00 Dky_app_00 linx[121022]:                       886G  680G  162G  81% /dbarch
2025-04-23T16:18:01.662559+08:00 Dky_app_00 linx[121022]: tmpfs                  20M   36K   20M   1% /tmp/smp
2025-04-23T16:18:01.662589+08:00 Dky_app_00 linx[121022]: 192.168.9.23:/dbarch/arch_rac1
2025-04-23T16:18:01.662628+08:00 Dky_app_00 linx[121022]:                       788G  681G   68G  91% /dbarch/arch_dsc1_kafka
2025-04-23T16:18:01.663925+08:00 Dky_app_00 linx[121024]: df -ih
2025-04-23T16:18:01.665335+08:00 Dky_app_00 linx[121026]: Filesystem            Inodes   IUsed   IFree IUse% Mounted on
2025-04-23T16:18:01.665354+08:00 Dky_app_00 linx[121026]: /dev/sda2                12M    2.1M    9.7M   18% /
2025-04-23T16:18:01.665373+08:00 Dky_app_00 linx[121026]: /dev/sda3                37M     28K     37M    1% /home
2025-04-23T16:18:01.665396+08:00 Dky_app_00 linx[121026]: /dev/sdav               192M     11K    192M    1% /dbbak
2025-04-23T16:18:01.665432+08:00 Dky_app_00 linx[121026]: /dev/mapper/dmarch_22-arch
2025-04-23T16:18:01.665469+08:00 Dky_app_00 linx[121026]:                          57M     463     57M    1% /dbarch
2025-04-23T16:18:01.665506+08:00 Dky_app_00 linx[121026]: tmpfs                    64M      13     64M    1% /tmp/smp
2025-04-23T16:18:01.665550+08:00 Dky_app_00 linx[121026]: 192.168.9.23:/dbarch/arch_rac1
2025-04-23T16:18:01.665569+08:00 Dky_app_00 linx[121026]:                          50M     353     50M    1% /dbarch/arch_dsc1_kafka
2025-04-23T16:18:01.666770+08:00 Dky_app_00 linx[121028]: iostat -x
2025-04-23T16:18:01.673086+08:00 Dky_app_00 linx[121030]: Linux 2.6.32-Rocky4.2-x86_64 (Dky_app_00) #01104/23/25 #011_x86_64_
2025-04-23T16:18:01.673102+08:00 Dky_app_00 linx[121030]:
2025-04-23T16:18:01.676619+08:00 Dky_app_00 linx[121030]: avg-cpu:  %user   %nice %system %iowait  %steal   %idle
2025-04-23T16:18:01.676674+08:00 Dky_app_00 linx[121030]:            3.47    0.00    1.30    0.67    0.00   94.61
2025-04-23T16:18:01.676690+08:00 Dky_app_00 linx[121030]:
2025-04-23T16:18:01.676734+08:00 Dky_app_00 linx[121030]: Device:         rrqm/s   wrqm/s     r/s     w/s   rsec/s   wsec/s avgrq-sz avgqu-sz   await  svctm  %util
2025-04-23T16:18:01.676777+08:00 Dky_app_00 linx[121030]: sda               0.02   223.59    0.15   13.30    17.75  1895.12   142.21     0.01    0.68   0.13   0.18
2025-04-23T16:18:01.676825+08:00 Dky_app_00 linx[121030]: sda1              0.00     0.00    0.00    0.00     0.00     0.00    40.85     0.00    2.01   2.01   0.00
2025-04-23T16:18:01.676854+08:00 Dky_app_00 linx[121030]: sda2              0.02    18.33    0.06    1.67     8.49   160.02    97.25     0.00    0.54   0.35   0.06
2025-04-23T16:18:01.676903+08:00 Dky_app_00 linx[121030]: sda3              0.00   205.25    0.08   11.63     9.25  1735.10   148.86     0.01    0.70   0.11   0.13
2025-04-23T16:18:01.676954+08:00 Dky_app_00 linx[121030]: sdb               0.00     0.00    9.08   71.73   595.35  4604.11    64.34     0.01    0.18   0.29   2.33
2025-04-23T16:18:01.676979+08:00 Dky_app_00 linx[121030]: sdc               0.00     0.00    7.48   35.34   476.05  2281.23    64.39     0.00    0.83   0.70   3.00
2025-04-23T16:18:01.677009+08:00 Dky_app_00 linx[121030]: sdd               0.00     0.00    5.51    5.92   349.87   389.75    64.69     0.02    1.89   1.65   1.89
2025-04-23T16:18:01.677035+08:00 Dky_app_00 linx[121030]: sde               0.00     0.00    9.33   42.90   586.69   984.36    30.08     0.02    0.29   0.29   1.50
2025-04-23T16:18:01.677063+08:00 Dky_app_00 linx[121030]: sdf               0.00     0.00    0.00    0.00     0.00     0.00    28.80     0.00    8.78   8.77   0.00
2025-04-23T16:18:01.677095+08:00 Dky_app_00 linx[121030]: sdg               0.00     0.00    0.20    0.00     1.56     0.00     8.00     0.00    0.10   0.10   0.00
2025-04-23T16:18:01.677139+08:00 Dky_app_00 linx[121030]: sdh               0.00     0.00    0.10    4.38     2.46  2869.87   641.69     0.00    0.85   1.66   0.74
2025-04-23T16:18:01.677153+08:00 Dky_app_00 linx[121030]: sdi               0.00     0.00    9.09   71.71   596.32  4603.13    64.34     0.01    0.08   0.24   1.91
2025-04-23T16:18:01.677197+08:00 Dky_app_00 linx[121030]: sdj               0.00     0.00    7.47   35.35   475.64  2281.67    64.39     0.01    0.93   0.02   0.08
2025-04-23T16:18:01.677237+08:00 Dky_app_00 linx[121030]: sdk               0.00     0.00    5.51    5.92   350.03   389.59    64.69     0.02    1.78   1.58   1.80
2025-04-23T16:18:01.677276+08:00 Dky_app_00 linx[121030]: sdl               0.00     0.00    9.10   43.13   569.60  1000.52    30.06     0.02    0.37   0.37   1.93
2025-04-23T16:18:01.677304+08:00 Dky_app_00 linx[121030]: sdm               0.00     0.00    0.00    0.00     0.00     0.00    28.51     0.00    0.20   0.20   0.00
2025-04-23T16:18:01.677353+08:00 Dky_app_00 linx[121030]: sdn               0.00     0.00    0.20    0.00     1.56     0.00     8.00     0.00    0.10   0.10   0.00
2025-04-23T16:18:01.677392+08:00 Dky_app_00 linx[121030]: sdo               0.00     0.00    0.10    4.38     2.46  2855.83   638.54     0.00    0.52   1.57   0.70
2025-04-23T16:18:01.677433+08:00 Dky_app_00 linx[121030]: sdq               0.00     0.00    7.47   35.36   475.32  2281.97    64.39     0.01    0.92   0.02   0.07
2025-04-23T16:18:01.677478+08:00 Dky_app_00 linx[121030]: sdr               0.00     0.00    5.51    5.92   350.20   389.41    64.69     0.02    1.78   1.57   1.80
2025-04-23T16:18:01.677526+08:00 Dky_app_00 linx[121030]: sds               0.00     0.00    9.21   43.02   577.25  1007.95    30.35     0.02    0.36   0.36   1.90
2025-04-23T16:18:01.677565+08:00 Dky_app_00 linx[121030]: sdt               0.00     0.00    0.00    0.00     0.00     0.00    28.50     0.00    0.16   0.16   0.00
2025-04-23T16:18:01.677592+08:00 Dky_app_00 linx[121030]: sdu               0.00     0.00    0.20    0.00     1.56     0.00     8.00     0.00    0.09   0.09   0.00
2025-04-23T16:18:01.677636+08:00 Dky_app_00 linx[121030]: sdv               0.00     0.00    0.10    4.38     2.46  2844.53   636.01     0.00    0.52   1.57   0.70
2025-04-23T16:18:01.677674+08:00 Dky_app_00 linx[121030]: sdw               0.00     0.00    9.09   71.72   595.90  4603.55    64.34     0.01    0.18   0.29   2.34
2025-04-23T16:18:01.677707+08:00 Dky_app_00 linx[121030]: sdx               0.00     0.00    7.47   35.35   475.67  2281.61    64.39     0.00    0.83   0.71   3.02
2025-04-23T16:18:01.677750+08:00 Dky_app_00 linx[121030]: sdy               0.00     0.00    5.51    5.92   349.99   389.62    64.69     0.02    1.92   1.67   1.91
2025-04-23T16:18:01.677781+08:00 Dky_app_00 linx[121030]: sdz               0.00     0.00    9.36   42.87   587.87   996.01    30.33     0.02    0.29   0.29   1.50
2025-04-23T16:18:01.677814+08:00 Dky_app_00 linx[121030]: sdab              0.00     0.00    0.20    0.00     1.56     0.00     8.00     0.00    0.09   0.09   0.00
2025-04-23T16:18:01.677856+08:00 Dky_app_00 linx[121030]: sdaa              0.00     0.00    0.00    0.00     0.00     0.00    28.48     0.00    0.22   0.22   0.00
2025-04-23T16:18:01.677891+08:00 Dky_app_00 linx[121030]: sdac              0.00     0.00    0.10    4.38     2.46  2852.37   637.77     0.00    0.84   1.66   0.74
2025-04-23T16:18:01.677921+08:00 Dky_app_00 linx[121030]: sdad              0.00     0.00    9.08   71.73   595.14  4604.30    64.34     0.01    0.08   0.23   1.89
2025-04-23T16:18:01.677962+08:00 Dky_app_00 linx[121030]: sdaf              0.00     0.00    5.51    5.92   349.85   389.77    64.69     0.02    1.79   1.58   1.80
2025-04-23T16:18:01.677981+08:00 Dky_app_00 linx[121030]: sdag              0.00     0.00    9.34   42.89   587.82   983.13    30.08     0.02    0.36   0.36   1.89
2025-04-23T16:18:01.678011+08:00 Dky_app_00 linx[121030]: sdah              0.00     0.00    0.00    0.00     0.00     0.00    28.56     0.00    0.12   0.12   0.00
2025-04-23T16:18:01.678045+08:00 Dky_app_00 linx[121030]: sdae              0.00     0.00    7.48   35.34   476.15  2281.14    64.39     0.01    0.92   0.01   0.06
2025-04-23T16:18:01.678091+08:00 Dky_app_00 linx[121030]: sdai              0.00     0.00    0.20    0.00     1.56     0.00     8.00     0.00    0.08   0.08   0.00
2025-04-23T16:18:01.678116+08:00 Dky_app_00 linx[121030]: sdaj              0.00     0.00    0.10    4.38     2.46  2868.39   641.34     0.00    0.51   1.57   0.70
2025-04-23T16:18:01.678161+08:00 Dky_app_00 linx[121030]: sdak              0.00     0.00    9.10   71.71   596.66  4602.77    64.34     0.01    0.08   0.23   1.88
2025-04-23T16:18:01.678205+08:00 Dky_app_00 linx[121030]: sdal              0.00     0.00    7.47   35.35   475.39  2281.90    64.39     0.01    0.92   0.02   0.06
2025-04-23T16:18:01.678243+08:00 Dky_app_00 linx[121030]: sdam              0.00     0.00    5.51    5.92   350.13   389.48    64.69     0.02    1.78   1.57   1.79
2025-04-23T16:18:01.678286+08:00 Dky_app_00 linx[121030]: sdan              0.00     0.00    9.17   43.06   574.90  1006.75    30.28     0.02    0.36   0.36   1.86
2025-04-23T16:18:01.678328+08:00 Dky_app_00 linx[121030]: sdao              0.00     0.00    0.00    0.00     0.00     0.00    28.57     0.00    0.13   0.13   0.00
2025-04-23T16:18:01.678369+08:00 Dky_app_00 linx[121030]: sdap              0.00     0.00    0.20    0.00     1.56     0.00     8.00     0.00    0.08   0.08   0.00
2025-04-23T16:18:01.678391+08:00 Dky_app_00 linx[121030]: sdaq              0.00     0.00    0.10    4.38     2.46  2846.99   636.56     0.00    0.51   1.57   0.70
2025-04-23T16:18:01.678428+08:00 Dky_app_00 linx[121030]: sdar              0.00     0.00    9.11   71.70   597.31  4602.13    64.34     0.02    0.19   0.30   2.39
2025-04-23T16:18:01.678478+08:00 Dky_app_00 linx[121030]: sdas              0.00     0.00    7.47   35.36   475.26  2282.03    64.39     0.00    0.85   0.72   3.07
2025-04-23T16:18:01.678505+08:00 Dky_app_00 linx[121030]: sdat              0.00     0.00    5.52    5.92   350.25   389.37    64.69     0.02    1.96   1.70   1.94
2025-04-23T16:18:01.678552+08:00 Dky_app_00 linx[121030]: sdau              0.00     0.00    9.22   43.00   577.54  1008.66    30.37     0.02    0.31   0.30   1.59
2025-04-23T16:18:01.678594+08:00 Dky_app_00 linx[121030]: sdav              0.00    11.20    0.30    0.11    75.39    90.49   406.11     0.01   12.52   0.70   0.03
2025-04-23T16:18:01.678635+08:00 Dky_app_00 linx[121030]: sdaw              0.00     0.00    0.20    0.00     1.56     0.00     8.00     0.00    0.08   0.08   0.00
2025-04-23T16:18:01.678687+08:00 Dky_app_00 linx[121030]: sday              0.00     0.00    9.08   71.72   595.62  4603.82    64.34     0.01    0.17   0.29   2.31
2025-04-23T16:18:01.678705+08:00 Dky_app_00 linx[121030]: sdaz              0.00     0.00    7.48   35.35   475.89  2281.39    64.39     0.00    0.83   0.70   2.99
2025-04-23T16:18:01.678750+08:00 Dky_app_00 linx[121030]: sdba              0.00     0.00    5.51    5.92   349.89   389.72    64.69     0.02    1.90   1.65   1.89
2025-04-23T16:18:01.678797+08:00 Dky_app_00 linx[121030]: sdbb              0.00     0.00    9.34   42.89   586.93   987.31    30.14     0.01    0.28   0.28   1.45
2025-04-23T16:18:01.678814+08:00 Dky_app_00 linx[121030]: sdbc              0.00     0.00    0.00    0.00     0.00     0.00    28.53     0.00    0.21   0.21   0.00
2025-04-23T16:18:01.678833+08:00 Dky_app_00 linx[121030]: sdbd              0.00     0.00    0.20    0.00     1.56     0.00     8.00     0.00    0.07   0.07   0.00
2025-04-23T16:18:01.678867+08:00 Dky_app_00 linx[121030]: sdbe              0.00     0.00    0.10    4.38     2.46  2843.90   635.88     0.00    0.82   1.65   0.74
2025-04-23T16:18:01.678911+08:00 Dky_app_00 linx[121030]: sdax              0.00     0.00    0.10    4.38     2.46  2871.66   642.09     0.00    0.85   1.66   0.74
2025-04-23T16:18:01.678954+08:00 Dky_app_00 linx[121030]: dm-0              0.00     0.70   72.34  573.72  4766.09 36826.28    64.38     0.03    0.04   0.04   2.83
2025-04-23T16:18:01.678992+08:00 Dky_app_00 linx[121030]: dm-1              0.00     0.34   59.40  282.80  3802.17 18252.94    64.45     0.01    0.04   0.05   1.69
2025-04-23T16:18:01.679030+08:00 Dky_app_00 linx[121030]: dm-2              0.01     0.04   43.70   47.37  2797.01  3116.70    64.94     0.01    0.46   0.18   1.60
2025-04-23T16:18:01.679059+08:00 Dky_app_00 linx[121030]: dm-3              0.00     0.00   73.67  343.76  4645.40  7974.70    30.23     0.01    0.10   0.01   0.60
2025-04-23T16:18:01.679098+08:00 Dky_app_00 linx[121030]: dm-4              0.00     0.00    0.00    0.00     0.00     0.00    15.59     0.00   17.28  17.28   0.00
2025-04-23T16:18:01.679142+08:00 Dky_app_00 linx[121030]: dm-5              0.00  2821.65    0.37   35.04    16.45 22853.53   645.84     0.01    0.38   0.29   1.02
2025-04-23T16:18:01.679179+08:00 Dky_app_00 linx[121030]: dm-6              0.00     0.00   25.49    3.00   333.40     3.00    11.81     0.01    0.36   0.36   1.02
2025-04-23T16:18:01.679198+08:00 Dky_app_00 linx[121030]: dm-7              0.00     0.00   45.80    0.00  4287.03     0.03    93.60     0.02    0.41   0.41   1.89
2025-04-23T16:18:01.679244+08:00 Dky_app_00 linx[121030]: dm-8              0.00     0.00    2.38  340.76    24.96  7971.67    23.30     0.01    0.03   0.03   1.04
2025-04-23T16:18:01.679278+08:00 Dky_app_00 linx[121030]: dm-9              0.00     0.00    0.37 2856.69    16.45 22853.53     8.00     0.02    0.00   0.00   1.03
2025-04-23T16:18:01.679319+08:00 Dky_app_00 linx[121030]:
2025-04-23T16:18:01.680587+08:00 Dky_app_00 linx[121032]: netstat -an |grep -i 'established'|wc -l
2025-04-23T16:18:01.712015+08:00 Dky_app_00 linx[121036]: 925
2025-04-23T16:18:01.713164+08:00 Dky_app_00 linx[121038]: date
2025-04-23T16:18:01.714253+08:00 Dky_app_00 linx[121040]: Wed Apr 23 16:18:01 CST 2025
2025-04-23T16:18:01.715374+08:00 Dky_app_00 linx[121044]: cat   /proc/buddyinfo
2025-04-23T16:18:01.716431+08:00 Dky_app_00 linx[121048]: Node 0, zone      DMA      1      1      1      1      2      1      0      0      1      1      3
2025-04-23T16:18:01.716446+08:00 Dky_app_00 linx[121048]: Node 0, zone    DMA32    419    121     64     32     25     34      9     12      9     55     28
2025-04-23T16:18:01.716452+08:00 Dky_app_00 linx[121048]: Node 0, zone   Normal    262    291   1605    980    731    618  13198   9133   3779      0      2
2025-04-23T16:18:01.716466+08:00 Dky_app_00 linx[121048]: Node 1, zone   Normal    528   1732   2592   1649   2393  19469  17974   8983   2961      2      0
2025-04-23T16:18:01.716484+08:00 Dky_app_00 linx[121048]: Node 2, zone   Normal    132    223   1829   1639   1276   1440   3824   3805   1352      0      0
2025-04-23T16:18:01.716499+08:00 Dky_app_00 linx[121048]: Node 3, zone   Normal   6794  14281  14681   8772  16295  55760  31017  11861   2996      0      0
2025-04-23T16:18:01.716507+08:00 Dky_app_00 linx[121048]: Node 4, zone   Normal   6778  17257  43833  73518  93358  62701  32273  10012   1530      0      0
2025-04-23T16:18:01.716512+08:00 Dky_app_00 linx[121048]: Node 5, zone   Normal    154    270    184    238   1574   5846  16081   8025   2914      0      0
2025-04-23T16:18:01.716527+08:00 Dky_app_00 linx[121048]: Node 6, zone   Normal    249   3824   5050   4767   4132   3288   2991   2081   1538      0      0
2025-04-23T16:18:01.716541+08:00 Dky_app_00 linx[121048]: Node 7, zone   Normal    233    208  23567  34425  36313  26739  16371   8362   2938      1      0
2025-04-23T16:18:01.717641+08:00 Dky_app_00 linx[121050]: top-detail:
2025-04-23T16:20:01.468345+08:00 Dky_app_00 /usr/sbin/cron[124041]: (root) CMD (sh /usr/bin/msmp >> /var/log/msmp.log )
2025-04-23T16:20:01.468588+08:00 Dky_app_00 /usr/sbin/cron[124042]: (sysadmin) CMD (/usr/sbin/get_max_mem_process.sh)
2025-04-23T16:20:01.468619+08:00 Dky_app_00 /usr/sbin/cron[124043]: (root) CMD (/usr/local/rising/linuxRav/bin/ravdaemon > /dev/null 2>&1)
2025-04-23T16:20:01.468719+08:00 Dky_app_00 /usr/sbin/cron[124044]: (root) CMD (/home/dmdba/drop_cached.sh)
2025-04-23T16:20:01.468874+08:00 Dky_app_00 /usr/sbin/cron[124045]: (dmdba) CMD (sh net_colsewait_mon.sh)
2025-04-23T16:20:01.469061+08:00 Dky_app_00 /usr/sbin/cron[124046]: (dmdba) CMD (sh /home/dmdba/dm/db_sessmon.sh)
2025-04-23T16:20:01.472825+08:00 Dky_app_00 linx[124062]: uptime
2025-04-23T16:20:01.522313+08:00 Dky_app_00 linx[124069]:  16:20:01 up 1551 days,  4:02, 10 users,  load average: 121.60, 117.62, 108.44
2025-04-23T16:20:01.523399+08:00 Dky_app_00 linx[124076]: free -m
2025-04-23T16:20:01.526778+08:00 Dky_app_00 linx[124078]:              total       used       free     shared    buffers     cached
2025-04-23T16:20:01.526806+08:00 Dky_app_00 linx[124078]: Mem:        516904     395943     120961          0        115      70503
2025-04-23T16:20:01.526810+08:00 Dky_app_00 linx[124078]: -/+ buffers/cache:     325324     191580
2025-04-23T16:20:01.526813+08:00 Dky_app_00 linx[124078]: Swap:        61034          0      61034
2025-04-23T16:20:01.527983+08:00 Dky_app_00 linx[124080]: df -h
2025-04-23T16:20:01.529370+08:00 Dky_app_00 linx[124082]: Filesystem            Size  Used Avail Use% Mounted on
2025-04-23T16:20:01.529389+08:00 Dky_app_00 linx[124082]: /dev/sda2             185G   75G  101G  43% /
2025-04-23T16:20:01.529403+08:00 Dky_app_00 linx[124082]: /dev/sda3             585G  197G  359G  36% /home
2025-04-23T16:20:01.529426+08:00 Dky_app_00 linx[124082]: /dev/sdav             3.0T  1.3T  1.6T  45% /dbbak
2025-04-23T16:20:01.529444+08:00 Dky_app_00 linx[124082]: /dev/mapper/dmarch_22-arch
2025-04-23T16:20:01.529453+08:00 Dky_app_00 linx[124082]:                       886G  680G  162G  81% /dbarch
2025-04-23T16:20:01.529467+08:00 Dky_app_00 linx[124082]: tmpfs                  20M   48K   20M   1% /tmp/smp
2025-04-23T16:20:01.529490+08:00 Dky_app_00 linx[124082]: 192.168.9.23:/dbarch/arch_rac1
2025-04-23T16:20:01.529518+08:00 Dky_app_00 linx[124082]:                       788G  681G   68G  91% /dbarch/arch_dsc1_kafka
2025-04-23T16:20:01.530751+08:00 Dky_app_00 linx[124088]: df -ih
2025-04-23T16:20:01.532033+08:00 Dky_app_00 linx[124090]: Filesystem            Inodes   IUsed   IFree IUse% Mounted on
2025-04-23T16:20:01.532073+08:00 Dky_app_00 linx[124090]: /dev/sda2                12M    2.1M    9.7M   18% /
2025-04-23T16:20:01.532088+08:00 Dky_app_00 linx[124090]: /dev/sda3                37M     28K     37M    1% /home
2025-04-23T16:20:01.532111+08:00 Dky_app_00 linx[124090]: /dev/sdav               192M     11K    192M    1% /dbbak
2025-04-23T16:20:01.532157+08:00 Dky_app_00 linx[124090]: /dev/mapper/dmarch_22-arch
2025-04-23T16:20:01.532198+08:00 Dky_app_00 linx[124090]:                          57M     463     57M    1% /dbarch
2025-04-23T16:20:01.532224+08:00 Dky_app_00 linx[124090]: tmpfs                    64M      13     64M    1% /tmp/smp
2025-04-23T16:20:01.532251+08:00 Dky_app_00 linx[124090]: 192.168.9.23:/dbarch/arch_rac1
2025-04-23T16:20:01.532287+08:00 Dky_app_00 linx[124090]:                          50M     353     50M    1% /dbarch/arch_dsc1_kafka
2025-04-23T16:20:01.533437+08:00 Dky_app_00 linx[124092]: iostat -x
2025-04-23T16:20:01.539469+08:00 Dky_app_00 linx[124094]: Linux 2.6.32-Rocky4.2-x86_64 (Dky_app_00) #01104/23/25 #011_x86_64_
2025-04-23T16:20:01.539485+08:00 Dky_app_00 linx[124094]:
2025-04-23T16:20:01.543013+08:00 Dky_app_00 linx[124094]: avg-cpu:  %user   %nice %system %iowait  %steal   %idle
2025-04-23T16:20:01.543040+08:00 Dky_app_00 linx[124094]:            3.47    0.00    1.30    0.67    0.00   94.61
2025-04-23T16:20:01.543081+08:00 Dky_app_00 linx[124094]:
2025-04-23T16:20:01.543117+08:00 Dky_app_00 linx[124094]: Device:         rrqm/s   wrqm/s     r/s     w/s   rsec/s   wsec/s avgrq-sz avgqu-sz   await  svctm  %util
2025-04-23T16:20:01.543148+08:00 Dky_app_00 linx[124094]: sda               0.02   223.59    0.15   13.30    17.75  1895.12   142.21     0.01    0.68   0.13   0.18
2025-04-23T16:20:01.543196+08:00 Dky_app_00 linx[124094]: sda1              0.00     0.00    0.00    0.00     0.00     0.00    40.85     0.00    2.01   2.01   0.00
2025-04-23T16:20:01.543238+08:00 Dky_app_00 linx[124094]: sda2              0.02    18.33    0.06    1.67     8.49   160.02    97.24     0.00    0.54   0.35   0.06
2025-04-23T16:20:01.543287+08:00 Dky_app_00 linx[124094]: sda3              0.00   205.25    0.08   11.63     9.25  1735.10   148.86     0.01    0.70   0.11   0.13
2025-04-23T16:20:01.543334+08:00 Dky_app_00 linx[124094]: sdb               0.00     0.00    9.08   71.73   595.35  4604.10    64.34     0.01    0.18   0.29   2.33
2025-04-23T16:20:01.543347+08:00 Dky_app_00 linx[124094]: sdc               0.00     0.00    7.48   35.34   476.05  2281.23    64.39     0.00    0.83   0.70   3.00
2025-04-23T16:20:01.543378+08:00 Dky_app_00 linx[124094]: sdd               0.00     0.00    5.51    5.92   349.87   389.75    64.69     0.02    1.89   1.65   1.89
2025-04-23T16:20:01.543414+08:00 Dky_app_00 linx[124094]: sde               0.00     0.00    9.33   42.90   586.69   984.36    30.08     0.02    0.29   0.29   1.50
2025-04-23T16:20:01.543438+08:00 Dky_app_00 linx[124094]: sdf               0.00     0.00    0.00    0.00     0.00     0.00    28.79     0.00    8.77   8.77   0.00
2025-04-23T16:20:01.543446+08:00 Dky_app_00 linx[124094]: sdg               0.00     0.00    0.20    0.00     1.56     0.00     8.00     0.00    0.10   0.10   0.00
2025-04-23T16:20:01.543487+08:00 Dky_app_00 linx[124094]: sdh               0.00     0.00    0.10    4.38     2.46  2869.87   641.69     0.00    0.85   1.66   0.74
2025-04-23T16:20:01.543505+08:00 Dky_app_00 linx[124094]: sdi               0.00     0.00    9.09   71.71   596.32  4603.12    64.34     0.01    0.08   0.24   1.91
2025-04-23T16:20:01.543537+08:00 Dky_app_00 linx[124094]: sdj               0.00     0.00    7.47   35.35   475.64  2281.66    64.39     0.01    0.93   0.02   0.08
2025-04-23T16:20:01.543569+08:00 Dky_app_00 linx[124094]: sdk               0.00     0.00    5.51    5.92   350.03   389.59    64.69     0.02    1.78   1.58   1.80
2025-04-23T16:20:01.543612+08:00 Dky_app_00 linx[124094]: sdl               0.00     0.00    9.10   43.13   569.60  1000.52    30.06     0.02    0.37   0.37   1.93
2025-04-23T16:20:01.543628+08:00 Dky_app_00 linx[124094]: sdm               0.00     0.00    0.00    0.00     0.00     0.00    28.50     0.00    0.20   0.20   0.00
2025-04-23T16:20:01.543678+08:00 Dky_app_00 linx[124094]: sdn               0.00     0.00    0.20    0.00     1.56     0.00     8.00     0.00    0.10   0.10   0.00
2025-04-23T16:20:01.543703+08:00 Dky_app_00 linx[124094]: sdo               0.00     0.00    0.10    4.38     2.46  2855.82   638.54     0.00    0.52   1.57   0.70
2025-04-23T16:20:01.543737+08:00 Dky_app_00 linx[124094]: sdq               0.00     0.00    7.47   35.36   475.32  2281.97    64.39     0.01    0.92   0.02   0.07
2025-04-23T16:20:01.543749+08:00 Dky_app_00 linx[124094]: sdr               0.00     0.00    5.51    5.92   350.20   389.41    64.69     0.02    1.78   1.57   1.80
2025-04-23T16:20:01.543776+08:00 Dky_app_00 linx[124094]: sds               0.00     0.00    9.21   43.02   577.25  1007.95    30.35     0.02    0.36   0.36   1.90
2025-04-23T16:20:01.543814+08:00 Dky_app_00 linx[124094]: sdt               0.00     0.00    0.00    0.00     0.00     0.00    28.50     0.00    0.16   0.16   0.00
2025-04-23T16:20:01.543849+08:00 Dky_app_00 linx[124094]: sdu               0.00     0.00    0.20    0.00     1.56     0.00     8.00     0.00    0.09   0.09   0.00
2025-04-23T16:20:01.543884+08:00 Dky_app_00 linx[124094]: sdv               0.00     0.00    0.10    4.38     2.46  2844.53   636.01     0.00    0.52   1.57   0.70
2025-04-23T16:20:01.543926+08:00 Dky_app_00 linx[124094]: sdw               0.00     0.00    9.09   71.72   595.90  4603.55    64.34     0.01    0.18   0.29   2.34
2025-04-23T16:20:01.543954+08:00 Dky_app_00 linx[124094]: sdx               0.00     0.00    7.47   35.35   475.67  2281.61    64.39     0.00    0.83   0.71   3.02
2025-04-23T16:20:01.543999+08:00 Dky_app_00 linx[124094]: sdy               0.00     0.00    5.51    5.92   349.99   389.62    64.69     0.02    1.92   1.67   1.91
2025-04-23T16:20:01.544026+08:00 Dky_app_00 linx[124094]: sdz               0.00     0.00    9.36   42.87   587.87   996.01    30.33     0.02    0.29   0.29   1.50
2025-04-23T16:20:01.544050+08:00 Dky_app_00 linx[124094]: sdab              0.00     0.00    0.20    0.00     1.56     0.00     8.00     0.00    0.09   0.09   0.00
2025-04-23T16:20:01.544083+08:00 Dky_app_00 linx[124094]: sdaa              0.00     0.00    0.00    0.00     0.00     0.00    28.48     0.00    0.22   0.22   0.00
2025-04-23T16:20:01.544110+08:00 Dky_app_00 linx[124094]: sdac              0.00     0.00    0.10    4.38     2.46  2852.37   637.77     0.00    0.84   1.66   0.74
2025-04-23T16:20:01.544145+08:00 Dky_app_00 linx[124094]: sdad              0.00     0.00    9.08   71.73   595.14  4604.30    64.34     0.01    0.08   0.23   1.89
2025-04-23T16:20:01.544193+08:00 Dky_app_00 linx[124094]: sdaf              0.00     0.00    5.51    5.92   349.85   389.77    64.69     0.02    1.79   1.58   1.80
2025-04-23T16:20:01.544221+08:00 Dky_app_00 linx[124094]: sdag              0.00     0.00    9.34   42.89   587.82   983.13    30.08     0.02    0.36   0.36   1.89
2025-04-23T16:20:01.544250+08:00 Dky_app_00 linx[124094]: sdah              0.00     0.00    0.00    0.00     0.00     0.00    28.56     0.00    0.12   0.12   0.00
2025-04-23T16:20:01.544258+08:00 Dky_app_00 linx[124094]: sdae              0.00     0.00    7.48   35.34   476.15  2281.14    64.39     0.01    0.92   0.01   0.06
2025-04-23T16:20:01.544282+08:00 Dky_app_00 linx[124094]: sdai              0.00     0.00    0.20    0.00     1.56     0.00     8.00     0.00    0.08   0.08   0.00
2025-04-23T16:20:01.544301+08:00 Dky_app_00 linx[124094]: sdaj              0.00     0.00    0.10    4.38     2.46  2868.39   641.34     0.00    0.51   1.57   0.70
2025-04-23T16:20:01.544319+08:00 Dky_app_00 linx[124094]: sdak              0.00     0.00    9.10   71.71   596.66  4602.77    64.34     0.01    0.08   0.23   1.88
2025-04-23T16:20:01.544370+08:00 Dky_app_00 linx[124094]: sdal              0.00     0.00    7.47   35.35   475.39  2281.90    64.39     0.01    0.92   0.02   0.06
2025-04-23T16:20:01.544409+08:00 Dky_app_00 linx[124094]: sdam              0.00     0.00    5.51    5.92   350.13   389.48    64.69     0.02    1.78   1.57   1.79
2025-04-23T16:20:01.544421+08:00 Dky_app_00 linx[124094]: sdan              0.00     0.00    9.17   43.06   574.90  1006.75    30.28     0.02    0.36   0.36   1.86
2025-04-23T16:20:01.544467+08:00 Dky_app_00 linx[124094]: sdao              0.00     0.00    0.00    0.00     0.00     0.00    28.56     0.00    0.13   0.13   0.00
2025-04-23T16:20:01.544503+08:00 Dky_app_00 linx[124094]: sdap              0.00     0.00    0.20    0.00     1.56     0.00     8.00     0.00    0.08   0.08   0.00
2025-04-23T16:20:01.544543+08:00 Dky_app_00 linx[124094]: sdaq              0.00     0.00    0.10    4.38     2.46  2846.98   636.56     0.00    0.51   1.57   0.70
2025-04-23T16:20:01.544568+08:00 Dky_app_00 linx[124094]: sdar              0.00     0.00    9.11   71.70   597.31  4602.13    64.34     0.02    0.19   0.30   2.39
2025-04-23T16:20:01.544617+08:00 Dky_app_00 linx[124094]: sdas              0.00     0.00    7.47   35.36   475.26  2282.03    64.39     0.00    0.85   0.72   3.07
2025-04-23T16:20:01.544654+08:00 Dky_app_00 linx[124094]: sdat              0.00     0.00    5.52    5.92   350.25   389.37    64.69     0.02    1.96   1.70   1.94
2025-04-23T16:20:01.544675+08:00 Dky_app_00 linx[124094]: sdau              0.00     0.00    9.22   43.00   577.54  1008.66    30.37     0.02    0.31   0.30   1.59
2025-04-23T16:20:01.544725+08:00 Dky_app_00 linx[124094]: sdav              0.00    11.20    0.30    0.11    75.39    90.49   406.11     0.01   12.52   0.70   0.03
2025-04-23T16:20:01.544753+08:00 Dky_app_00 linx[124094]: sdaw              0.00     0.00    0.20    0.00     1.56     0.00     8.00     0.00    0.08   0.08   0.00
2025-04-23T16:20:01.544793+08:00 Dky_app_00 linx[124094]: sday              0.00     0.00    9.08   71.72   595.62  4603.81    64.34     0.01    0.17   0.29   2.31
2025-04-23T16:20:01.544846+08:00 Dky_app_00 linx[124094]: sdaz              0.00     0.00    7.48   35.35   475.89  2281.38    64.39     0.00    0.83   0.70   2.99
2025-04-23T16:20:01.544877+08:00 Dky_app_00 linx[124094]: sdba              0.00     0.00    5.51    5.92   349.89   389.72    64.69     0.02    1.90   1.65   1.89
2025-04-23T16:20:01.544902+08:00 Dky_app_00 linx[124094]: sdbb              0.00     0.00    9.34   42.89   586.93   987.31    30.14     0.01    0.28   0.28   1.45
2025-04-23T16:20:01.544951+08:00 Dky_app_00 linx[124094]: sdbc              0.00     0.00    0.00    0.00     0.00     0.00    28.52     0.00    0.21   0.21   0.00
2025-04-23T16:20:01.544979+08:00 Dky_app_00 linx[124094]: sdbd              0.00     0.00    0.20    0.00     1.56     0.00     8.00     0.00    0.07   0.07   0.00
2025-04-23T16:20:01.545019+08:00 Dky_app_00 linx[124094]: sdbe              0.00     0.00    0.10    4.38     2.46  2843.89   635.88     0.00    0.82   1.65   0.74
2025-04-23T16:20:01.545064+08:00 Dky_app_00 linx[124094]: sdax              0.00     0.00    0.10    4.38     2.46  2871.66   642.09     0.00    0.85   1.66   0.74
2025-04-23T16:20:01.545110+08:00 Dky_app_00 linx[124094]: dm-0              0.00     0.70   72.34  573.72  4766.09 36826.25    64.38     0.03    0.04   0.04   2.83
2025-04-23T16:20:01.545122+08:00 Dky_app_00 linx[124094]: dm-1              0.00     0.34   59.40  282.80  3802.17 18252.92    64.45     0.01    0.04   0.05   1.69
2025-04-23T16:20:01.545166+08:00 Dky_app_00 linx[124094]: dm-2              0.01     0.04   43.70   47.37  2797.01  3116.70    64.94     0.01    0.46   0.18   1.60
2025-04-23T16:20:01.545200+08:00 Dky_app_00 linx[124094]: dm-3              0.00     0.00   73.67  343.76  4645.39  7974.69    30.23     0.01    0.10   0.01   0.60
2025-04-23T16:20:01.545215+08:00 Dky_app_00 linx[124094]: dm-5              0.00  2821.65    0.37   35.04    16.45 22853.51   645.84     0.01    0.38   0.29   1.02
2025-04-23T16:20:01.545232+08:00 Dky_app_00 linx[124094]: dm-6              0.00     0.00   25.49    3.00   333.40     3.00    11.81     0.01    0.36   0.36   1.02
2025-04-23T16:20:01.545240+08:00 Dky_app_00 linx[124094]: dm-7              0.00     0.00   45.80    0.00  4287.03     0.03    93.60     0.02    0.41   0.41   1.89
2025-04-23T16:20:01.545292+08:00 Dky_app_00 linx[124094]: dm-8              0.00     0.00    2.38  340.76    24.96  7971.67    23.30     0.01    0.03   0.03   1.04
2025-04-23T16:20:01.545320+08:00 Dky_app_00 linx[124094]: dm-9              0.00     0.00    0.37 2856.69    16.45 22853.51     8.00     0.02    0.00   0.00   1.03
2025-04-23T16:20:01.545357+08:00 Dky_app_00 linx[124094]:
2025-04-23T16:20:01.546557+08:00 Dky_app_00 linx[124096]: netstat -an |grep -i 'established'|wc -l
2025-04-23T16:20:01.575268+08:00 Dky_app_00 linx[124100]: 931
2025-04-23T16:20:01.576570+08:00 Dky_app_00 linx[124102]: date
2025-04-23T16:20:01.577770+08:00 Dky_app_00 linx[124104]: Wed Apr 23 16:20:01 CST 2025
2025-04-23T16:20:01.578835+08:00 Dky_app_00 linx[124106]: cat   /proc/buddyinfo
2025-04-23T16:20:01.580018+08:00 Dky_app_00 linx[124108]: Node 0, zone      DMA      1      1      1      1      2      1      0      0      1      1      3
2025-04-23T16:20:01.580040+08:00 Dky_app_00 linx[124108]: Node 0, zone    DMA32    419    121     64     32     25     34      9     12      9     55     28
2025-04-23T16:20:01.580043+08:00 Dky_app_00 linx[124108]: Node 0, zone   Normal     50    371   1467    955    729    618  13198   9133   3779      1      0
2025-04-23T16:20:01.580056+08:00 Dky_app_00 linx[124108]: Node 1, zone   Normal    670    503   2259   1587   2379  18510  17099   8649   2837      1      0
2025-04-23T16:20:01.580073+08:00 Dky_app_00 linx[124108]: Node 2, zone   Normal    119    314   1564   1640   1277   1440   3824   3805   1352      0      0
2025-04-23T16:20:01.580080+08:00 Dky_app_00 linx[124108]: Node 3, zone   Normal   5655  14054  14676   8770  16293  55760  31017  11861   2996      0      0
2025-04-23T16:20:01.580107+08:00 Dky_app_00 linx[124108]: Node 4, zone   Normal   1079  16751  42847  71875  91272  61303  31537   9761   1497     20      1
2025-04-23T16:20:01.580125+08:00 Dky_app_00 linx[124108]: Node 5, zone   Normal    101    386    147    100   1572   5846  16081   8025   2914      0      0
2025-04-23T16:20:01.580140+08:00 Dky_app_00 linx[124108]: Node 6, zone   Normal    321   3498   5040   4762   4132   3288   2991   2081   1538      0      0
2025-04-23T16:20:01.580162+08:00 Dky_app_00 linx[124108]: Node 7, zone   Normal    135    274  23401  34424  36312  26739  16371   8362   2938      1      0
2025-04-23T16:20:01.581343+08:00 Dky_app_00 linx[124110]: top-detail:
2025-04-23T16:22:01.415932+08:00 Dky_app_00 /usr/sbin/cron[127030]: (root) CMD (sh /usr/bin/msmp >> /var/log/msmp.log )
2025-04-23T16:22:01.415961+08:00 Dky_app_00 /usr/sbin/cron[127031]: (sysadmin) CMD (/usr/sbin/get_max_mem_process.sh)
2025-04-23T16:22:01.416101+08:00 Dky_app_00 /usr/sbin/cron[127032]: (root) CMD (/home/dmdba/drop_cached.sh)
2025-04-23T16:22:01.416278+08:00 Dky_app_00 /usr/sbin/cron[127033]: (dmdba) CMD (sh net_colsewait_mon.sh)
2025-04-23T16:22:01.416301+08:00 Dky_app_00 /usr/sbin/cron[127034]: (dmdba) CMD (sh /home/dmdba/dm/db_sessmon.sh)
2025-04-23T16:22:01.419878+08:00 Dky_app_00 linx[127046]: uptime
2025-04-23T16:22:01.440277+08:00 Dky_app_00 linx[127051]:  16:22:01 up 1551 days,  4:04, 11 users,  load average: 124.38, 119.93, 110.40
2025-04-23T16:22:01.441553+08:00 Dky_app_00 linx[127060]: free -m
2025-04-23T16:22:01.445036+08:00 Dky_app_00 linx[127062]:              total       used       free     shared    buffers     cached
2025-04-23T16:22:01.445062+08:00 Dky_app_00 linx[127062]: Mem:        516904     397310     119594          0        115      70506
2025-04-23T16:22:01.445066+08:00 Dky_app_00 linx[127062]: -/+ buffers/cache:     326687     190217
2025-04-23T16:22:01.445077+08:00 Dky_app_00 linx[127062]: Swap:        61034          0      61034
2025-04-23T16:22:01.446160+08:00 Dky_app_00 linx[127064]: df -h
2025-04-23T16:22:01.447563+08:00 Dky_app_00 linx[127066]: Filesystem            Size  Used Avail Use% Mounted on
2025-04-23T16:22:01.447575+08:00 Dky_app_00 linx[127066]: /dev/sda2             185G   75G  101G  43% /
2025-04-23T16:22:01.447603+08:00 Dky_app_00 linx[127066]: /dev/sda3             585G  197G  359G  36% /home
2025-04-23T16:22:01.447619+08:00 Dky_app_00 linx[127066]: /dev/sdav             3.0T  1.3T  1.6T  45% /dbbak
2025-04-23T16:22:01.447631+08:00 Dky_app_00 linx[127066]: /dev/mapper/dmarch_22-arch
2025-04-23T16:22:01.447645+08:00 Dky_app_00 linx[127066]:                       886G  680G  162G  81% /dbarch
2025-04-23T16:22:01.447684+08:00 Dky_app_00 linx[127066]: tmpfs                  20M   48K   20M   1% /tmp/smp
2025-04-23T16:22:01.447695+08:00 Dky_app_00 linx[127066]: 192.168.9.23:/dbarch/arch_rac1
2025-04-23T16:22:01.447717+08:00 Dky_app_00 linx[127066]:                       788G  681G   68G  91% /dbarch/arch_dsc1_kafka
2025-04-23T16:22:01.448898+08:00 Dky_app_00 linx[127068]: df -ih
2025-04-23T16:22:01.450201+08:00 Dky_app_00 linx[127070]: Filesystem            Inodes   IUsed   IFree IUse% Mounted on
2025-04-23T16:22:01.450213+08:00 Dky_app_00 linx[127070]: /dev/sda2                12M    2.1M    9.7M   18% /
2025-04-23T16:22:01.450221+08:00 Dky_app_00 linx[127070]: /dev/sda3                37M     28K     37M    1% /home
2025-04-23T16:22:01.450257+08:00 Dky_app_00 linx[127070]: /dev/sdav               192M     11K    192M    1% /dbbak
2025-04-23T16:22:01.450273+08:00 Dky_app_00 linx[127070]: /dev/mapper/dmarch_22-arch
2025-04-23T16:22:01.450292+08:00 Dky_app_00 linx[127070]:                          57M     463     57M    1% /dbarch
2025-04-23T16:22:01.450303+08:00 Dky_app_00 linx[127070]: tmpfs                    64M      13     64M    1% /tmp/smp
2025-04-23T16:22:01.450332+08:00 Dky_app_00 linx[127070]: 192.168.9.23:/dbarch/arch_rac1
2025-04-23T16:22:01.450360+08:00 Dky_app_00 linx[127070]:                          50M     353     50M    1% /dbarch/arch_dsc1_kafka
2025-04-23T16:22:01.451445+08:00 Dky_app_00 linx[127072]: iostat -x
2025-04-23T16:22:01.456261+08:00 Dky_app_00 linx[127074]: Linux 2.6.32-Rocky4.2-x86_64 (Dky_app_00) #01104/23/25 #011_x86_64_
2025-04-23T16:22:01.456275+08:00 Dky_app_00 linx[127074]:
2025-04-23T16:22:01.460067+08:00 Dky_app_00 linx[127074]: avg-cpu:  %user   %nice %system %iowait  %steal   %idle
2025-04-23T16:22:01.460077+08:00 Dky_app_00 linx[127074]:            3.47    0.00    1.30    0.67    0.00   94.61
2025-04-23T16:22:01.460094+08:00 Dky_app_00 linx[127074]:
2025-04-23T16:22:01.460106+08:00 Dky_app_00 linx[127074]: Device:         rrqm/s   wrqm/s     r/s     w/s   rsec/s   wsec/s avgrq-sz avgqu-sz   await  svctm  %util
2025-04-23T16:22:01.460112+08:00 Dky_app_00 linx[127074]: sda               0.02   223.59    0.15   13.30    17.75  1895.12   142.21     0.01    0.68   0.13   0.18
2025-04-23T16:22:01.460132+08:00 Dky_app_00 linx[127074]: sda1              0.00     0.00    0.00    0.00     0.00     0.00    40.85     0.00    2.01   2.01   0.00
2025-04-23T16:22:01.460137+08:00 Dky_app_00 linx[127074]: sda2              0.02    18.33    0.06    1.67     8.49   160.02    97.24     0.00    0.54   0.35   0.06
2025-04-23T16:22:01.460143+08:00 Dky_app_00 linx[127074]: sda3              0.00   205.25    0.08   11.63     9.25  1735.10   148.86     0.01    0.70   0.11   0.13
2025-04-23T16:22:01.460163+08:00 Dky_app_00 linx[127074]: sdb               0.00     0.00    9.08   71.73   595.35  4604.10    64.34     0.01    0.18   0.29   2.33
2025-04-23T16:22:01.460173+08:00 Dky_app_00 linx[127074]: sdc               0.00     0.00    7.48   35.34   476.05  2281.23    64.39     0.00    0.83   0.70   3.00
2025-04-23T16:22:01.460185+08:00 Dky_app_00 linx[127074]: sdd               0.00     0.00    5.51    5.92   349.87   389.75    64.69     0.02    1.89   1.65   1.89
2025-04-23T16:22:01.460201+08:00 Dky_app_00 linx[127074]: sde               0.00     0.00    9.33   42.90   586.69   984.36    30.08     0.02    0.29   0.29   1.50
2025-04-23T16:22:01.460210+08:00 Dky_app_00 linx[127074]: sdf               0.00     0.00    0.00    0.00     0.00     0.00    28.79     0.00    8.77   8.77   0.00
2025-04-23T16:22:01.460217+08:00 Dky_app_00 linx[127074]: sdg               0.00     0.00    0.20    0.00     1.56     0.00     8.00     0.00    0.10   0.10   0.00
2025-04-23T16:22:01.460237+08:00 Dky_app_00 linx[127074]: sdh               0.00     0.00    0.10    4.38     2.46  2869.86   641.69     0.00    0.85   1.66   0.74
2025-04-23T16:22:01.460245+08:00 Dky_app_00 linx[127074]: sdi               0.00     0.00    9.09   71.71   596.32  4603.12    64.34     0.01    0.08   0.24   1.91
2025-04-23T16:22:01.460256+08:00 Dky_app_00 linx[127074]: sdj               0.00     0.00    7.47   35.35   475.64  2281.66    64.39     0.01    0.93   0.02   0.08
2025-04-23T16:22:01.460268+08:00 Dky_app_00 linx[127074]: sdk               0.00     0.00    5.51    5.92   350.03   389.59    64.69     0.02    1.78   1.58   1.80
2025-04-23T16:22:01.460275+08:00 Dky_app_00 linx[127074]: sdl               0.00     0.00    9.10   43.13   569.60  1000.52    30.06     0.02    0.37   0.37   1.93
2025-04-23T16:22:01.460290+08:00 Dky_app_00 linx[127074]: sdm               0.00     0.00    0.00    0.00     0.00     0.00    28.50     0.00    0.20   0.20   0.00
2025-04-23T16:22:01.460295+08:00 Dky_app_00 linx[127074]: sdn               0.00     0.00    0.20    0.00     1.56     0.00     8.00     0.00    0.10   0.10   0.00
2025-04-23T16:22:01.460311+08:00 Dky_app_00 linx[127074]: sdo               0.00     0.00    0.10    4.38     2.46  2855.82   638.54     0.00    0.52   1.57   0.70
2025-04-23T16:22:01.460317+08:00 Dky_app_00 linx[127074]: sdq               0.00     0.00    7.47   35.35   475.32  2281.97    64.39     0.01    0.92   0.02   0.07
2025-04-23T16:22:01.460328+08:00 Dky_app_00 linx[127074]: sdr               0.00     0.00    5.51    5.92   350.20   389.41    64.69     0.02    1.78   1.57   1.80
2025-04-23T16:22:01.460342+08:00 Dky_app_00 linx[127074]: sds               0.00     0.00    9.21   43.02   577.25  1007.95    30.35     0.02    0.36   0.36   1.90
2025-04-23T16:22:01.460353+08:00 Dky_app_00 linx[127074]: sdt               0.00     0.00    0.00    0.00     0.00     0.00    28.50     0.00    0.16   0.16   0.00
2025-04-23T16:22:01.460364+08:00 Dky_app_00 linx[127074]: sdu               0.00     0.00    0.20    0.00     1.56     0.00     8.00     0.00    0.09   0.09   0.00
2025-04-23T16:22:01.460376+08:00 Dky_app_00 linx[127074]: sdv               0.00     0.00    0.10    4.38     2.46  2844.53   636.01     0.00    0.52   1.57   0.70
2025-04-23T16:22:01.460399+08:00 Dky_app_00 linx[127074]: sdw               0.00     0.00    9.09   71.72   595.90  4603.54    64.34     0.01    0.18   0.29   2.34
2025-04-23T16:22:01.460405+08:00 Dky_app_00 linx[127074]: sdx               0.00     0.00    7.47   35.35   475.67  2281.61    64.39     0.00    0.83   0.71   3.02
2025-04-23T16:22:01.460433+08:00 Dky_app_00 linx[127074]: sdy               0.00     0.00    5.51    5.92   349.99   389.62    64.69     0.02    1.92   1.67   1.91
2025-04-23T16:22:01.460444+08:00 Dky_app_00 linx[127074]: sdz               0.00     0.00    9.36   42.87   587.87   996.01    30.33     0.02    0.29   0.29   1.50
2025-04-23T16:22:01.460459+08:00 Dky_app_00 linx[127074]: sdab              0.00     0.00    0.20    0.00     1.56     0.00     8.00     0.00    0.09   0.09   0.00
2025-04-23T16:22:01.460469+08:00 Dky_app_00 linx[127074]: sdaa              0.00     0.00    0.00    0.00     0.00     0.00    28.48     0.00    0.22   0.22   0.00
2025-04-23T16:22:01.460474+08:00 Dky_app_00 linx[127074]: sdac              0.00     0.00    0.10    4.38     2.46  2852.36   637.77     0.00    0.84   1.66   0.74
2025-04-23T16:22:01.460486+08:00 Dky_app_00 linx[127074]: sdad              0.00     0.00    9.08   71.73   595.14  4604.30    64.34     0.01    0.08   0.23   1.89
2025-04-23T16:22:01.460500+08:00 Dky_app_00 linx[127074]: sdaf              0.00     0.00    5.51    5.92   349.85   389.77    64.69     0.02    1.79   1.58   1.80
2025-04-23T16:22:01.460506+08:00 Dky_app_00 linx[127074]: sdag              0.00     0.00    9.34   42.89   587.82   983.13    30.08     0.02    0.36   0.36   1.89
2025-04-23T16:22:01.460521+08:00 Dky_app_00 linx[127074]: sdah              0.00     0.00    0.00    0.00     0.00     0.00    28.56     0.00    0.12   0.12   0.00
2025-04-23T16:22:01.460530+08:00 Dky_app_00 linx[127074]: sdae              0.00     0.00    7.48   35.34   476.15  2281.13    64.39     0.01    0.92   0.01   0.06
2025-04-23T16:22:01.460541+08:00 Dky_app_00 linx[127074]: sdai              0.00     0.00    0.20    0.00     1.56     0.00     8.00     0.00    0.08   0.08   0.00
2025-04-23T16:22:01.460556+08:00 Dky_app_00 linx[127074]: sdaj              0.00     0.00    0.10    4.38     2.46  2868.38   641.34     0.00    0.51   1.57   0.70
2025-04-23T16:22:01.460568+08:00 Dky_app_00 linx[127074]: sdak              0.00     0.00    9.10   71.71   596.66  4602.76    64.34     0.01    0.08   0.23   1.88
2025-04-23T16:22:01.460574+08:00 Dky_app_00 linx[127074]: sdal              0.00     0.00    7.47   35.35   475.39  2281.90    64.39     0.01    0.92   0.02   0.06
2025-04-23T16:22:01.460583+08:00 Dky_app_00 linx[127074]: sdam              0.00     0.00    5.51    5.92   350.13   389.48    64.69     0.02    1.78   1.57   1.79
2025-04-23T16:22:01.460602+08:00 Dky_app_00 linx[127074]: sdan              0.00     0.00    9.17   43.06   574.90  1006.75    30.28     0.02    0.36   0.36   1.86
2025-04-23T16:22:01.460607+08:00 Dky_app_00 linx[127074]: sdao              0.00     0.00    0.00    0.00     0.00     0.00    28.56     0.00    0.13   0.13   0.00
2025-04-23T16:22:01.460611+08:00 Dky_app_00 linx[127074]: sdap              0.00     0.00    0.20    0.00     1.56     0.00     8.00     0.00    0.08   0.08   0.00
2025-04-23T16:22:01.460621+08:00 Dky_app_00 linx[127074]: sdaq              0.00     0.00    0.10    4.38     2.46  2846.98   636.56     0.00    0.51   1.57   0.70
2025-04-23T16:22:01.460632+08:00 Dky_app_00 linx[127074]: sdar              0.00     0.00    9.11   71.70   597.31  4602.13    64.34     0.02    0.19   0.30   2.39
2025-04-23T16:22:01.460644+08:00 Dky_app_00 linx[127074]: sdas              0.00     0.00    7.47   35.36   475.26  2282.03    64.39     0.00    0.85   0.72   3.07
2025-04-23T16:22:01.460657+08:00 Dky_app_00 linx[127074]: sdat              0.00     0.00    5.52    5.92   350.25   389.36    64.69     0.02    1.96   1.70   1.94
2025-04-23T16:22:01.460663+08:00 Dky_app_00 linx[127074]: sdau              0.00     0.00    9.22   43.00   577.54  1008.66    30.37     0.02    0.31   0.30   1.59
2025-04-23T16:22:01.460684+08:00 Dky_app_00 linx[127074]: sdav              0.00    11.20    0.30    0.11    75.39    90.49   406.11     0.01   12.52   0.70   0.03
2025-04-23T16:22:01.460690+08:00 Dky_app_00 linx[127074]: sdaw              0.00     0.00    0.20    0.00     1.56     0.00     8.00     0.00    0.08   0.08   0.00
2025-04-23T16:22:01.460698+08:00 Dky_app_00 linx[127074]: sday              0.00     0.00    9.08   71.72   595.62  4603.81    64.34     0.01    0.17   0.29   2.31
2025-04-23T16:22:01.460715+08:00 Dky_app_00 linx[127074]: sdaz              0.00     0.00    7.48   35.35   475.89  2281.38    64.39     0.00    0.83   0.70   2.99
2025-04-23T16:22:01.460720+08:00 Dky_app_00 linx[127074]: sdba              0.00     0.00    5.51    5.92   349.89   389.72    64.69     0.02    1.90   1.65   1.89
2025-04-23T16:22:01.460736+08:00 Dky_app_00 linx[127074]: sdbb              0.00     0.00    9.34   42.89   586.93   987.31    30.14     0.01    0.28   0.28   1.45
2025-04-23T16:22:01.460746+08:00 Dky_app_00 linx[127074]: sdbc              0.00     0.00    0.00    0.00     0.00     0.00    28.52     0.00    0.21   0.21   0.00
2025-04-23T16:22:01.460755+08:00 Dky_app_00 linx[127074]: sdbd              0.00     0.00    0.20    0.00     1.56     0.00     8.00     0.00    0.07   0.07   0.00
2025-04-23T16:22:01.460764+08:00 Dky_app_00 linx[127074]: sdbe              0.00     0.00    0.10    4.38     2.46  2843.89   635.88     0.00    0.82   1.65   0.74
2025-04-23T16:22:01.460775+08:00 Dky_app_00 linx[127074]: sdax              0.00     0.00    0.10    4.38     2.46  2871.65   642.09     0.00    0.85   1.66   0.74
2025-04-23T16:22:01.460790+08:00 Dky_app_00 linx[127074]: dm-0              0.00     0.70   72.34  573.72  4766.08 36826.22    64.38     0.03    0.04   0.04   2.83
2025-04-23T16:22:01.460802+08:00 Dky_app_00 linx[127074]: dm-1              0.00     0.34   59.40  282.80  3802.17 18252.91    64.45     0.01    0.04   0.05   1.69
2025-04-23T16:22:01.460813+08:00 Dky_app_00 linx[127074]: dm-2              0.01     0.04   43.70   47.37  2797.01  3116.70    64.94     0.01    0.46   0.18   1.60
2025-04-23T16:22:01.460824+08:00 Dky_app_00 linx[127074]: dm-3              0.00     0.00   73.67  343.76  4645.39  7974.68    30.23     0.01    0.10   0.01   0.60
2025-04-23T16:22:01.460839+08:00 Dky_app_00 linx[127074]: dm-5              0.00  2821.64    0.37   35.04    16.45 22853.49   645.84     0.01    0.38   0.29   1.02
2025-04-23T16:22:01.460851+08:00 Dky_app_00 linx[127074]: dm-6              0.00     0.00   25.49    3.00   333.40     3.00    11.81     0.01    0.36   0.36   1.02
2025-04-23T16:22:01.460856+08:00 Dky_app_00 linx[127074]: dm-7              0.00     0.00   45.80    0.00  4287.03     0.03    93.60     0.02    0.41   0.41   1.89
2025-04-23T16:22:01.460869+08:00 Dky_app_00 linx[127074]: dm-8              0.00     0.00    2.38  340.76    24.96  7971.66    23.30     0.01    0.03   0.03   1.04
2025-04-23T16:22:01.460879+08:00 Dky_app_00 linx[127074]: dm-9              0.00     0.00    0.37 2856.69    16.45 22853.49     8.00     0.02    0.00   0.00   1.03
2025-04-23T16:22:01.460892+08:00 Dky_app_00 linx[127074]:
2025-04-23T16:22:01.462033+08:00 Dky_app_00 linx[127076]: netstat -an |grep -i 'established'|wc -l
2025-04-23T16:22:01.493893+08:00 Dky_app_00 linx[127080]: 936
2025-04-23T16:22:01.495073+08:00 Dky_app_00 linx[127086]: date
2025-04-23T16:22:01.496082+08:00 Dky_app_00 linx[127088]: Wed Apr 23 16:22:01 CST 2025
2025-04-23T16:22:01.497212+08:00 Dky_app_00 linx[127090]: cat   /proc/buddyinfo
2025-04-23T16:22:01.498281+08:00 Dky_app_00 linx[127092]: Node 0, zone      DMA      1      1      1      1      2      1      0      0      1      1      3
2025-04-23T16:22:01.498295+08:00 Dky_app_00 linx[127092]: Node 0, zone    DMA32    419    121     64     32     25     34      9     12      9     55     28
2025-04-23T16:22:01.498312+08:00 Dky_app_00 linx[127092]: Node 0, zone   Normal      2    188   1546    950    729    617  13198   9133   3779      1      0
2025-04-23T16:22:01.498323+08:00 Dky_app_00 linx[127092]: Node 1, zone   Normal    788    752   2047   1588   2388  18510  17099   8649   2837      0      0
2025-04-23T16:22:01.498335+08:00 Dky_app_00 linx[127092]: Node 2, zone   Normal    230    255   1538   1639   1276   1440   3824   3805   1352      0      0
2025-04-23T16:22:01.498356+08:00 Dky_app_00 linx[127092]: Node 3, zone   Normal   5320  14079  14673   8771  16294  55760  31017  11861   2996      0      0
2025-04-23T16:22:01.498370+08:00 Dky_app_00 linx[127092]: Node 4, zone   Normal    253  11755  41396  69136  87683  58806  30126   9274   1468      1      1
2025-04-23T16:22:01.498380+08:00 Dky_app_00 linx[127092]: Node 5, zone   Normal    148    273    217     55   1532   5839  16081   8025   2914      0      0
2025-04-23T16:22:01.498392+08:00 Dky_app_00 linx[127092]: Node 6, zone   Normal    218   3496   5025   4763   4133   3288   2991   2081   1538      0      0
2025-04-23T16:22:01.498410+08:00 Dky_app_00 linx[127092]: Node 7, zone   Normal    262    340  23071  34424  36312  26739  16371   8362   2938      0      0
2025-04-23T16:22:01.499517+08:00 Dky_app_00 linx[127094]: top-detail:
2025-04-23T16:24:01.331206+08:00 Dky_app_00 /usr/sbin/cron[129956]: (root) CMD (sh /usr/bin/msmp >> /var/log/msmp.log )
2025-04-23T16:24:01.331386+08:00 Dky_app_00 /usr/sbin/cron[129957]: (sysadmin) CMD (/usr/sbin/get_max_mem_process.sh)
2025-04-23T16:24:01.331418+08:00 Dky_app_00 /usr/sbin/cron[129958]: (root) CMD (/home/dmdba/drop_cached.sh)
2025-04-23T16:24:01.331600+08:00 Dky_app_00 /usr/sbin/cron[129959]: (dmdba) CMD (sh net_colsewait_mon.sh)
2025-04-23T16:24:01.331744+08:00 Dky_app_00 /usr/sbin/cron[129960]: (dmdba) CMD (sh /home/dmdba/dm/db_sessmon.sh)
2025-04-23T16:24:01.335161+08:00 Dky_app_00 linx[129975]: uptime
2025-04-23T16:24:01.358936+08:00 Dky_app_00 linx[129980]:  16:24:01 up 1551 days,  4:06, 11 users,  load average: 126.19, 122.04, 112.32
2025-04-23T16:24:01.360111+08:00 Dky_app_00 linx[129991]: free -m
2025-04-23T16:24:01.363380+08:00 Dky_app_00 linx[129993]:              total       used       free     shared    buffers     cached
2025-04-23T16:24:01.363409+08:00 Dky_app_00 linx[129993]: Mem:        516904     398003     118901          0        116      70521
2025-04-23T16:24:01.363414+08:00 Dky_app_00 linx[129993]: -/+ buffers/cache:     327365     189539
2025-04-23T16:24:01.363418+08:00 Dky_app_00 linx[129993]: Swap:        61034          0      61034
2025-04-23T16:24:01.364632+08:00 Dky_app_00 linx[129995]: df -h
2025-04-23T16:24:01.366056+08:00 Dky_app_00 linx[129997]: Filesystem            Size  Used Avail Use% Mounted on
2025-04-23T16:24:01.366073+08:00 Dky_app_00 linx[129997]: /dev/sda2             185G   75G  101G  43% /
2025-04-23T16:24:01.366098+08:00 Dky_app_00 linx[129997]: /dev/sda3             585G  197G  359G  36% /home
2025-04-23T16:24:01.366109+08:00 Dky_app_00 linx[129997]: /dev/sdav             3.0T  1.3T  1.6T  45% /dbbak
2025-04-23T16:24:01.366141+08:00 Dky_app_00 linx[129997]: /dev/mapper/dmarch_22-arch
2025-04-23T16:24:01.366166+08:00 Dky_app_00 linx[129997]:                       886G  680G  162G  81% /dbarch
2025-04-23T16:24:01.366189+08:00 Dky_app_00 linx[129997]: tmpfs                  20M   40K   20M   1% /tmp/smp
2025-04-23T16:24:01.366208+08:00 Dky_app_00 linx[129997]: 192.168.9.23:/dbarch/arch_rac1
2025-04-23T16:24:01.366228+08:00 Dky_app_00 linx[129997]:                       788G  681G   68G  91% /dbarch/arch_dsc1_kafka
2025-04-23T16:24:01.367344+08:00 Dky_app_00 linx[129999]: df -ih
2025-04-23T16:24:01.368568+08:00 Dky_app_00 linx[130001]: Filesystem            Inodes   IUsed   IFree IUse% Mounted on
2025-04-23T16:24:01.368579+08:00 Dky_app_00 linx[130001]: /dev/sda2                12M    2.1M    9.7M   18% /
2025-04-23T16:24:01.368584+08:00 Dky_app_00 linx[130001]: /dev/sda3                37M     28K     37M    1% /home
2025-04-23T16:24:01.368596+08:00 Dky_app_00 linx[130001]: /dev/sdav               192M     11K    192M    1% /dbbak
2025-04-23T16:24:01.368604+08:00 Dky_app_00 linx[130001]: /dev/mapper/dmarch_22-arch
2025-04-23T16:24:01.368615+08:00 Dky_app_00 linx[130001]:                          57M     463     57M    1% /dbarch
2025-04-23T16:24:01.368629+08:00 Dky_app_00 linx[130001]: tmpfs                    64M      13     64M    1% /tmp/smp
2025-04-23T16:24:01.368646+08:00 Dky_app_00 linx[130001]: 192.168.9.23:/dbarch/arch_rac1
2025-04-23T16:24:01.368652+08:00 Dky_app_00 linx[130001]:                          50M     353     50M    1% /dbarch/arch_dsc1_kafka
2025-04-23T16:24:01.369668+08:00 Dky_app_00 linx[130003]: iostat -x
2025-04-23T16:24:01.373968+08:00 Dky_app_00 linx[130005]: Linux 2.6.32-Rocky4.2-x86_64 (Dky_app_00) #01104/23/25 #011_x86_64_
2025-04-23T16:24:01.373983+08:00 Dky_app_00 linx[130005]:
2025-04-23T16:24:01.377792+08:00 Dky_app_00 linx[130005]: avg-cpu:  %user   %nice %system %iowait  %steal   %idle
2025-04-23T16:24:01.377801+08:00 Dky_app_00 linx[130005]:            3.47    0.00    1.30    0.67    0.00   94.61
2025-04-23T16:24:01.377813+08:00 Dky_app_00 linx[130005]:
2025-04-23T16:24:01.377820+08:00 Dky_app_00 linx[130005]: Device:         rrqm/s   wrqm/s     r/s     w/s   rsec/s   wsec/s avgrq-sz avgqu-sz   await  svctm  %util
2025-04-23T16:24:01.377841+08:00 Dky_app_00 linx[130005]: sda               0.02   223.59    0.15   13.30    17.75  1895.12   142.21     0.01    0.68   0.13   0.18
2025-04-23T16:24:01.377847+08:00 Dky_app_00 linx[130005]: sda1              0.00     0.00    0.00    0.00     0.00     0.00    40.85     0.00    2.01   2.01   0.00
2025-04-23T16:24:01.377857+08:00 Dky_app_00 linx[130005]: sda2              0.02    18.33    0.06    1.67     8.49   160.02    97.24     0.00    0.54   0.35   0.06
2025-04-23T16:24:01.377863+08:00 Dky_app_00 linx[130005]: sda3              0.00   205.25    0.08   11.63     9.25  1735.10   148.86     0.01    0.70   0.11   0.13
2025-04-23T16:24:01.377873+08:00 Dky_app_00 linx[130005]: sdb               0.00     0.00    9.08   71.73   595.35  4604.09    64.34     0.01    0.18   0.29   2.33
2025-04-23T16:24:01.377891+08:00 Dky_app_00 linx[130005]: sdc               0.00     0.00    7.48   35.34   476.05  2281.23    64.39     0.00    0.83   0.70   3.00
2025-04-23T16:24:01.377902+08:00 Dky_app_00 linx[130005]: sdd               0.00     0.00    5.51    5.92   349.87   389.75    64.69     0.02    1.89   1.65   1.89
2025-04-23T16:24:01.377909+08:00 Dky_app_00 linx[130005]: sde               0.00     0.00    9.33   42.90   586.69   984.36    30.08     0.02    0.29   0.29   1.50
2025-04-23T16:24:01.377926+08:00 Dky_app_00 linx[130005]: sdf               0.00     0.00    0.00    0.00     0.00     0.00    28.79     0.00    8.77   8.77   0.00
2025-04-23T16:24:01.377934+08:00 Dky_app_00 linx[130005]: sdg               0.00     0.00    0.20    0.00     1.56     0.00     8.00     0.00    0.10   0.10   0.00
2025-04-23T16:24:01.377939+08:00 Dky_app_00 linx[130005]: sdh               0.00     0.00    0.10    4.38     2.46  2869.86   641.69     0.00    0.85   1.66   0.74
2025-04-23T16:24:01.377956+08:00 Dky_app_00 linx[130005]: sdi               0.00     0.00    9.09   71.71   596.32  4603.11    64.34     0.01    0.08   0.24   1.91
2025-04-23T16:24:01.377964+08:00 Dky_app_00 linx[130005]: sdj               0.00     0.00    7.47   35.35   475.64  2281.66    64.39     0.01    0.93   0.02   0.08
2025-04-23T16:24:01.377970+08:00 Dky_app_00 linx[130005]: sdk               0.00     0.00    5.51    5.92   350.03   389.59    64.69     0.02    1.78   1.58   1.80
2025-04-23T16:24:01.377987+08:00 Dky_app_00 linx[130005]: sdl               0.00     0.00    9.10   43.13   569.60  1000.51    30.06     0.02    0.37   0.37   1.93
2025-04-23T16:24:01.377994+08:00 Dky_app_00 linx[130005]: sdm               0.00     0.00    0.00    0.00     0.00     0.00    28.50     0.00    0.20   0.20   0.00
2025-04-23T16:24:01.378007+08:00 Dky_app_00 linx[130005]: sdn               0.00     0.00    0.20    0.00     1.56     0.00     8.00     0.00    0.10   0.10   0.00
2025-04-23T16:24:01.378017+08:00 Dky_app_00 linx[130005]: sdo               0.00     0.00    0.10    4.38     2.46  2855.82   638.54     0.00    0.52   1.57   0.70
2025-04-23T16:24:01.378029+08:00 Dky_app_00 linx[130005]: sdq               0.00     0.00    7.47   35.35   475.32  2281.97    64.39     0.01    0.92   0.02   0.07
2025-04-23T16:24:01.378047+08:00 Dky_app_00 linx[130005]: sdr               0.00     0.00    5.51    5.92   350.20   389.41    64.69     0.02    1.78   1.57   1.80
2025-04-23T16:24:01.378058+08:00 Dky_app_00 linx[130005]: sds               0.00     0.00    9.21   43.02   577.25  1007.95    30.35     0.02    0.36   0.36   1.90
2025-04-23T16:24:01.378069+08:00 Dky_app_00 linx[130005]: sdt               0.00     0.00    0.00    0.00     0.00     0.00    28.50     0.00    0.16   0.16   0.00
2025-04-23T16:24:01.378081+08:00 Dky_app_00 linx[130005]: sdu               0.00     0.00    0.20    0.00     1.56     0.00     8.00     0.00    0.09   0.09   0.00
2025-04-23T16:24:01.378094+08:00 Dky_app_00 linx[130005]: sdv               0.00     0.00    0.10    4.38     2.46  2844.52   636.01     0.00    0.52   1.57   0.70
2025-04-23T16:24:01.378106+08:00 Dky_app_00 linx[130005]: sdw               0.00     0.00    9.09   71.72   595.90  4603.54    64.34     0.01    0.18   0.29   2.34
2025-04-23T16:24:01.378115+08:00 Dky_app_00 linx[130005]: sdx               0.00     0.00    7.47   35.35   475.67  2281.61    64.39     0.00    0.83   0.71   3.02
2025-04-23T16:24:01.378121+08:00 Dky_app_00 linx[130005]: sdy               0.00     0.00    5.51    5.92   349.99   389.62    64.69     0.02    1.92   1.67   1.91
2025-04-23T16:24:01.378147+08:00 Dky_app_00 linx[130005]: sdz               0.00     0.00    9.36   42.87   587.87   996.00    30.33     0.02    0.29   0.29   1.50
2025-04-23T16:24:01.378177+08:00 Dky_app_00 linx[130005]: sdab              0.00     0.00    0.20    0.00     1.56     0.00     8.00     0.00    0.09   0.09   0.00
2025-04-23T16:24:01.378182+08:00 Dky_app_00 linx[130005]: sdaa              0.00     0.00    0.00    0.00     0.00     0.00    28.47     0.00    0.22   0.22   0.00
2025-04-23T16:24:01.378186+08:00 Dky_app_00 linx[130005]: sdac              0.00     0.00    0.10    4.38     2.46  2852.36   637.77     0.00    0.84   1.66   0.74
2025-04-23T16:24:01.378191+08:00 Dky_app_00 linx[130005]: sdad              0.00     0.00    9.08   71.73   595.14  4604.29    64.34     0.01    0.08   0.23   1.89
2025-04-23T16:24:01.378194+08:00 Dky_app_00 linx[130005]: sdaf              0.00     0.00    5.51    5.92   349.84   389.77    64.69     0.02    1.79   1.58   1.80
2025-04-23T16:24:01.378205+08:00 Dky_app_00 linx[130005]: sdag              0.00     0.00    9.34   42.89   587.82   983.13    30.08     0.02    0.36   0.36   1.89
2025-04-23T16:24:01.378210+08:00 Dky_app_00 linx[130005]: sdah              0.00     0.00    0.00    0.00     0.00     0.00    28.56     0.00    0.12   0.12   0.00
2025-04-23T16:24:01.378231+08:00 Dky_app_00 linx[130005]: sdae              0.00     0.00    7.48   35.34   476.15  2281.13    64.39     0.01    0.92   0.01   0.06
2025-04-23T16:24:01.378236+08:00 Dky_app_00 linx[130005]: sdai              0.00     0.00    0.20    0.00     1.56     0.00     8.00     0.00    0.08   0.08   0.00
2025-04-23T16:24:01.378252+08:00 Dky_app_00 linx[130005]: sdaj              0.00     0.00    0.10    4.38     2.46  2868.38   641.34     0.00    0.51   1.57   0.70
2025-04-23T16:24:01.378263+08:00 Dky_app_00 linx[130005]: sdak              0.00     0.00    9.10   71.71   596.66  4602.76    64.34     0.01    0.08   0.23   1.88
2025-04-23T16:24:01.378267+08:00 Dky_app_00 linx[130005]: sdal              0.00     0.00    7.47   35.35   475.39  2281.90    64.39     0.01    0.92   0.02   0.06
2025-04-23T16:24:01.378280+08:00 Dky_app_00 linx[130005]: sdam              0.00     0.00    5.51    5.92   350.13   389.48    64.69     0.02    1.78   1.57   1.79
2025-04-23T16:24:01.378298+08:00 Dky_app_00 linx[130005]: sdan              0.00     0.00    9.17   43.06   574.90  1006.75    30.28     0.02    0.36   0.36   1.86
2025-04-23T16:24:01.378306+08:00 Dky_app_00 linx[130005]: sdao              0.00     0.00    0.00    0.00     0.00     0.00    28.56     0.00    0.13   0.13   0.00
2025-04-23T16:24:01.378318+08:00 Dky_app_00 linx[130005]: sdap              0.00     0.00    0.20    0.00     1.56     0.00     8.00     0.00    0.08   0.08   0.00
2025-04-23T16:24:01.378330+08:00 Dky_app_00 linx[130005]: sdaq              0.00     0.00    0.10    4.38     2.46  2846.98   636.56     0.00    0.51   1.57   0.70
2025-04-23T16:24:01.378335+08:00 Dky_app_00 linx[130005]: sdar              0.00     0.00    9.11   71.70   597.31  4602.12    64.34     0.02    0.19   0.30   2.39
2025-04-23T16:24:01.378350+08:00 Dky_app_00 linx[130005]: sdas              0.00     0.00    7.47   35.36   475.26  2282.02    64.39     0.00    0.85   0.72   3.07
2025-04-23T16:24:01.378363+08:00 Dky_app_00 linx[130005]: sdat              0.00     0.00    5.52    5.92   350.25   389.36    64.69     0.02    1.96   1.70   1.94
2025-04-23T16:24:01.378370+08:00 Dky_app_00 linx[130005]: sdau              0.00     0.00    9.22   43.00   577.54  1008.66    30.37     0.02    0.31   0.30   1.59
2025-04-23T16:24:01.378383+08:00 Dky_app_00 linx[130005]: sdav              0.00    11.20    0.30    0.11    75.39    90.49   406.11     0.01   12.52   0.70   0.03
2025-04-23T16:24:01.378397+08:00 Dky_app_00 linx[130005]: sdaw              0.00     0.00    0.20    0.00     1.56     0.00     8.00     0.00    0.08   0.08   0.00
2025-04-23T16:24:01.378406+08:00 Dky_app_00 linx[130005]: sday              0.00     0.00    9.08   71.72   595.62  4603.80    64.34     0.01    0.17   0.29   2.31
2025-04-23T16:24:01.378414+08:00 Dky_app_00 linx[130005]: sdaz              0.00     0.00    7.48   35.35   475.89  2281.38    64.39     0.00    0.83   0.70   2.99
2025-04-23T16:24:01.378424+08:00 Dky_app_00 linx[130005]: sdba              0.00     0.00    5.51    5.92   349.89   389.72    64.69     0.02    1.90   1.65   1.89
2025-04-23T16:24:01.378437+08:00 Dky_app_00 linx[130005]: sdbb              0.00     0.00    9.34   42.89   586.93   987.31    30.14     0.01    0.28   0.28   1.45
2025-04-23T16:24:01.378453+08:00 Dky_app_00 linx[130005]: sdbc              0.00     0.00    0.00    0.00     0.00     0.00    28.52     0.00    0.21   0.21   0.00
2025-04-23T16:24:01.378459+08:00 Dky_app_00 linx[130005]: sdbd              0.00     0.00    0.20    0.00     1.56     0.00     8.00     0.00    0.07   0.07   0.00
2025-04-23T16:24:01.378473+08:00 Dky_app_00 linx[130005]: sdbe              0.00     0.00    0.10    4.38     2.46  2843.89   635.88     0.00    0.82   1.65   0.74
2025-04-23T16:24:01.378488+08:00 Dky_app_00 linx[130005]: sdax              0.00     0.00    0.10    4.38     2.46  2871.65   642.09     0.00    0.85   1.66   0.74
2025-04-23T16:24:01.378505+08:00 Dky_app_00 linx[130005]: dm-0              0.00     0.70   72.34  573.72  4766.08 36826.18    64.38     0.03    0.04   0.04   2.83
2025-04-23T16:24:01.378518+08:00 Dky_app_00 linx[130005]: dm-1              0.00     0.34   59.40  282.80  3802.16 18252.89    64.45     0.01    0.04   0.05   1.69
2025-04-23T16:24:01.378527+08:00 Dky_app_00 linx[130005]: dm-2              0.01     0.04   43.70   47.37  2797.00  3116.70    64.94     0.01    0.46   0.18   1.60
2025-04-23T16:24:01.378533+08:00 Dky_app_00 linx[130005]: dm-3              0.00     0.00   73.67  343.76  4645.39  7974.68    30.23     0.01    0.10   0.01   0.60
2025-04-23T16:24:01.378545+08:00 Dky_app_00 linx[130005]: dm-5              0.00  2821.64    0.37   35.04    16.45 22853.47   645.84     0.01    0.38   0.29   1.02
2025-04-23T16:24:01.378565+08:00 Dky_app_00 linx[130005]: dm-6              0.00     0.00   25.49    3.00   333.40     3.00    11.81     0.01    0.36   0.36   1.02
2025-04-23T16:24:01.378573+08:00 Dky_app_00 linx[130005]: dm-7              0.00     0.00   45.80    0.00  4287.03     0.03    93.60     0.02    0.41   0.41   1.89
2025-04-23T16:24:01.378583+08:00 Dky_app_00 linx[130005]: dm-8              0.00     0.00    2.38  340.76    24.96  7971.65    23.30     0.01    0.03   0.03   1.04
2025-04-23T16:24:01.378591+08:00 Dky_app_00 linx[130005]: dm-9              0.00     0.00    0.37 2856.68    16.45 22853.47     8.00     0.02    0.00   0.00   1.03
2025-04-23T16:24:01.378604+08:00 Dky_app_00 linx[130005]:
2025-04-23T16:24:01.379646+08:00 Dky_app_00 linx[130007]: netstat -an |grep -i 'established'|wc -l
2025-04-23T16:24:01.411780+08:00 Dky_app_00 linx[130011]: 938
2025-04-23T16:24:01.412942+08:00 Dky_app_00 linx[130017]: date
2025-04-23T16:24:01.414039+08:00 Dky_app_00 linx[130019]: Wed Apr 23 16:24:01 CST 2025
2025-04-23T16:24:01.415114+08:00 Dky_app_00 linx[130021]: cat   /proc/buddyinfo
2025-04-23T16:24:01.416214+08:00 Dky_app_00 linx[130023]: Node 0, zone      DMA      1      1      1      1      2      1      0      0      1      1      3
2025-04-23T16:24:01.416229+08:00 Dky_app_00 linx[130023]: Node 0, zone    DMA32    419    121     64     32     25     34      9     12      9     55     28
2025-04-23T16:24:01.416237+08:00 Dky_app_00 linx[130023]: Node 0, zone   Normal    107    327   1285    949    730    617  13198   9133   3779      1      0
2025-04-23T16:24:01.416244+08:00 Dky_app_00 linx[130023]: Node 1, zone   Normal    614    621   2111   1585   2387  18510  17099   8649   2837      0      0
2025-04-23T16:24:01.416251+08:00 Dky_app_00 linx[130023]: Node 2, zone   Normal    130     63   1481   1640   1277   1440   3824   3805   1352      0      0
2025-04-23T16:24:01.416255+08:00 Dky_app_00 linx[130023]: Node 3, zone   Normal   4887  14028  14672   8772  16295  55760  31017  11861   2996      0      0
2025-04-23T16:24:01.416272+08:00 Dky_app_00 linx[130023]: Node 4, zone   Normal    208  10298  41376  69130  87686  58804  30124   9272   1466      1      0
2025-04-23T16:24:01.416278+08:00 Dky_app_00 linx[130023]: Node 5, zone   Normal    173    235    149     41   1221   5571  15094   7543   2781      0      1
2025-04-23T16:24:01.416287+08:00 Dky_app_00 linx[130023]: Node 6, zone   Normal    128   3658   5050   4750   4132   3288   2991   2081   1538      0      0
2025-04-23T16:24:01.416297+08:00 Dky_app_00 linx[130023]: Node 7, zone   Normal    266    316  23132  34424  36312  26739  16371   8362   2938      0      0
2025-04-23T16:24:01.417356+08:00 Dky_app_00 linx[130025]: top-detail:
2025-04-23T16:26:01.232573+08:00 Dky_app_00 /usr/sbin/cron[132888]: (root) CMD (sh /usr/bin/msmp >> /var/log/msmp.log )
2025-04-23T16:26:01.232699+08:00 Dky_app_00 /usr/sbin/cron[132889]: (sysadmin) CMD (/usr/sbin/get_max_mem_process.sh)
2025-04-23T16:26:01.232803+08:00 Dky_app_00 /usr/sbin/cron[132890]: (root) CMD (/home/dmdba/drop_cached.sh)
2025-04-23T16:26:01.232899+08:00 Dky_app_00 /usr/sbin/cron[132891]: (dmdba) CMD (sh net_colsewait_mon.sh)
2025-04-23T16:26:01.232952+08:00 Dky_app_00 /usr/sbin/cron[132892]: (dmdba) CMD (sh /home/dmdba/dm/db_sessmon.sh)
2025-04-23T16:26:01.235702+08:00 Dky_app_00 linx[132896]: uptime
2025-04-23T16:26:01.262546+08:00 Dky_app_00 linx[132908]:  16:26:01 up 1551 days,  4:08, 11 users,  load average: 128.09, 124.07, 114.24
2025-04-23T16:26:01.263761+08:00 Dky_app_00 linx[132918]: free -m
2025-04-23T16:26:01.266946+08:00 Dky_app_00 linx[132920]:              total       used       free     shared    buffers     cached
2025-04-23T16:26:01.266960+08:00 Dky_app_00 linx[132920]: Mem:        516904     399353     117551          0        116      70524
2025-04-23T16:26:01.266982+08:00 Dky_app_00 linx[132920]: -/+ buffers/cache:     328712     188192
2025-04-23T16:26:01.267008+08:00 Dky_app_00 linx[132920]: Swap:        61034          0      61034
2025-04-23T16:26:01.268174+08:00 Dky_app_00 linx[132922]: df -h
2025-04-23T16:26:01.269500+08:00 Dky_app_00 linx[132924]: Filesystem            Size  Used Avail Use% Mounted on
2025-04-23T16:26:01.269513+08:00 Dky_app_00 linx[132924]: /dev/sda2             185G   75G  101G  43% /
2025-04-23T16:26:01.269520+08:00 Dky_app_00 linx[132924]: /dev/sda3             585G  197G  359G  36% /home
2025-04-23T16:26:01.269533+08:00 Dky_app_00 linx[132924]: /dev/sdav             3.0T  1.3T  1.6T  45% /dbbak
2025-04-23T16:26:01.269550+08:00 Dky_app_00 linx[132924]: /dev/mapper/dmarch_22-arch
2025-04-23T16:26:01.269554+08:00 Dky_app_00 linx[132924]:                       886G  680G  162G  81% /dbarch
2025-04-23T16:26:01.269575+08:00 Dky_app_00 linx[132924]: tmpfs                  20M   48K   20M   1% /tmp/smp
2025-04-23T16:26:01.269582+08:00 Dky_app_00 linx[132924]: 192.168.9.23:/dbarch/arch_rac1
2025-04-23T16:26:01.269593+08:00 Dky_app_00 linx[132924]:                       788G  681G   68G  91% /dbarch/arch_dsc1_kafka
2025-04-23T16:26:01.270618+08:00 Dky_app_00 linx[132926]: df -ih
2025-04-23T16:26:01.271882+08:00 Dky_app_00 linx[132928]: Filesystem            Inodes   IUsed   IFree IUse% Mounted on
2025-04-23T16:26:01.271893+08:00 Dky_app_00 linx[132928]: /dev/sda2                12M    2.1M    9.7M   18% /
2025-04-23T16:26:01.271898+08:00 Dky_app_00 linx[132928]: /dev/sda3                37M     28K     37M    1% /home
2025-04-23T16:26:01.271912+08:00 Dky_app_00 linx[132928]: /dev/sdav               192M     11K    192M    1% /dbbak
2025-04-23T16:26:01.271924+08:00 Dky_app_00 linx[132928]: /dev/mapper/dmarch_22-arch
2025-04-23T16:26:01.271933+08:00 Dky_app_00 linx[132928]:                          57M     463     57M    1% /dbarch
2025-04-23T16:26:01.271944+08:00 Dky_app_00 linx[132928]: tmpfs                    64M      13     64M    1% /tmp/smp
2025-04-23T16:26:01.271963+08:00 Dky_app_00 linx[132928]: 192.168.9.23:/dbarch/arch_rac1
2025-04-23T16:26:01.271969+08:00 Dky_app_00 linx[132928]:                          50M     353     50M    1% /dbarch/arch_dsc1_kafka
2025-04-23T16:26:01.273000+08:00 Dky_app_00 linx[132930]: iostat -x
2025-04-23T16:26:01.277294+08:00 Dky_app_00 linx[132932]: Linux 2.6.32-Rocky4.2-x86_64 (Dky_app_00) #01104/23/25 #011_x86_64_
2025-04-23T16:26:01.277308+08:00 Dky_app_00 linx[132932]:
2025-04-23T16:26:01.281157+08:00 Dky_app_00 linx[132932]: avg-cpu:  %user   %nice %system %iowait  %steal   %idle
2025-04-23T16:26:01.281166+08:00 Dky_app_00 linx[132932]:            3.47    0.00    1.30    0.67    0.00   94.61
2025-04-23T16:26:01.281172+08:00 Dky_app_00 linx[132932]:
2025-04-23T16:26:01.281190+08:00 Dky_app_00 linx[132932]: Device:         rrqm/s   wrqm/s     r/s     w/s   rsec/s   wsec/s avgrq-sz avgqu-sz   await  svctm  %util
2025-04-23T16:26:01.281196+08:00 Dky_app_00 linx[132932]: sda               0.02   223.59    0.15   13.30    17.75  1895.12   142.21     0.01    0.68   0.13   0.18
2025-04-23T16:26:01.281204+08:00 Dky_app_00 linx[132932]: sda1              0.00     0.00    0.00    0.00     0.00     0.00    40.85     0.00    2.01   2.01   0.00
2025-04-23T16:26:01.281224+08:00 Dky_app_00 linx[132932]: sda2              0.02    18.33    0.06    1.67     8.49   160.02    97.24     0.00    0.54   0.35   0.06
2025-04-23T16:26:01.281241+08:00 Dky_app_00 linx[132932]: sda3              0.00   205.25    0.08   11.63     9.25  1735.10   148.86     0.01    0.70   0.11   0.13
2025-04-23T16:26:01.281247+08:00 Dky_app_00 linx[132932]: sdb               0.00     0.00    9.08   71.73   595.35  4604.09    64.34     0.01    0.18   0.29   2.33
2025-04-23T16:26:01.281257+08:00 Dky_app_00 linx[132932]: sdc               0.00     0.00    7.48   35.34   476.05  2281.22    64.39     0.00    0.83   0.70   3.00
2025-04-23T16:26:01.281269+08:00 Dky_app_00 linx[132932]: sdd               0.00     0.00    5.51    5.92   349.86   389.75    64.69     0.02    1.89   1.65   1.89
2025-04-23T16:26:01.281279+08:00 Dky_app_00 linx[132932]: sde               0.00     0.00    9.33   42.90   586.69   984.36    30.08     0.02    0.29   0.29   1.50
2025-04-23T16:26:01.281292+08:00 Dky_app_00 linx[132932]: sdf               0.00     0.00    0.00    0.00     0.00     0.00    28.79     0.00    8.77   8.77   0.00
2025-04-23T16:26:01.281305+08:00 Dky_app_00 linx[132932]: sdg               0.00     0.00    0.20    0.00     1.56     0.00     8.00     0.00    0.10   0.10   0.00
2025-04-23T16:26:01.281312+08:00 Dky_app_00 linx[132932]: sdh               0.00     0.00    0.10    4.38     2.46  2869.86   641.69     0.00    0.85   1.66   0.74
2025-04-23T16:26:01.281329+08:00 Dky_app_00 linx[132932]: sdi               0.00     0.00    9.09   71.71   596.31  4603.11    64.34     0.01    0.08   0.24   1.91
2025-04-23T16:26:01.281335+08:00 Dky_app_00 linx[132932]: sdj               0.00     0.00    7.47   35.35   475.64  2281.66    64.39     0.01    0.93   0.02   0.08
2025-04-23T16:26:01.281348+08:00 Dky_app_00 linx[132932]: sdk               0.00     0.00    5.51    5.92   350.03   389.59    64.69     0.02    1.78   1.58   1.80
2025-04-23T16:26:01.281363+08:00 Dky_app_00 linx[132932]: sdl               0.00     0.00    9.10   43.13   569.60  1000.51    30.06     0.02    0.37   0.37   1.93
2025-04-23T16:26:01.281369+08:00 Dky_app_00 linx[132932]: sdm               0.00     0.00    0.00    0.00     0.00     0.00    28.50     0.00    0.20   0.20   0.00
2025-04-23T16:26:01.281384+08:00 Dky_app_00 linx[132932]: sdn               0.00     0.00    0.20    0.00     1.56     0.00     8.00     0.00    0.10   0.10   0.00
2025-04-23T16:26:01.281392+08:00 Dky_app_00 linx[132932]: sdo               0.00     0.00    0.10    4.38     2.46  2855.82   638.54     0.00    0.52   1.57   0.70
2025-04-23T16:26:01.281409+08:00 Dky_app_00 linx[132932]: sdq               0.00     0.00    7.47   35.35   475.32  2281.96    64.39     0.01    0.92   0.02   0.07
2025-04-23T16:26:01.281421+08:00 Dky_app_00 linx[132932]: sdr               0.00     0.00    5.51    5.92   350.20   389.41    64.69     0.02    1.78   1.57   1.80
2025-04-23T16:26:01.281434+08:00 Dky_app_00 linx[132932]: sds               0.00     0.00    9.21   43.02   577.25  1007.95    30.35     0.02    0.36   0.36   1.90
2025-04-23T16:26:01.281449+08:00 Dky_app_00 linx[132932]: sdt               0.00     0.00    0.00    0.00     0.00     0.00    28.50     0.00    0.16   0.16   0.00
2025-04-23T16:26:01.281457+08:00 Dky_app_00 linx[132932]: sdu               0.00     0.00    0.20    0.00     1.56     0.00     8.00     0.00    0.09   0.09   0.00
2025-04-23T16:26:01.281463+08:00 Dky_app_00 linx[132932]: sdv               0.00     0.00    0.10    4.38     2.46  2844.52   636.01     0.00    0.52   1.57   0.70
2025-04-23T16:26:01.281476+08:00 Dky_app_00 linx[132932]: sdw               0.00     0.00    9.09   71.72   595.90  4603.54    64.34     0.01    0.18   0.29   2.34
2025-04-23T16:26:01.281486+08:00 Dky_app_00 linx[132932]: sdx               0.00     0.00    7.47   35.35   475.67  2281.60    64.39     0.00    0.83   0.71   3.02
2025-04-23T16:26:01.281492+08:00 Dky_app_00 linx[132932]: sdy               0.00     0.00    5.51    5.92   349.99   389.62    64.69     0.02    1.92   1.67   1.91
2025-04-23T16:26:01.281510+08:00 Dky_app_00 linx[132932]: sdz               0.00     0.00    9.36   42.87   587.87   996.00    30.33     0.02    0.29   0.29   1.50
2025-04-23T16:26:01.281520+08:00 Dky_app_00 linx[132932]: sdab              0.00     0.00    0.20    0.00     1.56     0.00     8.00     0.00    0.09   0.09   0.00
2025-04-23T16:26:01.281526+08:00 Dky_app_00 linx[132932]: sdaa              0.00     0.00    0.00    0.00     0.00     0.00    28.47     0.00    0.22   0.22   0.00
2025-04-23T16:26:01.281536+08:00 Dky_app_00 linx[132932]: sdac              0.00     0.00    0.10    4.38     2.46  2852.36   637.77     0.00    0.84   1.66   0.74
2025-04-23T16:26:01.281546+08:00 Dky_app_00 linx[132932]: sdad              0.00     0.00    9.08   71.73   595.14  4604.29    64.34     0.01    0.08   0.23   1.89
2025-04-23T16:26:01.281551+08:00 Dky_app_00 linx[132932]: sdaf              0.00     0.00    5.51    5.92   349.84   389.77    64.69     0.02    1.79   1.58   1.80
2025-04-23T16:26:01.281562+08:00 Dky_app_00 linx[132932]: sdag              0.00     0.00    9.34   42.89   587.82   983.12    30.08     0.02    0.36   0.36   1.89
2025-04-23T16:26:01.281575+08:00 Dky_app_00 linx[132932]: sdah              0.00     0.00    0.00    0.00     0.00     0.00    28.55     0.00    0.12   0.12   0.00
2025-04-23T16:26:01.281587+08:00 Dky_app_00 linx[132932]: sdae              0.00     0.00    7.48   35.34   476.15  2281.13    64.39     0.01    0.92   0.01   0.06
2025-04-23T16:26:01.281599+08:00 Dky_app_00 linx[132932]: sdai              0.00     0.00    0.20    0.00     1.56     0.00     8.00     0.00    0.08   0.08   0.00
2025-04-23T16:26:01.281606+08:00 Dky_app_00 linx[132932]: sdaj              0.00     0.00    0.10    4.38     2.46  2868.38   641.34     0.00    0.51   1.57   0.70
2025-04-23T16:26:01.281616+08:00 Dky_app_00 linx[132932]: sdak              0.00     0.00    9.10   71.71   596.66  4602.76    64.34     0.01    0.08   0.23   1.88
2025-04-23T16:26:01.281630+08:00 Dky_app_00 linx[132932]: sdal              0.00     0.00    7.47   35.35   475.39  2281.90    64.39     0.01    0.92   0.02   0.06
2025-04-23T16:26:01.281637+08:00 Dky_app_00 linx[132932]: sdam              0.00     0.00    5.51    5.92   350.13   389.48    64.69     0.02    1.78   1.57   1.79
2025-04-23T16:26:01.281657+08:00 Dky_app_00 linx[132932]: sdan              0.00     0.00    9.17   43.06   574.90  1006.75    30.28     0.02    0.36   0.36   1.86
2025-04-23T16:26:01.281671+08:00 Dky_app_00 linx[132932]: sdao              0.00     0.00    0.00    0.00     0.00     0.00    28.56     0.00    0.13   0.13   0.00
2025-04-23T16:26:01.281677+08:00 Dky_app_00 linx[132932]: sdap              0.00     0.00    0.20    0.00     1.56     0.00     8.00     0.00    0.08   0.08   0.00
2025-04-23T16:26:01.281682+08:00 Dky_app_00 linx[132932]: sdaq              0.00     0.00    0.10    4.38     2.46  2846.98   636.56     0.00    0.51   1.57   0.70
2025-04-23T16:26:01.281688+08:00 Dky_app_00 linx[132932]: sdar              0.00     0.00    9.11   71.70   597.31  4602.12    64.34     0.02    0.19   0.30   2.39
2025-04-23T16:26:01.281696+08:00 Dky_app_00 linx[132932]: sdas              0.00     0.00    7.47   35.36   475.26  2282.02    64.39     0.00    0.85   0.72   3.07
2025-04-23T16:26:01.281708+08:00 Dky_app_00 linx[132932]: sdat              0.00     0.00    5.52    5.92   350.25   389.36    64.69     0.02    1.96   1.70   1.94
2025-04-23T16:26:01.281717+08:00 Dky_app_00 linx[132932]: sdau              0.00     0.00    9.22   43.00   577.54  1008.66    30.37     0.02    0.31   0.30   1.59
2025-04-23T16:26:01.281723+08:00 Dky_app_00 linx[132932]: sdav              0.00    11.20    0.30    0.11    75.39    90.49   406.11     0.01   12.52   0.70   0.03
2025-04-23T16:26:01.281737+08:00 Dky_app_00 linx[132932]: sdaw              0.00     0.00    0.20    0.00     1.56     0.00     8.00     0.00    0.08   0.08   0.00
2025-04-23T16:26:01.281750+08:00 Dky_app_00 linx[132932]: sday              0.00     0.00    9.08   71.72   595.62  4603.80    64.34     0.01    0.17   0.29   2.31
2025-04-23T16:26:01.281753+08:00 Dky_app_00 linx[132932]: sdaz              0.00     0.00    7.48   35.35   475.89  2281.38    64.39     0.00    0.83   0.70   2.99
2025-04-23T16:26:01.281762+08:00 Dky_app_00 linx[132932]: sdba              0.00     0.00    5.51    5.92   349.89   389.72    64.69     0.02    1.90   1.65   1.89
2025-04-23T16:26:01.281779+08:00 Dky_app_00 linx[132932]: sdbb              0.00     0.00    9.34   42.89   586.93   987.31    30.14     0.01    0.28   0.28   1.45
2025-04-23T16:26:01.281790+08:00 Dky_app_00 linx[132932]: sdbc              0.00     0.00    0.00    0.00     0.00     0.00    28.52     0.00    0.21   0.21   0.00
2025-04-23T16:26:01.281809+08:00 Dky_app_00 linx[132932]: sdbd              0.00     0.00    0.20    0.00     1.56     0.00     8.00     0.00    0.07   0.07   0.00
2025-04-23T16:26:01.281819+08:00 Dky_app_00 linx[132932]: sdbe              0.00     0.00    0.10    4.38     2.46  2843.89   635.88     0.00    0.82   1.65   0.74
2025-04-23T16:26:01.281824+08:00 Dky_app_00 linx[132932]: sdax              0.00     0.00    0.10    4.38     2.46  2871.65   642.09     0.00    0.85   1.66   0.74
2025-04-23T16:26:01.281837+08:00 Dky_app_00 linx[132932]: dm-0              0.00     0.70   72.34  573.72  4766.07 36826.15    64.38     0.03    0.04   0.04   2.83
2025-04-23T16:26:01.281849+08:00 Dky_app_00 linx[132932]: dm-1              0.00     0.34   59.40  282.80  3802.16 18252.87    64.45     0.01    0.04   0.05   1.69
2025-04-23T16:26:01.281858+08:00 Dky_app_00 linx[132932]: dm-2              0.01     0.04   43.70   47.37  2797.00  3116.69    64.94     0.01    0.46   0.18   1.60
2025-04-23T16:26:01.281871+08:00 Dky_app_00 linx[132932]: dm-3              0.00     0.00   73.67  343.76  4645.39  7974.67    30.23     0.01    0.10   0.01   0.60
2025-04-23T16:26:01.281881+08:00 Dky_app_00 linx[132932]: dm-5              0.00  2821.64    0.37   35.04    16.45 22853.45   645.84     0.01    0.38   0.29   1.02
2025-04-23T16:26:01.281887+08:00 Dky_app_00 linx[132932]: dm-6              0.00     0.00   25.49    3.00   333.40     3.00    11.81     0.01    0.36   0.36   1.02
2025-04-23T16:26:01.281904+08:00 Dky_app_00 linx[132932]: dm-7              0.00     0.00   45.80    0.00  4287.03     0.03    93.60     0.02    0.41   0.41   1.89
2025-04-23T16:26:01.281915+08:00 Dky_app_00 linx[132932]: dm-8              0.00     0.00    2.38  340.76    24.96  7971.64    23.30     0.01    0.03   0.03   1.04
2025-04-23T16:26:01.281924+08:00 Dky_app_00 linx[132932]: dm-9              0.00     0.00    0.37 2856.68    16.45 22853.45     8.00     0.02    0.00   0.00   1.03
2025-04-23T16:26:01.281930+08:00 Dky_app_00 linx[132932]:
2025-04-23T16:26:01.283046+08:00 Dky_app_00 linx[132934]: netstat -an |grep -i 'established'|wc -l
2025-04-23T16:26:01.314287+08:00 Dky_app_00 linx[132938]: 942
2025-04-23T16:26:01.315419+08:00 Dky_app_00 linx[132944]: date
2025-04-23T16:26:01.316597+08:00 Dky_app_00 linx[132946]: Wed Apr 23 16:26:01 CST 2025
2025-04-23T16:26:01.317600+08:00 Dky_app_00 linx[132948]: cat   /proc/buddyinfo
2025-04-23T16:26:01.318617+08:00 Dky_app_00 linx[132950]: Node 0, zone      DMA      1      1      1      1      2      1      0      0      1      1      3
2025-04-23T16:26:01.318644+08:00 Dky_app_00 linx[132950]: Node 0, zone    DMA32    419    121     64     32     25     34      9     12      9     55     28
2025-04-23T16:26:01.318652+08:00 Dky_app_00 linx[132950]: Node 0, zone   Normal     40    351   1358    949    730    617  13198   9133   3779      0      0
2025-04-23T16:26:01.318663+08:00 Dky_app_00 linx[132950]: Node 1, zone   Normal    744    671   2084   1589   2386  18510  17099   8649   2837      0      0
2025-04-23T16:26:01.318668+08:00 Dky_app_00 linx[132950]: Node 2, zone   Normal     74    231   1438   1640   1277   1440   3824   3805   1352      0      0
2025-04-23T16:26:01.318674+08:00 Dky_app_00 linx[132950]: Node 3, zone   Normal   4971  14037  14676   8769  16292  55734  30999  11853   2994      0      0
2025-04-23T16:26:01.318687+08:00 Dky_app_00 linx[132950]: Node 4, zone   Normal    275  10397  41408  69129  87686  58803  30124   9272   1466      0      0
2025-04-23T16:26:01.318692+08:00 Dky_app_00 linx[132950]: Node 5, zone   Normal    238    318    186     20   1185   5572  15094   7543   2781      0      0
2025-04-23T16:26:01.318696+08:00 Dky_app_00 linx[132950]: Node 6, zone   Normal     93   3936   5022   4665   4101   3259   2962   2055   1517      1      0
2025-04-23T16:26:01.318699+08:00 Dky_app_00 linx[132950]: Node 7, zone   Normal    319    297  20323  32461  34150  25124  15245   7682   2691      4      5
2025-04-23T16:26:01.319776+08:00 Dky_app_00 linx[132952]: top-detail:
2025-04-23T16:26:01.979691+08:00 Dky_app_00 linx[132955]: top - 16:26:01 up 1551 days,  4:08, 11 users,  load average: 128.09, 124.07, 114
2025-04-23T16:26:01.979711+08:00 Dky_app_00 linx[132955]: Tasks: 3216 total,   2 running, 3212 sleeping,   1 stopped,   1 zombie
2025-04-23T16:26:01.979715+08:00 Dky_app_00 linx[132955]: Cpu(s):  3.5%us,  1.2%sy,  0.0%ni, 94.6%id,  0.7%wa,  0.0%hi,  0.0%si,  0.0%st
2025-04-23T16:26:01.979720+08:00 Dky_app_00 linx[132955]: Mem:  529310592k total, 408948324k used, 120362268k free,   119792k buffers
2025-04-23T16:26:01.979724+08:00 Dky_app_00 linx[132955]: Swap: 62499836k total,        0k used, 62499836k free, 72217076k cached
2025-04-23T16:26:01.979727+08:00 Dky_app_00 linx[132955]:
2025-04-23T16:26:01.979729+08:00 Dky_app_00 linx[132955]:    PID USER      PR  NI  VIRT  RES  SHR S %CPU %MEM    TIME+  COMMAND
2025-04-23T16:26:01.979737+08:00 Dky_app_00 linx[132955]: 132978 sysadmin  20   0 14732 6456  728 R   20  0.0   0:00.12 fuser
2025-04-23T16:26:01.979754+08:00 Dky_app_00 linx[132955]: 132953 sysadmin  20   0 12948 3512  760 R   10  0.0   0:00.14 top
2025-04-23T16:26:01.979770+08:00 Dky_app_00 linx[132955]:      1 root      20   0  7852  612  512 S    0  0.0  31:07.30 init
2025-04-23T16:26:01.979775+08:00 Dky_app_00 linx[132955]:      2 root      20   0     0    0    0 S    0  0.0   0:02.80 kthreadd
2025-04-23T16:26:01.979779+08:00 Dky_app_00 linx[132955]:      3 root      RT   0     0    0    0 S    0  0.0 112:36.39 migration/0
2025-04-23T16:26:01.979784+08:00 Dky_app_00 linx[132955]:      4 root      20   0     0    0    0 S    0  0.0  84:30.66 ksoftirqd/0
2025-04-23T16:26:01.979790+08:00 Dky_app_00 linx[132955]:      5 root      RT   0     0    0    0 S    0  0.0   0:00.00 stopper/0
2025-04-23T16:26:01.979795+08:00 Dky_app_00 linx[132955]:      6 root      RT   0     0    0    0 S    0  0.0   2:55.88 watchdog/0
2025-04-23T16:26:01.979804+08:00 Dky_app_00 linx[132955]:      7 root      RT   0     0    0    0 S    0  0.0  77:01.69 migration/1
2025-04-23T16:26:01.979814+08:00 Dky_app_00 linx[132955]:      8 root      RT   0     0    0    0 S    0  0.0   0:00.00 stopper/1
2025-04-23T16:26:01.979825+08:00 Dky_app_00 linx[132955]:      9 root      20   0     0    0    0 S    0  0.0 378:08.25 ksoftirqd/1
2025-04-23T16:26:01.979830+08:00 Dky_app_00 linx[132955]:     10 root      RT   0     0    0    0 S    0  0.0   5:34.41 watchdog/1
2025-04-23T16:26:01.979843+08:00 Dky_app_00 linx[132955]:     11 root      RT   0     0    0    0 S    0  0.0  41:04.88 migration/2
2025-04-23T16:28:01.105101+08:00 Dky_app_00 /usr/sbin/cron[135803]: (root) CMD (sh /usr/bin/msmp >> /var/log/msmp.log )
2025-04-23T16:28:01.105147+08:00 Dky_app_00 /usr/sbin/cron[135804]: (sysadmin) CMD (/usr/sbin/get_max_mem_process.sh)
2025-04-23T16:28:01.105283+08:00 Dky_app_00 /usr/sbin/cron[135805]: (root) CMD (/home/dmdba/drop_cached.sh)
2025-04-23T16:28:01.105467+08:00 Dky_app_00 /usr/sbin/cron[135806]: (dmdba) CMD (sh net_colsewait_mon.sh)
2025-04-23T16:28:01.105503+08:00 Dky_app_00 /usr/sbin/cron[135807]: (dmdba) CMD (sh /home/dmdba/dm/db_sessmon.sh)
2025-04-23T16:28:01.108243+08:00 Dky_app_00 linx[135811]: uptime
2025-04-23T16:28:01.144178+08:00 Dky_app_00 linx[135823]:  16:28:01 up 1551 days,  4:10, 11 users,  load average: 129.53, 125.87, 116.09
2025-04-23T16:28:01.145350+08:00 Dky_app_00 linx[135834]: free -m
2025-04-23T16:28:01.148730+08:00 Dky_app_00 linx[135837]:              total       used       free     shared    buffers     cached
2025-04-23T16:28:01.148746+08:00 Dky_app_00 linx[135837]: Mem:        516904     400714     116190          0        117      70527
2025-04-23T16:28:01.148751+08:00 Dky_app_00 linx[135837]: -/+ buffers/cache:     330069     186835
2025-04-23T16:28:01.148763+08:00 Dky_app_00 linx[135837]: Swap:        61034          0      61034
2025-04-23T16:28:01.149794+08:00 Dky_app_00 linx[135839]: df -h
2025-04-23T16:28:01.151065+08:00 Dky_app_00 linx[135841]: Filesystem            Size  Used Avail Use% Mounted on
2025-04-23T16:28:01.151080+08:00 Dky_app_00 linx[135841]: /dev/sda2             185G   75G  101G  43% /
2025-04-23T16:28:01.151086+08:00 Dky_app_00 linx[135841]: /dev/sda3             585G  197G  359G  36% /home
2025-04-23T16:28:01.151089+08:00 Dky_app_00 linx[135841]: /dev/sdav             3.0T  1.3T  1.6T  45% /dbbak
2025-04-23T16:28:01.151094+08:00 Dky_app_00 linx[135841]: /dev/mapper/dmarch_22-arch
2025-04-23T16:28:01.151103+08:00 Dky_app_00 linx[135841]:                       886G  680G  162G  81% /dbarch
2025-04-23T16:28:01.151106+08:00 Dky_app_00 linx[135841]: tmpfs                  20M   48K   20M   1% /tmp/smp
2025-04-23T16:28:01.151116+08:00 Dky_app_00 linx[135841]: 192.168.9.23:/dbarch/arch_rac1
2025-04-23T16:28:01.151120+08:00 Dky_app_00 linx[135841]:                       788G  681G   68G  91% /dbarch/arch_dsc1_kafka
2025-04-23T16:28:01.152242+08:00 Dky_app_00 linx[135843]: df -ih
2025-04-23T16:28:01.153483+08:00 Dky_app_00 linx[135845]: Filesystem            Inodes   IUsed   IFree IUse% Mounted on
2025-04-23T16:28:01.153497+08:00 Dky_app_00 linx[135845]: /dev/sda2                12M    2.1M    9.7M   18% /
2025-04-23T16:28:01.153502+08:00 Dky_app_00 linx[135845]: /dev/sda3                37M     28K     37M    1% /home
2025-04-23T16:28:01.153515+08:00 Dky_app_00 linx[135845]: /dev/sdav               192M     11K    192M    1% /dbbak
2025-04-23T16:28:01.153525+08:00 Dky_app_00 linx[135845]: /dev/mapper/dmarch_22-arch
2025-04-23T16:28:01.153530+08:00 Dky_app_00 linx[135845]:                          57M     463     57M    1% /dbarch
2025-04-23T16:28:01.153544+08:00 Dky_app_00 linx[135845]: tmpfs                    64M      13     64M    1% /tmp/smp
2025-04-23T16:28:01.153549+08:00 Dky_app_00 linx[135845]: 192.168.9.23:/dbarch/arch_rac1
2025-04-23T16:28:01.153558+08:00 Dky_app_00 linx[135845]:                          50M     353     50M    1% /dbarch/arch_dsc1_kafka
2025-04-23T16:28:01.154586+08:00 Dky_app_00 linx[135847]: iostat -x
2025-04-23T16:28:01.158850+08:00 Dky_app_00 linx[135849]: Linux 2.6.32-Rocky4.2-x86_64 (Dky_app_00) #01104/23/25 #011_x86_64_
2025-04-23T16:28:01.158877+08:00 Dky_app_00 linx[135849]:
2025-04-23T16:28:01.162640+08:00 Dky_app_00 linx[135849]: avg-cpu:  %user   %nice %system %iowait  %steal   %idle
2025-04-23T16:28:01.162650+08:00 Dky_app_00 linx[135849]:            3.47    0.00    1.30    0.67    0.00   94.61
2025-04-23T16:28:01.162662+08:00 Dky_app_00 linx[135849]:
2025-04-23T16:28:01.162668+08:00 Dky_app_00 linx[135849]: Device:         rrqm/s   wrqm/s     r/s     w/s   rsec/s   wsec/s avgrq-sz avgqu-sz   await  svctm  %util
2025-04-23T16:28:01.162680+08:00 Dky_app_00 linx[135849]: sda               0.02   223.59    0.15   13.30    17.75  1895.11   142.21     0.01    0.68   0.13   0.18
2025-04-23T16:28:01.162700+08:00 Dky_app_00 linx[135849]: sda1              0.00     0.00    0.00    0.00     0.00     0.00    40.85     0.00    2.01   2.01   0.00
2025-04-23T16:28:01.162707+08:00 Dky_app_00 linx[135849]: sda2              0.02    18.33    0.06    1.67     8.49   160.02    97.24     0.00    0.54   0.35   0.06
2025-04-23T16:28:01.162713+08:00 Dky_app_00 linx[135849]: sda3              0.00   205.25    0.08   11.63     9.25  1735.09   148.86     0.01    0.70   0.11   0.13
2025-04-23T16:28:01.162722+08:00 Dky_app_00 linx[135849]: sdb               0.00     0.00    9.08   71.73   595.35  4604.08    64.34     0.01    0.18   0.29   2.33
2025-04-23T16:28:01.162731+08:00 Dky_app_00 linx[135849]: sdc               0.00     0.00    7.48   35.34   476.05  2281.22    64.39     0.00    0.83   0.70   3.00
2025-04-23T16:28:01.162745+08:00 Dky_app_00 linx[135849]: sdd               0.00     0.00    5.51    5.92   349.86   389.75    64.69     0.02    1.89   1.65   1.89
2025-04-23T16:28:01.162750+08:00 Dky_app_00 linx[135849]: sde               0.00     0.00    9.33   42.90   586.69   984.36    30.08     0.02    0.29   0.29   1.50
2025-04-23T16:28:01.162761+08:00 Dky_app_00 linx[135849]: sdf               0.00     0.00    0.00    0.00     0.00     0.00    28.79     0.00    8.77   8.77   0.00
2025-04-23T16:28:01.162770+08:00 Dky_app_00 linx[135849]: sdg               0.00     0.00    0.20    0.00     1.56     0.00     8.00     0.00    0.10   0.10   0.00
2025-04-23T16:28:01.162782+08:00 Dky_app_00 linx[135849]: sdh               0.00     0.00    0.10    4.38     2.46  2869.86   641.69     0.00    0.85   1.66   0.74
2025-04-23T16:28:01.162803+08:00 Dky_app_00 linx[135849]: sdi               0.00     0.00    9.09   71.71   596.31  4603.11    64.34     0.01    0.08   0.24   1.91
2025-04-23T16:28:01.162811+08:00 Dky_app_00 linx[135849]: sdj               0.00     0.00    7.47   35.35   475.63  2281.66    64.39     0.01    0.93   0.02   0.08
2025-04-23T16:28:01.162825+08:00 Dky_app_00 linx[135849]: sdk               0.00     0.00    5.51    5.92   350.03   389.59    64.69     0.02    1.78   1.58   1.80
2025-04-23T16:28:01.162831+08:00 Dky_app_00 linx[135849]: sdl               0.00     0.00    9.10   43.13   569.59  1000.51    30.06     0.02    0.37   0.37   1.93
2025-04-23T16:28:01.162852+08:00 Dky_app_00 linx[135849]: sdm               0.00     0.00    0.00    0.00     0.00     0.00    28.50     0.00    0.20   0.20   0.00
2025-04-23T16:28:01.162857+08:00 Dky_app_00 linx[135849]: sdn               0.00     0.00    0.20    0.00     1.56     0.00     8.00     0.00    0.10   0.10   0.00
2025-04-23T16:28:01.162868+08:00 Dky_app_00 linx[135849]: sdo               0.00     0.00    0.10    4.38     2.46  2855.81   638.54     0.00    0.52   1.57   0.70
2025-04-23T16:28:01.162879+08:00 Dky_app_00 linx[135849]: sdq               0.00     0.00    7.47   35.35   475.32  2281.96    64.39     0.01    0.92   0.02   0.07
2025-04-23T16:28:01.162890+08:00 Dky_app_00 linx[135849]: sdr               0.00     0.00    5.51    5.92   350.20   389.41    64.69     0.02    1.78   1.57   1.80
2025-04-23T16:28:01.162901+08:00 Dky_app_00 linx[135849]: sds               0.00     0.00    9.21   43.02   577.25  1007.95    30.35     0.02    0.36   0.36   1.90
2025-04-23T16:28:01.162913+08:00 Dky_app_00 linx[135849]: sdt               0.00     0.00    0.00    0.00     0.00     0.00    28.50     0.00    0.16   0.16   0.00
2025-04-23T16:28:01.162925+08:00 Dky_app_00 linx[135849]: sdu               0.00     0.00    0.20    0.00     1.56     0.00     8.00     0.00    0.09   0.09   0.00
2025-04-23T16:28:01.162930+08:00 Dky_app_00 linx[135849]: sdv               0.00     0.00    0.10    4.38     2.46  2844.52   636.01     0.00    0.52   1.57   0.70
2025-04-23T16:28:01.162940+08:00 Dky_app_00 linx[135849]: sdw               0.00     0.00    9.09   71.72   595.90  4603.53    64.34     0.01    0.18   0.29   2.34
2025-04-23T16:28:01.162949+08:00 Dky_app_00 linx[135849]: sdx               0.00     0.00    7.47   35.35   475.67  2281.60    64.39     0.00    0.83   0.71   3.02
2025-04-23T16:28:01.162964+08:00 Dky_app_00 linx[135849]: sdy               0.00     0.00    5.51    5.92   349.99   389.62    64.69     0.02    1.92   1.67   1.91
2025-04-23T16:28:01.162987+08:00 Dky_app_00 linx[135849]: sdz               0.00     0.00    9.36   42.87   587.87   996.00    30.33     0.02    0.29   0.29   1.50
2025-04-23T16:28:01.162997+08:00 Dky_app_00 linx[135849]: sdab              0.00     0.00    0.20    0.00     1.56     0.00     8.00     0.00    0.09   0.09   0.00
2025-04-23T16:28:01.163002+08:00 Dky_app_00 linx[135849]: sdaa              0.00     0.00    0.00    0.00     0.00     0.00    28.47     0.00    0.22   0.22   0.00
2025-04-23T16:28:01.163012+08:00 Dky_app_00 linx[135849]: sdac              0.00     0.00    0.10    4.38     2.46  2852.36   637.77     0.00    0.84   1.66   0.74
2025-04-23T16:28:01.163017+08:00 Dky_app_00 linx[135849]: sdad              0.00     0.00    9.08   71.73   595.14  4604.28    64.34     0.01    0.08   0.23   1.89
2025-04-23T16:28:01.163039+08:00 Dky_app_00 linx[135849]: sdaf              0.00     0.00    5.51    5.92   349.84   389.77    64.69     0.02    1.79   1.58   1.80
2025-04-23T16:28:01.163044+08:00 Dky_app_00 linx[135849]: sdag              0.00     0.00    9.34   42.89   587.82   983.12    30.08     0.02    0.36   0.36   1.89
2025-04-23T16:28:01.163048+08:00 Dky_app_00 linx[135849]: sdah              0.00     0.00    0.00    0.00     0.00     0.00    28.55     0.00    0.12   0.12   0.00
2025-04-23T16:28:01.163065+08:00 Dky_app_00 linx[135849]: sdae              0.00     0.00    7.48   35.34   476.15  2281.13    64.39     0.01    0.92   0.01   0.06
2025-04-23T16:28:01.163078+08:00 Dky_app_00 linx[135849]: sdai              0.00     0.00    0.20    0.00     1.56     0.00     8.00     0.00    0.08   0.08   0.00
2025-04-23T16:28:01.163085+08:00 Dky_app_00 linx[135849]: sdaj              0.00     0.00    0.10    4.38     2.46  2868.38   641.34     0.00    0.51   1.57   0.70
2025-04-23T16:28:01.163089+08:00 Dky_app_00 linx[135849]: sdak              0.00     0.00    9.10   71.71   596.66  4602.75    64.34     0.01    0.08   0.23   1.88
2025-04-23T16:28:01.163099+08:00 Dky_app_00 linx[135849]: sdal              0.00     0.00    7.47   35.35   475.39  2281.89    64.39     0.01    0.92   0.02   0.06
2025-04-23T16:28:01.163112+08:00 Dky_app_00 linx[135849]: sdam              0.00     0.00    5.51    5.92   350.13   389.48    64.69     0.02    1.78   1.57   1.79
2025-04-23T16:28:01.163130+08:00 Dky_app_00 linx[135849]: sdan              0.00     0.00    9.17   43.06   574.90  1006.75    30.28     0.02    0.36   0.36   1.86
2025-04-23T16:28:01.163136+08:00 Dky_app_00 linx[135849]: sdao              0.00     0.00    0.00    0.00     0.00     0.00    28.56     0.00    0.13   0.13   0.00
2025-04-23T16:28:01.163146+08:00 Dky_app_00 linx[135849]: sdap              0.00     0.00    0.20    0.00     1.56     0.00     8.00     0.00    0.08   0.08   0.00
2025-04-23T16:28:01.163154+08:00 Dky_app_00 linx[135849]: sdaq              0.00     0.00    0.10    4.38     2.46  2846.97   636.56     0.00    0.51   1.57   0.70
2025-04-23T16:28:01.163169+08:00 Dky_app_00 linx[135849]: sdar              0.00     0.00    9.11   71.70   597.31  4602.11    64.34     0.02    0.19   0.30   2.39
2025-04-23T16:28:01.163184+08:00 Dky_app_00 linx[135849]: sdas              0.00     0.00    7.47   35.36   475.25  2282.02    64.39     0.00    0.85   0.72   3.07
2025-04-23T16:28:01.163191+08:00 Dky_app_00 linx[135849]: sdat              0.00     0.00    5.52    5.92   350.25   389.36    64.69     0.02    1.96   1.70   1.94
2025-04-23T16:28:01.163199+08:00 Dky_app_00 linx[135849]: sdau              0.00     0.00    9.22   43.00   577.54  1008.66    30.37     0.02    0.31   0.30   1.59
2025-04-23T16:28:01.163217+08:00 Dky_app_00 linx[135849]: sdav              0.00    11.20    0.30    0.11    75.39    90.49   406.11     0.01   12.52   0.70   0.03
2025-04-23T16:28:01.163222+08:00 Dky_app_00 linx[135849]: sdaw              0.00     0.00    0.20    0.00     1.56     0.00     8.00     0.00    0.08   0.08   0.00
2025-04-23T16:28:01.163227+08:00 Dky_app_00 linx[135849]: sday              0.00     0.00    9.08   71.72   595.62  4603.79    64.34     0.01    0.17   0.29   2.31
2025-04-23T16:28:01.163239+08:00 Dky_app_00 linx[135849]: sdaz              0.00     0.00    7.48   35.35   475.89  2281.38    64.39     0.00    0.83   0.70   2.99
2025-04-23T16:28:01.163248+08:00 Dky_app_00 linx[135849]: sdba              0.00     0.00    5.51    5.92   349.89   389.72    64.69     0.02    1.90   1.65   1.89
2025-04-23T16:28:01.163261+08:00 Dky_app_00 linx[135849]: sdbb              0.00     0.00    9.34   42.89   586.93   987.31    30.14     0.01    0.28   0.28   1.45
2025-04-23T16:28:01.163265+08:00 Dky_app_00 linx[135849]: sdbc              0.00     0.00    0.00    0.00     0.00     0.00    28.52     0.00    0.21   0.21   0.00
2025-04-23T16:28:01.163280+08:00 Dky_app_00 linx[135849]: sdbd              0.00     0.00    0.20    0.00     1.56     0.00     8.00     0.00    0.07   0.07   0.00
2025-04-23T16:28:01.163290+08:00 Dky_app_00 linx[135849]: sdbe              0.00     0.00    0.10    4.38     2.46  2843.88   635.88     0.00    0.82   1.65   0.74
2025-04-23T16:28:01.163300+08:00 Dky_app_00 linx[135849]: sdax              0.00     0.00    0.10    4.38     2.46  2871.65   642.09     0.00    0.85   1.66   0.74
2025-04-23T16:28:01.163312+08:00 Dky_app_00 linx[135849]: dm-0              0.00     0.70   72.34  573.72  4766.07 36826.12    64.38     0.03    0.04   0.04   2.83
2025-04-23T16:28:01.163317+08:00 Dky_app_00 linx[135849]: dm-1              0.00     0.34   59.40  282.80  3802.16 18252.86    64.45     0.01    0.04   0.05   1.69
2025-04-23T16:28:01.163328+08:00 Dky_app_00 linx[135849]: dm-2              0.01     0.04   43.70   47.37  2797.00  3116.69    64.94     0.01    0.46   0.18   1.60
2025-04-23T16:28:01.163342+08:00 Dky_app_00 linx[135849]: dm-3              0.00     0.00   73.67  343.76  4645.39  7974.66    30.23     0.01    0.10   0.01   0.60
2025-04-23T16:28:01.163352+08:00 Dky_app_00 linx[135849]: dm-5              0.00  2821.64    0.37   35.04    16.45 22853.43   645.84     0.01    0.38   0.29   1.02
2025-04-23T16:28:01.163366+08:00 Dky_app_00 linx[135849]: dm-6              0.00     0.00   25.49    3.00   333.40     3.00    11.81     0.01    0.36   0.36   1.02
2025-04-23T16:28:01.163374+08:00 Dky_app_00 linx[135849]: dm-7              0.00     0.00   45.80    0.00  4287.03     0.03    93.60     0.02    0.41   0.41   1.89
2025-04-23T16:28:01.163385+08:00 Dky_app_00 linx[135849]: dm-8              0.00     0.00    2.38  340.76    24.96  7971.64    23.30     0.01    0.03   0.03   1.04
2025-04-23T16:28:01.163400+08:00 Dky_app_00 linx[135849]: dm-9              0.00     0.00    0.37 2856.68    16.45 22853.43     8.00     0.02    0.00   0.00   1.03
2025-04-23T16:28:01.163407+08:00 Dky_app_00 linx[135849]:
2025-04-23T16:28:01.164472+08:00 Dky_app_00 linx[135851]: netstat -an |grep -i 'established'|wc -l
2025-04-23T16:28:01.194895+08:00 Dky_app_00 linx[135855]: 945
2025-04-23T16:28:01.196047+08:00 Dky_app_00 linx[135861]: date
2025-04-23T16:28:01.197211+08:00 Dky_app_00 linx[135863]: Wed Apr 23 16:28:01 CST 2025
2025-04-23T16:28:01.198398+08:00 Dky_app_00 linx[135865]: cat   /proc/buddyinfo
2025-04-23T16:28:01.199444+08:00 Dky_app_00 linx[135867]: Node 0, zone      DMA      1      1      1      1      2      1      0      0      1      1      3
2025-04-23T16:28:01.199456+08:00 Dky_app_00 linx[135867]: Node 0, zone    DMA32    419    121     64     32     25     34      9     12      9     55     28
2025-04-23T16:28:01.199463+08:00 Dky_app_00 linx[135867]: Node 0, zone   Normal     63    138    272    896    765    651  12294   8630   3631      1      0
2025-04-23T16:28:01.199476+08:00 Dky_app_00 linx[135867]: Node 1, zone   Normal    570    364    957   1538   2347  17688  16317   8224   2680      0      0
2025-04-23T16:28:01.199487+08:00 Dky_app_00 linx[135867]: Node 2, zone   Normal     95    415   1335   1640   1277   1440   3824   3805   1352      0      0
2025-04-23T16:28:01.199498+08:00 Dky_app_00 linx[135867]: Node 3, zone   Normal   4713  13967  14675   8771  16293  55734  30999  11853   2994      0      0
2025-04-23T16:28:01.199509+08:00 Dky_app_00 linx[135867]: Node 4, zone   Normal    409  10347  41396  69131  87690  58803  30124   9272   1466      0      0
2025-04-23T16:28:01.199527+08:00 Dky_app_00 linx[135867]: Node 5, zone   Normal    122    418    160     28   1183   5571  15094   7543   2781      0      0
2025-04-23T16:28:01.199544+08:00 Dky_app_00 linx[135867]: Node 6, zone   Normal    184   3850   5019   4655   4102   3259   2962   2055   1517      0      0
2025-04-23T16:28:01.199557+08:00 Dky_app_00 linx[135867]: Node 7, zone   Normal    198    192  20384  32461  34150  25124  15245   7682   2691      0      0
2025-04-23T16:28:01.200665+08:00 Dky_app_00 linx[135869]: top-detail:
2025-04-23T16:28:01.869253+08:00 Dky_app_00 linx[135872]: top - 16:28:01 up 1551 days,  4:10, 11 users,  load average: 129.53, 125.87, 116
2025-04-23T16:28:01.869275+08:00 Dky_app_00 linx[135872]: Tasks: 3215 total,   2 running, 3211 sleeping,   1 stopped,   1 zombie
2025-04-23T16:28:01.869283+08:00 Dky_app_00 linx[135872]: Cpu(s):  3.5%us,  1.2%sy,  0.0%ni, 94.6%id,  0.7%wa,  0.0%hi,  0.0%si,  0.0%st
2025-04-23T16:28:01.869288+08:00 Dky_app_00 linx[135872]: Mem:  529310592k total, 410344708k used, 118965884k free,   120364k buffers
2025-04-23T16:28:01.869292+08:00 Dky_app_00 linx[135872]: Swap: 62499836k total,        0k used, 62499836k free, 72220168k cached
2025-04-23T16:28:01.869295+08:00 Dky_app_00 linx[135872]:
2025-04-23T16:28:01.869299+08:00 Dky_app_00 linx[135872]:    PID USER      PR  NI  VIRT  RES  SHR S %CPU %MEM    TIME+  COMMAND
2025-04-23T16:28:01.869302+08:00 Dky_app_00 linx[135872]: 135870 sysadmin  20   0 12948 3512  760 R   15  0.0   0:00.16 top
2025-04-23T16:28:01.869314+08:00 Dky_app_00 linx[135872]: 135909 sysadmin  20   0  9656 5540  628 R   14  0.0   0:00.08 fuser
2025-04-23T16:28:01.869324+08:00 Dky_app_00 linx[135872]:  41212 sysadmin  20   0 1095m  17m 2944 S    3  0.0  29086:38 linx_smp
2025-04-23T16:28:01.869329+08:00 Dky_app_00 linx[135872]:    225 root      20   0     0    0    0 S    2  0.0 266:34.17 ksoftirqd/55
2025-04-23T16:28:01.869333+08:00 Dky_app_00 linx[135872]:  59582 cron      20   0 17444  832  516 S    2  0.0  17:45.91 cron
2025-04-23T16:28:01.869337+08:00 Dky_app_00 linx[135872]:  96228 root      20   0  302m 4704 2908 S    2  0.0  18:27.99 guard-pmc
2025-04-23T16:28:01.869342+08:00 Dky_app_00 linx[135872]:      1 root      20   0  7852  612  512 S    0  0.0  31:07.30 init
2025-04-23T16:28:01.869347+08:00 Dky_app_00 linx[135872]:      2 root      20   0     0    0    0 S    0  0.0   0:02.80 kthreadd
2025-04-23T16:28:01.869358+08:00 Dky_app_00 linx[135872]:      3 root      RT   0     0    0    0 S    0  0.0 112:36.39 migration/0
2025-04-23T16:28:01.869371+08:00 Dky_app_00 linx[135872]:      4 root      20   0     0    0    0 S    0  0.0  84:30.67 ksoftirqd/0
2025-04-23T16:28:01.869384+08:00 Dky_app_00 linx[135872]:      5 root      RT   0     0    0    0 S    0  0.0   0:00.00 stopper/0
2025-04-23T16:28:01.869390+08:00 Dky_app_00 linx[135872]:      6 root      RT   0     0    0    0 S    0  0.0   2:55.88 watchdog/0
2025-04-23T16:28:01.869409+08:00 Dky_app_00 linx[135872]:      7 root      RT   0     0    0    0 S    0  0.0  77:01.69 migration/1
2025-04-23T16:30:01.002526+08:00 Dky_app_00 /usr/sbin/cron[138723]: (root) CMD (sh /usr/bin/msmp >> /var/log/msmp.log )
2025-04-23T16:30:01.002686+08:00 Dky_app_00 /usr/sbin/cron[138724]: (sysadmin) CMD (/usr/sbin/get_system_load_average_15_minutes.sh)
2025-04-23T16:30:01.002756+08:00 Dky_app_00 /usr/sbin/cron[138725]: (sysadmin) CMD (/usr/sbin/get_max_mem_process.sh)
2025-04-23T16:30:01.003002+08:00 Dky_app_00 /usr/sbin/cron[138726]: (root) CMD (/usr/local/rising/linuxRav/bin/ravdaemon > /dev/null 2>&1)
2025-04-23T16:30:01.003047+08:00 Dky_app_00 /usr/sbin/cron[138727]: (root) CMD (/home/dmdba/drop_cached.sh)
2025-04-23T16:30:01.003245+08:00 Dky_app_00 /usr/sbin/cron[138728]: (dmdba) CMD (sh net_colsewait_mon.sh)
2025-04-23T16:30:01.003356+08:00 Dky_app_00 /usr/sbin/cron[138729]: (dmdba) CMD (sh /home/dmdba/dm/db_sessmon.sh)
2025-04-23T16:30:01.005885+08:00 Dky_app_00 linx[138734]: uptime
2025-04-23T16:30:01.071471+08:00 Dky_app_00 linx[138750]:  16:30:01 up 1551 days,  4:12, 11 users,  load average: 131.24, 127.65, 117.92
2025-04-23T16:30:01.072731+08:00 Dky_app_00 linx[138762]: free -m
2025-04-23T16:30:01.075931+08:00 Dky_app_00 linx[138764]:              total       used       free     shared    buffers     cached
2025-04-23T16:30:01.075951+08:00 Dky_app_00 linx[138764]: Mem:        516904     401393     115510          0        117      70530
2025-04-23T16:30:01.075971+08:00 Dky_app_00 linx[138764]: -/+ buffers/cache:     330745     186158
2025-04-23T16:30:01.075985+08:00 Dky_app_00 linx[138764]: Swap:        61034          0      61034
2025-04-23T16:30:01.077181+08:00 Dky_app_00 linx[138766]: df -h
2025-04-23T16:30:01.078568+08:00 Dky_app_00 linx[138768]: Filesystem            Size  Used Avail Use% Mounted on
2025-04-23T16:30:01.078593+08:00 Dky_app_00 linx[138768]: /dev/sda2             185G   75G  101G  43% /
2025-04-23T16:30:01.078607+08:00 Dky_app_00 linx[138768]: /dev/sda3             585G  197G  359G  36% /home
2025-04-23T16:30:01.078647+08:00 Dky_app_00 linx[138768]: /dev/sdav             3.0T  1.3T  1.6T  45% /dbbak
2025-04-23T16:30:01.078664+08:00 Dky_app_00 linx[138768]: /dev/mapper/dmarch_22-arch
2025-04-23T16:30:01.078705+08:00 Dky_app_00 linx[138768]:                       886G  680G  162G  81% /dbarch
2025-04-23T16:30:01.078723+08:00 Dky_app_00 linx[138768]: tmpfs                  20M   48K   20M   1% /tmp/smp
2025-04-23T16:30:01.078780+08:00 Dky_app_00 linx[138768]: 192.168.9.23:/dbarch/arch_rac1
2025-04-23T16:30:01.078828+08:00 Dky_app_00 linx[138768]:                       788G  681G   68G  91% /dbarch/arch_dsc1_kafka
2025-04-23T16:30:01.080042+08:00 Dky_app_00 linx[138770]: df -ih
2025-04-23T16:30:01.081525+08:00 Dky_app_00 linx[138772]: Filesystem            Inodes   IUsed   IFree IUse% Mounted on
2025-04-23T16:30:01.081548+08:00 Dky_app_00 linx[138772]: /dev/sda2                12M    2.1M    9.7M   18% /
2025-04-23T16:30:01.081578+08:00 Dky_app_00 linx[138772]: /dev/sda3                37M     28K     37M    1% /home
2025-04-23T16:30:01.081636+08:00 Dky_app_00 linx[138772]: /dev/sdav               192M     11K    192M    1% /dbbak
2025-04-23T16:30:01.081696+08:00 Dky_app_00 linx[138772]: /dev/mapper/dmarch_22-arch
2025-04-23T16:30:01.081740+08:00 Dky_app_00 linx[138772]:                          57M     463     57M    1% /dbarch
2025-04-23T16:30:01.081809+08:00 Dky_app_00 linx[138772]: tmpfs                    64M      13     64M    1% /tmp/smp
2025-04-23T16:30:01.081857+08:00 Dky_app_00 linx[138772]: 192.168.9.23:/dbarch/arch_rac1
2025-04-23T16:30:01.081929+08:00 Dky_app_00 linx[138772]:                          50M     353     50M    1% /dbarch/arch_dsc1_kafka
2025-04-23T16:30:01.083253+08:00 Dky_app_00 linx[138778]: iostat -x
2025-04-23T16:30:01.091707+08:00 Dky_app_00 linx[138780]: Linux 2.6.32-Rocky4.2-x86_64 (Dky_app_00) #01104/23/25 #011_x86_64_
2025-04-23T16:30:01.091763+08:00 Dky_app_00 linx[138780]:
2025-04-23T16:30:01.095605+08:00 Dky_app_00 linx[138780]: avg-cpu:  %user   %nice %system %iowait  %steal   %idle
2025-04-23T16:30:01.095658+08:00 Dky_app_00 linx[138780]:            3.47    0.00    1.30    0.67    0.00   94.61
2025-04-23T16:30:01.095709+08:00 Dky_app_00 linx[138780]:
2025-04-23T16:30:01.095763+08:00 Dky_app_00 linx[138780]: Device:         rrqm/s   wrqm/s     r/s     w/s   rsec/s   wsec/s avgrq-sz avgqu-sz   await  svctm  %util
2025-04-23T16:30:01.095819+08:00 Dky_app_00 linx[138780]: sda               0.02   223.59    0.15   13.30    17.75  1895.11   142.21     0.01    0.68   0.13   0.18
2025-04-23T16:30:01.095865+08:00 Dky_app_00 linx[138780]: sda1              0.00     0.00    0.00    0.00     0.00     0.00    40.85     0.00    2.01   2.01   0.00
2025-04-23T16:30:01.095933+08:00 Dky_app_00 linx[138780]: sda2              0.02    18.33    0.06    1.67     8.49   160.02    97.24     0.00    0.54   0.35   0.06
2025-04-23T16:30:01.095968+08:00 Dky_app_00 linx[138780]: sda3              0.00   205.25    0.08   11.63     9.25  1735.09   148.86     0.01    0.70   0.11   0.13
2025-04-23T16:30:01.096022+08:00 Dky_app_00 linx[138780]: sdb               0.00     0.00    9.08   71.73   595.35  4604.08    64.34     0.01    0.18   0.29   2.33
2025-04-23T16:30:01.096077+08:00 Dky_app_00 linx[138780]: sdc               0.00     0.00    7.48   35.34   476.05  2281.22    64.39     0.00    0.83   0.70   3.00
2025-04-23T16:30:01.096140+08:00 Dky_app_00 linx[138780]: sdd               0.00     0.00    5.51    5.92   349.86   389.74    64.69     0.02    1.89   1.65   1.89
2025-04-23T16:30:01.096208+08:00 Dky_app_00 linx[138780]: sde               0.00     0.00    9.33   42.90   586.69   984.36    30.08     0.02    0.29   0.29   1.50
2025-04-23T16:30:01.096263+08:00 Dky_app_00 linx[138780]: sdf               0.00     0.00    0.00    0.00     0.00     0.00    28.79     0.00    8.77   8.77   0.00
2025-04-23T16:30:01.096316+08:00 Dky_app_00 linx[138780]: sdg               0.00     0.00    0.20    0.00     1.56     0.00     8.00     0.00    0.10   0.10   0.00
2025-04-23T16:30:01.096381+08:00 Dky_app_00 linx[138780]: sdh               0.00     0.00    0.10    4.38     2.46  2869.85   641.69     0.00    0.85   1.66   0.74
2025-04-23T16:30:01.096413+08:00 Dky_app_00 linx[138780]: sdi               0.00     0.00    9.09   71.71   596.31  4603.10    64.34     0.01    0.08   0.24   1.91
2025-04-23T16:30:01.096463+08:00 Dky_app_00 linx[138780]: sdj               0.00     0.00    7.47   35.35   475.63  2281.65    64.39     0.01    0.93   0.02   0.08
2025-04-23T16:30:01.096516+08:00 Dky_app_00 linx[138780]: sdk               0.00     0.00    5.51    5.92   350.03   389.59    64.69     0.02    1.78   1.58   1.80
2025-04-23T16:30:01.096565+08:00 Dky_app_00 linx[138780]: sdl               0.00     0.00    9.10   43.13   569.59  1000.51    30.06     0.02    0.37   0.37   1.93
2025-04-23T16:30:01.096623+08:00 Dky_app_00 linx[138780]: sdm               0.00     0.00    0.00    0.00     0.00     0.00    28.50     0.00    0.20   0.20   0.00
2025-04-23T16:30:01.096689+08:00 Dky_app_00 linx[138780]: sdn               0.00     0.00    0.20    0.00     1.56     0.00     8.00     0.00    0.10   0.10   0.00
2025-04-23T16:30:01.096750+08:00 Dky_app_00 linx[138780]: sdo               0.00     0.00    0.10    4.38     2.46  2855.81   638.54     0.00    0.52   1.57   0.70
2025-04-23T16:30:01.096772+08:00 Dky_app_00 linx[138780]: sdq               0.00     0.00    7.47   35.35   475.32  2281.96    64.39     0.01    0.92   0.02   0.07
2025-04-23T16:30:01.096785+08:00 Dky_app_00 linx[138780]: sdr               0.00     0.00    5.51    5.92   350.20   389.41    64.69     0.02    1.78   1.57   1.80
2025-04-23T16:30:01.096808+08:00 Dky_app_00 linx[138780]: sds               0.00     0.00    9.21   43.02   577.25  1007.95    30.35     0.02    0.36   0.36   1.90
2025-04-23T16:30:01.096836+08:00 Dky_app_00 linx[138780]: sdt               0.00     0.00    0.00    0.00     0.00     0.00    28.50     0.00    0.16   0.16   0.00
2025-04-23T16:30:01.096884+08:00 Dky_app_00 linx[138780]: sdu               0.00     0.00    0.20    0.00     1.56     0.00     8.00     0.00    0.09   0.09   0.00
2025-04-23T16:30:01.096947+08:00 Dky_app_00 linx[138780]: sdv               0.00     0.00    0.10    4.38     2.46  2844.52   636.01     0.00    0.52   1.57   0.70
2025-04-23T16:30:01.097009+08:00 Dky_app_00 linx[138780]: sdw               0.00     0.00    9.09   71.72   595.90  4603.53    64.34     0.01    0.18   0.29   2.34
2025-04-23T16:30:01.097071+08:00 Dky_app_00 linx[138780]: sdx               0.00     0.00    7.47   35.35   475.67  2281.60    64.39     0.00    0.83   0.71   3.02
2025-04-23T16:30:01.097126+08:00 Dky_app_00 linx[138780]: sdy               0.00     0.00    5.51    5.92   349.99   389.62    64.69     0.02    1.92   1.67   1.91
2025-04-23T16:30:01.097172+08:00 Dky_app_00 linx[138780]: sdz               0.00     0.00    9.36   42.87   587.87   996.00    30.33     0.02    0.29   0.29   1.50
2025-04-23T16:30:01.097229+08:00 Dky_app_00 linx[138780]: sdab              0.00     0.00    0.20    0.00     1.56     0.00     8.00     0.00    0.09   0.09   0.00
2025-04-23T16:30:01.097275+08:00 Dky_app_00 linx[138780]: sdaa              0.00     0.00    0.00    0.00     0.00     0.00    28.47     0.00    0.22   0.22   0.00
2025-04-23T16:30:01.097342+08:00 Dky_app_00 linx[138780]: sdac              0.00     0.00    0.10    4.38     2.46  2852.35   637.77     0.00    0.84   1.66   0.74
2025-04-23T16:30:01.097393+08:00 Dky_app_00 linx[138780]: sdad              0.00     0.00    9.08   71.73   595.13  4604.28    64.34     0.01    0.08   0.23   1.89
2025-04-23T16:30:01.097437+08:00 Dky_app_00 linx[138780]: sdaf              0.00     0.00    5.51    5.92   349.84   389.77    64.69     0.02    1.79   1.58   1.80
2025-04-23T16:30:01.097491+08:00 Dky_app_00 linx[138780]: sdag              0.00     0.00    9.34   42.89   587.82   983.12    30.08     0.02    0.36   0.36   1.89
2025-04-23T16:30:01.097550+08:00 Dky_app_00 linx[138780]: sdah              0.00     0.00    0.00    0.00     0.00     0.00    28.55     0.00    0.12   0.12   0.00
2025-04-23T16:30:01.097598+08:00 Dky_app_00 linx[138780]: sdae              0.00     0.00    7.48   35.34   476.15  2281.13    64.39     0.01    0.92   0.01   0.06
2025-04-23T16:30:01.097665+08:00 Dky_app_00 linx[138780]: sdai              0.00     0.00    0.20    0.00     1.56     0.00     8.00     0.00    0.08   0.08   0.00
2025-04-23T16:30:01.097716+08:00 Dky_app_00 linx[138780]: sdaj              0.00     0.00    0.10    4.38     2.46  2868.37   641.34     0.00    0.51   1.57   0.70
2025-04-23T16:30:01.097778+08:00 Dky_app_00 linx[138780]: sdak              0.00     0.00    9.10   71.71   596.66  4602.75    64.34     0.01    0.08   0.23   1.88
2025-04-23T16:30:01.097819+08:00 Dky_app_00 linx[138780]: sdal              0.00     0.00    7.47   35.35   475.39  2281.89    64.39     0.01    0.92   0.02   0.06
2025-04-23T16:30:01.097873+08:00 Dky_app_00 linx[138780]: sdam              0.00     0.00    5.51    5.92   350.13   389.48    64.69     0.02    1.78   1.57   1.79
2025-04-23T16:30:01.097940+08:00 Dky_app_00 linx[138780]: sdan              0.00     0.00    9.17   43.06   574.90  1006.75    30.28     0.02    0.36   0.36   1.86
2025-04-23T16:30:01.097991+08:00 Dky_app_00 linx[138780]: sdao              0.00     0.00    0.00    0.00     0.00     0.00    28.56     0.00    0.13   0.13   0.00
2025-04-23T16:30:01.098050+08:00 Dky_app_00 linx[138780]: sdap              0.00     0.00    0.20    0.00     1.56     0.00     8.00     0.00    0.08   0.08   0.00
2025-04-23T16:30:01.098093+08:00 Dky_app_00 linx[138780]: sdaq              0.00     0.00    0.10    4.38     2.46  2846.97   636.56     0.00    0.51   1.57   0.70
2025-04-23T16:30:01.098137+08:00 Dky_app_00 linx[138780]: sdar              0.00     0.00    9.11   71.70   597.31  4602.11    64.34     0.02    0.19   0.30   2.39
2025-04-23T16:30:01.098170+08:00 Dky_app_00 linx[138780]: sdas              0.00     0.00    7.47   35.36   475.25  2282.02    64.39     0.00    0.85   0.72   3.07
2025-04-23T16:30:01.098242+08:00 Dky_app_00 linx[138780]: sdat              0.00     0.00    5.52    5.92   350.25   389.36    64.69     0.02    1.96   1.70   1.94
2025-04-23T16:30:01.098301+08:00 Dky_app_00 linx[138780]: sdau              0.00     0.00    9.22   43.00   577.54  1008.65    30.37     0.02    0.31   0.30   1.59
2025-04-23T16:30:01.098349+08:00 Dky_app_00 linx[138780]: sdav              0.00    11.20    0.30    0.11    75.39    90.49   406.11     0.01   12.52   0.70   0.03
2025-04-23T16:30:01.098411+08:00 Dky_app_00 linx[138780]: sdaw              0.00     0.00    0.20    0.00     1.56     0.00     8.00     0.00    0.08   0.08   0.00
2025-04-23T16:30:01.098460+08:00 Dky_app_00 linx[138780]: sday              0.00     0.00    9.08   71.72   595.62  4603.79    64.34     0.01    0.17   0.29   2.31
2025-04-23T16:30:01.098522+08:00 Dky_app_00 linx[138780]: sdaz              0.00     0.00    7.48   35.35   475.89  2281.37    64.39     0.00    0.83   0.70   2.99
2025-04-23T16:30:01.098589+08:00 Dky_app_00 linx[138780]: sdba              0.00     0.00    5.51    5.92   349.89   389.72    64.69     0.02    1.90   1.65   1.89
2025-04-23T16:30:01.098633+08:00 Dky_app_00 linx[138780]: sdbb              0.00     0.00    9.34   42.89   586.92   987.31    30.14     0.01    0.28   0.28   1.45
2025-04-23T16:30:01.098702+08:00 Dky_app_00 linx[138780]: sdbc              0.00     0.00    0.00    0.00     0.00     0.00    28.52     0.00    0.21   0.21   0.00
2025-04-23T16:30:01.098744+08:00 Dky_app_00 linx[138780]: sdbd              0.00     0.00    0.20    0.00     1.56     0.00     8.00     0.00    0.07   0.07   0.00
2025-04-23T16:30:01.098790+08:00 Dky_app_00 linx[138780]: sdbe              0.00     0.00    0.10    4.38     2.46  2843.88   635.88     0.00    0.82   1.65   0.74
2025-04-23T16:30:01.098849+08:00 Dky_app_00 linx[138780]: sdax              0.00     0.00    0.10    4.38     2.46  2871.64   642.09     0.00    0.85   1.66   0.74
2025-04-23T16:30:01.098910+08:00 Dky_app_00 linx[138780]: dm-0              0.00     0.70   72.34  573.72  4766.07 36826.08    64.38     0.03    0.04   0.04   2.83
2025-04-23T16:30:01.098961+08:00 Dky_app_00 linx[138780]: dm-1              0.00     0.34   59.40  282.80  3802.15 18252.84    64.45     0.01    0.04   0.05   1.69
2025-04-23T16:30:01.099021+08:00 Dky_app_00 linx[138780]: dm-2              0.01     0.04   43.70   47.37  2797.00  3116.69    64.94     0.01    0.46   0.18   1.60
2025-04-23T16:30:01.099083+08:00 Dky_app_00 linx[138780]: dm-3              0.00     0.00   73.67  343.76  4645.39  7974.66    30.23     0.01    0.10   0.01   0.60
2025-04-23T16:30:01.099143+08:00 Dky_app_00 linx[138780]: dm-5              0.00  2821.63    0.37   35.04    16.45 22853.41   645.84     0.01    0.38   0.29   1.02
2025-04-23T16:30:01.099204+08:00 Dky_app_00 linx[138780]: dm-6              0.00     0.00   25.49    3.00   333.40     3.00    11.81     0.01    0.36   0.36   1.02
2025-04-23T16:30:01.099237+08:00 Dky_app_00 linx[138780]: dm-7              0.00     0.00   45.80    0.00  4287.02     0.03    93.60     0.02    0.41   0.41   1.89
2025-04-23T16:30:01.099302+08:00 Dky_app_00 linx[138780]: dm-8              0.00     0.00    2.38  340.76    24.96  7971.63    23.30     0.01    0.03   0.03   1.04
2025-04-23T16:30:01.099343+08:00 Dky_app_00 linx[138780]: dm-9              0.00     0.00    0.37 2856.68    16.45 22853.41     8.00     0.02    0.00   0.00   1.03
2025-04-23T16:30:01.099402+08:00 Dky_app_00 linx[138780]:
2025-04-23T16:30:01.100756+08:00 Dky_app_00 linx[138782]: netstat -an |grep -i 'established'|wc -l
2025-04-23T16:30:01.132425+08:00 Dky_app_00 linx[138786]: 947
2025-04-23T16:30:01.133735+08:00 Dky_app_00 linx[138788]: date
2025-04-23T16:30:01.135220+08:00 Dky_app_00 linx[138790]: Wed Apr 23 16:30:01 CST 2025
2025-04-23T16:30:01.136605+08:00 Dky_app_00 linx[138792]: cat   /proc/buddyinfo
2025-04-23T16:30:01.138028+08:00 Dky_app_00 linx[138794]: Node 0, zone      DMA      1      1      1      1      2      1      0      0      1      1      3
2025-04-23T16:30:01.138081+08:00 Dky_app_00 linx[138794]: Node 0, zone    DMA32    419    121     64     32     25     34      9     12      9     55     28
2025-04-23T16:30:01.138130+08:00 Dky_app_00 linx[138794]: Node 0, zone   Normal     70    168    258    911    765    651  12294   8630   3631      0      0
2025-04-23T16:30:01.138190+08:00 Dky_app_00 linx[138794]: Node 1, zone   Normal    615    416    729   1541   2355  17688  16317   8224   2680      0      0
2025-04-23T16:30:01.138253+08:00 Dky_app_00 linx[138794]: Node 2, zone   Normal     69    540   1325   1576   1218   1394   3274   3187   1146      0      1
2025-04-23T16:30:01.138293+08:00 Dky_app_00 linx[138794]: Node 3, zone   Normal   4790  13921  14665   8771  16293  55734  30999  11853   2994      0      0
2025-04-23T16:30:01.138355+08:00 Dky_app_00 linx[138794]: Node 4, zone   Normal    403  10372  41395  69135  87692  58803  30124   9272   1466      0      0
2025-04-23T16:30:01.138418+08:00 Dky_app_00 linx[138794]: Node 5, zone   Normal    225    525    100     34   1178   5563  15075   7533   2777      1      0
2025-04-23T16:30:01.138486+08:00 Dky_app_00 linx[138794]: Node 6, zone   Normal     57   3748   5016   4657   4101   3259   2962   2055   1517      0      0
2025-04-23T16:30:01.138525+08:00 Dky_app_00 linx[138794]: Node 7, zone   Normal    236    132  20084  32462  34151  25124  15245   7682   2691      0      0
2025-04-23T16:30:01.139884+08:00 Dky_app_00 linx[138796]: top-detail:
2025-04-23T16:30:01.822205+08:00 Dky_app_00 linx[138799]: top - 16:30:01 up 1551 days,  4:12, 11 users,  load average: 131.24, 127.65, 117
2025-04-23T16:30:01.822221+08:00 Dky_app_00 linx[138799]: Tasks: 3211 total,   1 running, 3208 sleeping,   1 stopped,   1 zombie
2025-04-23T16:30:01.822225+08:00 Dky_app_00 linx[138799]: Cpu(s):  3.5%us,  1.2%sy,  0.0%ni, 94.6%id,  0.7%wa,  0.0%hi,  0.0%si,  0.0%st
2025-04-23T16:30:01.822229+08:00 Dky_app_00 linx[138799]: Mem:  529310592k total, 411026864k used, 118283728k free,   120764k buffers
2025-04-23T16:30:01.822242+08:00 Dky_app_00 linx[138799]: Swap: 62499836k total,        0k used, 62499836k free, 72222804k cached
2025-04-23T16:30:01.822246+08:00 Dky_app_00 linx[138799]:
2025-04-23T16:30:01.822249+08:00 Dky_app_00 linx[138799]:    PID USER      PR  NI  VIRT  RES  SHR S %CPU %MEM    TIME+  COMMAND
2025-04-23T16:30:01.822253+08:00 Dky_app_00 linx[138799]: 138797 sysadmin  20   0 12948 3512  760 R   11  0.0   0:00.17 top
2025-04-23T16:30:01.822256+08:00 Dky_app_00 linx[138799]:  41212 sysadmin  20   0 1095m  17m 2944 S    2  0.0  29086:40 linx_smp
2025-04-23T16:30:01.822267+08:00 Dky_app_00 linx[138799]:  76127 dmdba     20   0  146m  19m 1924 S    2  0.0   2363:38 dmcss
2025-04-23T16:30:01.822271+08:00 Dky_app_00 linx[138799]:      1 root      20   0  7852  612  512 S    0  0.0  31:07.30 init
2025-04-23T16:30:01.822279+08:00 Dky_app_00 linx[138799]:      2 root      20   0     0    0    0 S    0  0.0   0:02.80 kthreadd
2025-04-23T16:30:01.822289+08:00 Dky_app_00 linx[138799]:      3 root      RT   0     0    0    0 S    0  0.0 112:36.39 migration/0
2025-04-23T16:30:01.822294+08:00 Dky_app_00 linx[138799]:      4 root      20   0     0    0    0 S    0  0.0  84:30.67 ksoftirqd/0
2025-04-23T16:30:01.822305+08:00 Dky_app_00 linx[138799]:      5 root      RT   0     0    0    0 S    0  0.0   0:00.00 stopper/0
2025-04-23T16:30:01.822308+08:00 Dky_app_00 linx[138799]:      6 root      RT   0     0    0    0 S    0  0.0   2:55.88 watchdog/0
2025-04-23T16:30:01.822313+08:00 Dky_app_00 linx[138799]:      7 root      RT   0     0    0    0 S    0  0.0  77:01.70 migration/1
2025-04-23T16:30:01.822323+08:00 Dky_app_00 linx[138799]:      8 root      RT   0     0    0    0 S    0  0.0   0:00.00 stopper/1
2025-04-23T16:30:01.822326+08:00 Dky_app_00 linx[138799]:      9 root      20   0     0    0    0 S    0  0.0 378:08.29 ksoftirqd/1
2025-04-23T16:30:01.822336+08:00 Dky_app_00 linx[138799]:     10 root      RT   0     0    0    0 S    0  0.0   5:34.41 watchdog/1
2025-04-23T16:32:01.959277+08:00 Dky_app_00 /usr/sbin/cron[141676]: (root) CMD (sh /usr/bin/msmp >> /var/log/msmp.log )
2025-04-23T16:32:01.959374+08:00 Dky_app_00 /usr/sbin/cron[141677]: (sysadmin) CMD (/usr/sbin/get_max_mem_process.sh)
2025-04-23T16:32:01.959531+08:00 Dky_app_00 /usr/sbin/cron[141678]: (root) CMD (/home/dmdba/drop_cached.sh)
2025-04-23T16:32:01.959654+08:00 Dky_app_00 /usr/sbin/cron[141679]: (dmdba) CMD (sh net_colsewait_mon.sh)
2025-04-23T16:32:01.959762+08:00 Dky_app_00 /usr/sbin/cron[141680]: (dmdba) CMD (sh /home/dmdba/dm/db_sessmon.sh)
2025-04-23T16:32:01.962517+08:00 Dky_app_00 linx[141684]: uptime
2025-04-23T16:32:01.991660+08:00 Dky_app_00 linx[141696]:  16:32:01 up 1551 days,  4:14, 11 users,  load average: 132.96, 129.44, 119.75
2025-04-23T16:32:01.993076+08:00 Dky_app_00 linx[141706]: free -m
2025-04-23T16:32:01.996579+08:00 Dky_app_00 linx[141708]:              total       used       free     shared    buffers     cached
2025-04-23T16:32:01.996621+08:00 Dky_app_00 linx[141708]: Mem:        516904     402744     114160          0        118      70532
2025-04-23T16:32:01.996651+08:00 Dky_app_00 linx[141708]: -/+ buffers/cache:     332093     184810
2025-04-23T16:32:01.996691+08:00 Dky_app_00 linx[141708]: Swap:        61034          0      61034
2025-04-23T16:32:01.997811+08:00 Dky_app_00 linx[141710]: df -h
2025-04-23T16:32:01.999345+08:00 Dky_app_00 linx[141712]: Filesystem            Size  Used Avail Use% Mounted on
2025-04-23T16:32:01.999387+08:00 Dky_app_00 linx[141712]: /dev/sda2             185G   75G  101G  43% /
2025-04-23T16:32:01.999424+08:00 Dky_app_00 linx[141712]: /dev/sda3             585G  197G  359G  36% /home
2025-04-23T16:32:01.999457+08:00 Dky_app_00 linx[141712]: /dev/sdav             3.0T  1.3T  1.6T  45% /dbbak
2025-04-23T16:32:01.999495+08:00 Dky_app_00 linx[141712]: /dev/mapper/dmarch_22-arch
2025-04-23T16:32:01.999540+08:00 Dky_app_00 linx[141712]:                       886G  680G  162G  81% /dbarch
2025-04-23T16:32:01.999564+08:00 Dky_app_00 linx[141712]: tmpfs                  20M   40K   20M   1% /tmp/smp
2025-04-23T16:32:01.999606+08:00 Dky_app_00 linx[141712]: 192.168.9.23:/dbarch/arch_rac1
2025-04-23T16:32:01.999646+08:00 Dky_app_00 linx[141712]:                       788G  681G   68G  91% /dbarch/arch_dsc1_kafka
2025-04-23T16:34:01.862315+08:00 Dky_app_00 /usr/sbin/cron[144589]: (root) CMD (sh /usr/bin/msmp >> /var/log/msmp.log )
2025-04-23T16:34:01.862392+08:00 Dky_app_00 /usr/sbin/cron[144590]: (sysadmin) CMD (/usr/sbin/get_max_mem_process.sh)
2025-04-23T16:34:01.862552+08:00 Dky_app_00 /usr/sbin/cron[144591]: (root) CMD (/home/dmdba/drop_cached.sh)
2025-04-23T16:34:01.862698+08:00 Dky_app_00 /usr/sbin/cron[144592]: (dmdba) CMD (sh net_colsewait_mon.sh)
2025-04-23T16:34:01.862801+08:00 Dky_app_00 /usr/sbin/cron[144593]: (dmdba) CMD (sh /home/dmdba/dm/db_sessmon.sh)
2025-04-23T16:34:01.865114+08:00 Dky_app_00 linx[144596]: uptime
2025-04-23T16:34:01.894565+08:00 Dky_app_00 linx[144609]:  16:34:01 up 1551 days,  4:16, 11 users,  load average: 134.72, 131.20, 121.57
2025-04-23T16:34:01.895786+08:00 Dky_app_00 linx[144618]: free -m
2025-04-23T16:34:01.899280+08:00 Dky_app_00 linx[144621]:              total       used       free     shared    buffers     cached
2025-04-23T16:34:01.899295+08:00 Dky_app_00 linx[144621]: Mem:        516904     404092     112812          0        118      70535
2025-04-23T16:34:01.899303+08:00 Dky_app_00 linx[144621]: -/+ buffers/cache:     333438     183466
2025-04-23T16:34:01.899308+08:00 Dky_app_00 linx[144621]: Swap:        61034          0      61034
2025-04-23T16:34:01.900444+08:00 Dky_app_00 linx[144623]: df -h
2025-04-23T16:34:01.901782+08:00 Dky_app_00 linx[144625]: Filesystem            Size  Used Avail Use% Mounted on
2025-04-23T16:34:01.901795+08:00 Dky_app_00 linx[144625]: /dev/sda2             185G   75G  101G  43% /
2025-04-23T16:34:01.901801+08:00 Dky_app_00 linx[144625]: /dev/sda3             585G  197G  359G  36% /home
2025-04-23T16:34:01.901813+08:00 Dky_app_00 linx[144625]: /dev/sdav             3.0T  1.3T  1.6T  45% /dbbak
2025-04-23T16:34:01.901823+08:00 Dky_app_00 linx[144625]: /dev/mapper/dmarch_22-arch
2025-04-23T16:34:01.901834+08:00 Dky_app_00 linx[144625]:                       886G  680G  162G  81% /dbarch
2025-04-23T16:34:01.901839+08:00 Dky_app_00 linx[144625]: tmpfs                  20M   48K   20M   1% /tmp/smp
2025-04-23T16:34:01.901856+08:00 Dky_app_00 linx[144625]: 192.168.9.23:/dbarch/arch_rac1
2025-04-23T16:34:01.901872+08:00 Dky_app_00 linx[144625]:                       788G  681G   68G  91% /dbarch/arch_dsc1_kafka
2025-04-23T16:34:01.902964+08:00 Dky_app_00 linx[144627]: df -ih
2025-04-23T16:34:01.904250+08:00 Dky_app_00 linx[144629]: Filesystem            Inodes   IUsed   IFree IUse% Mounted on
2025-04-23T16:34:01.904262+08:00 Dky_app_00 linx[144629]: /dev/sda2                12M    2.1M    9.7M   18% /
2025-04-23T16:34:01.904271+08:00 Dky_app_00 linx[144629]: /dev/sda3                37M     28K     37M    1% /home
2025-04-23T16:34:01.904276+08:00 Dky_app_00 linx[144629]: /dev/sdav               192M     11K    192M    1% /dbbak
2025-04-23T16:34:01.904286+08:00 Dky_app_00 linx[144629]: /dev/mapper/dmarch_22-arch
2025-04-23T16:34:01.904291+08:00 Dky_app_00 linx[144629]:                          57M     463     57M    1% /dbarch
2025-04-23T16:34:01.904307+08:00 Dky_app_00 linx[144629]: tmpfs                    64M      13     64M    1% /tmp/smp
2025-04-23T16:34:01.904316+08:00 Dky_app_00 linx[144629]: 192.168.9.23:/dbarch/arch_rac1
2025-04-23T16:34:01.904326+08:00 Dky_app_00 linx[144629]:                          50M     353     50M    1% /dbarch/arch_dsc1_kafka
2025-04-23T16:34:01.905345+08:00 Dky_app_00 linx[144631]: iostat -x
2025-04-23T16:34:01.909599+08:00 Dky_app_00 linx[144633]: Linux 2.6.32-Rocky4.2-x86_64 (Dky_app_00) #01104/23/25 #011_x86_64_
2025-04-23T16:34:01.909615+08:00 Dky_app_00 linx[144633]:
2025-04-23T16:34:01.913121+08:00 Dky_app_00 linx[144633]: avg-cpu:  %user   %nice %system %iowait  %steal   %idle
2025-04-23T16:34:01.913137+08:00 Dky_app_00 linx[144633]:            3.47    0.00    1.30    0.67    0.00   94.61
2025-04-23T16:34:01.913142+08:00 Dky_app_00 linx[144633]:
2025-04-23T16:34:01.913158+08:00 Dky_app_00 linx[144633]: Device:         rrqm/s   wrqm/s     r/s     w/s   rsec/s   wsec/s avgrq-sz avgqu-sz   await  svctm  %util
2025-04-23T16:34:01.913165+08:00 Dky_app_00 linx[144633]: sda               0.02   223.59    0.15   13.30    17.75  1895.11   142.21     0.01    0.68   0.13   0.18
2025-04-23T16:34:01.913183+08:00 Dky_app_00 linx[144633]: sda1              0.00     0.00    0.00    0.00     0.00     0.00    40.85     0.00    2.01   2.01   0.00
2025-04-23T16:34:01.913196+08:00 Dky_app_00 linx[144633]: sda2              0.02    18.33    0.06    1.67     8.49   160.02    97.24     0.00    0.54   0.35   0.06
2025-04-23T16:34:01.913204+08:00 Dky_app_00 linx[144633]: sda3              0.00   205.25    0.08   11.63     9.25  1735.09   148.86     0.01    0.70   0.11   0.13
2025-04-23T16:34:01.913214+08:00 Dky_app_00 linx[144633]: sdb               0.00     0.00    9.08   71.73   595.34  4604.07    64.34     0.01    0.18   0.29   2.33
2025-04-23T16:34:01.913228+08:00 Dky_app_00 linx[144633]: sdc               0.00     0.00    7.48   35.34   476.05  2281.22    64.39     0.00    0.83   0.70   3.00
2025-04-23T16:34:01.913238+08:00 Dky_app_00 linx[144633]: sdd               0.00     0.00    5.51    5.92   349.86   389.74    64.69     0.02    1.89   1.65   1.89
2025-04-23T16:34:01.913254+08:00 Dky_app_00 linx[144633]: sde               0.00     0.00    9.33   42.90   586.69   984.36    30.08     0.02    0.29   0.29   1.50
2025-04-23T16:34:01.913262+08:00 Dky_app_00 linx[144633]: sdf               0.00     0.00    0.00    0.00     0.00     0.00    28.79     0.00    8.77   8.77   0.00
2025-04-23T16:34:01.913282+08:00 Dky_app_00 linx[144633]: sdg               0.00     0.00    0.20    0.00     1.56     0.00     8.00     0.00    0.10   0.10   0.00
2025-04-23T16:34:01.913291+08:00 Dky_app_00 linx[144633]: sdh               0.00     0.00    0.10    4.38     2.46  2869.85   641.69     0.00    0.85   1.66   0.74
2025-04-23T16:34:01.913298+08:00 Dky_app_00 linx[144633]: sdi               0.00     0.00    9.09   71.71   596.31  4603.09    64.34     0.01    0.08   0.24   1.91
2025-04-23T16:34:01.913307+08:00 Dky_app_00 linx[144633]: sdj               0.00     0.00    7.47   35.35   475.63  2281.65    64.39     0.01    0.93   0.02   0.08
2025-04-23T16:34:01.913318+08:00 Dky_app_00 linx[144633]: sdk               0.00     0.00    5.51    5.92   350.03   389.58    64.69     0.02    1.78   1.58   1.80
2025-04-23T16:34:01.913328+08:00 Dky_app_00 linx[144633]: sdl               0.00     0.00    9.10   43.13   569.59  1000.51    30.06     0.02    0.37   0.37   1.93
2025-04-23T16:34:01.913348+08:00 Dky_app_00 linx[144633]: sdm               0.00     0.00    0.00    0.00     0.00     0.00    28.50     0.00    0.20   0.20   0.00
2025-04-23T16:34:01.913360+08:00 Dky_app_00 linx[144633]: sdn               0.00     0.00    0.20    0.00     1.56     0.00     8.00     0.00    0.10   0.10   0.00
2025-04-23T16:34:01.913365+08:00 Dky_app_00 linx[144633]: sdo               0.00     0.00    0.10    4.38     2.46  2855.81   638.54     0.00    0.52   1.57   0.70
2025-04-23T16:34:01.913374+08:00 Dky_app_00 linx[144633]: sdq               0.00     0.00    7.47   35.35   475.32  2281.96    64.39     0.01    0.92   0.02   0.07
2025-04-23T16:34:01.913389+08:00 Dky_app_00 linx[144633]: sdr               0.00     0.00    5.51    5.92   350.20   389.41    64.69     0.02    1.78   1.57   1.80
2025-04-23T16:34:01.913401+08:00 Dky_app_00 linx[144633]: sds               0.00     0.00    9.21   43.02   577.25  1007.95    30.35     0.02    0.36   0.36   1.90
2025-04-23T16:34:01.913411+08:00 Dky_app_00 linx[144633]: sdt               0.00     0.00    0.00    0.00     0.00     0.00    28.50     0.00    0.16   0.16   0.00
2025-04-23T16:34:01.913423+08:00 Dky_app_00 linx[144633]: sdu               0.00     0.00    0.20    0.00     1.56     0.00     8.00     0.00    0.09   0.09   0.00
2025-04-23T16:34:01.913434+08:00 Dky_app_00 linx[144633]: sdv               0.00     0.00    0.10    4.38     2.46  2844.51   636.01     0.00    0.52   1.57   0.70
2025-04-23T16:34:01.913456+08:00 Dky_app_00 linx[144633]: sdw               0.00     0.00    9.09   71.72   595.90  4603.52    64.34     0.01    0.18   0.29   2.34
2025-04-23T16:34:01.913470+08:00 Dky_app_00 linx[144633]: sdx               0.00     0.00    7.47   35.35   475.67  2281.60    64.39     0.00    0.83   0.71   3.02
2025-04-23T16:34:01.913475+08:00 Dky_app_00 linx[144633]: sdy               0.00     0.00    5.51    5.92   349.99   389.62    64.69     0.02    1.92   1.67   1.91
2025-04-23T16:34:01.913486+08:00 Dky_app_00 linx[144633]: sdz               0.00     0.00    9.36   42.87   587.87   996.00    30.33     0.02    0.29   0.29   1.50
2025-04-23T16:34:01.913504+08:00 Dky_app_00 linx[144633]: sdab              0.00     0.00    0.20    0.00     1.56     0.00     8.00     0.00    0.09   0.09   0.00
2025-04-23T16:34:01.913521+08:00 Dky_app_00 linx[144633]: sdaa              0.00     0.00    0.00    0.00     0.00     0.00    28.47     0.00    0.22   0.22   0.00
2025-04-23T16:34:01.913526+08:00 Dky_app_00 linx[144633]: sdac              0.00     0.00    0.10    4.38     2.46  2852.35   637.77     0.00    0.84   1.66   0.74
2025-04-23T16:34:01.913541+08:00 Dky_app_00 linx[144633]: sdad              0.00     0.00    9.08   71.73   595.13  4604.27    64.34     0.01    0.08   0.23   1.89
2025-04-23T16:34:01.913553+08:00 Dky_app_00 linx[144633]: sdaf              0.00     0.00    5.51    5.92   349.84   389.76    64.69     0.02    1.79   1.58   1.80
2025-04-23T16:34:01.913562+08:00 Dky_app_00 linx[144633]: sdag              0.00     0.00    9.34   42.89   587.82   983.12    30.08     0.02    0.36   0.36   1.89
2025-04-23T16:34:01.913574+08:00 Dky_app_00 linx[144633]: sdah              0.00     0.00    0.00    0.00     0.00     0.00    28.55     0.00    0.12   0.12   0.00
2025-04-23T16:34:01.913581+08:00 Dky_app_00 linx[144633]: sdae              0.00     0.00    7.48   35.34   476.15  2281.12    64.39     0.01    0.92   0.01   0.06
2025-04-23T16:34:01.913596+08:00 Dky_app_00 linx[144633]: sdai              0.00     0.00    0.20    0.00     1.56     0.00     8.00     0.00    0.08   0.08   0.00
2025-04-23T16:34:01.913608+08:00 Dky_app_00 linx[144633]: sdaj              0.00     0.00    0.10    4.38     2.46  2868.37   641.34     0.00    0.51   1.57   0.70
2025-04-23T16:34:01.913621+08:00 Dky_app_00 linx[144633]: sdak              0.00     0.00    9.10   71.71   596.66  4602.74    64.34     0.01    0.08   0.23   1.88
2025-04-23T16:34:01.913627+08:00 Dky_app_00 linx[144633]: sdal              0.00     0.00    7.47   35.35   475.39  2281.89    64.39     0.01    0.92   0.02   0.06
2025-04-23T16:34:01.913636+08:00 Dky_app_00 linx[144633]: sdam              0.00     0.00    5.51    5.92   350.13   389.48    64.69     0.02    1.78   1.57   1.79
2025-04-23T16:34:01.913650+08:00 Dky_app_00 linx[144633]: sdan              0.00     0.00    9.17   43.06   574.90  1006.75    30.28     0.02    0.36   0.36   1.86
2025-04-23T16:34:01.913657+08:00 Dky_app_00 linx[144633]: sdao              0.00     0.00    0.00    0.00     0.00     0.00    28.56     0.00    0.13   0.13   0.00
2025-04-23T16:34:01.913674+08:00 Dky_app_00 linx[144633]: sdap              0.00     0.00    0.20    0.00     1.56     0.00     8.00     0.00    0.08   0.08   0.00
2025-04-23T16:34:01.913680+08:00 Dky_app_00 linx[144633]: sdaq              0.00     0.00    0.10    4.38     2.46  2846.97   636.56     0.00    0.51   1.57   0.70
2025-04-23T16:34:01.913688+08:00 Dky_app_00 linx[144633]: sdar              0.00     0.00    9.11   71.70   597.31  4602.10    64.34     0.02    0.19   0.30   2.39
2025-04-23T16:34:01.913708+08:00 Dky_app_00 linx[144633]: sdas              0.00     0.00    7.47   35.36   475.25  2282.01    64.39     0.00    0.85   0.72   3.07
2025-04-23T16:34:01.913716+08:00 Dky_app_00 linx[144633]: sdat              0.00     0.00    5.52    5.92   350.25   389.36    64.69     0.02    1.96   1.70   1.94
2025-04-23T16:34:01.913722+08:00 Dky_app_00 linx[144633]: sdau              0.00     0.00    9.22   43.00   577.54  1008.65    30.37     0.02    0.31   0.30   1.59
2025-04-23T16:34:01.913733+08:00 Dky_app_00 linx[144633]: sdav              0.00    11.20    0.30    0.11    75.39    90.49   406.11     0.01   12.52   0.70   0.03
2025-04-23T16:34:01.913744+08:00 Dky_app_00 linx[144633]: sdaw              0.00     0.00    0.20    0.00     1.56     0.00     8.00     0.00    0.08   0.08   0.00
2025-04-23T16:34:01.913766+08:00 Dky_app_00 linx[144633]: sday              0.00     0.00    9.08   71.72   595.62  4603.78    64.34     0.01    0.17   0.29   2.31
2025-04-23T16:34:01.913776+08:00 Dky_app_00 linx[144633]: sdaz              0.00     0.00    7.48   35.35   475.89  2281.37    64.39     0.00    0.83   0.70   2.99
2025-04-23T16:34:01.913788+08:00 Dky_app_00 linx[144633]: sdba              0.00     0.00    5.51    5.92   349.89   389.72    64.69     0.02    1.90   1.65   1.89
2025-04-23T16:34:01.913808+08:00 Dky_app_00 linx[144633]: sdbb              0.00     0.00    9.34   42.89   586.92   987.31    30.14     0.01    0.28   0.28   1.45
2025-04-23T16:34:01.913820+08:00 Dky_app_00 linx[144633]: sdbc              0.00     0.00    0.00    0.00     0.00     0.00    28.52     0.00    0.21   0.21   0.00
2025-04-23T16:34:01.913829+08:00 Dky_app_00 linx[144633]: sdbd              0.00     0.00    0.20    0.00     1.56     0.00     8.00     0.00    0.07   0.07   0.00
2025-04-23T16:34:01.913844+08:00 Dky_app_00 linx[144633]: sdbe              0.00     0.00    0.10    4.38     2.46  2843.88   635.88     0.00    0.82   1.65   0.74
2025-04-23T16:34:01.913852+08:00 Dky_app_00 linx[144633]: sdax              0.00     0.00    0.10    4.38     2.46  2871.64   642.09     0.00    0.85   1.66   0.74
2025-04-23T16:34:01.913865+08:00 Dky_app_00 linx[144633]: dm-0              0.00     0.70   72.34  573.72  4766.06 36826.02    64.38     0.03    0.04   0.04   2.83
2025-04-23T16:34:01.913887+08:00 Dky_app_00 linx[144633]: dm-1              0.00     0.34   59.40  282.79  3802.15 18252.81    64.45     0.01    0.04   0.05   1.69
2025-04-23T16:34:01.913893+08:00 Dky_app_00 linx[144633]: dm-2              0.01     0.04   43.70   47.37  2796.99  3116.68    64.94     0.01    0.46   0.18   1.60
2025-04-23T16:34:01.913898+08:00 Dky_app_00 linx[144633]: dm-3              0.00     0.00   73.67  343.76  4645.39  7974.64    30.23     0.01    0.10   0.01   0.60
2025-04-23T16:34:01.913906+08:00 Dky_app_00 linx[144633]: dm-5              0.00  2821.63    0.37   35.04    16.45 22853.37   645.84     0.01    0.38   0.29   1.02
2025-04-23T16:34:01.913920+08:00 Dky_app_00 linx[144633]: dm-6              0.00     0.00   25.49    3.00   333.40     3.00    11.81     0.01    0.36   0.36   1.02
2025-04-23T16:34:01.913938+08:00 Dky_app_00 linx[144633]: dm-7              0.00     0.00   45.80    0.00  4287.02     0.03    93.60     0.02    0.41   0.41   1.89
2025-04-23T16:34:01.913946+08:00 Dky_app_00 linx[144633]: dm-8              0.00     0.00    2.38  340.76    24.96  7971.62    23.30     0.01    0.03   0.03   1.04
2025-04-23T16:34:01.913952+08:00 Dky_app_00 linx[144633]: dm-9              0.00     0.00    0.37 2856.67    16.45 22853.37     8.00     0.02    0.00   0.00   1.03
2025-04-23T16:34:01.913962+08:00 Dky_app_00 linx[144633]:
2025-04-23T16:34:01.915031+08:00 Dky_app_00 linx[144635]: netstat -an |grep -i 'established'|wc -l
2025-04-23T16:34:01.946754+08:00 Dky_app_00 linx[144639]: 954
2025-04-23T16:34:01.947836+08:00 Dky_app_00 linx[144645]: date
2025-04-23T16:34:01.948975+08:00 Dky_app_00 linx[144647]: Wed Apr 23 16:34:01 CST 2025
2025-04-23T16:34:01.949974+08:00 Dky_app_00 linx[144649]: cat   /proc/buddyinfo
2025-04-23T16:34:01.951036+08:00 Dky_app_00 linx[144651]: Node 0, zone      DMA      1      1      1      1      2      1      0      0      1      1      3
2025-04-23T16:34:01.951051+08:00 Dky_app_00 linx[144651]: Node 0, zone    DMA32    419    121     64     32     25     34      9     12      9     55     28
2025-04-23T16:34:01.951058+08:00 Dky_app_00 linx[144651]: Node 0, zone   Normal    163    399    207    914    764    650  12295   8630   3631      0      0
2025-04-23T16:34:01.951064+08:00 Dky_app_00 linx[144651]: Node 1, zone   Normal    733    623    510   1542   2361  17688  16317   8224   2680      0      0
2025-04-23T16:34:01.951072+08:00 Dky_app_00 linx[144651]: Node 2, zone   Normal    186    547   1284   1572   1217   1393   3273   3186   1145      0      0
2025-04-23T16:34:01.951085+08:00 Dky_app_00 linx[144651]: Node 3, zone   Normal    791  13489  14858   8909  16061  54157  30091  11491   2933      0      0
2025-04-23T16:34:01.951095+08:00 Dky_app_00 linx[144651]: Node 4, zone   Normal    242  10293  41409  69130  87689  58802  30124   9272   1466      0      0
2025-04-23T16:34:01.951106+08:00 Dky_app_00 linx[144651]: Node 5, zone   Normal    395    311    153     39    871   5339  14203   7074   2601      0      0
2025-04-23T16:34:01.951120+08:00 Dky_app_00 linx[144651]: Node 6, zone   Normal     74   3955   4988   4610   4054   3229   2946   2040   1501      1      0
2025-04-23T16:34:01.951130+08:00 Dky_app_00 linx[144651]: Node 7, zone   Normal    209    202  18090  30364  31888  23473  14161   7043   2426      0      2
2025-04-23T16:34:01.952229+08:00 Dky_app_00 linx[144653]: top-detail:
2025-04-23T16:36:01.832827+08:00 Dky_app_00 /usr/sbin/cron[2397]: (root) CMD (sh /usr/bin/msmp >> /var/log/msmp.log )
2025-04-23T16:36:01.833039+08:00 Dky_app_00 /usr/sbin/cron[2398]: (sysadmin) CMD (/usr/sbin/get_max_mem_process.sh)
2025-04-23T16:36:01.833141+08:00 Dky_app_00 /usr/sbin/cron[2399]: (root) CMD (/home/dmdba/drop_cached.sh)
2025-04-23T16:36:01.833261+08:00 Dky_app_00 /usr/sbin/cron[2400]: (dmdba) CMD (sh net_colsewait_mon.sh)
2025-04-23T16:36:01.833386+08:00 Dky_app_00 /usr/sbin/cron[2401]: (dmdba) CMD (sh /home/dmdba/dm/db_sessmon.sh)
2025-04-23T16:36:01.836129+08:00 Dky_app_00 linx[2405]: uptime
2025-04-23T16:36:01.858173+08:00 Dky_app_00 linx[2417]:  16:36:01 up 1551 days,  4:18, 11 users,  load average: 136.25, 132.90, 123.35
2025-04-23T16:36:01.859557+08:00 Dky_app_00 linx[2427]: free -m
2025-04-23T16:36:01.863158+08:00 Dky_app_00 linx[2429]:              total       used       free     shared    buffers     cached
2025-04-23T16:36:01.863186+08:00 Dky_app_00 linx[2429]: Mem:        516904     404780     112124          0        119      70537
2025-04-23T16:36:01.863223+08:00 Dky_app_00 linx[2429]: -/+ buffers/cache:     334123     182781
2025-04-23T16:36:01.863242+08:00 Dky_app_00 linx[2429]: Swap:        61034          0      61034
2025-04-23T16:36:01.864468+08:00 Dky_app_00 linx[2431]: df -h
2025-04-23T16:36:01.866075+08:00 Dky_app_00 linx[2433]: Filesystem            Size  Used Avail Use% Mounted on
2025-04-23T16:36:01.866121+08:00 Dky_app_00 linx[2433]: /dev/sda2             185G   75G  101G  43% /
2025-04-23T16:36:01.866196+08:00 Dky_app_00 linx[2433]: /dev/sda3             585G  197G  359G  36% /home
2025-04-23T16:36:01.866257+08:00 Dky_app_00 linx[2433]: /dev/sdav             3.0T  1.3T  1.6T  45% /dbbak
2025-04-23T16:36:01.866273+08:00 Dky_app_00 linx[2433]: /dev/mapper/dmarch_22-arch
2025-04-23T16:36:01.866290+08:00 Dky_app_00 linx[2433]:                       886G  680G  162G  81% /dbarch
2025-04-23T16:36:01.866340+08:00 Dky_app_00 linx[2433]: tmpfs                  20M   48K   20M   1% /tmp/smp
2025-04-23T16:36:01.866368+08:00 Dky_app_00 linx[2433]: 192.168.9.23:/dbarch/arch_rac1
2025-04-23T16:36:01.866402+08:00 Dky_app_00 linx[2433]:                       788G  681G   68G  91% /dbarch/arch_dsc1_kafka
2025-04-23T16:36:01.867861+08:00 Dky_app_00 linx[2435]: df -ih
2025-04-23T16:36:01.869376+08:00 Dky_app_00 linx[2437]: Filesystem            Inodes   IUsed   IFree IUse% Mounted on
2025-04-23T16:36:01.869393+08:00 Dky_app_00 linx[2437]: /dev/sda2                12M    2.1M    9.7M   18% /
2025-04-23T16:36:01.869405+08:00 Dky_app_00 linx[2437]: /dev/sda3                37M     28K     37M    1% /home
2025-04-23T16:36:01.869416+08:00 Dky_app_00 linx[2437]: /dev/sdav               192M     11K    192M    1% /dbbak
2025-04-23T16:36:01.869450+08:00 Dky_app_00 linx[2437]: /dev/mapper/dmarch_22-arch
2025-04-23T16:36:01.869463+08:00 Dky_app_00 linx[2437]:                          57M     463     57M    1% /dbarch
2025-04-23T16:36:01.869486+08:00 Dky_app_00 linx[2437]: tmpfs                    64M      13     64M    1% /tmp/smp
2025-04-23T16:36:01.869495+08:00 Dky_app_00 linx[2437]: 192.168.9.23:/dbarch/arch_rac1
2025-04-23T16:36:01.869511+08:00 Dky_app_00 linx[2437]:                          50M     353     50M    1% /dbarch/arch_dsc1_kafka
2025-04-23T16:36:01.870670+08:00 Dky_app_00 linx[2439]: iostat -x
2025-04-23T16:36:01.875596+08:00 Dky_app_00 linx[2441]: Linux 2.6.32-Rocky4.2-x86_64 (Dky_app_00) #01104/23/25 #011_x86_64_
2025-04-23T16:36:01.875613+08:00 Dky_app_00 linx[2441]:
2025-04-23T16:36:01.879417+08:00 Dky_app_00 linx[2441]: avg-cpu:  %user   %nice %system %iowait  %steal   %idle
2025-04-23T16:36:01.879439+08:00 Dky_app_00 linx[2441]:            3.47    0.00    1.30    0.67    0.00   94.61
2025-04-23T16:36:01.879459+08:00 Dky_app_00 linx[2441]:
2025-04-23T16:36:01.879469+08:00 Dky_app_00 linx[2441]: Device:         rrqm/s   wrqm/s     r/s     w/s   rsec/s   wsec/s avgrq-sz avgqu-sz   await  svctm  %util
2025-04-23T16:36:01.879493+08:00 Dky_app_00 linx[2441]: sda               0.02   223.59    0.15   13.30    17.75  1895.11   142.21     0.01    0.68   0.13   0.18
2025-04-23T16:36:01.879517+08:00 Dky_app_00 linx[2441]: sda1              0.00     0.00    0.00    0.00     0.00     0.00    40.85     0.00    2.01   2.01   0.00
2025-04-23T16:36:01.879545+08:00 Dky_app_00 linx[2441]: sda2              0.02    18.33    0.06    1.67     8.49   160.02    97.24     0.00    0.54   0.35   0.06
2025-04-23T16:36:01.879563+08:00 Dky_app_00 linx[2441]: sda3              0.00   205.25    0.08   11.63     9.25  1735.09   148.86     0.01    0.70   0.11   0.13
2025-04-23T16:36:01.879589+08:00 Dky_app_00 linx[2441]: sdb               0.00     0.00    9.08   71.73   595.34  4604.07    64.34     0.01    0.18   0.29   2.33
2025-04-23T16:36:01.879614+08:00 Dky_app_00 linx[2441]: sdc               0.00     0.00    7.48   35.34   476.05  2281.21    64.39     0.00    0.83   0.70   3.00
2025-04-23T16:36:01.879635+08:00 Dky_app_00 linx[2441]: sdd               0.00     0.00    5.51    5.92   349.86   389.74    64.69     0.02    1.89   1.65   1.89
2025-04-23T16:36:01.879666+08:00 Dky_app_00 linx[2441]: sde               0.00     0.00    9.33   42.90   586.69   984.36    30.08     0.02    0.29   0.29   1.50
2025-04-23T16:36:01.879676+08:00 Dky_app_00 linx[2441]: sdf               0.00     0.00    0.00    0.00     0.00     0.00    28.79     0.00    8.77   8.77   0.00
2025-04-23T16:36:01.879701+08:00 Dky_app_00 linx[2441]: sdg               0.00     0.00    0.20    0.00     1.56     0.00     8.00     0.00    0.10   0.10   0.00
2025-04-23T16:36:01.879730+08:00 Dky_app_00 linx[2441]: sdh               0.00     0.00    0.10    4.38     2.46  2869.85   641.69     0.00    0.85   1.66   0.74
2025-04-23T16:36:01.879759+08:00 Dky_app_00 linx[2441]: sdi               0.00     0.00    9.09   71.71   596.31  4603.09    64.34     0.01    0.08   0.24   1.91
2025-04-23T16:36:01.879770+08:00 Dky_app_00 linx[2441]: sdj               0.00     0.00    7.47   35.35   475.63  2281.65    64.39     0.01    0.93   0.02   0.08
2025-04-23T16:36:01.879791+08:00 Dky_app_00 linx[2441]: sdk               0.00     0.00    5.51    5.92   350.02   389.58    64.69     0.02    1.78   1.58   1.80
2025-04-23T16:36:01.879809+08:00 Dky_app_00 linx[2441]: sdl               0.00     0.00    9.10   43.13   569.59  1000.51    30.06     0.02    0.37   0.37   1.93
2025-04-23T16:36:01.879840+08:00 Dky_app_00 linx[2441]: sdm               0.00     0.00    0.00    0.00     0.00     0.00    28.50     0.00    0.20   0.20   0.00
2025-04-23T16:36:01.879858+08:00 Dky_app_00 linx[2441]: sdn               0.00     0.00    0.20    0.00     1.56     0.00     8.00     0.00    0.10   0.10   0.00
2025-04-23T16:36:01.879889+08:00 Dky_app_00 linx[2441]: sdo               0.00     0.00    0.10    4.38     2.46  2855.80   638.54     0.00    0.52   1.57   0.70
2025-04-23T16:36:01.879903+08:00 Dky_app_00 linx[2441]: sdq               0.00     0.00    7.47   35.35   475.32  2281.95    64.39     0.01    0.92   0.02   0.07
2025-04-23T16:36:01.879926+08:00 Dky_app_00 linx[2441]: sdr               0.00     0.00    5.51    5.92   350.20   389.41    64.69     0.02    1.78   1.57   1.80
2025-04-23T16:36:01.879954+08:00 Dky_app_00 linx[2441]: sds               0.00     0.00    9.21   43.02   577.24  1007.95    30.35     0.02    0.36   0.36   1.90
2025-04-23T16:36:01.879970+08:00 Dky_app_00 linx[2441]: sdt               0.00     0.00    0.00    0.00     0.00     0.00    28.50     0.00    0.16   0.16   0.00
2025-04-23T16:36:01.879987+08:00 Dky_app_00 linx[2441]: sdu               0.00     0.00    0.20    0.00     1.56     0.00     8.00     0.00    0.09   0.09   0.00
2025-04-23T16:36:01.880009+08:00 Dky_app_00 linx[2441]: sdv               0.00     0.00    0.10    4.38     2.46  2844.51   636.01     0.00    0.52   1.57   0.70
2025-04-23T16:36:01.880034+08:00 Dky_app_00 linx[2441]: sdw               0.00     0.00    9.09   71.72   595.90  4603.52    64.34     0.01    0.18   0.29   2.34
2025-04-23T16:36:01.880051+08:00 Dky_app_00 linx[2441]: sdx               0.00     0.00    7.47   35.35   475.67  2281.59    64.39     0.00    0.83   0.71   3.02
2025-04-23T16:36:01.880068+08:00 Dky_app_00 linx[2441]: sdy               0.00     0.00    5.51    5.92   349.99   389.62    64.69     0.02    1.92   1.67   1.91
2025-04-23T16:36:01.880091+08:00 Dky_app_00 linx[2441]: sdz               0.00     0.00    9.36   42.87   587.87   996.00    30.33     0.02    0.29   0.29   1.50
2025-04-23T16:36:01.880105+08:00 Dky_app_00 linx[2441]: sdab              0.00     0.00    0.20    0.00     1.56     0.00     8.00     0.00    0.09   0.09   0.00
2025-04-23T16:36:01.880114+08:00 Dky_app_00 linx[2441]: sdaa              0.00     0.00    0.00    0.00     0.00     0.00    28.47     0.00    0.22   0.22   0.00
2025-04-23T16:36:01.880132+08:00 Dky_app_00 linx[2441]: sdac              0.00     0.00    0.10    4.38     2.46  2852.34   637.77     0.00    0.84   1.66   0.74
2025-04-23T16:36:01.880155+08:00 Dky_app_00 linx[2441]: sdad              0.00     0.00    9.08   71.73   595.13  4604.27    64.34     0.01    0.08   0.23   1.89
2025-04-23T16:36:01.880178+08:00 Dky_app_00 linx[2441]: sdaf              0.00     0.00    5.51    5.92   349.84   389.76    64.69     0.02    1.79   1.58   1.80
2025-04-23T16:36:01.880195+08:00 Dky_app_00 linx[2441]: sdag              0.00     0.00    9.34   42.89   587.82   983.12    30.08     0.02    0.36   0.36   1.89
2025-04-23T16:36:01.880231+08:00 Dky_app_00 linx[2441]: sdah              0.00     0.00    0.00    0.00     0.00     0.00    28.55     0.00    0.12   0.12   0.00
2025-04-23T16:36:01.880247+08:00 Dky_app_00 linx[2441]: sdae              0.00     0.00    7.48   35.34   476.14  2281.12    64.39     0.01    0.92   0.01   0.06
2025-04-23T16:36:01.880271+08:00 Dky_app_00 linx[2441]: sdai              0.00     0.00    0.20    0.00     1.56     0.00     8.00     0.00    0.08   0.08   0.00
2025-04-23T16:36:01.880292+08:00 Dky_app_00 linx[2441]: sdaj              0.00     0.00    0.10    4.38     2.46  2868.37   641.34     0.00    0.51   1.57   0.70
2025-04-23T16:36:01.880316+08:00 Dky_app_00 linx[2441]: sdak              0.00     0.00    9.10   71.71   596.66  4602.74    64.34     0.01    0.08   0.23   1.88
2025-04-23T16:36:01.880330+08:00 Dky_app_00 linx[2441]: sdal              0.00     0.00    7.47   35.35   475.38  2281.89    64.39     0.01    0.92   0.02   0.06
2025-04-23T16:36:01.880365+08:00 Dky_app_00 linx[2441]: sdam              0.00     0.00    5.51    5.92   350.13   389.48    64.69     0.02    1.78   1.57   1.79
2025-04-23T16:36:01.880382+08:00 Dky_app_00 linx[2441]: sdan              0.00     0.00    9.17   43.06   574.90  1006.75    30.28     0.02    0.36   0.36   1.86
2025-04-23T16:36:01.880402+08:00 Dky_app_00 linx[2441]: sdao              0.00     0.00    0.00    0.00     0.00     0.00    28.56     0.00    0.13   0.13   0.00
2025-04-23T16:36:01.880428+08:00 Dky_app_00 linx[2441]: sdap              0.00     0.00    0.20    0.00     1.56     0.00     8.00     0.00    0.08   0.08   0.00
2025-04-23T16:36:01.880457+08:00 Dky_app_00 linx[2441]: sdaq              0.00     0.00    0.10    4.38     2.46  2846.96   636.56     0.00    0.51   1.57   0.70
2025-04-23T16:36:01.880472+08:00 Dky_app_00 linx[2441]: sdar              0.00     0.00    9.11   71.70   597.31  4602.10    64.34     0.02    0.19   0.30   2.39
2025-04-23T16:36:01.880495+08:00 Dky_app_00 linx[2441]: sdas              0.00     0.00    7.47   35.36   475.25  2282.01    64.39     0.00    0.85   0.72   3.07
2025-04-23T16:36:01.880511+08:00 Dky_app_00 linx[2441]: sdat              0.00     0.00    5.52    5.92   350.25   389.36    64.69     0.02    1.96   1.70   1.94
2025-04-23T16:36:01.880537+08:00 Dky_app_00 linx[2441]: sdau              0.00     0.00    9.22   43.00   577.54  1008.65    30.37     0.02    0.31   0.30   1.59
2025-04-23T16:36:01.880548+08:00 Dky_app_00 linx[2441]: sdav              0.00    11.20    0.30    0.11    75.39    90.49   406.11     0.01   12.52   0.70   0.03
2025-04-23T16:36:01.880584+08:00 Dky_app_00 linx[2441]: sdaw              0.00     0.00    0.20    0.00     1.56     0.00     8.00     0.00    0.08   0.08   0.00
2025-04-23T16:36:01.880607+08:00 Dky_app_00 linx[2441]: sday              0.00     0.00    9.08   71.72   595.62  4603.78    64.34     0.01    0.17   0.29   2.31
2025-04-23T16:36:01.880628+08:00 Dky_app_00 linx[2441]: sdaz              0.00     0.00    7.48   35.35   475.89  2281.37    64.39     0.00    0.83   0.70   2.99
2025-04-23T16:36:01.880658+08:00 Dky_app_00 linx[2441]: sdba              0.00     0.00    5.51    5.92   349.89   389.72    64.69     0.02    1.90   1.65   1.89
2025-04-23T16:36:01.880691+08:00 Dky_app_00 linx[2441]: sdbb              0.00     0.00    9.34   42.89   586.92   987.31    30.14     0.01    0.28   0.28   1.45
2025-04-23T16:36:01.880714+08:00 Dky_app_00 linx[2441]: sdbc              0.00     0.00    0.00    0.00     0.00     0.00    28.52     0.00    0.21   0.21   0.00
2025-04-23T16:36:01.880731+08:00 Dky_app_00 linx[2441]: sdbd              0.00     0.00    0.20    0.00     1.56     0.00     8.00     0.00    0.07   0.07   0.00
2025-04-23T16:36:01.880754+08:00 Dky_app_00 linx[2441]: sdbe              0.00     0.00    0.10    4.38     2.46  2843.87   635.88     0.00    0.82   1.65   0.74
2025-04-23T16:36:01.880770+08:00 Dky_app_00 linx[2441]: sdax              0.00     0.00    0.10    4.38     2.46  2871.64   642.09     0.00    0.85   1.66   0.74
2025-04-23T16:36:01.880810+08:00 Dky_app_00 linx[2441]: dm-0              0.00     0.70   72.34  573.72  4766.05 36825.98    64.38     0.03    0.04   0.04   2.83
2025-04-23T16:36:01.880825+08:00 Dky_app_00 linx[2441]: dm-1              0.00     0.34   59.40  282.79  3802.14 18252.79    64.45     0.01    0.04   0.05   1.69
2025-04-23T16:36:01.880851+08:00 Dky_app_00 linx[2441]: dm-2              0.01     0.04   43.70   47.37  2796.99  3116.68    64.94     0.01    0.46   0.18   1.60
2025-04-23T16:36:01.880878+08:00 Dky_app_00 linx[2441]: dm-3              0.00     0.00   73.67  343.76  4645.38  7974.63    30.23     0.01    0.10   0.01   0.60
2025-04-23T16:36:01.880902+08:00 Dky_app_00 linx[2441]: dm-5              0.00  2821.62    0.37   35.04    16.45 22853.35   645.84     0.01    0.38   0.29   1.02
2025-04-23T16:36:01.880915+08:00 Dky_app_00 linx[2441]: dm-6              0.00     0.00   25.49    3.00   333.40     3.00    11.81     0.01    0.36   0.36   1.02
2025-04-23T16:36:01.880941+08:00 Dky_app_00 linx[2441]: dm-7              0.00     0.00   45.80    0.00  4287.02     0.03    93.60     0.02    0.41   0.41   1.89
2025-04-23T16:36:01.880960+08:00 Dky_app_00 linx[2441]: dm-8              0.00     0.00    2.38  340.76    24.96  7971.61    23.30     0.01    0.03   0.03   1.04
2025-04-23T16:36:01.880975+08:00 Dky_app_00 linx[2441]: dm-9              0.00     0.00    0.37 2856.67    16.45 22853.35     8.00     0.02    0.00   0.00   1.03
2025-04-23T16:36:01.880984+08:00 Dky_app_00 linx[2441]:
2025-04-23T16:36:01.882204+08:00 Dky_app_00 linx[2443]: netstat -an |grep -i 'established'|wc -l
2025-04-23T16:36:01.915165+08:00 Dky_app_00 linx[2447]: 956
2025-04-23T16:36:01.916263+08:00 Dky_app_00 linx[2449]: date
2025-04-23T16:36:01.917301+08:00 Dky_app_00 linx[2451]: Wed Apr 23 16:36:01 CST 2025
2025-04-23T16:36:01.918332+08:00 Dky_app_00 linx[2453]: cat   /proc/buddyinfo
2025-04-23T16:36:01.919377+08:00 Dky_app_00 linx[2455]: Node 0, zone      DMA      1      1      1      1      2      1      0      0      1      1      3
2025-04-23T16:36:01.919392+08:00 Dky_app_00 linx[2455]: Node 0, zone    DMA32    419    121     64     32     25     34      9     12      9     55     28
2025-04-23T16:36:01.919398+08:00 Dky_app_00 linx[2455]: Node 0, zone   Normal     91    227    146    378    795    695  11480   8067   3447      1      3
2025-04-23T16:36:01.919403+08:00 Dky_app_00 linx[2455]: Node 1, zone   Normal    507    599    577   1539   2360  17688  16317   8224   2680      0      0
2025-04-23T16:36:01.919409+08:00 Dky_app_00 linx[2455]: Node 2, zone   Normal    257    576   1167   1565   1216   1393   3273   3186   1145      0      0
2025-04-23T16:36:01.919415+08:00 Dky_app_00 linx[2455]: Node 3, zone   Normal     50  13517  14853   8909  16061  54157  30091  11491   2933      0      0
2025-04-23T16:36:01.919424+08:00 Dky_app_00 linx[2455]: Node 4, zone   Normal    598  10099  41391  69135  87690  58802  30124   9272   1466      0      0
2025-04-23T16:36:01.919429+08:00 Dky_app_00 linx[2455]: Node 5, zone   Normal    179    422    162     41    865   5341  14203   7074   2601      0      0
2025-04-23T16:36:01.919434+08:00 Dky_app_00 linx[2455]: Node 6, zone   Normal    529   3770   4955   4612   4057   3229   2946   2040   1501      0      0
2025-04-23T16:36:01.919439+08:00 Dky_app_00 linx[2455]: Node 7, zone   Normal    203    225  18202  30363  31887  23472  14160   7042   2425      1      0
2025-04-23T16:36:01.920638+08:00 Dky_app_00 linx[2460]: top-detail:
2025-04-23T16:38:01.722427+08:00 Dky_app_00 /usr/sbin/cron[5613]: (root) CMD (sh /usr/bin/msmp >> /var/log/msmp.log )
2025-04-23T16:38:01.722581+08:00 Dky_app_00 /usr/sbin/cron[5614]: (sysadmin) CMD (/usr/sbin/get_max_mem_process.sh)
2025-04-23T16:38:01.722693+08:00 Dky_app_00 /usr/sbin/cron[5615]: (root) CMD (/home/dmdba/drop_cached.sh)
2025-04-23T16:38:01.722790+08:00 Dky_app_00 /usr/sbin/cron[5616]: (dmdba) CMD (sh net_colsewait_mon.sh)
2025-04-23T16:38:01.722914+08:00 Dky_app_00 /usr/sbin/cron[5617]: (dmdba) CMD (sh /home/dmdba/dm/db_sessmon.sh)
2025-04-23T16:38:01.725670+08:00 Dky_app_00 linx[5621]: uptime
2025-04-23T16:38:01.748813+08:00 Dky_app_00 linx[5633]:  16:38:01 up 1551 days,  4:20, 11 users,  load average: 137.92, 134.58, 125.12
2025-04-23T16:38:01.750088+08:00 Dky_app_00 linx[5645]: free -m
2025-04-23T16:38:01.753510+08:00 Dky_app_00 linx[5647]:              total       used       free     shared    buffers     cached
2025-04-23T16:38:01.753544+08:00 Dky_app_00 linx[5647]: Mem:        516904     406122     110782          0        119      70540
2025-04-23T16:38:01.753556+08:00 Dky_app_00 linx[5647]: -/+ buffers/cache:     335462     181442
2025-04-23T16:38:01.753573+08:00 Dky_app_00 linx[5647]: Swap:        61034          0      61034
2025-04-23T16:38:01.754711+08:00 Dky_app_00 linx[5650]: df -h
2025-04-23T16:38:01.756067+08:00 Dky_app_00 linx[5655]: Filesystem            Size  Used Avail Use% Mounted on
2025-04-23T16:38:01.756082+08:00 Dky_app_00 linx[5655]: /dev/sda2             185G   75G  101G  43% /
2025-04-23T16:38:01.756105+08:00 Dky_app_00 linx[5655]: /dev/sda3             585G  197G  359G  36% /home
2025-04-23T16:38:01.756133+08:00 Dky_app_00 linx[5655]: /dev/sdav             3.0T  1.3T  1.6T  45% /dbbak
2025-04-23T16:38:01.756161+08:00 Dky_app_00 linx[5655]: /dev/mapper/dmarch_22-arch
2025-04-23T16:38:01.756184+08:00 Dky_app_00 linx[5655]:                       886G  680G  162G  81% /dbarch
2025-04-23T16:38:01.756198+08:00 Dky_app_00 linx[5655]: tmpfs                  20M   48K   20M   1% /tmp/smp
2025-04-23T16:38:01.756229+08:00 Dky_app_00 linx[5655]: 192.168.9.23:/dbarch/arch_rac1
2025-04-23T16:38:01.756243+08:00 Dky_app_00 linx[5655]:                       788G  681G   68G  91% /dbarch/arch_dsc1_kafka
2025-04-23T16:38:01.757423+08:00 Dky_app_00 linx[5657]: df -ih
2025-04-23T16:38:01.758846+08:00 Dky_app_00 linx[5659]: Filesystem            Inodes   IUsed   IFree IUse% Mounted on
2025-04-23T16:38:01.758865+08:00 Dky_app_00 linx[5659]: /dev/sda2                12M    2.1M    9.7M   18% /
2025-04-23T16:38:01.758896+08:00 Dky_app_00 linx[5659]: /dev/sda3                37M     28K     37M    1% /home
2025-04-23T16:38:01.758947+08:00 Dky_app_00 linx[5659]: /dev/sdav               192M     11K    192M    1% /dbbak
2025-04-23T16:38:01.758985+08:00 Dky_app_00 linx[5659]: /dev/mapper/dmarch_22-arch
2025-04-23T16:38:01.759018+08:00 Dky_app_00 linx[5659]:                          57M     463     57M    1% /dbarch
2025-04-23T16:38:01.759045+08:00 Dky_app_00 linx[5659]: tmpfs                    64M      13     64M    1% /tmp/smp
2025-04-23T16:38:01.759073+08:00 Dky_app_00 linx[5659]: 192.168.9.23:/dbarch/arch_rac1
2025-04-23T16:38:01.759107+08:00 Dky_app_00 linx[5659]:                          50M     353     50M    1% /dbarch/arch_dsc1_kafka
2025-04-23T16:38:01.760333+08:00 Dky_app_00 linx[5661]: iostat -x
2025-04-23T16:38:01.767164+08:00 Dky_app_00 linx[5663]: Linux 2.6.32-Rocky4.2-x86_64 (Dky_app_00) #01104/23/25 #011_x86_64_
2025-04-23T16:38:01.767208+08:00 Dky_app_00 linx[5663]:
2025-04-23T16:38:01.770962+08:00 Dky_app_00 linx[5663]: avg-cpu:  %user   %nice %system %iowait  %steal   %idle
2025-04-23T16:38:01.770976+08:00 Dky_app_00 linx[5663]:            3.47    0.00    1.30    0.67    0.00   94.61
2025-04-23T16:38:01.770997+08:00 Dky_app_00 linx[5663]:
2025-04-23T16:38:01.771010+08:00 Dky_app_00 linx[5663]: Device:         rrqm/s   wrqm/s     r/s     w/s   rsec/s   wsec/s avgrq-sz avgqu-sz   await  svctm  %util
2025-04-23T16:38:01.771040+08:00 Dky_app_00 linx[5663]: sda               0.02   223.59    0.15   13.30    17.75  1895.11   142.21     0.01    0.68   0.13   0.18
2025-04-23T16:38:01.771055+08:00 Dky_app_00 linx[5663]: sda1              0.00     0.00    0.00    0.00     0.00     0.00    40.85     0.00    2.01   2.01   0.00
2025-04-23T16:38:01.771082+08:00 Dky_app_00 linx[5663]: sda2              0.02    18.33    0.06    1.67     8.49   160.02    97.24     0.00    0.54   0.35   0.06
2025-04-23T16:38:01.771104+08:00 Dky_app_00 linx[5663]: sda3              0.00   205.25    0.08   11.63     9.25  1735.09   148.86     0.01    0.70   0.11   0.13
2025-04-23T16:38:01.771119+08:00 Dky_app_00 linx[5663]: sdb               0.00     0.00    9.08   71.73   595.34  4604.06    64.34     0.01    0.18   0.29   2.33
2025-04-23T16:38:01.771135+08:00 Dky_app_00 linx[5663]: sdc               0.00     0.00    7.48   35.34   476.05  2281.21    64.39     0.00    0.83   0.70   3.00
2025-04-23T16:38:01.771143+08:00 Dky_app_00 linx[5663]: sdd               0.00     0.00    5.51    5.92   349.86   389.74    64.69     0.02    1.89   1.65   1.89
2025-04-23T16:38:01.771167+08:00 Dky_app_00 linx[5663]: sde               0.00     0.00    9.33   42.90   586.69   984.36    30.08     0.02    0.29   0.29   1.50
2025-04-23T16:38:01.771182+08:00 Dky_app_00 linx[5663]: sdf               0.00     0.00    0.00    0.00     0.00     0.00    28.79     0.00    8.77   8.77   0.00
2025-04-23T16:38:01.771202+08:00 Dky_app_00 linx[5663]: sdg               0.00     0.00    0.20    0.00     1.56     0.00     8.00     0.00    0.10   0.10   0.00
2025-04-23T16:38:01.771217+08:00 Dky_app_00 linx[5663]: sdh               0.00     0.00    0.10    4.38     2.46  2869.84   641.69     0.00    0.85   1.66   0.74
2025-04-23T16:38:01.771246+08:00 Dky_app_00 linx[5663]: sdi               0.00     0.00    9.09   71.71   596.31  4603.09    64.34     0.01    0.08   0.24   1.91
2025-04-23T16:38:01.771254+08:00 Dky_app_00 linx[5663]: sdj               0.00     0.00    7.47   35.35   475.63  2281.64    64.39     0.01    0.93   0.02   0.08
2025-04-23T16:38:01.771265+08:00 Dky_app_00 linx[5663]: sdk               0.00     0.00    5.51    5.92   350.02   389.58    64.69     0.02    1.78   1.58   1.80
2025-04-23T16:38:01.771290+08:00 Dky_app_00 linx[5663]: sdl               0.00     0.00    9.10   43.13   569.59  1000.51    30.06     0.02    0.37   0.37   1.93
2025-04-23T16:38:01.771313+08:00 Dky_app_00 linx[5663]: sdm               0.00     0.00    0.00    0.00     0.00     0.00    28.50     0.00    0.20   0.20   0.00
2025-04-23T16:38:01.771324+08:00 Dky_app_00 linx[5663]: sdn               0.00     0.00    0.20    0.00     1.56     0.00     8.00     0.00    0.10   0.10   0.00
2025-04-23T16:38:01.771337+08:00 Dky_app_00 linx[5663]: sdo               0.00     0.00    0.10    4.38     2.46  2855.80   638.54     0.00    0.52   1.57   0.70
2025-04-23T16:38:01.771351+08:00 Dky_app_00 linx[5663]: sdq               0.00     0.00    7.47   35.35   475.32  2281.95    64.39     0.01    0.92   0.02   0.07
2025-04-23T16:38:01.771375+08:00 Dky_app_00 linx[5663]: sdr               0.00     0.00    5.51    5.92   350.20   389.41    64.69     0.02    1.78   1.57   1.80
2025-04-23T16:38:01.771390+08:00 Dky_app_00 linx[5663]: sds               0.00     0.00    9.21   43.02   577.24  1007.95    30.35     0.02    0.36   0.36   1.90
2025-04-23T16:38:01.771415+08:00 Dky_app_00 linx[5663]: sdt               0.00     0.00    0.00    0.00     0.00     0.00    28.50     0.00    0.16   0.16   0.00
2025-04-23T16:38:01.771432+08:00 Dky_app_00 linx[5663]: sdu               0.00     0.00    0.20    0.00     1.56     0.00     8.00     0.00    0.09   0.09   0.00
2025-04-23T16:38:01.771450+08:00 Dky_app_00 linx[5663]: sdv               0.00     0.00    0.10    4.38     2.46  2844.51   636.01     0.00    0.52   1.57   0.70
2025-04-23T16:38:01.771456+08:00 Dky_app_00 linx[5663]: sdw               0.00     0.00    9.09   71.72   595.89  4603.51    64.34     0.01    0.18   0.29   2.34
2025-04-23T16:38:01.771474+08:00 Dky_app_00 linx[5663]: sdx               0.00     0.00    7.47   35.35   475.67  2281.59    64.39     0.00    0.83   0.71   3.02
2025-04-23T16:38:01.771481+08:00 Dky_app_00 linx[5663]: sdy               0.00     0.00    5.51    5.92   349.99   389.62    64.69     0.02    1.92   1.67   1.91
2025-04-23T16:38:01.771510+08:00 Dky_app_00 linx[5663]: sdz               0.00     0.00    9.36   42.87   587.87   996.00    30.33     0.02    0.29   0.29   1.50
2025-04-23T16:38:01.771522+08:00 Dky_app_00 linx[5663]: sdab              0.00     0.00    0.20    0.00     1.56     0.00     8.00     0.00    0.09   0.09   0.00
2025-04-23T16:38:01.771534+08:00 Dky_app_00 linx[5663]: sdaa              0.00     0.00    0.00    0.00     0.00     0.00    28.47     0.00    0.22   0.22   0.00
2025-04-23T16:38:01.771556+08:00 Dky_app_00 linx[5663]: sdac              0.00     0.00    0.10    4.38     2.46  2852.34   637.77     0.00    0.84   1.66   0.74
2025-04-23T16:38:01.771584+08:00 Dky_app_00 linx[5663]: sdad              0.00     0.00    9.08   71.73   595.13  4604.26    64.34     0.01    0.08   0.23   1.89
2025-04-23T16:38:01.771595+08:00 Dky_app_00 linx[5663]: sdaf              0.00     0.00    5.51    5.92   349.84   389.76    64.69     0.02    1.79   1.58   1.80
2025-04-23T16:38:01.771612+08:00 Dky_app_00 linx[5663]: sdag              0.00     0.00    9.34   42.89   587.82   983.12    30.08     0.02    0.36   0.36   1.89
2025-04-23T16:38:01.771632+08:00 Dky_app_00 linx[5663]: sdah              0.00     0.00    0.00    0.00     0.00     0.00    28.55     0.00    0.12   0.12   0.00
2025-04-23T16:38:01.771651+08:00 Dky_app_00 linx[5663]: sdae              0.00     0.00    7.48   35.34   476.14  2281.12    64.39     0.01    0.92   0.01   0.06
2025-04-23T16:38:01.771673+08:00 Dky_app_00 linx[5663]: sdai              0.00     0.00    0.20    0.00     1.56     0.00     8.00     0.00    0.08   0.08   0.00
2025-04-23T16:38:01.771685+08:00 Dky_app_00 linx[5663]: sdaj              0.00     0.00    0.10    4.38     2.46  2868.36   641.34     0.00    0.51   1.57   0.70
2025-04-23T16:38:01.771711+08:00 Dky_app_00 linx[5663]: sdak              0.00     0.00    9.10   71.71   596.66  4602.73    64.34     0.01    0.08   0.23   1.88
2025-04-23T16:38:01.771724+08:00 Dky_app_00 linx[5663]: sdal              0.00     0.00    7.47   35.35   475.38  2281.88    64.39     0.01    0.92   0.02   0.06
2025-04-23T16:38:01.771743+08:00 Dky_app_00 linx[5663]: sdam              0.00     0.00    5.51    5.92   350.13   389.48    64.69     0.02    1.78   1.57   1.79
2025-04-23T16:38:01.771761+08:00 Dky_app_00 linx[5663]: sdan              0.00     0.00    9.17   43.06   574.90  1006.75    30.28     0.02    0.36   0.36   1.86
2025-04-23T16:38:01.771767+08:00 Dky_app_00 linx[5663]: sdao              0.00     0.00    0.00    0.00     0.00     0.00    28.56     0.00    0.13   0.13   0.00
2025-04-23T16:38:01.771791+08:00 Dky_app_00 linx[5663]: sdap              0.00     0.00    0.20    0.00     1.56     0.00     8.00     0.00    0.08   0.08   0.00
2025-04-23T16:38:01.771816+08:00 Dky_app_00 linx[5663]: sdaq              0.00     0.00    0.10    4.38     2.46  2846.96   636.56     0.00    0.51   1.57   0.70
2025-04-23T16:38:01.771839+08:00 Dky_app_00 linx[5663]: sdar              0.00     0.00    9.11   71.70   597.31  4602.09    64.34     0.02    0.19   0.30   2.39
2025-04-23T16:38:01.771861+08:00 Dky_app_00 linx[5663]: sdas              0.00     0.00    7.47   35.36   475.25  2282.01    64.39     0.00    0.85   0.72   3.07
2025-04-23T16:38:01.771888+08:00 Dky_app_00 linx[5663]: sdat              0.00     0.00    5.52    5.92   350.25   389.36    64.69     0.02    1.96   1.70   1.94
2025-04-23T16:38:01.771899+08:00 Dky_app_00 linx[5663]: sdau              0.00     0.00    9.22   43.00   577.54  1008.65    30.37     0.02    0.31   0.30   1.59
2025-04-23T16:38:01.771923+08:00 Dky_app_00 linx[5663]: sdav              0.00    11.20    0.30    0.11    75.39    90.49   406.11     0.01   12.52   0.70   0.03
2025-04-23T16:38:01.771940+08:00 Dky_app_00 linx[5663]: sdaw              0.00     0.00    0.20    0.00     1.56     0.00     8.00     0.00    0.08   0.08   0.00
2025-04-23T16:38:01.771973+08:00 Dky_app_00 linx[5663]: sday              0.00     0.00    9.08   71.72   595.62  4603.77    64.34     0.01    0.17   0.29   2.31
2025-04-23T16:38:01.771980+08:00 Dky_app_00 linx[5663]: sdaz              0.00     0.00    7.48   35.35   475.89  2281.37    64.39     0.00    0.83   0.70   2.99
2025-04-23T16:38:01.771994+08:00 Dky_app_00 linx[5663]: sdba              0.00     0.00    5.51    5.92   349.89   389.72    64.69     0.02    1.90   1.65   1.89
2025-04-23T16:38:01.772011+08:00 Dky_app_00 linx[5663]: sdbb              0.00     0.00    9.34   42.89   586.92   987.30    30.14     0.01    0.28   0.28   1.45
2025-04-23T16:38:01.772037+08:00 Dky_app_00 linx[5663]: sdbc              0.00     0.00    0.00    0.00     0.00     0.00    28.52     0.00    0.21   0.21   0.00
2025-04-23T16:38:01.772051+08:00 Dky_app_00 linx[5663]: sdbd              0.00     0.00    0.20    0.00     1.56     0.00     8.00     0.00    0.07   0.07   0.00
2025-04-23T16:38:01.772081+08:00 Dky_app_00 linx[5663]: sdbe              0.00     0.00    0.10    4.38     2.46  2843.87   635.88     0.00    0.82   1.65   0.74
2025-04-23T16:38:01.772093+08:00 Dky_app_00 linx[5663]: sdax              0.00     0.00    0.10    4.38     2.46  2871.63   642.09     0.00    0.85   1.66   0.74
2025-04-23T16:38:01.772116+08:00 Dky_app_00 linx[5663]: dm-0              0.00     0.70   72.34  573.72  4766.05 36825.95    64.38     0.03    0.04   0.04   2.83
2025-04-23T16:38:01.772138+08:00 Dky_app_00 linx[5663]: dm-1              0.00     0.34   59.40  282.79  3802.14 18252.78    64.45     0.01    0.04   0.05   1.69
2025-04-23T16:38:01.772162+08:00 Dky_app_00 linx[5663]: dm-2              0.01     0.04   43.70   47.37  2796.99  3116.68    64.94     0.01    0.46   0.18   1.60
2025-04-23T16:38:01.772183+08:00 Dky_app_00 linx[5663]: dm-3              0.00     0.00   73.67  343.76  4645.38  7974.63    30.23     0.01    0.10   0.01   0.60
2025-04-23T16:38:01.772190+08:00 Dky_app_00 linx[5663]: dm-5              0.00  2821.62    0.37   35.04    16.45 22853.32   645.84     0.01    0.38   0.29   1.02
2025-04-23T16:38:01.772207+08:00 Dky_app_00 linx[5663]: dm-6              0.00     0.00   25.49    3.00   333.40     3.00    11.81     0.01    0.36   0.36   1.02
2025-04-23T16:38:01.772235+08:00 Dky_app_00 linx[5663]: dm-7              0.00     0.00   45.80    0.00  4287.02     0.03    93.60     0.02    0.41   0.41   1.89
2025-04-23T16:38:01.772247+08:00 Dky_app_00 linx[5663]: dm-8              0.00     0.00    2.38  340.76    24.96  7971.60    23.30     0.01    0.03   0.03   1.04
2025-04-23T16:38:01.772261+08:00 Dky_app_00 linx[5663]: dm-9              0.00     0.00    0.37 2856.67    16.45 22853.32     8.00     0.02    0.00   0.00   1.03
2025-04-23T16:38:01.772276+08:00 Dky_app_00 linx[5663]:
2025-04-23T16:38:01.773428+08:00 Dky_app_00 linx[5665]: netstat -an |grep -i 'established'|wc -l
2025-04-23T16:38:01.806524+08:00 Dky_app_00 linx[5669]: 960
2025-04-23T16:38:01.807607+08:00 Dky_app_00 linx[5675]: date
2025-04-23T16:38:01.808787+08:00 Dky_app_00 linx[5677]: Wed Apr 23 16:38:01 CST 2025
2025-04-23T16:38:01.809855+08:00 Dky_app_00 linx[5679]: cat   /proc/buddyinfo
2025-04-23T16:38:01.810924+08:00 Dky_app_00 linx[5681]: Node 0, zone      DMA      1      1      1      1      2      1      0      0      1      1      3
2025-04-23T16:38:01.810936+08:00 Dky_app_00 linx[5681]: Node 0, zone    DMA32    419    121     64     32     25     34      9     12      9     55     28
2025-04-23T16:38:01.810943+08:00 Dky_app_00 linx[5681]: Node 0, zone   Normal    183    298    168    360    798    696  11480   8067   3447      0      0
2025-04-23T16:38:01.810961+08:00 Dky_app_00 linx[5681]: Node 1, zone   Normal    449    371    245   1159   2354  16869  15562   7811   2533      1      0
2025-04-23T16:38:01.810966+08:00 Dky_app_00 linx[5681]: Node 2, zone   Normal    300    646   1118   1432   1181   1369   2736   2515    972      3      1
2025-04-23T16:38:01.810980+08:00 Dky_app_00 linx[5681]: Node 3, zone   Normal    276  13498  14857   8909  16061  54157  30091  11491   2933      0      0
2025-04-23T16:38:01.810996+08:00 Dky_app_00 linx[5681]: Node 4, zone   Normal    586   9851  41395  69127  87691  58802  30124   9272   1466      0      0
2025-04-23T16:38:01.811019+08:00 Dky_app_00 linx[5681]: Node 5, zone   Normal     68    340    123     54    886   5335  14166   7059   2592      0      0
2025-04-23T16:38:01.811032+08:00 Dky_app_00 linx[5681]: Node 6, zone   Normal     97   3507   4961   4597   4059   3229   2946   2040   1501      0      0
2025-04-23T16:38:01.811066+08:00 Dky_app_00 linx[5681]: Node 7, zone   Normal    241    160  18145  30363  31887  23472  14160   7042   2425      0      0
2025-04-23T16:38:01.812150+08:00 Dky_app_00 linx[5683]: top-detail:
2025-04-23T16:40:01.632099+08:00 Dky_app_00 /usr/sbin/cron[8712]: (root) CMD (sh /usr/bin/msmp >> /var/log/msmp.log )
2025-04-23T16:40:01.632252+08:00 Dky_app_00 /usr/sbin/cron[8713]: (sysadmin) CMD (/usr/sbin/get_max_mem_process.sh)
2025-04-23T16:40:01.632350+08:00 Dky_app_00 /usr/sbin/cron[8714]: (root) CMD (/usr/local/rising/linuxRav/bin/ravdaemon > /dev/null 2>&1)
2025-04-23T16:40:01.632486+08:00 Dky_app_00 /usr/sbin/cron[8715]: (root) CMD (/home/dmdba/drop_cached.sh)
2025-04-23T16:40:01.632569+08:00 Dky_app_00 /usr/sbin/cron[8716]: (dmdba) CMD (sh net_colsewait_mon.sh)
2025-04-23T16:40:01.632743+08:00 Dky_app_00 /usr/sbin/cron[8717]: (dmdba) CMD (sh /home/dmdba/dm/db_sessmon.sh)
2025-04-23T16:40:01.635262+08:00 Dky_app_00 linx[8722]: uptime
2025-04-23T16:40:01.683078+08:00 Dky_app_00 linx[8734]:  16:40:01 up 1551 days,  4:22, 11 users,  load average: 139.50, 136.23, 126.87
2025-04-23T16:40:01.684141+08:00 Dky_app_00 linx[8747]: free -m
2025-04-23T16:40:01.687196+08:00 Dky_app_00 linx[8749]:              total       used       free     shared    buffers     cached
2025-04-23T16:40:01.687210+08:00 Dky_app_00 linx[8749]: Mem:        516904     407472     109431          0        119      70542
2025-04-23T16:40:01.687229+08:00 Dky_app_00 linx[8749]: -/+ buffers/cache:     336810     180094
2025-04-23T16:40:01.687242+08:00 Dky_app_00 linx[8749]: Swap:        61034          0      61034
2025-04-23T16:40:01.688325+08:00 Dky_app_00 linx[8751]: df -h
2025-04-23T16:40:01.689628+08:00 Dky_app_00 linx[8753]: Filesystem            Size  Used Avail Use% Mounted on
2025-04-23T16:40:01.689651+08:00 Dky_app_00 linx[8753]: /dev/sda2             185G   75G  101G  43% /
2025-04-23T16:40:01.689655+08:00 Dky_app_00 linx[8753]: /dev/sda3             585G  197G  359G  36% /home
2025-04-23T16:40:01.689658+08:00 Dky_app_00 linx[8753]: /dev/sdav             3.0T  1.3T  1.6T  45% /dbbak
2025-04-23T16:40:01.689660+08:00 Dky_app_00 linx[8753]: /dev/mapper/dmarch_22-arch
2025-04-23T16:40:01.689663+08:00 Dky_app_00 linx[8753]:                       886G  680G  162G  81% /dbarch
2025-04-23T16:40:01.689675+08:00 Dky_app_00 linx[8753]: tmpfs                  20M   48K   20M   1% /tmp/smp
2025-04-23T16:40:01.689677+08:00 Dky_app_00 linx[8753]: 192.168.9.23:/dbarch/arch_rac1
2025-04-23T16:40:01.689693+08:00 Dky_app_00 linx[8753]:                       788G  681G   68G  91% /dbarch/arch_dsc1_kafka
2025-04-23T16:40:01.690788+08:00 Dky_app_00 linx[8755]: df -ih
2025-04-23T16:40:01.692040+08:00 Dky_app_00 linx[8757]: Filesystem            Inodes   IUsed   IFree IUse% Mounted on
2025-04-23T16:40:01.692060+08:00 Dky_app_00 linx[8757]: /dev/sda2                12M    2.1M    9.7M   18% /
2025-04-23T16:40:01.692093+08:00 Dky_app_00 linx[8757]: /dev/sda3                37M     28K     37M    1% /home
2025-04-23T16:40:01.692124+08:00 Dky_app_00 linx[8757]: /dev/sdav               192M     11K    192M    1% /dbbak
2025-04-23T16:40:01.692148+08:00 Dky_app_00 linx[8757]: /dev/mapper/dmarch_22-arch
2025-04-23T16:40:01.692166+08:00 Dky_app_00 linx[8757]:                          57M     463     57M    1% /dbarch
2025-04-23T16:40:01.692180+08:00 Dky_app_00 linx[8757]: tmpfs                    64M      13     64M    1% /tmp/smp
2025-04-23T16:40:01.692196+08:00 Dky_app_00 linx[8757]: 192.168.9.23:/dbarch/arch_rac1
2025-04-23T16:40:01.692206+08:00 Dky_app_00 linx[8757]:                          50M     353     50M    1% /dbarch/arch_dsc1_kafka
2025-04-23T16:40:01.693264+08:00 Dky_app_00 linx[8759]: iostat -x
2025-04-23T16:40:01.697867+08:00 Dky_app_00 linx[8761]: Linux 2.6.32-Rocky4.2-x86_64 (Dky_app_00) #01104/23/25 #011_x86_64_
2025-04-23T16:40:01.697881+08:00 Dky_app_00 linx[8761]:
2025-04-23T16:40:01.701405+08:00 Dky_app_00 linx[8761]: avg-cpu:  %user   %nice %system %iowait  %steal   %idle
2025-04-23T16:40:01.701440+08:00 Dky_app_00 linx[8761]:            3.47    0.00    1.30    0.67    0.00   94.61
2025-04-23T16:40:01.701455+08:00 Dky_app_00 linx[8761]:
2025-04-23T16:40:01.701469+08:00 Dky_app_00 linx[8761]: Device:         rrqm/s   wrqm/s     r/s     w/s   rsec/s   wsec/s avgrq-sz avgqu-sz   await  svctm  %util
2025-04-23T16:40:01.701480+08:00 Dky_app_00 linx[8761]: sda               0.02   223.59    0.15   13.30    17.75  1895.10   142.21     0.01    0.68   0.13   0.18
2025-04-23T16:40:01.701490+08:00 Dky_app_00 linx[8761]: sda1              0.00     0.00    0.00    0.00     0.00     0.00    40.85     0.00    2.01   2.01   0.00
2025-04-23T16:40:01.701510+08:00 Dky_app_00 linx[8761]: sda2              0.02    18.33    0.06    1.67     8.49   160.02    97.24     0.00    0.54   0.35   0.06
2025-04-23T16:40:01.701526+08:00 Dky_app_00 linx[8761]: sda3              0.00   205.25    0.08   11.63     9.25  1735.09   148.86     0.01    0.70   0.11   0.13
2025-04-23T16:40:01.701555+08:00 Dky_app_00 linx[8761]: sdb               0.00     0.00    9.08   71.73   595.34  4604.06    64.34     0.01    0.18   0.29   2.33
2025-04-23T16:40:01.701564+08:00 Dky_app_00 linx[8761]: sdc               0.00     0.00    7.48   35.34   476.05  2281.21    64.39     0.00    0.83   0.70   3.00
2025-04-23T16:40:01.701615+08:00 Dky_app_00 linx[8761]: sdd               0.00     0.00    5.51    5.92   349.86   389.74    64.69     0.02    1.89   1.65   1.89
2025-04-23T16:40:01.701656+08:00 Dky_app_00 linx[8761]: sde               0.00     0.00    9.33   42.90   586.69   984.35    30.08     0.02    0.29   0.29   1.50
2025-04-23T16:40:01.701704+08:00 Dky_app_00 linx[8761]: sdf               0.00     0.00    0.00    0.00     0.00     0.00    28.79     0.00    8.77   8.77   0.00
2025-04-23T16:40:01.701752+08:00 Dky_app_00 linx[8761]: sdg               0.00     0.00    0.20    0.00     1.56     0.00     8.00     0.00    0.10   0.10   0.00
2025-04-23T16:40:01.701773+08:00 Dky_app_00 linx[8761]: sdh               0.00     0.00    0.10    4.38     2.46  2869.84   641.69     0.00    0.85   1.66   0.74
2025-04-23T16:40:01.701787+08:00 Dky_app_00 linx[8761]: sdi               0.00     0.00    9.09   71.71   596.31  4603.08    64.34     0.01    0.08   0.24   1.91
2025-04-23T16:40:01.701828+08:00 Dky_app_00 linx[8761]: sdj               0.00     0.00    7.47   35.35   475.63  2281.64    64.39     0.01    0.93   0.02   0.08
2025-04-23T16:40:01.701859+08:00 Dky_app_00 linx[8761]: sdk               0.00     0.00    5.51    5.92   350.02   389.58    64.69     0.02    1.78   1.58   1.80
2025-04-23T16:40:01.701891+08:00 Dky_app_00 linx[8761]: sdl               0.00     0.00    9.10   43.13   569.59  1000.51    30.06     0.02    0.37   0.37   1.93
2025-04-23T16:40:01.701916+08:00 Dky_app_00 linx[8761]: sdm               0.00     0.00    0.00    0.00     0.00     0.00    28.50     0.00    0.20   0.20   0.00
2025-04-23T16:40:01.701967+08:00 Dky_app_00 linx[8761]: sdn               0.00     0.00    0.20    0.00     1.56     0.00     8.00     0.00    0.10   0.10   0.00
2025-04-23T16:40:01.701976+08:00 Dky_app_00 linx[8761]: sdo               0.00     0.00    0.10    4.38     2.46  2855.80   638.54     0.00    0.52   1.57   0.70
2025-04-23T16:40:01.702015+08:00 Dky_app_00 linx[8761]: sdq               0.00     0.00    7.47   35.35   475.32  2281.95    64.39     0.01    0.92   0.02   0.07
2025-04-23T16:40:01.702034+08:00 Dky_app_00 linx[8761]: sdr               0.00     0.00    5.51    5.92   350.20   389.41    64.69     0.02    1.78   1.57   1.80
2025-04-23T16:40:01.702073+08:00 Dky_app_00 linx[8761]: sds               0.00     0.00    9.21   43.02   577.24  1007.94    30.35     0.02    0.36   0.36   1.90
2025-04-23T16:40:01.702085+08:00 Dky_app_00 linx[8761]: sdt               0.00     0.00    0.00    0.00     0.00     0.00    28.50     0.00    0.16   0.16   0.00
2025-04-23T16:40:01.702123+08:00 Dky_app_00 linx[8761]: sdu               0.00     0.00    0.20    0.00     1.56     0.00     8.00     0.00    0.09   0.09   0.00
2025-04-23T16:40:01.702159+08:00 Dky_app_00 linx[8761]: sdv               0.00     0.00    0.10    4.38     2.46  2844.50   636.01     0.00    0.52   1.57   0.70
2025-04-23T16:40:01.702186+08:00 Dky_app_00 linx[8761]: sdw               0.00     0.00    9.09   71.72   595.89  4603.51    64.34     0.01    0.18   0.29   2.34
2025-04-23T16:40:01.702199+08:00 Dky_app_00 linx[8761]: sdx               0.00     0.00    7.47   35.35   475.66  2281.59    64.39     0.00    0.83   0.71   3.02
2025-04-23T16:40:01.702243+08:00 Dky_app_00 linx[8761]: sdy               0.00     0.00    5.51    5.92   349.99   389.62    64.69     0.02    1.92   1.67   1.91
2025-04-23T16:40:01.702292+08:00 Dky_app_00 linx[8761]: sdz               0.00     0.00    9.36   42.87   587.87   996.00    30.33     0.02    0.29   0.29   1.50
2025-04-23T16:40:01.702332+08:00 Dky_app_00 linx[8761]: sdab              0.00     0.00    0.20    0.00     1.56     0.00     8.00     0.00    0.09   0.09   0.00
2025-04-23T16:40:01.702369+08:00 Dky_app_00 linx[8761]: sdaa              0.00     0.00    0.00    0.00     0.00     0.00    28.47     0.00    0.22   0.22   0.00
2025-04-23T16:40:01.702411+08:00 Dky_app_00 linx[8761]: sdac              0.00     0.00    0.10    4.38     2.46  2852.34   637.77     0.00    0.84   1.66   0.74
2025-04-23T16:40:01.702426+08:00 Dky_app_00 linx[8761]: sdad              0.00     0.00    9.08   71.73   595.13  4604.26    64.34     0.01    0.08   0.23   1.89
2025-04-23T16:40:01.702436+08:00 Dky_app_00 linx[8761]: sdaf              0.00     0.00    5.51    5.92   349.84   389.76    64.69     0.02    1.79   1.58   1.80
2025-04-23T16:40:01.702459+08:00 Dky_app_00 linx[8761]: sdag              0.00     0.00    9.34   42.89   587.82   983.12    30.08     0.02    0.36   0.36   1.89
2025-04-23T16:40:01.702474+08:00 Dky_app_00 linx[8761]: sdah              0.00     0.00    0.00    0.00     0.00     0.00    28.55     0.00    0.12   0.12   0.00
2025-04-23T16:40:01.702526+08:00 Dky_app_00 linx[8761]: sdae              0.00     0.00    7.48   35.34   476.14  2281.11    64.39     0.01    0.92   0.01   0.06
2025-04-23T16:40:01.702545+08:00 Dky_app_00 linx[8761]: sdai              0.00     0.00    0.20    0.00     1.56     0.00     8.00     0.00    0.08   0.08   0.00
2025-04-23T16:40:01.702590+08:00 Dky_app_00 linx[8761]: sdaj              0.00     0.00    0.10    4.38     2.46  2868.36   641.34     0.00    0.51   1.57   0.70
2025-04-23T16:40:01.702601+08:00 Dky_app_00 linx[8761]: sdak              0.00     0.00    9.10   71.71   596.66  4602.73    64.34     0.01    0.08   0.23   1.88
2025-04-23T16:40:01.702627+08:00 Dky_app_00 linx[8761]: sdal              0.00     0.00    7.47   35.35   475.38  2281.88    64.39     0.01    0.92   0.02   0.06
2025-04-23T16:40:01.702669+08:00 Dky_app_00 linx[8761]: sdam              0.00     0.00    5.51    5.92   350.13   389.48    64.69     0.02    1.78   1.57   1.79
2025-04-23T16:40:01.702695+08:00 Dky_app_00 linx[8761]: sdan              0.00     0.00    9.17   43.06   574.90  1006.74    30.28     0.02    0.36   0.36   1.86
2025-04-23T16:40:01.702738+08:00 Dky_app_00 linx[8761]: sdao              0.00     0.00    0.00    0.00     0.00     0.00    28.56     0.00    0.13   0.13   0.00
2025-04-23T16:40:01.702751+08:00 Dky_app_00 linx[8761]: sdap              0.00     0.00    0.20    0.00     1.56     0.00     8.00     0.00    0.08   0.08   0.00
2025-04-23T16:40:01.702776+08:00 Dky_app_00 linx[8761]: sdaq              0.00     0.00    0.10    4.38     2.46  2846.96   636.56     0.00    0.51   1.57   0.70
2025-04-23T16:40:01.702798+08:00 Dky_app_00 linx[8761]: sdar              0.00     0.00    9.11   71.70   597.31  4602.09    64.34     0.02    0.19   0.30   2.39
2025-04-23T16:40:01.702845+08:00 Dky_app_00 linx[8761]: sdas              0.00     0.00    7.47   35.36   475.25  2282.01    64.39     0.00    0.85   0.72   3.07
2025-04-23T16:40:01.702884+08:00 Dky_app_00 linx[8761]: sdat              0.00     0.00    5.52    5.92   350.25   389.36    64.69     0.02    1.96   1.70   1.94
2025-04-23T16:40:01.702915+08:00 Dky_app_00 linx[8761]: sdau              0.00     0.00    9.22   43.00   577.54  1008.65    30.37     0.02    0.31   0.30   1.59
2025-04-23T16:40:01.702959+08:00 Dky_app_00 linx[8761]: sdav              0.00    11.20    0.30    0.11    75.39    90.49   406.11     0.01   12.52   0.70   0.03
2025-04-23T16:40:01.703000+08:00 Dky_app_00 linx[8761]: sdaw              0.00     0.00    0.20    0.00     1.56     0.00     8.00     0.00    0.08   0.08   0.00
2025-04-23T16:40:01.703029+08:00 Dky_app_00 linx[8761]: sday              0.00     0.00    9.08   71.72   595.62  4603.77    64.34     0.01    0.17   0.29   2.31
2025-04-23T16:40:01.703058+08:00 Dky_app_00 linx[8761]: sdaz              0.00     0.00    7.48   35.35   475.89  2281.36    64.39     0.00    0.83   0.70   2.99
2025-04-23T16:40:01.703103+08:00 Dky_app_00 linx[8761]: sdba              0.00     0.00    5.51    5.92   349.89   389.72    64.69     0.02    1.90   1.65   1.89
2025-04-23T16:40:01.703111+08:00 Dky_app_00 linx[8761]: sdbb              0.00     0.00    9.34   42.89   586.92   987.30    30.14     0.01    0.28   0.28   1.45
2025-04-23T16:40:01.703149+08:00 Dky_app_00 linx[8761]: sdbc              0.00     0.00    0.00    0.00     0.00     0.00    28.52     0.00    0.21   0.21   0.00
2025-04-23T16:40:01.703177+08:00 Dky_app_00 linx[8761]: sdbd              0.00     0.00    0.20    0.00     1.56     0.00     8.00     0.00    0.07   0.07   0.00
2025-04-23T16:40:01.703196+08:00 Dky_app_00 linx[8761]: sdbe              0.00     0.00    0.10    4.38     2.46  2843.87   635.88     0.00    0.82   1.65   0.74
2025-04-23T16:40:01.703224+08:00 Dky_app_00 linx[8761]: sdax              0.00     0.00    0.10    4.38     2.46  2871.63   642.09     0.00    0.85   1.66   0.74
2025-04-23T16:40:01.703237+08:00 Dky_app_00 linx[8761]: dm-0              0.00     0.70   72.34  573.72  4766.04 36825.92    64.38     0.03    0.04   0.04   2.83
2025-04-23T16:40:01.703272+08:00 Dky_app_00 linx[8761]: dm-1              0.00     0.34   59.40  282.79  3802.14 18252.76    64.45     0.01    0.04   0.05   1.69
2025-04-23T16:40:01.703293+08:00 Dky_app_00 linx[8761]: dm-2              0.01     0.04   43.70   47.37  2796.98  3116.67    64.94     0.01    0.46   0.18   1.60
2025-04-23T16:40:01.703313+08:00 Dky_app_00 linx[8761]: dm-3              0.00     0.00   73.67  343.76  4645.38  7974.62    30.23     0.01    0.10   0.01   0.60
2025-04-23T16:40:01.703325+08:00 Dky_app_00 linx[8761]: dm-5              0.00  2821.62    0.37   35.04    16.45 22853.30   645.84     0.01    0.38   0.29   1.02
2025-04-23T16:40:01.703353+08:00 Dky_app_00 linx[8761]: dm-6              0.00     0.00   25.49    3.00   333.40     3.00    11.81     0.01    0.36   0.36   1.02
2025-04-23T16:40:01.703388+08:00 Dky_app_00 linx[8761]: dm-7              0.00     0.00   45.80    0.00  4287.02     0.03    93.60     0.02    0.41   0.41   1.89
2025-04-23T16:40:01.703396+08:00 Dky_app_00 linx[8761]: dm-8              0.00     0.00    2.38  340.76    24.96  7971.59    23.30     0.01    0.03   0.03   1.04
2025-04-23T16:40:01.703418+08:00 Dky_app_00 linx[8761]: dm-9              0.00     0.00    0.37 2856.66    16.45 22853.30     8.00     0.02    0.00   0.00   1.03
2025-04-23T16:40:01.703448+08:00 Dky_app_00 linx[8761]:
2025-04-23T16:40:01.704634+08:00 Dky_app_00 linx[8767]: netstat -an |grep -i 'established'|wc -l
2025-04-23T16:40:01.737348+08:00 Dky_app_00 linx[8771]: 965
2025-04-23T16:40:01.738657+08:00 Dky_app_00 linx[8773]: date
2025-04-23T16:40:01.739911+08:00 Dky_app_00 linx[8775]: Wed Apr 23 16:40:01 CST 2025
2025-04-23T16:40:01.740975+08:00 Dky_app_00 linx[8777]: cat   /proc/buddyinfo
2025-04-23T16:40:01.742058+08:00 Dky_app_00 linx[8779]: Node 0, zone      DMA      1      1      1      1      2      1      0      0      1      1      3
2025-04-23T16:40:01.742071+08:00 Dky_app_00 linx[8779]: Node 0, zone    DMA32    419    121     64     32     25     34      9     12      9     55     28
2025-04-23T16:40:01.742091+08:00 Dky_app_00 linx[8779]: Node 0, zone   Normal     29    399    165    316    798    696  11481   8068   3446      0      0
2025-04-23T16:40:01.742117+08:00 Dky_app_00 linx[8779]: Node 1, zone   Normal    616    334    150   1196   2351  16869  15562   7811   2533      0      0
2025-04-23T16:40:01.742125+08:00 Dky_app_00 linx[8779]: Node 2, zone   Normal    299    632   1157   1428   1180   1368   2735   2514    971      0      0
2025-04-23T16:40:01.742153+08:00 Dky_app_00 linx[8779]: Node 3, zone   Normal    589  13466  14860   8908  16060  54157  30091  11491   2933      0      0
2025-04-23T16:40:01.742170+08:00 Dky_app_00 linx[8779]: Node 4, zone   Normal    438   6906  40576  67685  85723  57370  29389   9060   1455      1      0
2025-04-23T16:40:01.742176+08:00 Dky_app_00 linx[8779]: Node 5, zone   Normal    113    214    117     31    621   5082  13249   6612   2436      0      1
2025-04-23T16:40:01.742190+08:00 Dky_app_00 linx[8779]: Node 6, zone   Normal    270   3722   4976   4615   4059   3229   2946   2040   1501      0      0
2025-04-23T16:40:01.742218+08:00 Dky_app_00 linx[8779]: Node 7, zone   Normal    256    198  18099  30364  31888  23472  14160   7042   2425      0      0
2025-04-23T16:40:01.743286+08:00 Dky_app_00 linx[8781]: top-detail:
2025-04-23T16:40:01.899502+08:00 Dky_app_00 pmcagent[96228]: reply_monitor_state: post req fail,ret:28,req:{"EpGuid":"93E3BF40-501D-8E13-E811-C066A67241DA","Data":[{"Property":"VirusLibVer","Value":"35.1024.0002"}, {"Property":"ExecVer","Value":"2.0.8.31"}]}
2025-04-23T16:40:01.899520+08:00 Dky_app_00 pmcagent[96228]: reply_monitor_state: reply is
2025-04-23T16:40:01.899531+08:00 Dky_app_00 pmcagent[96228]: ReportEpData error.
2025-04-23T16:42:01.608791+08:00 Dky_app_00 /usr/sbin/cron[11715]: (root) CMD (sh /usr/bin/msmp >> /var/log/msmp.log )
2025-04-23T16:42:01.608877+08:00 Dky_app_00 /usr/sbin/cron[11717]: (root) CMD (/home/dmdba/drop_cached.sh)
2025-04-23T16:42:01.608893+08:00 Dky_app_00 /usr/sbin/cron[11716]: (sysadmin) CMD (/usr/sbin/get_max_mem_process.sh)
2025-04-23T16:42:01.609145+08:00 Dky_app_00 /usr/sbin/cron[11718]: (dmdba) CMD (sh net_colsewait_mon.sh)
2025-04-23T16:42:01.609224+08:00 Dky_app_00 /usr/sbin/cron[11719]: (dmdba) CMD (sh /home/dmdba/dm/db_sessmon.sh)
2025-04-23T16:42:01.611810+08:00 Dky_app_00 linx[11723]: uptime
2025-04-23T16:42:01.647426+08:00 Dky_app_00 linx[11735]:  16:42:01 up 1551 days,  4:24, 11 users,  load average: 141.22, 137.94, 128.63
2025-04-23T16:42:01.648553+08:00 Dky_app_00 linx[11744]: free -m
2025-04-23T16:42:01.651966+08:00 Dky_app_00 linx[11747]:              total       used       free     shared    buffers     cached
2025-04-23T16:42:01.651997+08:00 Dky_app_00 linx[11747]: Mem:        516904     408144     108760          0        120      70545
2025-04-23T16:42:01.652003+08:00 Dky_app_00 linx[11747]: -/+ buffers/cache:     337478     179426
2025-04-23T16:42:01.652007+08:00 Dky_app_00 linx[11747]: Swap:        61034          0      61034
2025-04-23T16:42:01.653228+08:00 Dky_app_00 linx[11749]: df -h
2025-04-23T16:42:01.654622+08:00 Dky_app_00 linx[11751]: Filesystem            Size  Used Avail Use% Mounted on
2025-04-23T16:42:01.654633+08:00 Dky_app_00 linx[11751]: /dev/sda2             185G   75G  101G  43% /
2025-04-23T16:42:01.654637+08:00 Dky_app_00 linx[11751]: /dev/sda3             585G  197G  359G  36% /home
2025-04-23T16:42:01.654646+08:00 Dky_app_00 linx[11751]: /dev/sdav             3.0T  1.3T  1.6T  45% /dbbak
2025-04-23T16:42:01.654656+08:00 Dky_app_00 linx[11751]: /dev/mapper/dmarch_22-arch
2025-04-23T16:42:01.654665+08:00 Dky_app_00 linx[11751]:                       886G  680G  162G  81% /dbarch
2025-04-23T16:42:01.654674+08:00 Dky_app_00 linx[11751]: tmpfs                  20M   48K   20M   1% /tmp/smp
2025-04-23T16:42:01.654686+08:00 Dky_app_00 linx[11751]: 192.168.9.23:/dbarch/arch_rac1
2025-04-23T16:42:01.654700+08:00 Dky_app_00 linx[11751]:                       788G  681G   68G  91% /dbarch/arch_dsc1_kafka
2025-04-23T16:42:01.655742+08:00 Dky_app_00 linx[11753]: df -ih
2025-04-23T16:42:01.656966+08:00 Dky_app_00 linx[11755]: Filesystem            Inodes   IUsed   IFree IUse% Mounted on
2025-04-23T16:42:01.656977+08:00 Dky_app_00 linx[11755]: /dev/sda2                12M    2.1M    9.7M   18% /
2025-04-23T16:42:01.656983+08:00 Dky_app_00 linx[11755]: /dev/sda3                37M     28K     37M    1% /home
2025-04-23T16:42:01.656992+08:00 Dky_app_00 linx[11755]: /dev/sdav               192M     11K    192M    1% /dbbak
2025-04-23T16:42:01.657001+08:00 Dky_app_00 linx[11755]: /dev/mapper/dmarch_22-arch
2025-04-23T16:42:01.657011+08:00 Dky_app_00 linx[11755]:                          57M     463     57M    1% /dbarch
2025-04-23T16:42:01.657026+08:00 Dky_app_00 linx[11755]: tmpfs                    64M      13     64M    1% /tmp/smp
2025-04-23T16:42:01.657033+08:00 Dky_app_00 linx[11755]: 192.168.9.23:/dbarch/arch_rac1
2025-04-23T16:42:01.657042+08:00 Dky_app_00 linx[11755]:                          50M     353     50M    1% /dbarch/arch_dsc1_kafka
2025-04-23T16:42:01.658034+08:00 Dky_app_00 linx[11757]: iostat -x
2025-04-23T16:42:01.662131+08:00 Dky_app_00 linx[11759]: Linux 2.6.32-Rocky4.2-x86_64 (Dky_app_00) #01104/23/25 #011_x86_64_
2025-04-23T16:42:01.662139+08:00 Dky_app_00 linx[11759]:
2025-04-23T16:42:01.665690+08:00 Dky_app_00 linx[11759]: avg-cpu:  %user   %nice %system %iowait  %steal   %idle
2025-04-23T16:42:01.665703+08:00 Dky_app_00 linx[11759]:            3.47    0.00    1.30    0.67    0.00   94.61
2025-04-23T16:42:01.665723+08:00 Dky_app_00 linx[11759]:
2025-04-23T16:42:01.665729+08:00 Dky_app_00 linx[11759]: Device:         rrqm/s   wrqm/s     r/s     w/s   rsec/s   wsec/s avgrq-sz avgqu-sz   await  svctm  %util
2025-04-23T16:42:01.665733+08:00 Dky_app_00 linx[11759]: sda               0.02   223.59    0.15   13.30    17.75  1895.10   142.21     0.01    0.68   0.13   0.18
2025-04-23T16:42:01.665736+08:00 Dky_app_00 linx[11759]: sda1              0.00     0.00    0.00    0.00     0.00     0.00    40.85     0.00    2.01   2.01   0.00
2025-04-23T16:42:01.665750+08:00 Dky_app_00 linx[11759]: sda2              0.02    18.33    0.06    1.67     8.49   160.02    97.24     0.00    0.54   0.35   0.06
2025-04-23T16:42:01.665758+08:00 Dky_app_00 linx[11759]: sda3              0.00   205.25    0.08   11.63     9.25  1735.08   148.86     0.01    0.70   0.11   0.13
2025-04-23T16:42:01.665769+08:00 Dky_app_00 linx[11759]: sdb               0.00     0.00    9.08   71.73   595.34  4604.06    64.34     0.01    0.18   0.29   2.33
2025-04-23T16:42:01.665779+08:00 Dky_app_00 linx[11759]: sdc               0.00     0.00    7.48   35.34   476.05  2281.21    64.39     0.00    0.83   0.70   3.00
2025-04-23T16:42:01.665794+08:00 Dky_app_00 linx[11759]: sdd               0.00     0.00    5.51    5.92   349.86   389.74    64.69     0.02    1.89   1.65   1.89
2025-04-23T16:42:01.665810+08:00 Dky_app_00 linx[11759]: sde               0.00     0.00    9.33   42.90   586.69   984.35    30.08     0.02    0.29   0.29   1.50
2025-04-23T16:42:01.665817+08:00 Dky_app_00 linx[11759]: sdf               0.00     0.00    0.00    0.00     0.00     0.00    28.79     0.00    8.77   8.77   0.00
2025-04-23T16:42:01.665825+08:00 Dky_app_00 linx[11759]: sdg               0.00     0.00    0.20    0.00     1.56     0.00     8.00     0.00    0.10   0.10   0.00
2025-04-23T16:42:01.665840+08:00 Dky_app_00 linx[11759]: sdh               0.00     0.00    0.10    4.38     2.46  2869.84   641.69     0.00    0.85   1.66   0.74
2025-04-23T16:42:01.665849+08:00 Dky_app_00 linx[11759]: sdi               0.00     0.00    9.09   71.71   596.31  4603.08    64.34     0.01    0.08   0.24   1.91
2025-04-23T16:42:01.665860+08:00 Dky_app_00 linx[11759]: sdj               0.00     0.00    7.47   35.35   475.63  2281.64    64.39     0.01    0.93   0.02   0.08
2025-04-23T16:42:01.665874+08:00 Dky_app_00 linx[11759]: sdk               0.00     0.00    5.51    5.92   350.02   389.58    64.69     0.02    1.78   1.58   1.80
2025-04-23T16:42:01.665887+08:00 Dky_app_00 linx[11759]: sdl               0.00     0.00    9.10   43.13   569.59  1000.51    30.06     0.02    0.37   0.37   1.93
2025-04-23T16:42:01.665899+08:00 Dky_app_00 linx[11759]: sdm               0.00     0.00    0.00    0.00     0.00     0.00    28.50     0.00    0.20   0.20   0.00
2025-04-23T16:42:01.665907+08:00 Dky_app_00 linx[11759]: sdn               0.00     0.00    0.20    0.00     1.56     0.00     8.00     0.00    0.10   0.10   0.00
2025-04-23T16:42:01.665925+08:00 Dky_app_00 linx[11759]: sdo               0.00     0.00    0.10    4.38     2.46  2855.80   638.54     0.00    0.52   1.57   0.70
2025-04-23T16:42:01.665936+08:00 Dky_app_00 linx[11759]: sdq               0.00     0.00    7.47   35.35   475.32  2281.95    64.39     0.01    0.92   0.02   0.07
2025-04-23T16:42:01.665945+08:00 Dky_app_00 linx[11759]: sdr               0.00     0.00    5.51    5.92   350.20   389.41    64.69     0.02    1.78   1.57   1.80
2025-04-23T16:42:01.665956+08:00 Dky_app_00 linx[11759]: sds               0.00     0.00    9.21   43.02   577.24  1007.94    30.35     0.02    0.36   0.36   1.90
2025-04-23T16:42:01.665969+08:00 Dky_app_00 linx[11759]: sdt               0.00     0.00    0.00    0.00     0.00     0.00    28.50     0.00    0.16   0.16   0.00
2025-04-23T16:42:01.665978+08:00 Dky_app_00 linx[11759]: sdu               0.00     0.00    0.20    0.00     1.56     0.00     8.00     0.00    0.09   0.09   0.00
2025-04-23T16:42:01.665990+08:00 Dky_app_00 linx[11759]: sdv               0.00     0.00    0.10    4.38     2.46  2844.50   636.01     0.00    0.52   1.57   0.70
2025-04-23T16:42:01.665998+08:00 Dky_app_00 linx[11759]: sdw               0.00     0.00    9.09   71.72   595.89  4603.50    64.34     0.01    0.18   0.29   2.34
2025-04-23T16:42:01.666020+08:00 Dky_app_00 linx[11759]: sdx               0.00     0.00    7.47   35.35   475.66  2281.59    64.39     0.00    0.83   0.71   3.02
2025-04-23T16:42:01.666029+08:00 Dky_app_00 linx[11759]: sdy               0.00     0.00    5.51    5.92   349.99   389.62    64.69     0.02    1.92   1.67   1.91
2025-04-23T16:42:01.666033+08:00 Dky_app_00 linx[11759]: sdz               0.00     0.00    9.36   42.87   587.87   996.00    30.33     0.02    0.29   0.29   1.50
2025-04-23T16:42:01.666042+08:00 Dky_app_00 linx[11759]: sdab              0.00     0.00    0.20    0.00     1.56     0.00     8.00     0.00    0.09   0.09   0.00
2025-04-23T16:42:01.666054+08:00 Dky_app_00 linx[11759]: sdaa              0.00     0.00    0.00    0.00     0.00     0.00    28.47     0.00    0.22   0.22   0.00
2025-04-23T16:42:01.666066+08:00 Dky_app_00 linx[11759]: sdac              0.00     0.00    0.10    4.38     2.46  2852.34   637.77     0.00    0.84   1.66   0.74
2025-04-23T16:42:01.666073+08:00 Dky_app_00 linx[11759]: sdad              0.00     0.00    9.08   71.73   595.13  4604.25    64.34     0.01    0.08   0.23   1.89
2025-04-23T16:42:01.666081+08:00 Dky_app_00 linx[11759]: sdaf              0.00     0.00    5.51    5.92   349.84   389.76    64.69     0.02    1.79   1.58   1.80
2025-04-23T16:42:01.666094+08:00 Dky_app_00 linx[11759]: sdag              0.00     0.00    9.34   42.89   587.82   983.12    30.08     0.02    0.36   0.36   1.89
2025-04-23T16:42:01.666102+08:00 Dky_app_00 linx[11759]: sdah              0.00     0.00    0.00    0.00     0.00     0.00    28.55     0.00    0.12   0.12   0.00
2025-04-23T16:42:01.666115+08:00 Dky_app_00 linx[11759]: sdae              0.00     0.00    7.48   35.34   476.14  2281.11    64.39     0.01    0.92   0.01   0.06
2025-04-23T16:42:01.666126+08:00 Dky_app_00 linx[11759]: sdai              0.00     0.00    0.20    0.00     1.56     0.00     8.00     0.00    0.08   0.08   0.00
2025-04-23T16:42:01.666139+08:00 Dky_app_00 linx[11759]: sdaj              0.00     0.00    0.10    4.38     2.46  2868.36   641.34     0.00    0.51   1.57   0.70
2025-04-23T16:42:01.666149+08:00 Dky_app_00 linx[11759]: sdak              0.00     0.00    9.10   71.71   596.65  4602.72    64.34     0.01    0.08   0.23   1.88
2025-04-23T16:42:01.666160+08:00 Dky_app_00 linx[11759]: sdal              0.00     0.00    7.47   35.35   475.38  2281.88    64.39     0.01    0.92   0.02   0.06
2025-04-23T16:42:01.666172+08:00 Dky_app_00 linx[11759]: sdam              0.00     0.00    5.51    5.92   350.13   389.48    64.69     0.02    1.78   1.57   1.79
2025-04-23T16:42:01.666183+08:00 Dky_app_00 linx[11759]: sdan              0.00     0.00    9.17   43.06   574.90  1006.74    30.28     0.02    0.36   0.36   1.86
2025-04-23T16:42:01.666191+08:00 Dky_app_00 linx[11759]: sdao              0.00     0.00    0.00    0.00     0.00     0.00    28.56     0.00    0.13   0.13   0.00
2025-04-23T16:42:01.666203+08:00 Dky_app_00 linx[11759]: sdap              0.00     0.00    0.20    0.00     1.56     0.00     8.00     0.00    0.08   0.08   0.00
2025-04-23T16:42:01.666215+08:00 Dky_app_00 linx[11759]: sdaq              0.00     0.00    0.10    4.38     2.46  2846.96   636.56     0.00    0.51   1.57   0.70
2025-04-23T16:42:01.666223+08:00 Dky_app_00 linx[11759]: sdar              0.00     0.00    9.11   71.70   597.30  4602.09    64.34     0.02    0.19   0.30   2.39
2025-04-23T16:42:01.666241+08:00 Dky_app_00 linx[11759]: sdas              0.00     0.00    7.47   35.36   475.25  2282.00    64.39     0.00    0.85   0.72   3.07
2025-04-23T16:42:01.666250+08:00 Dky_app_00 linx[11759]: sdat              0.00     0.00    5.52    5.92   350.25   389.36    64.69     0.02    1.96   1.70   1.94
2025-04-23T16:42:01.666259+08:00 Dky_app_00 linx[11759]: sdau              0.00     0.00    9.22   43.00   577.54  1008.65    30.37     0.02    0.31   0.30   1.59
2025-04-23T16:42:01.666271+08:00 Dky_app_00 linx[11759]: sdav              0.00    11.20    0.30    0.11    75.39    90.49   406.11     0.01   12.52   0.70   0.03
2025-04-23T16:42:01.666281+08:00 Dky_app_00 linx[11759]: sdaw              0.00     0.00    0.20    0.00     1.56     0.00     8.00     0.00    0.08   0.08   0.00
2025-04-23T16:42:01.666289+08:00 Dky_app_00 linx[11759]: sday              0.00     0.00    9.08   71.72   595.62  4603.77    64.34     0.01    0.17   0.29   2.31
2025-04-23T16:42:01.666298+08:00 Dky_app_00 linx[11759]: sdaz              0.00     0.00    7.48   35.35   475.89  2281.36    64.39     0.00    0.83   0.70   2.99
2025-04-23T16:42:01.666312+08:00 Dky_app_00 linx[11759]: sdba              0.00     0.00    5.51    5.92   349.89   389.72    64.69     0.02    1.90   1.65   1.89
2025-04-23T16:42:01.666323+08:00 Dky_app_00 linx[11759]: sdbb              0.00     0.00    9.34   42.89   586.92   987.30    30.14     0.01    0.28   0.28   1.45
2025-04-23T16:42:01.666332+08:00 Dky_app_00 linx[11759]: sdbc              0.00     0.00    0.00    0.00     0.00     0.00    28.52     0.00    0.21   0.21   0.00
2025-04-23T16:42:01.666340+08:00 Dky_app_00 linx[11759]: sdbd              0.00     0.00    0.20    0.00     1.56     0.00     8.00     0.00    0.07   0.07   0.00
2025-04-23T16:42:01.666369+08:00 Dky_app_00 linx[11759]: sdbe              0.00     0.00    0.10    4.38     2.46  2843.87   635.88     0.00    0.82   1.65   0.74
2025-04-23T16:42:01.666380+08:00 Dky_app_00 linx[11759]: sdax              0.00     0.00    0.10    4.38     2.46  2871.63   642.09     0.00    0.85   1.66   0.74
2025-04-23T16:42:01.666389+08:00 Dky_app_00 linx[11759]: dm-0              0.00     0.70   72.34  573.72  4766.04 36825.89    64.38     0.03    0.04   0.04   2.83
2025-04-23T16:42:01.666400+08:00 Dky_app_00 linx[11759]: dm-1              0.00     0.34   59.40  282.79  3802.13 18252.74    64.45     0.01    0.04   0.05   1.69
2025-04-23T16:42:01.666413+08:00 Dky_app_00 linx[11759]: dm-2              0.01     0.04   43.70   47.37  2796.98  3116.67    64.94     0.01    0.46   0.18   1.60
2025-04-23T16:42:01.666420+08:00 Dky_app_00 linx[11759]: dm-3              0.00     0.00   73.67  343.76  4645.38  7974.61    30.23     0.01    0.10   0.01   0.60
2025-04-23T16:42:01.666432+08:00 Dky_app_00 linx[11759]: dm-5              0.00  2821.62    0.37   35.04    16.45 22853.28   645.84     0.01    0.38   0.29   1.02
2025-04-23T16:42:01.666446+08:00 Dky_app_00 linx[11759]: dm-6              0.00     0.00   25.49    3.00   333.40     3.00    11.81     0.01    0.36   0.36   1.02
2025-04-23T16:42:01.666458+08:00 Dky_app_00 linx[11759]: dm-7              0.00     0.00   45.80    0.00  4287.02     0.03    93.60     0.02    0.41   0.41   1.89
2025-04-23T16:42:01.666468+08:00 Dky_app_00 linx[11759]: dm-8              0.00     0.00    2.38  340.76    24.96  7971.59    23.30     0.01    0.03   0.03   1.04
2025-04-23T16:42:01.666476+08:00 Dky_app_00 linx[11759]: dm-9              0.00     0.00    0.37 2856.66    16.45 22853.28     8.00     0.02    0.00   0.00   1.03
2025-04-23T16:42:01.666487+08:00 Dky_app_00 linx[11759]:
2025-04-23T16:42:01.667511+08:00 Dky_app_00 linx[11761]: netstat -an |grep -i 'established'|wc -l
2025-04-23T16:42:01.698846+08:00 Dky_app_00 linx[11765]: 966
2025-04-23T16:42:01.699967+08:00 Dky_app_00 linx[11771]: date
2025-04-23T16:42:01.701080+08:00 Dky_app_00 linx[11773]: Wed Apr 23 16:42:01 CST 2025
2025-04-23T16:42:01.702203+08:00 Dky_app_00 linx[11775]: cat   /proc/buddyinfo
2025-04-23T16:42:01.703323+08:00 Dky_app_00 linx[11777]: Node 0, zone      DMA      1      1      1      1      2      1      0      0      1      1      3
2025-04-23T16:42:01.703355+08:00 Dky_app_00 linx[11777]: Node 0, zone    DMA32    419    121     64     32     25     34      9     12      9     55     28
2025-04-23T16:42:01.703360+08:00 Dky_app_00 linx[11777]: Node 0, zone   Normal    455    321    130    369    796    696  11481   8068   3446      0      0
2025-04-23T16:42:01.703365+08:00 Dky_app_00 linx[11777]: Node 1, zone   Normal    572    516    270   1139   2345  16870  15562   7811   2533      0      0
2025-04-23T16:42:01.703369+08:00 Dky_app_00 linx[11777]: Node 2, zone   Normal    189    585   1049   1426   1180   1367   2734   2513    970      1      0
2025-04-23T16:42:01.703380+08:00 Dky_app_00 linx[11777]: Node 3, zone   Normal    294  13487  14860   8905  16047  54067  30033  11478   2934      3      0
2025-04-23T16:42:01.703389+08:00 Dky_app_00 linx[11777]: Node 4, zone   Normal    302   6850  40588  67701  85725  57367  29388   9060   1455      0      0
2025-04-23T16:42:01.703405+08:00 Dky_app_00 linx[11777]: Node 5, zone   Normal     45    116    195     74    584   5085  13250   6612   2436      0      0
2025-04-23T16:42:01.703425+08:00 Dky_app_00 linx[11777]: Node 6, zone   Normal    484   3836   4944   4591   4035   3218   2934   2028   1492      0      0
2025-04-23T16:42:01.703431+08:00 Dky_app_00 linx[11777]: Node 7, zone   Normal    181    391  17426  29225  30731  22608  13572   6672   2320      9      6
2025-04-23T16:42:01.704538+08:00 Dky_app_00 linx[11779]: top-detail:
2025-04-23T16:44:01.524025+08:00 Dky_app_00 /usr/sbin/cron[14633]: (root) CMD (sh /usr/bin/msmp >> /var/log/msmp.log )
2025-04-23T16:44:01.524097+08:00 Dky_app_00 /usr/sbin/cron[14634]: (sysadmin) CMD (/usr/sbin/get_max_mem_process.sh)
2025-04-23T16:44:01.524131+08:00 Dky_app_00 /usr/sbin/cron[14635]: (root) CMD (/home/dmdba/drop_cached.sh)
2025-04-23T16:44:01.524334+08:00 Dky_app_00 /usr/sbin/cron[14636]: (dmdba) CMD (sh net_colsewait_mon.sh)
2025-04-23T16:44:01.524399+08:00 Dky_app_00 /usr/sbin/cron[14637]: (dmdba) CMD (sh /home/dmdba/dm/db_sessmon.sh)
2025-04-23T16:44:01.528335+08:00 Dky_app_00 linx[14651]: uptime
2025-04-23T16:44:01.550338+08:00 Dky_app_00 linx[14656]:  16:44:01 up 1551 days,  4:26, 11 users,  load average: 142.98, 139.62, 130.37
2025-04-23T16:44:01.551606+08:00 Dky_app_00 linx[14663]: free -m
2025-04-23T16:44:01.554962+08:00 Dky_app_00 linx[14665]:              total       used       free     shared    buffers     cached
2025-04-23T16:44:01.554990+08:00 Dky_app_00 linx[14665]: Mem:        516904     409513     107391          0        120      70547
2025-04-23T16:44:01.555022+08:00 Dky_app_00 linx[14665]: -/+ buffers/cache:     338844     178060
2025-04-23T16:44:01.555048+08:00 Dky_app_00 linx[14665]: Swap:        61034          0      61034
2025-04-23T16:44:01.556367+08:00 Dky_app_00 linx[14667]: df -h
2025-04-23T16:44:01.557936+08:00 Dky_app_00 linx[14669]: Filesystem            Size  Used Avail Use% Mounted on
2025-04-23T16:44:01.557978+08:00 Dky_app_00 linx[14669]: /dev/sda2             185G   75G  101G  43% /
2025-04-23T16:44:01.558012+08:00 Dky_app_00 linx[14669]: /dev/sda3             585G  197G  359G  36% /home
2025-04-23T16:44:01.558059+08:00 Dky_app_00 linx[14669]: /dev/sdav             3.0T  1.3T  1.6T  45% /dbbak
2025-04-23T16:44:01.558095+08:00 Dky_app_00 linx[14669]: /dev/mapper/dmarch_22-arch
2025-04-23T16:44:01.558139+08:00 Dky_app_00 linx[14669]:                       886G  680G  162G  81% /dbarch
2025-04-23T16:44:01.558155+08:00 Dky_app_00 linx[14669]: tmpfs                  20M   48K   20M   1% /tmp/smp
2025-04-23T16:44:01.558236+08:00 Dky_app_00 linx[14669]: 192.168.9.23:/dbarch/arch_rac1
2025-04-23T16:44:01.558319+08:00 Dky_app_00 linx[14669]:                       788G  681G   68G  91% /dbarch/arch_dsc1_kafka
2025-04-23T16:44:01.559599+08:00 Dky_app_00 linx[14671]: df -ih
2025-04-23T16:44:01.561094+08:00 Dky_app_00 linx[14673]: Filesystem            Inodes   IUsed   IFree IUse% Mounted on
2025-04-23T16:44:01.561129+08:00 Dky_app_00 linx[14673]: /dev/sda2                12M    2.1M    9.7M   18% /
2025-04-23T16:44:01.561183+08:00 Dky_app_00 linx[14673]: /dev/sda3                37M     28K     37M    1% /home
2025-04-23T16:44:01.561234+08:00 Dky_app_00 linx[14673]: /dev/sdav               192M     11K    192M    1% /dbbak
2025-04-23T16:44:01.561266+08:00 Dky_app_00 linx[14673]: /dev/mapper/dmarch_22-arch
2025-04-23T16:44:01.561292+08:00 Dky_app_00 linx[14673]:                          57M     463     57M    1% /dbarch
2025-04-23T16:44:01.561335+08:00 Dky_app_00 linx[14673]: tmpfs                    64M      13     64M    1% /tmp/smp
2025-04-23T16:44:01.561356+08:00 Dky_app_00 linx[14673]: 192.168.9.23:/dbarch/arch_rac1
2025-04-23T16:44:01.561409+08:00 Dky_app_00 linx[14673]:                          50M     353     50M    1% /dbarch/arch_dsc1_kafka
2025-04-23T16:44:01.562589+08:00 Dky_app_00 linx[14675]: iostat -x
2025-04-23T16:44:01.569323+08:00 Dky_app_00 linx[14677]: Linux 2.6.32-Rocky4.2-x86_64 (Dky_app_00) #01104/23/25 #011_x86_64_
2025-04-23T16:44:01.569345+08:00 Dky_app_00 linx[14677]:
2025-04-23T16:44:01.573140+08:00 Dky_app_00 linx[14677]: avg-cpu:  %user   %nice %system %iowait  %steal   %idle
2025-04-23T16:44:01.573172+08:00 Dky_app_00 linx[14677]:            3.47    0.00    1.30    0.67    0.00   94.61
2025-04-23T16:44:01.573193+08:00 Dky_app_00 linx[14677]: