16833646    2020-07-27 22:06:54    0x100F0015001C    Event    Major    --    None    UltraPath push information from host (ID 4) is not received at the preset time point or fails to be processed.
Step1 Install UltraPath of the latest version on the host. If the fault persists=>[Step2]. 
Step2 Collect related information and contact technical support engineers.

16833645    2020-07-27 22:06:54    0x100F0015001C    Event    Major    --    None    UltraPath push information from host (ID 4) is not received at the preset time point or fails to be processed.
Step1 Install UltraPath of the latest version on the host. If the fault persists=>[Step2]. 
Step2 Collect related information and contact technical support engineers.

16833644    2020-07-27 22:06:54    0x100F0015001C    Event    Major    --    None    UltraPath push information from host (ID 4) is not received at the preset time point or fails to be processed.
Step1 Install UltraPath of the latest version on the host. If the fault persists=>[Step2]. 
Step2 Collect related information and contact technical support engineers.

16833643    2020-07-27 22:06:54    0x100F0015001C    Event    Major    --    None    UltraPath push information from host (ID 4) is not received at the preset time point or fails to be processed.
Step1 Install UltraPath of the latest version on the host. If the fault persists=>[Step2]. 
Step2 Collect related information and contact technical support engineers.

16833593    2020-07-27 22:04:54    0x100F0015001C    Event    Major    --    None    UltraPath push information from host (ID 4) is not received at the preset time point or fails to be processed.
Step1 Install UltraPath of the latest version on the host. If the fault persists=>[Step2]. 
Step2 Collect related information and contact technical support engineers.

16833592    2020-07-27 22:04:54    0x100F0015001C    Event    Major    --    None    UltraPath push information from host (ID 4) is not received at the preset time point or fails to be processed.
Step1 Install UltraPath of the latest version on the host. If the fault persists=>[Step2]. 
Step2 Collect related information and contact technical support engineers.

16833591    2020-07-27 22:04:54    0x100F0015001C    Event    Major    --    None    UltraPath push information from host (ID 4) is not received at the preset time point or fails to be processed.
Step1 Install UltraPath of the latest version on the host. If the fault persists=>[Step2]. 
Step2 Collect related information and contact technical support engineers.

16833590    2020-07-27 22:04:54    0x100F0015001C    Event    Major    --    None    UltraPath push information from host (ID 4) is not received at the preset time point or fails to be processed.
Step1 Install UltraPath of the latest version on the host. If the fault persists=>[Step2]. 
Step2 Collect related information and contact technical support engineers.

16833469    2020-07-27 21:59:57    0x100F02440006    Event    Informational    --    None    The link between initiator (type FC, identifier 0x21000024ff1cc780) of a host and the host port (Engine 0, expansion module B, port number H1) is linked up, time: 21:59:57, host: ID 4.
N/A.

16833468    2020-07-27 21:59:57    0x100F02440006    Event    Informational    --    None    The link between initiator (type FC, identifier 0x21000024ff1cc780) of a host and the host port (Engine 0, expansion module A, port number H3) is linked up, time: 21:59:57, host: ID 4.
N/A.

16833467    2020-07-27 21:59:57    0x100F02440006    Event    Informational    --    None    The link between initiator (type FC, identifier 0x21000024ff1cc780) of a host and the host port (Engine 0, expansion module B, port number H3) is linked up, time: 21:59:57, host: ID 4.
N/A.

16833466    2020-07-27 21:59:57    0x100F02440006    Event    Informational    --    None    The link between initiator (type FC, identifier 0x21000024ff1cc780) of a host and the host port (Engine 0, expansion module A, port number H1) is linked up, time: 21:59:57, host: ID 4.
N/A.

16833465    2020-07-27 21:59:56    0x100F02440006    Event    Informational    --    None    The link between initiator (type FC, identifier 0x21000024ff15ace5) of a host and the host port (Engine 0, expansion module B, port number H2) is linked up, time: 21:59:56, host: ID 4.
N/A.

16833464    2020-07-27 21:59:56    0x100F02440006    Event    Informational    --    None    The link between initiator (type FC, identifier 0x21000024ff15ace5) of a host and the host port (Engine 0, expansion module A, port number H0) is linked up, time: 21:59:56, host: ID 4.
N/A.

16833463    2020-07-27 21:59:56    0x100F02440006    Event    Informational    --    None    The link between initiator (type FC, identifier 0x21000024ff15ace5) of a host and the host port (Engine 0, expansion module B, port number H0) is linked up, time: 21:59:56, host: ID 4.
N/A.

16833462    2020-07-27 21:59:56    0x100F02440006    Event    Informational    --    None    The link between initiator (type FC, identifier 0x21000024ff15ace5) of a host and the host port (Engine 0, expansion module A, port number H2) is linked up, time: 21:59:56, host: ID 4.
N/A.

16833460    2020-07-27 21:59:53    0x100F0015001C    Event    Major    --    None    UltraPath push information from host (ID 0) is not received at the preset time point or fails to be processed.
Step1 Install UltraPath of the latest version on the host. If the fault persists=>[Step2]. 
Step2 Collect related information and contact technical support engineers.

16833459    2020-07-27 21:59:53    0x100F0015001C    Event    Major    --    None    UltraPath push information from host (ID 0) is not received at the preset time point or fails to be processed.
Step1 Install UltraPath of the latest version on the host. If the fault persists=>[Step2]. 
Step2 Collect related information and contact technical support engineers.

16833458    2020-07-27 21:59:53    0x100F0015001C    Event    Major    --    None    UltraPath push information from host (ID 0) is not received at the preset time point or fails to be processed.
Step1 Install UltraPath of the latest version on the host. If the fault persists=>[Step2]. 
Step2 Collect related information and contact technical support engineers.

16833457    2020-07-27 21:59:53    0x100F0015001C    Event    Major    --    None    UltraPath push information from host (ID 0) is not received at the preset time point or fails to be processed.
Step1 Install UltraPath of the latest version on the host. If the fault persists=>[Step2]. 
Step2 Collect related information and contact technical support engineers.

16833407    2020-07-27 21:57:53    0x100F0015001C    Event    Major    --    None    UltraPath push information from host (ID 0) is not received at the preset time point or fails to be processed.
Step1 Install UltraPath of the latest version on the host. If the fault persists=>[Step2]. 
Step2 Collect related information and contact technical support engineers.

16833406    2020-07-27 21:57:53    0x100F0015001C    Event    Major    --    None    UltraPath push information from host (ID 0) is not received at the preset time point or fails to be processed.
Step1 Install UltraPath of the latest version on the host. If the fault persists=>[Step2]. 
Step2 Collect related information and contact technical support engineers.

16833405    2020-07-27 21:57:53    0x100F0015001C    Event    Major    --    None    UltraPath push information from host (ID 0) is not received at the preset time point or fails to be processed.
Step1 Install UltraPath of the latest version on the host. If the fault persists=>[Step2]. 
Step2 Collect related information and contact technical support engineers.

16833404    2020-07-27 21:57:53    0x100F0015001C    Event    Major    --    None    UltraPath push information from host (ID 0) is not received at the preset time point or fails to be processed.
Step1 Install UltraPath of the latest version on the host. If the fault persists=>[Step2]. 
Step2 Collect related information and contact technical support engineers.

16833298    2020-07-27 21:53:36    0x100F02440006    Event    Informational    --    None    The link between initiator (type FC, identifier 0x21000024ff1d8159) of a host and the host port (Engine 0, expansion module B, port number H2) is linked up, time: 21:53:36, host: ID 0.
N/A.

16833297    2020-07-27 21:53:36    0x100F02440006    Event    Informational    --    None    The link between initiator (type FC, identifier 0x21000024ff1d8159) of a host and the host port (Engine 0, expansion module A, port number H0) is linked up, time: 21:53:36, host: ID 0.
N/A.

16833296    2020-07-27 21:53:36    0x100F02440006    Event    Informational    --    None    The link between initiator (type FC, identifier 0x21000024ff1d8159) of a host and the host port (Engine 0, expansion module B, port number H0) is linked up, time: 21:53:36, host: ID 0.
N/A.

16833295    2020-07-27 21:53:36    0x100F02440006    Event    Informational    --    None    The link between initiator (type FC, identifier 0x21000024ff1d8159) of a host and the host port (Engine 0, expansion module A, port number H2) is linked up, time: 21:53:36, host: ID 0.
N/A.

16833293    2020-07-27 21:53:34    0x100F02440006    Event    Informational    --    None    The link between initiator (type FC, identifier 0x21000024ff1d81d0) of a host and the host port (Engine 0, expansion module A, port number H3) is linked up, time: 21:53:34, host: ID 0.
N/A.

16833292    2020-07-27 21:53:34    0x100F02440006    Event    Informational    --    None    The link between initiator (type FC, identifier 0x21000024ff1d81d0) of a host and the host port (Engine 0, expansion module A, port number H1) is linked up, time: 21:53:34, host: ID 0.
N/A.

16833291    2020-07-27 21:53:34    0x100F02440006    Event    Informational    --    None    The link between initiator (type FC, identifier 0x21000024ff1d81d0) of a host and the host port (Engine 0, expansion module B, port number H1) is linked up, time: 21:53:34, host: ID 0.
N/A.

16833290    2020-07-27 21:53:34    0x100F02440006    Event    Informational    --    None    The link between initiator (type FC, identifier 0x21000024ff1d81d0) of a host and the host port (Engine 0, expansion module B, port number H3) is linked up, time: 21:53:34, host: ID 0.
N/A.

16833257    2020-07-27 21:52:12    0x100F02440004    Event    Informational    --    None    The link between initiator (type FC, identifier 0x21000024ff1cc780) of a host and the host port (Engine 0, expansion module B, port number H3) is disconnected, time: 21:52:12, host: ID 4.
N/A.

16833256    2020-07-27 21:52:12    0x100F02440004    Event    Informational    --    None    The link between initiator (type FC, identifier 0x21000024ff15ace5) of a host and the host port (Engine 0, expansion module B, port number H2) is disconnected, time: 21:52:12, host: ID 4.
N/A.

16833255    2020-07-27 21:52:12    0x100F02440004    Event    Informational    --    None    The link between initiator (type FC, identifier 0x21000024ff1cc780) of a host and the host port (Engine 0, expansion module A, port number H1) is disconnected, time: 21:52:12, host: ID 4.
N/A.

16833254    2020-07-27 21:52:11    0x100F02440004    Event    Informational    --    None    The link between initiator (type FC, identifier 0x21000024ff15ace5) of a host and the host port (Engine 0, expansion module B, port number H0) is disconnected, time: 21:52:11, host: ID 4.
N/A.

16833253    2020-07-27 21:52:11    0x100F02440004    Event    Informational    --    None    The link between initiator (type FC, identifier 0x21000024ff15ace5) of a host and the host port (Engine 0, expansion module A, port number H0) is disconnected, time: 21:52:11, host: ID 4.
N/A.

16833252    2020-07-27 21:52:11    0x100F02440004    Event    Informational    --    None    The link between initiator (type FC, identifier 0x21000024ff1cc780) of a host and the host port (Engine 0, expansion module A, port number H3) is disconnected, time: 21:52:11, host: ID 4.
N/A.

16833251    2020-07-27 21:52:11    0x100F02440004    Event    Informational    --    None    The link between initiator (type FC, identifier 0x21000024ff1cc780) of a host and the host port (Engine 0, expansion module B, port number H1) is disconnected, time: 21:52:11, host: ID 4.
N/A.

16833250    2020-07-27 21:52:11    0x100F02440004    Event    Informational    --    None    The link between initiator (type FC, identifier 0x21000024ff15ace5) of a host and the host port (Engine 0, expansion module A, port number H2) is disconnected, time: 21:52:11, host: ID 4.
N/A.

16833151    2020-07-27 21:48:10    0x100F02440004    Event    Informational    --    None    The link between initiator (type FC, identifier 0x21000024ff1d8159) of a host and the host port (Engine 0, expansion module A, port number H0) is disconnected, time: 21:48:10, host: ID 0.
N/A.

16833150    2020-07-27 21:48:10    0x100F02440004    Event    Informational    --    None    The link between initiator (type FC, identifier 0x21000024ff1d81d0) of a host and the host port (Engine 0, expansion module A, port number H1) is disconnected, time: 21:48:10, host: ID 0.
N/A.

16833149    2020-07-27 21:48:10    0x100F02440004    Event    Informational    --    None    The link between initiator (type FC, identifier 0x21000024ff1d81d0) of a host and the host port (Engine 0, expansion module A, port number H3) is disconnected, time: 21:48:10, host: ID 0.
N/A.

16833148    2020-07-27 21:48:10    0x100F02440004    Event    Informational    --    None    The link between initiator (type FC, identifier 0x21000024ff1d81d0) of a host and the host port (Engine 0, expansion module B, port number H3) is disconnected, time: 21:48:10, host: ID 0.
N/A.

16833147    2020-07-27 21:48:10    0x100F02440004    Event    Informational    --    None    The link between initiator (type FC, identifier 0x21000024ff1d8159) of a host and the host port (Engine 0, expansion module B, port number H0) is disconnected, time: 21:48:10, host: ID 0.
N/A.

16833146    2020-07-27 21:48:10    0x100F02440004    Event    Informational    --    None    The link between initiator (type FC, identifier 0x21000024ff1d81d0) of a host and the host port (Engine 0, expansion module B, port number H1) is disconnected, time: 21:48:10, host: ID 0.
N/A.

16833145    2020-07-27 21:48:10    0x100F02440004    Event    Informational    --    None    The link between initiator (type FC, identifier 0x21000024ff1d8159) of a host and the host port (Engine 0, expansion module B, port number H2) is disconnected, time: 21:48:10, host: ID 0.
N/A.

16833144    2020-07-27 21:48:10    0x100F02440004    Event    Informational    --    None    The link between initiator (type FC, identifier 0x21000024ff1d8159) of a host and the host port (Engine 0, expansion module A, port number H2) is disconnected, time: 21:48:10, host: ID 0.
N/A.

16832997    2020-07-27 21:42:09    0x200F002A0019    Event    Informational    --    None    The logout of the user (user name mm_user) from the source (127.0.0.1) succeeded.
N/A

16832889    2020-07-27 21:37:46    0x200F002A0019    Event    Informational    --    None    The logout of the user (user name admin) from the source (10.33.36.225) succeeded.
N/A

16832869    2020-07-27 21:36:59    0x200F002A0015    Event    Informational    --    None    The login of the user (user name mm_user) from the source (127.0.0.1) succeeded.
N/A

16832865    2020-07-27 21:36:50    0x100F0015001C    Event    Major    --    None    UltraPath push information from host (ID 1) is not received at the preset time point or fails to be processed.
Step1 Install UltraPath of the latest version on the host. If the fault persists=>[Step2]. 
Step2 Collect related information and contact technical support engineers.

16832864    2020-07-27 21:36:50    0x100F0015001C    Event    Major    --    None    UltraPath push information from host (ID 1) is not received at the preset time point or fails to be processed.
Step1 Install UltraPath of the latest version on the host. If the fault persists=>[Step2]. 
Step2 Collect related information and contact technical support engineers.

16832863    2020-07-27 21:36:50    0x100F0015001C    Event    Major    --    None    UltraPath push information from host (ID 1) is not received at the preset time point or fails to be processed.
Step1 Install UltraPath of the latest version on the host. If the fault persists=>[Step2]. 
Step2 Collect related information and contact technical support engineers.

16832862    2020-07-27 21:36:50    0x100F0015001C    Event    Major    --    None    UltraPath push information from host (ID 1) is not received at the preset time point or fails to be processed.
Step1 Install UltraPath of the latest version on the host. If the fault persists=>[Step2]. 
Step2 Collect related information and contact technical support engineers.

16832824    2020-07-27 21:35:20    0x100F0015001C    Event    Major    --    None    UltraPath push information from host (ID 1) is not received at the preset time point or fails to be processed.
Step1 Install UltraPath of the latest version on the host. If the fault persists=>[Step2]. 
Step2 Collect related information and contact technical support engineers.

16832823    2020-07-27 21:35:20    0x100F0015001C    Event    Major    --    None    UltraPath push information from host (ID 1) is not received at the preset time point or fails to be processed.
Step1 Install UltraPath of the latest version on the host. If the fault persists=>[Step2]. 
Step2 Collect related information and contact technical support engineers.

16832822    2020-07-27 21:35:20    0x100F0015001C    Event    Major    --    None    UltraPath push information from host (ID 1) is not received at the preset time point or fails to be processed.
Step1 Install UltraPath of the latest version on the host. If the fault persists=>[Step2]. 
Step2 Collect related information and contact technical support engineers.

16832821    2020-07-27 21:35:20    0x100F0015001C    Event    Major    --    None    UltraPath push information from host (ID 1) is not received at the preset time point or fails to be processed.
Step1 Install UltraPath of the latest version on the host. If the fault persists=>[Step2]. 
Step2 Collect related information and contact technical support engineers.

16832707    2020-07-27 21:30:40    0x100F02440006    Event    Informational    --    None    The link between initiator (type FC, identifier 0x21000024ff1d813c) of a host and the host port (Engine 0, expansion module B, port number H2) is linked up, time: 21:30:40, host: ID 1.
N/A.

16832706    2020-07-27 21:30:40    0x100F02440006    Event    Informational    --    None    The link between initiator (type FC, identifier 0x21000024ff1d813c) of a host and the host port (Engine 0, expansion module A, port number H2) is linked up, time: 21:30:40, host: ID 1.
N/A.

16832705    2020-07-27 21:30:40    0x100F02440006    Event    Informational    --    None    The link between initiator (type FC, identifier 0x21000024ff1d813c) of a host and the host port (Engine 0, expansion module A, port number H0) is linked up, time: 21:30:40, host: ID 1.
N/A.

16832704    2020-07-27 21:30:40    0x100F02440006    Event    Informational    --    None    The link between initiator (type FC, identifier 0x21000024ff1d813c) of a host and the host port (Engine 0, expansion module B, port number H0) is linked up, time: 21:30:40, host: ID 1.
N/A.

16832702    2020-07-27 21:30:38    0x100F02440006    Event    Informational    --    None    The link between initiator (type FC, identifier 0x21000024ff1d8163) of a host and the host port (Engine 0, expansion module B, port number H3) is linked up, time: 21:30:38, host: ID 1.
N/A.

16832701    2020-07-27 21:30:38    0x100F02440006    Event    Informational    --    None    The link between initiator (type FC, identifier 0x21000024ff1d8163) of a host and the host port (Engine 0, expansion module A, port number H3) is linked up, time: 21:30:38, host: ID 1.
N/A.

16832700    2020-07-27 21:30:38    0x100F02440006    Event    Informational    --    None    The link between initiator (type FC, identifier 0x21000024ff1d8163) of a host and the host port (Engine 0, expansion module A, port number H1) is linked up, time: 21:30:38, host: ID 1.
N/A.

16832699    2020-07-27 21:30:38    0x100F02440006    Event    Informational    --    None    The link between initiator (type FC, identifier 0x21000024ff1d8163) of a host and the host port (Engine 0, expansion module B, port number H1) is linked up, time: 21:30:38, host: ID 1.
N/A.

16832678    2020-07-27 21:29:49    0x100F0015001C    Event    Major    --    None    UltraPath push information from host (ID 2) is not received at the preset time point or fails to be processed.
Step1 Install UltraPath of the latest version on the host. If the fault persists=>[Step2]. 
Step2 Collect related information and contact technical support engineers.

16832677    2020-07-27 21:29:49    0x100F0015001C    Event    Major    --    None    UltraPath push information from host (ID 2) is not received at the preset time point or fails to be processed.
Step1 Install UltraPath of the latest version on the host. If the fault persists=>[Step2]. 
Step2 Collect related information and contact technical support engineers.

16832676    2020-07-27 21:29:49    0x100F0015001C    Event    Major    --    None    UltraPath push information from host (ID 2) is not received at the preset time point or fails to be processed.
Step1 Install UltraPath of the latest version on the host. If the fault persists=>[Step2]. 
Step2 Collect related information and contact technical support engineers.

16832675    2020-07-27 21:29:49    0x100F0015001C    Event    Major    --    None    UltraPath push information from host (ID 2) is not received at the preset time point or fails to be processed.
Step1 Install UltraPath of the latest version on the host. If the fault persists=>[Step2]. 
Step2 Collect related information and contact technical support engineers.

16832637    2020-07-27 21:28:19    0x100F0015001C    Event    Major    --    None    UltraPath push information from host (ID 2) is not received at the preset time point or fails to be processed.
Step1 Install UltraPath of the latest version on the host. If the fault persists=>[Step2]. 
Step2 Collect related information and contact technical support engineers.

16832636    2020-07-27 21:28:19    0x100F0015001C    Event    Major    --    None    UltraPath push information from host (ID 2) is not received at the preset time point or fails to be processed.
Step1 Install UltraPath of the latest version on the host. If the fault persists=>[Step2]. 
Step2 Collect related information and contact technical support engineers.

16832635    2020-07-27 21:28:19    0x100F0015001C    Event    Major    --    None    UltraPath push information from host (ID 2) is not received at the preset time point or fails to be processed.
Step1 Install UltraPath of the latest version on the host. If the fault persists=>[Step2]. 
Step2 Collect related information and contact technical support engineers.

16832634    2020-07-27 21:28:19    0x100F0015001C    Event    Major    --    None    UltraPath push information from host (ID 2) is not received at the preset time point or fails to be processed.
Step1 Install UltraPath of the latest version on the host. If the fault persists=>[Step2]. 
Step2 Collect related information and contact technical support engineers.

16832551    2020-07-27 21:24:51    0x100F02440004    Event    Informational    --    None    The link between initiator (type FC, identifier 0x21000024ff1d813c) of a host and the host port (Engine 0, expansion module B, port number H2) is disconnected, time: 21:24:51, host: ID 1.
N/A.

16832550    2020-07-27 21:24:51    0x100F02440004    Event    Informational    --    None    The link between initiator (type FC, identifier 0x21000024ff1d8163) of a host and the host port (Engine 0, expansion module A, port number H1) is disconnected, time: 21:24:51, host: ID 1.
N/A.

16832549    2020-07-27 21:24:51    0x100F02440004    Event    Informational    --    None    The link between initiator (type FC, identifier 0x21000024ff1d813c) of a host and the host port (Engine 0, expansion module A, port number H0) is disconnected, time: 21:24:51, host: ID 1.
N/A.

16832548    2020-07-27 21:24:51    0x100F02440004    Event    Informational    --    None    The link between initiator (type FC, identifier 0x21000024ff1d8163) of a host and the host port (Engine 0, expansion module A, port number H3) is disconnected, time: 21:24:51, host: ID 1.
N/A.

16832547    2020-07-27 21:24:51    0x100F02440004    Event    Informational    --    None    The link between initiator (type FC, identifier 0x21000024ff1d813c) of a host and the host port (Engine 0, expansion module B, port number H0) is disconnected, time: 21:24:51, host: ID 1.
N/A.

16832546    2020-07-27 21:24:51    0x100F02440004    Event    Informational    --    None    The link between initiator (type FC, identifier 0x21000024ff1d813c) of a host and the host port (Engine 0, expansion module A, port number H2) is disconnected, time: 21:24:51, host: ID 1.
N/A.

16832532    2020-07-27 21:24:18    0x100F02440006    Event    Informational    --    None    The link between initiator (type FC, identifier 0x10000090fac0643c) of a host and the host port (Engine 0, expansion module A, port number H1) is linked up, time: 21:24:18, host: ID 2.
N/A.

16832531    2020-07-27 21:24:18    0x100F02440006    Event    Informational    --    None    The link between initiator (type FC, identifier 0x10000090fac0643c) of a host and the host port (Engine 0, expansion module A, port number H3) is linked up, time: 21:24:18, host: ID 2.
N/A.

16832530    2020-07-27 21:24:18    0x100F02440006    Event    Informational    --    None    The link between initiator (type FC, identifier 0x10000090fac0643c) of a host and the host port (Engine 0, expansion module B, port number H1) is linked up, time: 21:24:18, host: ID 2.
N/A.

16832529    2020-07-27 21:24:18    0x100F02440006    Event    Informational    --    None    The link between initiator (type FC, identifier 0x10000090fac0643c) of a host and the host port (Engine 0, expansion module B, port number H3) is linked up, time: 21:24:18, host: ID 2.
N/A.

16832527    2020-07-27 21:24:16    0x100F02440006    Event    Informational    --    None    The link between initiator (type FC, identifier 0x10000090fac06423) of a host and the host port (Engine 0, expansion module A, port number H0) is linked up, time: 21:24:16, host: ID 2.
N/A.

16832526    2020-07-27 21:24:16    0x100F02440006    Event    Informational    --    None    The link between initiator (type FC, identifier 0x10000090fac06423) of a host and the host port (Engine 0, expansion module B, port number H0) is linked up, time: 21:24:16, host: ID 2.
N/A.

16832525    2020-07-27 21:24:16    0x100F02440006    Event    Informational    --    None    The link between initiator (type FC, identifier 0x10000090fac06423) of a host and the host port (Engine 0, expansion module A, port number H2) is linked up, time: 21:24:16, host: ID 2.
N/A.

16832524    2020-07-27 21:24:16    0x100F02440006    Event    Informational    --    None    The link between initiator (type FC, identifier 0x10000090fac06423) of a host and the host port (Engine 0, expansion module B, port number H2) is linked up, time: 21:24:16, host: ID 2.
N/A.

16832487    2020-07-27 21:22:49    0x100F0015001C    Event    Major    --    None    UltraPath push information from host (ID 3) is not received at the preset time point or fails to be processed.
Step1 Install UltraPath of the latest version on the host. If the fault persists=>[Step2]. 
Step2 Collect related information and contact technical support engineers.

16832486    2020-07-27 21:22:49    0x100F0015001C    Event    Major    --    None    UltraPath push information from host (ID 3) is not received at the preset time point or fails to be processed.
Step1 Install UltraPath of the latest version on the host. If the fault persists=>[Step2]. 
Step2 Collect related information and contact technical support engineers.

16832485    2020-07-27 21:22:49    0x100F0015001C    Event    Major    --    None    UltraPath push information from host (ID 3) is not received at the preset time point or fails to be processed.
Step1 Install UltraPath of the latest version on the host. If the fault persists=>[Step2]. 
Step2 Collect related information and contact technical support engineers.

16832484    2020-07-27 21:22:49    0x100F0015001C    Event    Major    --    None    UltraPath push information from host (ID 3) is not received at the preset time point or fails to be processed.
Step1 Install UltraPath of the latest version on the host. If the fault persists=>[Step2]. 
Step2 Collect related information and contact technical support engineers.

16832446    2020-07-27 21:21:18    0x100F0015001C    Event    Major    --    None    UltraPath push information from host (ID 3) is not received at the preset time point or fails to be processed.
Step1 Install UltraPath of the latest version on the host. If the fault persists=>[Step2]. 
Step2 Collect related information and contact technical support engineers.

16832445    2020-07-27 21:21:18    0x100F0015001C    Event    Major    --    None    UltraPath push information from host (ID 3) is not received at the preset time point or fails to be processed.
Step1 Install UltraPath of the latest version on the host. If the fault persists=>[Step2]. 
Step2 Collect related information and contact technical support engineers.

16832444    2020-07-27 21:21:18    0x100F0015001C    Event    Major    --    None    UltraPath push information from host (ID 3) is not received at the preset time point or fails to be processed.
Step1 Install UltraPath of the latest version on the host. If the fault persists=>[Step2]. 
Step2 Collect related information and contact technical support engineers.

16832443    2020-07-27 21:21:18    0x100F0015001C    Event    Major    --    None    UltraPath push information from host (ID 3) is not received at the preset time point or fails to be processed.
Step1 Install UltraPath of the latest version on the host. If the fault persists=>[Step2]. 
Step2 Collect related information and contact technical support engineers.

16832423    2020-07-27 21:20:31    0x100F02440004    Event    Informational    --    None    The link between initiator (type FC, identifier 0x10000090fac0643c) of a host and the host port (Engine 0, expansion module A, port number H1) is disconnected, time: 21:20:31, host: ID 2.
N/A.

16832422    2020-07-27 21:20:31    0x100F02440004    Event    Informational    --    None    The link between initiator (type FC, identifier 0x10000090fac0643c) of a host and the host port (Engine 0, expansion module A, port number H3) is disconnected, time: 21:20:31, host: ID 2.
N/A.

16832421    2020-07-27 21:20:31    0x100F02440004    Event    Informational    --    None    The link between initiator (type FC, identifier 0x10000090fac0643c) of a host and the host port (Engine 0, expansion module B, port number H1) is disconnected, time: 21:20:31, host: ID 2.
N/A.

16832420    2020-07-27 21:20:31    0x100F02440004    Event    Informational    --    None    The link between initiator (type FC, identifier 0x10000090fac0643c) of a host and the host port (Engine 0, expansion module B, port number H3) is disconnected, time: 21:20:31, host: ID 2.
N/A.

16832345    2020-07-27 21:17:22    0x100F02440006    Event    Informational    --    None    The link between initiator (type FC, identifier 0x10000090faac6c46) of a host and the host port (Engine 0, expansion module A, port number H1) is linked up, time: 21:17:22, host: ID 3.
N/A.

16832344    2020-07-27 21:17:22    0x100F02440006    Event    Informational    --    None    The link between initiator (type FC, identifier 0x10000090faac6c46) of a host and the host port (Engine 0, expansion module B, port number H3) is linked up, time: 21:17:22, host: ID 3.
N/A.

16832343    2020-07-27 21:17:22    0x100F02440006    Event    Informational    --    None    The link between initiator (type FC, identifier 0x10000090faac6c46) of a host and the host port (Engine 0, expansion module A, port number H3) is linked up, time: 21:17:22, host: ID 3.
N/A.

16832342    2020-07-27 21:17:22    0x100F02440006    Event    Informational    --    None    The link between initiator (type FC, identifier 0x10000090faac6c46) of a host and the host port (Engine 0, expansion module B, port number H1) is linked up, time: 21:17:22, host: ID 3.
N/A.

16832340    2020-07-27 21:17:19    0x100F02440006    Event    Informational    --    None    The link between initiator (type FC, identifier 0x10000090faac6c2f) of a host and the host port (Engine 0, expansion module B, port number H2) is linked up, time: 21:17:19, host: ID 3.
N/A.

16832339    2020-07-27 21:17:19    0x100F02440006    Event    Informational    --    None    The link between initiator (type FC, identifier 0x10000090faac6c2f) of a host and the host port (Engine 0, expansion module A, port number H0) is linked up, time: 21:17:19, host: ID 3.
N/A.

16832338    2020-07-27 21:17:19    0x100F02440006    Event    Informational    --    None    The link between initiator (type FC, identifier 0x10000090faac6c2f) of a host and the host port (Engine 0, expansion module A, port number H2) is linked up, time: 21:17:19, host: ID 3.
N/A.

16832337    2020-07-27 21:17:19    0x100F02440006    Event    Informational    --    None    The link between initiator (type FC, identifier 0x10000090faac6c2f) of a host and the host port (Engine 0, expansion module B, port number H0) is linked up, time: 21:17:19, host: ID 3.
N/A.

16832250    2020-07-27 21:13:48    0x100F02440004    Event    Informational    --    None    The link between initiator (type FC, identifier 0x10000090faac6c2f) of a host and the host port (Engine 0, expansion module B, port number H2) is disconnected, time: 21:13:48, host: ID 3.
N/A.

16832249    2020-07-27 21:13:48    0x100F02440004    Event    Informational    --    None    The link between initiator (type FC, identifier 0x10000090faac6c2f) of a host and the host port (Engine 0, expansion module B, port number H0) is disconnected, time: 21:13:48, host: ID 3.
N/A.

16832248    2020-07-27 21:13:48    0x100F02440004    Event    Informational    --    None    The link between initiator (type FC, identifier 0x10000090faac6c2f) of a host and the host port (Engine 0, expansion module A, port number H0) is disconnected, time: 21:13:48, host: ID 3.
N/A.

16832247    2020-07-27 21:13:48    0x100F02440004    Event    Informational    --    None    The link between initiator (type FC, identifier 0x10000090faac6c2f) of a host and the host port (Engine 0, expansion module A, port number H2) is disconnected, time: 21:13:48, host: ID 3.
N/A.

16832210    2020-07-27 21:12:17    0x100F0015001C    Event    Major    --    None    UltraPath push information from host (ID 6) is not received at the preset time point or fails to be processed.
Step1 Install UltraPath of the latest version on the host. If the fault persists=>[Step2]. 
Step2 Collect related information and contact technical support engineers.

16832209    2020-07-27 21:12:17    0x100F0015001C    Event    Major    --    None    UltraPath push information from host (ID 4) is not received at the preset time point or fails to be processed.
Step1 Install UltraPath of the latest version on the host. If the fault persists=>[Step2]. 
Step2 Collect related information and contact technical support engineers.

16832208    2020-07-27 21:12:17    0x100F0015001C    Event    Major    --    None    UltraPath push information from host (ID 6) is not received at the preset time point or fails to be processed.
Step1 Install UltraPath of the latest version on the host. If the fault persists=>[Step2]. 
Step2 Collect related information and contact technical support engineers.

16832207    2020-07-27 21:12:17    0x100F0015001C    Event    Major    --    None    UltraPath push information from host (ID 4) is not received at the preset time point or fails to be processed.
Step1 Install UltraPath of the latest version on the host. If the fault persists=>[Step2]. 
Step2 Collect related information and contact technical support engineers.

16832206    2020-07-27 21:12:17    0x100F0015001C    Event    Major    --    None    UltraPath push information from host (ID 6) is not received at the preset time point or fails to be processed.
Step1 Install UltraPath of the latest version on the host. If the fault persists=>[Step2]. 
Step2 Collect related information and contact technical support engineers.

16832205    2020-07-27 21:12:17    0x100F0015001C    Event    Major    --    None    UltraPath push information from host (ID 4) is not received at the preset time point or fails to be processed.
Step1 Install UltraPath of the latest version on the host. If the fault persists=>[Step2]. 
Step2 Collect related information and contact technical support engineers.

16832204    2020-07-27 21:12:17    0x100F0015001C    Event    Major    --    None    UltraPath push information from host (ID 6) is not received at the preset time point or fails to be processed.
Step1 Install UltraPath of the latest version on the host. If the fault persists=>[Step2]. 
Step2 Collect related information and contact technical support engineers.

16832203    2020-07-27 21:12:17    0x100F0015001C    Event    Major    --    None    UltraPath push information from host (ID 4) is not received at the preset time point or fails to be processed.
Step1 Install UltraPath of the latest version on the host. If the fault persists=>[Step2]. 
Step2 Collect related information and contact technical support engineers.

16832166    2020-07-27 21:10:47    0x100F0015001C    Event    Major    --    None    UltraPath push information from host (ID 6) is not received at the preset time point or fails to be processed.
Step1 Install UltraPath of the latest version on the host. If the fault persists=>[Step2]. 
Step2 Collect related information and contact technical support engineers.

16832165    2020-07-27 21:10:47    0x100F0015001C    Event    Major    --    None    UltraPath push information from host (ID 4) is not received at the preset time point or fails to be processed.
Step1 Install UltraPath of the latest version on the host. If the fault persists=>[Step2]. 
Step2 Collect related information and contact technical support engineers.

16832164    2020-07-27 21:10:47    0x100F0015001C    Event    Major    --    None    UltraPath push information from host (ID 6) is not received at the preset time point or fails to be processed.
Step1 Install UltraPath of the latest version on the host. If the fault persists=>[Step2]. 
Step2 Collect related information and contact technical support engineers.

16832163    2020-07-27 21:10:47    0x100F0015001C    Event    Major    --    None    UltraPath push information from host (ID 4) is not received at the preset time point or fails to be processed.
Step1 Install UltraPath of the latest version on the host. If the fault persists=>[Step2]. 
Step2 Collect related information and contact technical support engineers.

16832162    2020-07-27 21:10:47    0x100F0015001C    Event    Major    --    None    UltraPath push information from host (ID 6) is not received at the preset time point or fails to be processed.
Step1 Install UltraPath of the latest version on the host. If the fault persists=>[Step2]. 
Step2 Collect related information and contact technical support engineers.

16832161    2020-07-27 21:10:47    0x100F0015001C    Event    Major    --    None    UltraPath push information from host (ID 4) is not received at the preset time point or fails to be processed.
Step1 Install UltraPath of the latest version on the host. If the fault persists=>[Step2]. 
Step2 Collect related information and contact technical support engineers.

16832160    2020-07-27 21:10:47    0x100F0015001C    Event    Major    --    None    UltraPath push information from host (ID 6) is not received at the preset time point or fails to be processed.
Step1 Install UltraPath of the latest version on the host. If the fault persists=>[Step2]. 
Step2 Collect related information and contact technical support engineers.

16832159    2020-07-27 21:10:47    0x100F0015001C    Event    Major    --    None    UltraPath push information from host (ID 4) is not received at the preset time point or fails to be processed.
Step1 Install UltraPath of the latest version on the host. If the fault persists=>[Step2]. 
Step2 Collect related information and contact technical support engineers.

16832074    2020-07-27 21:07:17    0x100F0015001C    Event    Major    --    None    UltraPath push information from host (ID 5) is not received at the preset time point or fails to be processed.
Step1 Install UltraPath of the latest version on the host. If the fault persists=>[Step2]. 
Step2 Collect related information and contact technical support engineers.

16832073    2020-07-27 21:07:17    0x100F0015001C    Event    Major    --    None    UltraPath push information from host (ID 5) is not received at the preset time point or fails to be processed.
Step1 Install UltraPath of the latest version on the host. If the fault persists=>[Step2]. 
Step2 Collect related information and contact technical support engineers.

16832072    2020-07-27 21:07:17    0x100F0015001C    Event    Major    --    None    UltraPath push information from host (ID 5) is not received at the preset time point or fails to be processed.
Step1 Install UltraPath of the latest version on the host. If the fault persists=>[Step2]. 
Step2 Collect related information and contact technical support engineers.

16832071    2020-07-27 21:07:17    0x100F0015001C    Event    Major    --    None    UltraPath push information from host (ID 5) is not received at the preset time point or fails to be processed.
Step1 Install UltraPath of the latest version on the host. If the fault persists=>[Step2]. 
Step2 Collect related information and contact technical support engineers.

16832051    2020-07-27 21:06:32    0x100F02440006    Event    Informational    --    None    The link between initiator (type FC, identifier 0x100000109b2f648f) of a host and the host port (Engine 0, expansion module A, port number H3) is linked up, time: 21:6:32, host: ID 6.
N/A.

16832050    2020-07-27 21:06:32    0x100F02440006    Event    Informational    --    None    The link between initiator (type FC, identifier 0x100000109b2f648f) of a host and the host port (Engine 0, expansion module B, port number H3) is linked up, time: 21:6:32, host: ID 6.
N/A.

16832049    2020-07-27 21:06:32    0x100F02440006    Event    Informational    --    None    The link between initiator (type FC, identifier 0x100000109b2f648f) of a host and the host port (Engine 0, expansion module A, port number H1) is linked up, time: 21:6:32, host: ID 6.
N/A.

16832048    2020-07-27 21:06:32    0x100F02440006    Event    Informational    --    None    The link between initiator (type FC, identifier 0x100000109b2f648f) of a host and the host port (Engine 0, expansion module B, port number H1) is linked up, time: 21:6:32, host: ID 6.
N/A.

16832046    2020-07-27 21:06:29    0x100F02440006    Event    Informational    --    None    The link between initiator (type FC, identifier 0x100000109b2f6492) of a host and the host port (Engine 0, expansion module A, port number H0) is linked up, time: 21:6:29, host: ID 6.
N/A.

16832045    2020-07-27 21:06:29    0x100F02440006    Event    Informational    --    None    The link between initiator (type FC, identifier 0x100000109b2f6492) of a host and the host port (Engine 0, expansion module A, port number H2) is linked up, time: 21:6:29, host: ID 6.
N/A.

16832044    2020-07-27 21:06:29    0x100F02440006    Event    Informational    --    None    The link between initiator (type FC, identifier 0x100000109b2f6492) of a host and the host port (Engine 0, expansion module B, port number H0) is linked up, time: 21:6:29, host: ID 6.
N/A.

16832043    2020-07-27 21:06:29    0x100F02440006    Event    Informational    --    None    The link between initiator (type FC, identifier 0x100000109b2f6492) of a host and the host port (Engine 0, expansion module B, port number H2) is linked up, time: 21:6:29, host: ID 6.
N/A.

16832030    2020-07-27 21:05:58    0x100F02440006    Event    Informational    --    None    The link between initiator (type FC, identifier 0x21000024ff1cc780) of a host and the host port (Engine 0, expansion module B, port number H1) is linked up, time: 21:5:58, host: ID 4.
N/A.

16832029    2020-07-27 21:05:58    0x100F02440006    Event    Informational    --    None    The link between initiator (type FC, identifier 0x21000024ff1cc780) of a host and the host port (Engine 0, expansion module A, port number H3) is linked up, time: 21:5:58, host: ID 4.
N/A.

16832028    2020-07-27 21:05:58    0x100F02440006    Event    Informational    --    None    The link between initiator (type FC, identifier 0x21000024ff1cc780) of a host and the host port (Engine 0, expansion module B, port number H3) is linked up, time: 21:5:58, host: ID 4.
N/A.

16832027    2020-07-27 21:05:57    0x100F02440006    Event    Informational    --    None    The link between initiator (type FC, identifier 0x21000024ff1cc780) of a host and the host port (Engine 0, expansion module A, port number H1) is linked up, time: 21:5:57, host: ID 4.
N/A.

16832025    2020-07-27 21:05:57    0x100F02440006    Event    Informational    --    None    The link between initiator (type FC, identifier 0x21000024ff15ace5) of a host and the host port (Engine 0, expansion module B, port number H2) is linked up, time: 21:5:57, host: ID 4.
N/A.

16832024    2020-07-27 21:05:57    0x100F02440006    Event    Informational    --    None    The link between initiator (type FC, identifier 0x21000024ff15ace5) of a host and the host port (Engine 0, expansion module A, port number H2) is linked up, time: 21:5:57, host: ID 4.
N/A.

16832023    2020-07-27 21:05:57    0x100F02440006    Event    Informational    --    None    The link between initiator (type FC, identifier 0x21000024ff15ace5) of a host and the host port (Engine 0, expansion module B, port number H0) is linked up, time: 21:5:57, host: ID 4.
N/A.

16832022    2020-07-27 21:05:57    0x100F02440006    Event    Informational    --    None    The link between initiator (type FC, identifier 0x21000024ff15ace5) of a host and the host port (Engine 0, expansion module A, port number H0) is linked up, time: 21:5:57, host: ID 4.
N/A.

16832005    2020-07-27 21:05:16    0x100F0015001C    Event    Major    --    None    UltraPath push information from host (ID 5) is not received at the preset time point or fails to be processed.
Step1 Install UltraPath of the latest version on the host. If the fault persists=>[Step2]. 
Step2 Collect related information and contact technical support engineers.

16832004    2020-07-27 21:05:16    0x100F0015001C    Event    Major    --    None    UltraPath push information from host (ID 5) is not received at the preset time point or fails to be processed.
Step1 Install UltraPath of the latest version on the host. If the fault persists=>[Step2]. 
Step2 Collect related information and contact technical support engineers.

16832003    2020-07-27 21:05:16    0x100F0015001C    Event    Major    --    None    UltraPath push information from host (ID 5) is not received at the preset time point or fails to be processed.
Step1 Install UltraPath of the latest version on the host. If the fault persists=>[Step2]. 
Step2 Collect related information and contact technical support engineers.

16832002    2020-07-27 21:05:16    0x100F0015001C    Event    Major    --    None    UltraPath push information from host (ID 5) is not received at the preset time point or fails to be processed.
Step1 Install UltraPath of the latest version on the host. If the fault persists=>[Step2]. 
Step2 Collect related information and contact technical support engineers.

16831981    2020-07-27 21:04:26    0x200F002A0015    Event    Informational    --    None    The login of the user (user name admin) from the source (10.33.36.225) succeeded.
N/A

16831962    2020-07-27 21:03:43    0x100F02440004    Event    Informational    --    None    The link between initiator (type FC, identifier 0x100000109b2f648f) of a host and the host port (Engine 0, expansion module B, port number H1) is disconnected, time: 21:3:43, host: ID 6.
N/A.

16831961    2020-07-27 21:03:43    0x100F02440004    Event    Informational    --    None    The link between initiator (type FC, identifier 0x100000109b2f6492) of a host and the host port (Engine 0, expansion module A, port number H2) is disconnected, time: 21:3:43, host: ID 6.
N/A.

16831960    2020-07-27 21:03:43    0x100F02440004    Event    Informational    --    None    The link between initiator (type FC, identifier 0x100000109b2f648f) of a host and the host port (Engine 0, expansion module A, port number H1) is disconnected, time: 21:3:43, host: ID 6.
N/A.

16831959    2020-07-27 21:03:43    0x100F02440004    Event    Informational    --    None    The link between initiator (type FC, identifier 0x100000109b2f6492) of a host and the host port (Engine 0, expansion module B, port number H2) is disconnected, time: 21:3:43, host: ID 6.
N/A.

16831958    2020-07-27 21:03:43    0x100F02440004    Event    Informational    --    None    The link between initiator (type FC, identifier 0x100000109b2f648f) of a host and the host port (Engine 0, expansion module A, port number H3) is disconnected, time: 21:3:43, host: ID 6.
N/A.

16831957    2020-07-27 21:03:43    0x100F02440004    Event    Informational    --    None    The link between initiator (type FC, identifier 0x100000109b2f6492) of a host and the host port (Engine 0, expansion module B, port number H0) is disconnected, time: 21:3:43, host: ID 6.
N/A.

16831956    2020-07-27 21:03:43    0x100F02440004    Event    Informational    --    None    The link between initiator (type FC, identifier 0x100000109b2f6492) of a host and the host port (Engine 0, expansion module A, port number H0) is disconnected, time: 21:3:43, host: ID 6.
N/A.

16831955    2020-07-27 21:03:43    0x100F02440004    Event    Informational    --    None    The link between initiator (type FC, identifier 0x100000109b2f648f) of a host and the host port (Engine 0, expansion module B, port number H3) is disconnected, time: 21:3:43, host: ID 6.
N/A.

16831895    2020-07-27 21:01:15    0x100F02440006    Event    Informational    --    None    The link between initiator (type FC, identifier 0x100000109b2f648f) of a host and the host port (Engine 0, expansion module B, port number H1) is linked up, time: 21:1:15, host: ID 6.
N/A.

16831894    2020-07-27 21:01:15    0x100F02440006    Event    Informational    --    None    The link between initiator (type FC, identifier 0x100000109b2f648f) of a host and the host port (Engine 0, expansion module A, port number H1) is linked up, time: 21:1:15, host: ID 6.
N/A.

16831893    2020-07-27 21:01:15    0x100F02440006    Event    Informational    --    None    The link between initiator (type FC, identifier 0x100000109b2f648f) of a host and the host port (Engine 0, expansion module A, port number H3) is linked up, time: 21:1:15, host: ID 6.
N/A.

16831892    2020-07-27 21:01:15    0x100F02440006    Event    Informational    --    None    The link between initiator (type FC, identifier 0x100000109b2f648f) of a host and the host port (Engine 0, expansion module B, port number H3) is linked up, time: 21:1:15, host: ID 6.
N/A.

16831889    2020-07-27 21:01:12    0x100F02440006    Event    Informational    --    None    The link between initiator (type FC, identifier 0x100000109b2f6492) of a host and the host port (Engine 0, expansion module B, port number H0) is linked up, time: 21:1:12, host: ID 6.
N/A.

16831888    2020-07-27 21:01:12    0x100F02440006    Event    Informational    --    None    The link between initiator (type FC, identifier 0x100000109b2f6492) of a host and the host port (Engine 0, expansion module A, port number H2) is linked up, time: 21:1:12, host: ID 6.
N/A.

16831887    2020-07-27 21:01:12    0x100F02440006    Event    Informational    --    None    The link between initiator (type FC, identifier 0x100000109b2f6492) of a host and the host port (Engine 0, expansion module B, port number H2) is linked up, time: 21:1:12, host: ID 6.
N/A.

16831886    2020-07-27 21:01:12    0x100F02440006    Event    Informational    --    None    The link between initiator (type FC, identifier 0x100000109b2f6492) of a host and the host port (Engine 0, expansion module A, port number H0) is linked up, time: 21:1:12, host: ID 6.
N/A.

16831864    2020-07-27 21:00:17    0x100F02440006    Event    Informational    --    None    The link between initiator (type FC, identifier 0x21000024ff1cd3ad) of a host and the host port (Engine 0, expansion module A, port number H3) is linked up, time: 21:0:17, host: ID 5.
N/A.

16831863    2020-07-27 21:00:17    0x100F02440006    Event    Informational    --    None    The link between initiator (type FC, identifier 0x21000024ff1cd3ad) of a host and the host port (Engine 0, expansion module B, port number H1) is linked up, time: 21:0:17, host: ID 5.
N/A.

16831862    2020-07-27 21:00:17    0x100F02440006    Event    Informational    --    None    The link between initiator (type FC, identifier 0x21000024ff1cd3ad) of a host and the host port (Engine 0, expansion module A, port number H1) is linked up, time: 21:0:17, host: ID 5.
N/A.

16831861    2020-07-27 21:00:17    0x100F02440006    Event    Informational    --    None    The link between initiator (type FC, identifier 0x21000024ff1cd3ad) of a host and the host port (Engine 0, expansion module B, port number H3) is linked up, time: 21:0:17, host: ID 5.
N/A.

16831860    2020-07-27 21:00:16    0x100F02440006    Event    Informational    --    None    The link between initiator (type FC, identifier 0x21000024ff1cc7e3) of a host and the host port (Engine 0, expansion module B, port number H0) is linked up, time: 21:0:16, host: ID 5.
N/A.

16831859    2020-07-27 21:00:16    0x100F02440006    Event    Informational    --    None    The link between initiator (type FC, identifier 0x21000024ff1cc7e3) of a host and the host port (Engine 0, expansion module A, port number H2) is linked up, time: 21:0:16, host: ID 5.
N/A.

16831858    2020-07-27 21:00:16    0x100F02440006    Event    Informational    --    None    The link between initiator (type FC, identifier 0x21000024ff1cc7e3) of a host and the host port (Engine 0, expansion module B, port number H2) is linked up, time: 21:0:16, host: ID 5.
N/A.

16831857    2020-07-27 21:00:16    0x100F02440006    Event    Informational    --    None    The link between initiator (type FC, identifier 0x21000024ff1cc7e3) of a host and the host port (Engine 0, expansion module A, port number H0) is linked up, time: 21:0:16, host: ID 5.
N/A.

16831852    2020-07-27 21:00:05    0x100F02440004    Event    Informational    --    None    The link between initiator (type FC, identifier 0x21000024ff1cc780) of a host and the host port (Engine 0, expansion module B, port number H3) is disconnected, time: 21:0:5, host: ID 4.
N/A.

16831851    2020-07-27 21:00:05    0x100F02440004    Event    Informational    --    None    The link between initiator (type FC, identifier 0x21000024ff1cc780) of a host and the host port (Engine 0, expansion module A, port number H3) is disconnected, time: 21:0:5, host: ID 4.
N/A.

16831850    2020-07-27 21:00:05    0x100F02440004    Event    Informational    --    None    The link between initiator (type FC, identifier 0x21000024ff1cc780) of a host and the host port (Engine 0, expansion module B, port number H1) is disconnected, time: 21:0:5, host: ID 4.
N/A.

16831849    2020-07-27 21:00:05    0x100F02440004    Event    Informational    --    None    The link between initiator (type FC, identifier 0x21000024ff1cc780) of a host and the host port (Engine 0, expansion module A, port number H1) is disconnected, time: 21:0:5, host: ID 4.
N/A.

16831848    2020-07-27 21:00:05    0x100F02440004    Event    Informational    --    None    The link between initiator (type FC, identifier 0x21000024ff15ace5) of a host and the host port (Engine 0, expansion module B, port number H2) is disconnected, time: 21:0:5, host: ID 4.
N/A.

16831808    2020-07-27 20:58:28    0x100F02440004    Event    Informational    --    None    The link between initiator (type FC, identifier 0x100000109b2f6492) of a host and the host port (Engine 0, expansion module A, port number H2) is disconnected, time: 20:58:28, host: ID 6.
N/A.

16831807    2020-07-27 20:58:28    0x100F02440004    Event    Informational    --    None    The link between initiator (type FC, identifier 0x100000109b2f6492) of a host and the host port (Engine 0, expansion module B, port number H0) is disconnected, time: 20:58:28, host: ID 6.
N/A.

16831806    2020-07-27 20:58:28    0x100F02440004    Event    Informational    --    None    The link between initiator (type FC, identifier 0x100000109b2f6492) of a host and the host port (Engine 0, expansion module A, port number H0) is disconnected, time: 20:58:28, host: ID 6.
N/A.

16831805    2020-07-27 20:58:28    0x100F02440004    Event    Informational    --    None    The link between initiator (type FC, identifier 0x100000109b2f6492) of a host and the host port (Engine 0, expansion module B, port number H2) is disconnected, time: 20:58:28, host: ID 6.
N/A.

16831804    2020-07-27 20:58:28    0x100F02440004    Event    Informational    --    None    The link between initiator (type FC, identifier 0x100000109b2f648f) of a host and the host port (Engine 0, expansion module B, port number H1) is disconnected, time: 20:58:28, host: ID 6.
N/A.

16831803    2020-07-27 20:58:28    0x100F02440004    Event    Informational    --    None    The link between initiator (type FC, identifier 0x100000109b2f648f) of a host and the host port (Engine 0, expansion module A, port number H3) is disconnected, time: 20:58:28, host: ID 6.
N/A.

16831802    2020-07-27 20:58:28    0x100F02440004    Event    Informational    --    None    The link between initiator (type FC, identifier 0x100000109b2f648f) of a host and the host port (Engine 0, expansion module A, port number H1) is disconnected, time: 20:58:28, host: ID 6.
N/A.

16831801    2020-07-27 20:58:28    0x100F02440004    Event    Informational    --    None    The link between initiator (type FC, identifier 0x100000109b2f648f) of a host and the host port (Engine 0, expansion module B, port number H3) is disconnected, time: 20:58:28, host: ID 6.
N/A.

16831701    2020-07-27 20:54:24    0x100F02440004    Event    Informational    --    None    The link between initiator (type FC, identifier 0x21000024ff1cd3ad) of a host and the host port (Engine 0, expansion module B, port number H3) is disconnected, time: 20:54:24, host: ID 5.
N/A.

16831700    2020-07-27 20:54:24    0x100F02440004    Event    Informational    --    None    The link between initiator (type FC, identifier 0x21000024ff1cc7e3) of a host and the host port (Engine 0, expansion module B, port number H2) is disconnected, time: 20:54:24, host: ID 5.
N/A.

16831699    2020-07-27 20:54:24    0x100F02440004    Event    Informational    --    None    The link between initiator (type FC, identifier 0x21000024ff1cc7e3) of a host and the host port (Engine 0, expansion module A, port number H0) is disconnected, time: 20:54:24, host: ID 5.
N/A.

16831698    2020-07-27 20:54:24    0x100F02440004    Event    Informational    --    None    The link between initiator (type FC, identifier 0x21000024ff1cd3ad) of a host and the host port (Engine 0, expansion module B, port number H1) is disconnected, time: 20:54:24, host: ID 5.
N/A.

16831697    2020-07-27 20:54:24    0x100F02440004    Event    Informational    --    None    The link between initiator (type FC, identifier 0x21000024ff1cd3ad) of a host and the host port (Engine 0, expansion module A, port number H1) is disconnected, time: 20:54:24, host: ID 5.
N/A.

16831696    2020-07-27 20:54:24    0x100F02440004    Event    Informational    --    None    The link between initiator (type FC, identifier 0x21000024ff1cd3ad) of a host and the host port (Engine 0, expansion module A, port number H3) is disconnected, time: 20:54:24, host: ID 5.
N/A.

16831695    2020-07-27 20:54:24    0x100F02440004    Event    Informational    --    None    The link between initiator (type FC, identifier 0x21000024ff1cc7e3) of a host and the host port (Engine 0, expansion module B, port number H0) is disconnected, time: 20:54:24, host: ID 5.
N/A.

16831694    2020-07-27 20:54:24    0x100F02440004    Event    Informational    --    None    The link between initiator (type FC, identifier 0x21000024ff1cc7e3) of a host and the host port (Engine 0, expansion module A, port number H2) is disconnected, time: 20:54:24, host: ID 5.
N/A.

16831629    2020-07-27 20:51:44    0x100F02440006    Event    Informational    --    None    The link between initiator (type FC, identifier 0x21000024ff1cd3ad) of a host and the host port (Engine 0, expansion module B, port number H1) is linked up, time: 20:51:44, host: ID 5.
N/A.

16831628    2020-07-27 20:51:44    0x100F02440006    Event    Informational    --    None    The link between initiator (type FC, identifier 0x21000024ff1cd3ad) of a host and the host port (Engine 0, expansion module A, port number H3) is linked up, time: 20:51:44, host: ID 5.
N/A.

16831627    2020-07-27 20:51:44    0x100F02440006    Event    Informational    --    None    The link between initiator (type FC, identifier 0x21000024ff1cd3ad) of a host and the host port (Engine 0, expansion module B, port number H3) is linked up, time: 20:51:44, host: ID 5.
N/A.

16831626    2020-07-27 20:51:44    0x100F02440006    Event    Informational    --    None    The link between initiator (type FC, identifier 0x21000024ff1cd3ad) of a host and the host port (Engine 0, expansion module A, port number H1) is linked up, time: 20:51:44, host: ID 5.
N/A.

16831625    2020-07-27 20:51:44    0x100F02440006    Event    Informational    --    None    The link between initiator (type FC, identifier 0x21000024ff1cc7e3) of a host and the host port (Engine 0, expansion module B, port number H0) is linked up, time: 20:51:44, host: ID 5.
N/A.

16831624    2020-07-27 20:51:44    0x100F02440006    Event    Informational    --    None    The link between initiator (type FC, identifier 0x21000024ff1cc7e3) of a host and the host port (Engine 0, expansion module A, port number H2) is linked up, time: 20:51:44, host: ID 5.
N/A.

16831623    2020-07-27 20:51:44    0x100F02440006    Event    Informational    --    None    The link between initiator (type FC, identifier 0x21000024ff1cc7e3) of a host and the host port (Engine 0, expansion module B, port number H2) is linked up, time: 20:51:44, host: ID 5.
N/A.

16831622    2020-07-27 20:51:44    0x100F02440006    Event    Informational    --    None    The link between initiator (type FC, identifier 0x21000024ff1cc7e3) of a host and the host port (Engine 0, expansion module A, port number H0) is linked up, time: 20:51:44, host: ID 5.
N/A.

16831573    2020-07-27 20:49:44    0x100F0015001C    Event    Major    --    None    UltraPath push information from host (ID 7) is not received at the preset time point or fails to be processed.
Step1 Install UltraPath of the latest version on the host. If the fault persists=>[Step2]. 
Step2 Collect related information and contact technical support engineers.

16831572    2020-07-27 20:49:44    0x100F0015001C    Event    Major    --    None    UltraPath push information from host (ID 7) is not received at the preset time point or fails to be processed.
Step1 Install UltraPath of the latest version on the host. If the fault persists=>[Step2]. 
Step2 Collect related information and contact technical support engineers.

16831571    2020-07-27 20:49:44    0x100F0015001C    Event    Major    --    None    UltraPath push information from host (ID 7) is not received at the preset time point or fails to be processed.
Step1 Install UltraPath of the latest version on the host. If the fault persists=>[Step2]. 
Step2 Collect related information and contact technical support engineers.

16831570    2020-07-27 20:49:44    0x100F0015001C    Event    Major    --    None    UltraPath push information from host (ID 7) is not received at the preset time point or fails to be processed.
Step1 Install UltraPath of the latest version on the host. If the fault persists=>[Step2]. 
Step2 Collect related information and contact technical support engineers.

16831522    2020-07-27 20:47:44    0x100F0015001C    Event    Major    --    None    UltraPath push information from host (ID 7) is not received at the preset time point or fails to be processed.
Step1 Install UltraPath of the latest version on the host. If the fault persists=>[Step2]. 
Step2 Collect related information and contact technical support engineers.

16831521    2020-07-27 20:47:44    0x100F0015001C    Event    Major    --    None    UltraPath push information from host (ID 7) is not received at the preset time point or fails to be processed.
Step1 Install UltraPath of the latest version on the host. If the fault persists=>[Step2]. 
Step2 Collect related information and contact technical support engineers.

16831520    2020-07-27 20:47:44    0x100F0015001C    Event    Major    --    None    UltraPath push information from host (ID 7) is not received at the preset time point or fails to be processed.
Step1 Install UltraPath of the latest version on the host. If the fault persists=>[Step2]. 
Step2 Collect related information and contact technical support engineers.

16831519    2020-07-27 20:47:44    0x100F0015001C    Event    Major    --    None    UltraPath push information from host (ID 7) is not received at the preset time point or fails to be processed.
Step1 Install UltraPath of the latest version on the host. If the fault persists=>[Step2]. 
Step2 Collect related information and contact technical support engineers.

16831474    2020-07-27 20:45:54    0x100F02440004    Event    Informational    --    None    The link between initiator (type FC, identifier 0x21000024ff1cd3ad) of a host and the host port (Engine 0, expansion module B, port number H3) is disconnected, time: 20:45:54, host: ID 5.
N/A.

16831473    2020-07-27 20:45:54    0x100F02440004    Event    Informational    --    None    The link between initiator (type FC, identifier 0x21000024ff1cd3ad) of a host and the host port (Engine 0, expansion module B, port number H1) is disconnected, time: 20:45:54, host: ID 5.
N/A.

16831472    2020-07-27 20:45:54    0x100F02440004    Event    Informational    --    None    The link between initiator (type FC, identifier 0x21000024ff1cc7e3) of a host and the host port (Engine 0, expansion module B, port number H2) is disconnected, time: 20:45:54, host: ID 5.
N/A.

16831471    2020-07-27 20:45:54    0x100F02440004    Event    Informational    --    None    The link between initiator (type FC, identifier 0x21000024ff1cd3ad) of a host and the host port (Engine 0, expansion module A, port number H3) is disconnected, time: 20:45:54, host: ID 5.
N/A.

16831470    2020-07-27 20:45:54    0x100F02440004    Event    Informational    --    None    The link between initiator (type FC, identifier 0x21000024ff1cd3ad) of a host and the host port (Engine 0, expansion module A, port number H1) is disconnected, time: 20:45:54, host: ID 5.
N/A.

16831399    2020-07-27 20:42:56    0x100F02440006    Event    Informational    --    None    The link between initiator (type FC, identifier 0x100000109b10aa8e) of a host and the host port (Engine 0, expansion module A, port number H1) is linked up, time: 20:42:56, host: ID 7.
N/A.

16831398    2020-07-27 20:42:56    0x100F02440006    Event    Informational    --    None    The link between initiator (type FC, identifier 0x100000109b10aa8e) of a host and the host port (Engine 0, expansion module B, port number H3) is linked up, time: 20:42:56, host: ID 7.
N/A.

16831397    2020-07-27 20:42:56    0x100F02440006    Event    Informational    --    None    The link between initiator (type FC, identifier 0x100000109b10aa8e) of a host and the host port (Engine 0, expansion module B, port number H1) is linked up, time: 20:42:56, host: ID 7.
N/A.

16831396    2020-07-27 20:42:56    0x100F02440006    Event    Informational    --    None    The link between initiator (type FC, identifier 0x100000109b10aa8e) of a host and the host port (Engine 0, expansion module A, port number H3) is linked up, time: 20:42:56, host: ID 7.
N/A.

16831394    2020-07-27 20:42:53    0x100F02440006    Event    Informational    --    None    The link between initiator (type FC, identifier 0x100000109b10ad9c) of a host and the host port (Engine 0, expansion module A, port number H2) is linked up, time: 20:42:53, host: ID 7.
N/A.

16831393    2020-07-27 20:42:53    0x100F02440006    Event    Informational    --    None    The link between initiator (type FC, identifier 0x100000109b10ad9c) of a host and the host port (Engine 0, expansion module B, port number H2) is linked up, time: 20:42:53, host: ID 7.
N/A.

16831392    2020-07-27 20:42:53    0x100F02440006    Event    Informational    --    None    The link between initiator (type FC, identifier 0x100000109b10ad9c) of a host and the host port (Engine 0, expansion module A, port number H0) is linked up, time: 20:42:53, host: ID 7.
N/A.

16831391    2020-07-27 20:42:53    0x100F02440006    Event    Informational    --    None    The link between initiator (type FC, identifier 0x100000109b10ad9c) of a host and the host port (Engine 0, expansion module B, port number H0) is linked up, time: 20:42:53, host: ID 7.
N/A.

16831325    2020-07-27 20:40:11    0x100F02440004    Event    Informational    --    None    The link between initiator (type FC, identifier 0x100000109b10aa8e) of a host and the host port (Engine 0, expansion module B, port number H1) is disconnected, time: 20:40:11, host: ID 7.
N/A.

16831324    2020-07-27 20:40:11    0x100F02440004    Event    Informational    --    None    The link between initiator (type FC, identifier 0x100000109b10aa8e) of a host and the host port (Engine 0, expansion module B, port number H3) is disconnected, time: 20:40:11, host: ID 7.
N/A.

16831323    2020-07-27 20:40:11    0x100F02440004    Event    Informational    --    None    The link between initiator (type FC, identifier 0x100000109b10aa8e) of a host and the host port (Engine 0, expansion module A, port number H1) is disconnected, time: 20:40:11, host: ID 7.
N/A.

16831322    2020-07-27 20:40:11    0x100F02440004    Event    Informational    --    None    The link between initiator (type FC, identifier 0x100000109b10aa8e) of a host and the host port (Engine 0, expansion module A, port number H3) is disconnected, time: 20:40:11, host: ID 7.
N/A.

16831321    2020-07-27 20:40:11    0x100F02440004    Event    Informational    --    None    The link between initiator (type FC, identifier 0x100000109b10ad9c) of a host and the host port (Engine 0, expansion module A, port number H0) is disconnected, time: 20:40:11, host: ID 7.
N/A.

16831320    2020-07-27 20:40:11    0x100F02440004    Event    Informational    --    None    The link between initiator (type FC, identifier 0x100000109b10ad9c) of a host and the host port (Engine 0, expansion module B, port number H0) is disconnected, time: 20:40:11, host: ID 7.
N/A.

16831319    2020-07-27 20:40:11    0x100F02440004    Event    Informational    --    None    The link between initiator (type FC, identifier 0x100000109b10ad9c) of a host and the host port (Engine 0, expansion module A, port number H2) is disconnected, time: 20:40:11, host: ID 7.
N/A.

16831318    2020-07-27 20:40:11    0x100F02440004    Event    Informational    --    None    The link between initiator (type FC, identifier 0x100000109b10ad9c) of a host and the host port (Engine 0, expansion module B, port number H2) is disconnected, time: 20:40:11, host: ID 7.
N/A.

16831209    2020-07-27 20:35:43    0x100F0015001C    Event    Major    --    None    UltraPath push information from host (ID 7) is not received at the preset time point or fails to be processed.
Step1 Install UltraPath of the latest version on the host. If the fault persists=>[Step2]. 
Step2 Collect related information and contact technical support engineers.

16831208    2020-07-27 20:35:43    0x100F0015001C    Event    Major    --    None    UltraPath push information from host (ID 7) is not received at the preset time point or fails to be processed.
Step1 Install UltraPath of the latest version on the host. If the fault persists=>[Step2]. 
Step2 Collect related information and contact technical support engineers.

16831207    2020-07-27 20:35:43    0x100F0015001C    Event    Major    --    None    UltraPath push information from host (ID 7) is not received at the preset time point or fails to be processed.
Step1 Install UltraPath of the latest version on the host. If the fault persists=>[Step2]. 
Step2 Collect related information and contact technical support engineers.

16831206    2020-07-27 20:35:43    0x100F0015001C    Event    Major    --    None    UltraPath push information from host (ID 7) is not received at the preset time point or fails to be processed.
Step1 Install UltraPath of the latest version on the host. If the fault persists=>[Step2]. 
Step2 Collect related information and contact technical support engineers.

16831158    2020-07-27 20:33:43    0x100F0015001C    Event    Major    --    None    UltraPath push information from host (ID 7) is not received at the preset time point or fails to be processed.
Step1 Install UltraPath of the latest version on the host. If the fault persists=>[Step2]. 
Step2 Collect related information and contact technical support engineers.

16831157    2020-07-27 20:33:43    0x100F0015001C    Event    Major    --    None    UltraPath push information from host (ID 7) is not received at the preset time point or fails to be processed.
Step1 Install UltraPath of the latest version on the host. If the fault persists=>[Step2]. 
Step2 Collect related information and contact technical support engineers.

16831156    2020-07-27 20:33:43    0x100F0015001C    Event    Major    --    None    UltraPath push information from host (ID 7) is not received at the preset time point or fails to be processed.
Step1 Install UltraPath of the latest version on the host. If the fault persists=>[Step2]. 
Step2 Collect related information and contact technical support engineers.

16831155    2020-07-27 20:33:43    0x100F0015001C    Event    Major    --    None    UltraPath push information from host (ID 7) is not received at the preset time point or fails to be processed.
Step1 Install UltraPath of the latest version on the host. If the fault persists=>[Step2]. 
Step2 Collect related information and contact technical support engineers.

16831065    2020-07-27 20:29:54    0x100F02440006    Event    Informational    --    None    The link between initiator (type FC, identifier 0x100000109b10aa8e) of a host and the host port (Engine 0, expansion module A, port number H1) is linked up, time: 20:29:54, host: ID 7.
N/A.

16831064    2020-07-27 20:29:54    0x100F02440006    Event    Informational    --    None    The link between initiator (type FC, identifier 0x100000109b10aa8e) of a host and the host port (Engine 0, expansion module A, port number H3) is linked up, time: 20:29:54, host: ID 7.
N/A.

16831063    2020-07-27 20:29:54    0x100F02440006    Event    Informational    --    None    The link between initiator (type FC, identifier 0x100000109b10aa8e) of a host and the host port (Engine 0, expansion module B, port number H3) is linked up, time: 20:29:54, host: ID 7.
N/A.

16831062    2020-07-27 20:29:54    0x100F02440006    Event    Informational    --    None    The link between initiator (type FC, identifier 0x100000109b10aa8e) of a host and the host port (Engine 0, expansion module B, port number H1) is linked up, time: 20:29:54, host: ID 7.
N/A.

16831060    2020-07-27 20:29:51    0x100F02440006    Event    Informational    --    None    The link between initiator (type FC, identifier 0x100000109b10ad9c) of a host and the host port (Engine 0, expansion module B, port number H0) is linked up, time: 20:29:51, host: ID 7.
N/A.

16831059    2020-07-27 20:29:51    0x100F02440006    Event    Informational    --    None    The link between initiator (type FC, identifier 0x100000109b10ad9c) of a host and the host port (Engine 0, expansion module A, port number H2) is linked up, time: 20:29:51, host: ID 7.
N/A.

16831058    2020-07-27 20:29:51    0x100F02440006    Event    Informational    --    None    The link between initiator (type FC, identifier 0x100000109b10ad9c) of a host and the host port (Engine 0, expansion module B, port number H2) is linked up, time: 20:29:51, host: ID 7.
N/A.

16831057    2020-07-27 20:29:51    0x100F02440006    Event    Informational    --    None    The link between initiator (type FC, identifier 0x100000109b10ad9c) of a host and the host port (Engine 0, expansion module A, port number H0) is linked up, time: 20:29:51, host: ID 7.
N/A.

16830991    2020-07-27 20:27:02    0x200F002A0019    Event    Informational    --    None    The logout of the user (user name admin) from the source (10.33.36.225) succeeded.
N/A

16830461    2020-07-27 20:04:09    0x100F0015001C    Event    Major    --    None    UltraPath push information from host (ID 6) is not received at the preset time point or fails to be processed.
Step1 Install UltraPath of the latest version on the host. If the fault persists=>[Step2]. 
Step2 Collect related information and contact technical support engineers.

16830460    2020-07-27 20:04:09    0x100F0015001C    Event    Major    --    None    UltraPath push information from host (ID 6) is not received at the preset time point or fails to be processed.
Step1 Install UltraPath of the latest version on the host. If the fault persists=>[Step2]. 
Step2 Collect related information and contact technical support engineers.

16830459    2020-07-27 20:04:09    0x100F0015001C    Event    Major    --    None    UltraPath push information from host (ID 6) is not received at the preset time point or fails to be processed.
Step1 Install UltraPath of the latest version on the host. If the fault persists=>[Step2]. 
Step2 Collect related information and contact technical support engineers.

16830458    2020-07-27 20:04:09    0x100F0015001C    Event    Major    --    None    UltraPath push information from host (ID 6) is not received at the preset time point or fails to be processed.
Step1 Install UltraPath of the latest version on the host. If the fault persists=>[Step2]. 
Step2 Collect related information and contact technical support engineers.

16830412    2020-07-27 20:02:09    0x100F0015001C    Event    Major    --    None    UltraPath push information from host (ID 6) is not received at the preset time point or fails to be processed.
Step1 Install UltraPath of the latest version on the host. If the fault persists=>[Step2]. 
Step2 Collect related information and contact technical support engineers.

16830411    2020-07-27 20:02:09    0x100F0015001C    Event    Major    --    None    UltraPath push information from host (ID 6) is not received at the preset time point or fails to be processed.
Step1 Install UltraPath of the latest version on the host. If the fault persists=>[Step2]. 
Step2 Collect related information and contact technical support engineers.

16830410    2020-07-27 20:02:09    0x100F0015001C    Event    Major    --    None    UltraPath push information from host (ID 6) is not received at the preset time point or fails to be processed.
Step1 Install UltraPath of the latest version on the host. If the fault persists=>[Step2]. 
Step2 Collect related information and contact technical support engineers.

16830409    2020-07-27 20:02:09    0x100F0015001C    Event    Major    --    None    UltraPath push information from host (ID 6) is not received at the preset time point or fails to be processed.
Step1 Install UltraPath of the latest version on the host. If the fault persists=>[Step2]. 
Step2 Collect related information and contact technical support engineers.

16830308    2020-07-27 19:57:51    0x100F02440006    Event    Informational    --    None    The link between initiator (type FC, identifier 0x100000109b2f648f) of a host and the host port (Engine 0, expansion module B, port number H3) is linked up, time: 19:57:51, host: ID 6.
N/A.

16830307    2020-07-27 19:57:51    0x100F02440006    Event    Informational    --    None    The link between initiator (type FC, identifier 0x100000109b2f648f) of a host and the host port (Engine 0, expansion module A, port number H1) is linked up, time: 19:57:51, host: ID 6.
N/A.

16830306    2020-07-27 19:57:51    0x100F02440006    Event    Informational    --    None    The link between initiator (type FC, identifier 0x100000109b2f648f) of a host and the host port (Engine 0, expansion module B, port number H1) is linked up, time: 19:57:51, host: ID 6.
N/A.

16830305    2020-07-27 19:57:51    0x100F02440006    Event    Informational    --    None    The link between initiator (type FC, identifier 0x100000109b2f648f) of a host and the host port (Engine 0, expansion module A, port number H3) is linked up, time: 19:57:51, host: ID 6.
N/A.

16830303    2020-07-27 19:57:48    0x100F02440006    Event    Informational    --    None    The link between initiator (type FC, identifier 0x100000109b2f6492) of a host and the host port (Engine 0, expansion module A, port number H0) is linked up, time: 19:57:48, host: ID 6.
N/A.

16830302    2020-07-27 19:57:48    0x100F02440006    Event    Informational    --    None    The link between initiator (type FC, identifier 0x100000109b2f6492) of a host and the host port (Engine 0, expansion module B, port number H0) is linked up, time: 19:57:48, host: ID 6.
N/A.

16830301    2020-07-27 19:57:48    0x100F02440006    Event    Informational    --    None    The link between initiator (type FC, identifier 0x100000109b2f6492) of a host and the host port (Engine 0, expansion module A, port number H2) is linked up, time: 19:57:48, host: ID 6.
N/A.

16830300    2020-07-27 19:57:48    0x100F02440006    Event    Informational    --    None    The link between initiator (type FC, identifier 0x100000109b2f6492) of a host and the host port (Engine 0, expansion module B, port number H2) is linked up, time: 19:57:48, host: ID 6.
N/A.

16830237    2020-07-27 19:55:07    0x100F02440004    Event    Informational    --    None    The link between initiator (type FC, identifier 0x100000109b2f648f) of a host and the host port (Engine 0, expansion module B, port number H1) is disconnected, time: 19:55:7, host: ID 6.
N/A.

16830236    2020-07-27 19:55:07    0x100F02440004    Event    Informational    --    None    The link between initiator (type FC, identifier 0x100000109b2f648f) of a host and the host port (Engine 0, expansion module B, port number H3) is disconnected, time: 19:55:7, host: ID 6.
N/A.

16830235    2020-07-27 19:55:07    0x100F02440004    Event    Informational    --    None    The link between initiator (type FC, identifier 0x100000109b2f648f) of a host and the host port (Engine 0, expansion module A, port number H1) is disconnected, time: 19:55:7, host: ID 6.
N/A.

16830234    2020-07-27 19:55:07    0x100F02440004    Event    Informational    --    None    The link between initiator (type FC, identifier 0x100000109b2f6492) of a host and the host port (Engine 0, expansion module B, port number H0) is disconnected, time: 19:55:7, host: ID 6.
N/A.

16830233    2020-07-27 19:55:07    0x100F02440004    Event    Informational    --    None    The link between initiator (type FC, identifier 0x100000109b2f6492) of a host and the host port (Engine 0, expansion module A, port number H0) is disconnected, time: 19:55:7, host: ID 6.
N/A.

16830232    2020-07-27 19:55:07    0x100F02440004    Event    Informational    --    None    The link between initiator (type FC, identifier 0x100000109b2f648f) of a host and the host port (Engine 0, expansion module A, port number H3) is disconnected, time: 19:55:7, host: ID 6.
N/A.

16830231    2020-07-27 19:55:07    0x100F02440004    Event    Informational    --    None    The link between initiator (type FC, identifier 0x100000109b2f6492) of a host and the host port (Engine 0, expansion module B, port number H2) is disconnected, time: 19:55:7, host: ID 6.
N/A.

16830230    2020-07-27 19:55:07    0x100F02440004    Event    Informational    --    None    The link between initiator (type FC, identifier 0x100000109b2f6492) of a host and the host port (Engine 0, expansion module A, port number H2) is disconnected, time: 19:55:7, host: ID 6.
N/A.

16830193    2020-07-27 19:53:37    0x100F0015001C    Event    Major    --    None    UltraPath push information from host (ID 6) is not received at the preset time point or fails to be processed.
Step1 Install UltraPath of the latest version on the host. If the fault persists=>[Step2]. 
Step2 Collect related information and contact technical support engineers.

16830192    2020-07-27 19:53:37    0x100F0015001C    Event    Major    --    None    UltraPath push information from host (ID 6) is not received at the preset time point or fails to be processed.
Step1 Install UltraPath of the latest version on the host. If the fault persists=>[Step2]. 
Step2 Collect related information and contact technical support engineers.

16830191    2020-07-27 19:53:37    0x100F0015001C    Event    Major    --    None    UltraPath push information from host (ID 6) is not received at the preset time point or fails to be processed.
Step1 Install UltraPath of the latest version on the host. If the fault persists=>[Step2]. 
Step2 Collect related information and contact technical support engineers.

16830190    2020-07-27 19:53:37    0x100F0015001C    Event    Major    --    None    UltraPath push information from host (ID 6) is not received at the preset time point or fails to be processed.
Step1 Install UltraPath of the latest version on the host. If the fault persists=>[Step2]. 
Step2 Collect related information and contact technical support engineers.

16830140    2020-07-27 19:51:37    0x100F0015001C    Event    Major    --    None    UltraPath push information from host (ID 6) is not received at the preset time point or fails to be processed.
Step1 Install UltraPath of the latest version on the host. If the fault persists=>[Step2]. 
Step2 Collect related information and contact technical support engineers.

16830139    2020-07-27 19:51:37    0x100F0015001C    Event    Major    --    None    UltraPath push information from host (ID 6) is not received at the preset time point or fails to be processed.
Step1 Install UltraPath of the latest version on the host. If the fault persists=>[Step2]. 
Step2 Collect related information and contact technical support engineers.

16830138    2020-07-27 19:51:37    0x100F0015001C    Event    Major    --    None    UltraPath push information from host (ID 6) is not received at the preset time point or fails to be processed.
Step1 Install UltraPath of the latest version on the host. If the fault persists=>[Step2]. 
Step2 Collect related information and contact technical support engineers.

16830137    2020-07-27 19:51:37    0x100F0015001C    Event    Major    --    None    UltraPath push information from host (ID 6) is not received at the preset time point or fails to be processed.
Step1 Install UltraPath of the latest version on the host. If the fault persists=>[Step2]. 
Step2 Collect related information and contact technical support engineers.

16830037    2020-07-27 19:47:17    0x100F02440006    Event    Informational    --    None    The link between initiator (type FC, identifier 0x100000109b2f648f) of a host and the host port (Engine 0, expansion module B, port number H3) is linked up, time: 19:47:17, host: ID 6.
N/A.

16830036    2020-07-27 19:47:17    0x100F02440006    Event    Informational    --    None    The link between initiator (type FC, identifier 0x100000109b2f648f) of a host and the host port (Engine 0, expansion module A, port number H1) is linked up, time: 19:47:17, host: ID 6.
N/A.

16830035    2020-07-27 19:47:17    0x100F02440006    Event    Informational    --    None    The link between initiator (type FC, identifier 0x100000109b2f648f) of a host and the host port (Engine 0, expansion module B, port number H1) is linked up, time: 19:47:17, host: ID 6.
N/A.

16830034    2020-07-27 19:47:17    0x100F02440006    Event    Informational    --    None    The link between initiator (type FC, identifier 0x100000109b2f648f) of a host and the host port (Engine 0, expansion module A, port number H3) is linked up, time: 19:47:17, host: ID 6.
N/A.

16830032    2020-07-27 19:47:13    0x100F02440006    Event    Informational    --    None    The link between initiator (type FC, identifier 0x100000109b2f6492) of a host and the host port (Engine 0, expansion module A, port number H0) is linked up, time: 19:47:13, host: ID 6.
N/A.

16830031    2020-07-27 19:47:13    0x100F02440006    Event    Informational    --    None    The link between initiator (type FC, identifier 0x100000109b2f6492) of a host and the host port (Engine 0, expansion module B, port number H0) is linked up, time: 19:47:13, host: ID 6.
N/A.

16830030    2020-07-27 19:47:13    0x100F02440006    Event    Informational    --    None    The link between initiator (type FC, identifier 0x100000109b2f6492) of a host and the host port (Engine 0, expansion module A, port number H2) is linked up, time: 19:47:13, host: ID 6.
N/A.

16830029    2020-07-27 19:47:13    0x100F02440006    Event    Informational    --    None    The link between initiator (type FC, identifier 0x100000109b2f6492) of a host and the host port (Engine 0, expansion module B, port number H2) is linked up, time: 19:47:13, host: ID 6.
N/A.

16829965    2020-07-27 19:44:35    0x100F02440004    Event    Informational    --    None    The link between initiator (type FC, identifier 0x100000109b2f6492) of a host and the host port (Engine 0, expansion module A, port number H2) is disconnected, time: 19:44:35, host: ID 6.
N/A.

16829964    2020-07-27 19:44:35    0x100F02440004    Event    Informational    --    None    The link between initiator (type FC, identifier 0x100000109b2f6492) of a host and the host port (Engine 0, expansion module B, port number H2) is disconnected, time: 19:44:35, host: ID 6.
N/A.

16829963    2020-07-27 19:44:35    0x100F02440004    Event    Informational    --    None    The link between initiator (type FC, identifier 0x100000109b2f648f) of a host and the host port (Engine 0, expansion module B, port number H1) is disconnected, time: 19:44:35, host: ID 6.
N/A.

16829962    2020-07-27 19:44:35    0x100F02440004    Event    Informational    --    None    The link between initiator (type FC, identifier 0x100000109b2f648f) of a host and the host port (Engine 0, expansion module B, port number H3) is disconnected, time: 19:44:35, host: ID 6.
N/A.

16829961    2020-07-27 19:44:35    0x100F02440004    Event    Informational    --    None    The link between initiator (type FC, identifier 0x100000109b2f648f) of a host and the host port (Engine 0, expansion module A, port number H3) is disconnected, time: 19:44:35, host: ID 6.
N/A.

16829960    2020-07-27 19:44:35    0x100F02440004    Event    Informational    --    None    The link between initiator (type FC, identifier 0x100000109b2f6492) of a host and the host port (Engine 0, expansion module A, port number H0) is disconnected, time: 19:44:35, host: ID 6.
N/A.

16829959    2020-07-27 19:44:35    0x100F02440004    Event    Informational    --    None    The link between initiator (type FC, identifier 0x100000109b2f6492) of a host and the host port (Engine 0, expansion module B, port number H0) is disconnected, time: 19:44:35, host: ID 6.
N/A.

16829958    2020-07-27 19:44:35    0x100F02440004    Event    Informational    --    None    The link between initiator (type FC, identifier 0x100000109b2f648f) of a host and the host port (Engine 0, expansion module A, port number H1) is disconnected, time: 19:44:35, host: ID 6.
N/A.

16829896    2020-07-27 19:42:02    0x200F002A0019    Event    Informational    --    None    The logout of the user (user name mm_user) from the source (127.0.0.1) succeeded.
N/A

16829775    2020-07-27 19:36:58    0x200F002A0015    Event    Informational    --    None    The login of the user (user name mm_user) from the source (127.0.0.1) succeeded.
N/A

16829302    2020-07-27 19:16:33    0x100F0015001C    Event    Major    --    None    UltraPath push information from host (ID 8) is not received at the preset time point or fails to be processed.
Step1 Install UltraPath of the latest version on the host. If the fault persists=>[Step2]. 
Step2 Collect related information and contact technical support engineers.

16829301    2020-07-27 19:16:33    0x100F0015001C    Event    Major    --    None    UltraPath push information from host (ID 10) is not received at the preset time point or fails to be processed.
Step1 Install UltraPath of the latest version on the host. If the fault persists=>[Step2]. 
Step2 Collect related information and contact technical support engineers.

16829300    2020-07-27 19:16:33    0x100F0015001C    Event    Major    --    None    UltraPath push information from host (ID 9) is not received at the preset time point or fails to be processed.
Step1 Install UltraPath of the latest version on the host. If the fault persists=>[Step2]. 
Step2 Collect related information and contact technical support engineers.

16829299    2020-07-27 19:16:33    0x100F0015001C    Event    Major    --    None    UltraPath push information from host (ID 8) is not received at the preset time point or fails to be processed.
Step1 Install UltraPath of the latest version on the host. If the fault persists=>[Step2]. 
Step2 Collect related information and contact technical support engineers.

16829298    2020-07-27 19:16:33    0x100F0015001C    Event    Major    --    None    UltraPath push information from host (ID 10) is not received at the preset time point or fails to be processed.
Step1 Install UltraPath of the latest version on the host. If the fault persists=>[Step2]. 
Step2 Collect related information and contact technical support engineers.

16829297    2020-07-27 19:16:33    0x100F0015001C    Event    Major    --    None    UltraPath push information from host (ID 9) is not received at the preset time point or fails to be processed.
Step1 Install UltraPath of the latest version on the host. If the fault persists=>[Step2]. 
Step2 Collect related information and contact technical support engineers.

16829292    2020-07-27 19:16:21    0x200F002A0015    Event    Informational    --    None    The login of the user (user name admin) from the source (10.33.36.225) succeeded.
N/A

16829265    2020-07-27 19:15:03    0x100F0015001C    Event    Major    --    None    UltraPath push information from host (ID 8) is not received at the preset time point or fails to be processed.
Step1 Install UltraPath of the latest version on the host. If the fault persists=>[Step2]. 
Step2 Collect related information and contact technical support engineers.

16829264    2020-07-27 19:15:03    0x100F0015001C    Event    Major    --    None    UltraPath push information from host (ID 10) is not received at the preset time point or fails to be processed.
Step1 Install UltraPath of the latest version on the host. If the fault persists=>[Step2]. 
Step2 Collect related information and contact technical support engineers.

16829263    2020-07-27 19:15:03    0x100F0015001C    Event    Major    --    None    UltraPath push information from host (ID 9) is not received at the preset time point or fails to be processed.
Step1 Install UltraPath of the latest version on the host. If the fault persists=>[Step2]. 
Step2 Collect related information and contact technical support engineers.

16829262    2020-07-27 19:15:03    0x100F0015001C    Event    Major    --    None    UltraPath push information from host (ID 8) is not received at the preset time point or fails to be processed.
Step1 Install UltraPath of the latest version on the host. If the fault persists=>[Step2]. 
Step2 Collect related information and contact technical support engineers.

16829261    2020-07-27 19:15:03    0x100F0015001C    Event    Major    --    None    UltraPath push information from host (ID 10) is not received at the preset time point or fails to be processed.
Step1 Install UltraPath of the latest version on the host. If the fault persists=>[Step2]. 
Step2 Collect related information and contact technical support engineers.

16829260    2020-07-27 19:15:03    0x100F0015001C    Event    Major    --    None    UltraPath push information from host (ID 9) is not received at the preset time point or fails to be processed.
Step1 Install UltraPath of the latest version on the host. If the fault persists=>[Step2]. 
Step2 Collect related information and contact technical support engineers.

16829213    2020-07-27 19:13:03    0x100F0015001C    Event    Major    --    None    UltraPath push information from host (ID 13) is not received at the preset time point or fails to be processed.
Step1 Install UltraPath of the latest version on the host. If the fault persists=>[Step2]. 
Step2 Collect related information and contact technical support engineers.

16829212    2020-07-27 19:13:03    0x100F0015001C    Event    Major    --    None    UltraPath push information from host (ID 12) is not received at the preset time point or fails to be processed.
Step1 Install UltraPath of the latest version on the host. If the fault persists=>[Step2]. 
Step2 Collect related information and contact technical support engineers.

16829211    2020-07-27 19:13:03    0x100F0015001C    Event    Major    --    None    UltraPath push information from host (ID 13) is not received at the preset time point or fails to be processed.
Step1 Install UltraPath of the latest version on the host. If the fault persists=>[Step2]. 
Step2 Collect related information and contact technical support engineers.

16829210    2020-07-27 19:13:03    0x100F0015001C    Event    Major    --    None    UltraPath push information from host (ID 12) is not received at the preset time point or fails to be processed.
Step1 Install UltraPath of the latest version on the host. If the fault persists=>[Step2]. 
Step2 Collect related information and contact technical support engineers.

16829176    2020-07-27 19:11:32    0x100F0015001C    Event    Major    --    None    UltraPath push information from host (ID 12) is not received at the preset time point or fails to be processed.
Step1 Install UltraPath of the latest version on the host. If the fault persists=>[Step2]. 
Step2 Collect related information and contact technical support engineers.

16829175    2020-07-27 19:11:32    0x100F0015001C    Event    Major    --    None    UltraPath push information from host (ID 13) is not received at the preset time point or fails to be processed.
Step1 Install UltraPath of the latest version on the host. If the fault persists=>[Step2]. 
Step2 Collect related information and contact technical support engineers.

16829174    2020-07-27 19:11:32    0x100F0015001C    Event    Major    --    None    UltraPath push information from host (ID 4) is not received at the preset time point or fails to be processed.
Step1 Install UltraPath of the latest version on the host. If the fault persists=>[Step2]. 
Step2 Collect related information and contact technical support engineers.

16829173    2020-07-27 19:11:32    0x100F0015001C    Event    Major    --    None    UltraPath push information from host (ID 5) is not received at the preset time point or fails to be processed.
Step1 Install UltraPath of the latest version on the host. If the fault persists=>[Step2]. 
Step2 Collect related information and contact technical support engineers.

16829172    2020-07-27 19:11:32    0x100F0015001C    Event    Major    --    None    UltraPath push information from host (ID 2) is not received at the preset time point or fails to be processed.
Step1 Install UltraPath of the latest version on the host. If the fault persists=>[Step2]. 
Step2 Collect related information and contact technical support engineers.

16829171    2020-07-27 19:11:32    0x100F0015001C    Event    Major    --    None    UltraPath push information from host (ID 6) is not received at the preset time point or fails to be processed.
Step1 Install UltraPath of the latest version on the host. If the fault persists=>[Step2]. 
Step2 Collect related information and contact technical support engineers.

16829170    2020-07-27 19:11:32    0x100F0015001C    Event    Major    --    None    UltraPath push information from host (ID 13) is not received at the preset time point or fails to be processed.
Step1 Install UltraPath of the latest version on the host. If the fault persists=>[Step2]. 
Step2 Collect related information and contact technical support engineers.

16829169    2020-07-27 19:11:32    0x100F0015001C    Event    Major    --    None    UltraPath push information from host (ID 4) is not received at the preset time point or fails to be processed.
Step1 Install UltraPath of the latest version on the host. If the fault persists=>[Step2]. 
Step2 Collect related information and contact technical support engineers.

16829168    2020-07-27 19:11:32    0x100F0015001C    Event    Major    --    None    UltraPath push information from host (ID 5) is not received at the preset time point or fails to be processed.
Step1 Install UltraPath of the latest version on the host. If the fault persists=>[Step2]. 
Step2 Collect related information and contact technical support engineers.

16829167    2020-07-27 19:11:32    0x100F0015001C    Event    Major    --    None    UltraPath push information from host (ID 12) is not received at the preset time point or fails to be processed.
Step1 Install UltraPath of the latest version on the host. If the fault persists=>[Step2]. 
Step2 Collect related information and contact technical support engineers.

16829166    2020-07-27 19:11:32    0x100F0015001C    Event    Major    --    None    UltraPath push information from host (ID 2) is not received at the preset time point or fails to be processed.
Step1 Install UltraPath of the latest version on the host. If the fault persists=>[Step2]. 
Step2 Collect related information and contact technical support engineers.

16829165    2020-07-27 19:11:32    0x100F0015001C    Event    Major    --    None    UltraPath push information from host (ID 6) is not received at the preset time point or fails to be processed.
Step1 Install UltraPath of the latest version on the host. If the fault persists=>[Step2]. 
Step2 Collect related information and contact technical support engineers.

16829150    2020-07-27 19:10:57    0x100F02440006    Event    Informational    --    None    The link between initiator (type FC, identifier 0x100000109b10ae0c) of a host and the host port (Engine 0, expansion module B, port number H3) is linked up, time: 19:10:57, host: ID 8.
N/A.

16829149    2020-07-27 19:10:57    0x100F02440006    Event    Informational    --    None    The link between initiator (type FC, identifier 0x100000109b10ae0c) of a host and the host port (Engine 0, expansion module A, port number H1) is linked up, time: 19:10:57, host: ID 8.
N/A.

16829148    2020-07-27 19:10:57    0x100F02440006    Event    Informational    --    None    The link between initiator (type FC, identifier 0x100000109b10ae0c) of a host and the host port (Engine 0, expansion module B, port number H1) is linked up, time: 19:10:57, host: ID 8.
N/A.

16829147    2020-07-27 19:10:57    0x100F02440006    Event    Informational    --    None    The link between initiator (type FC, identifier 0x100000109b10ae0c) of a host and the host port (Engine 0, expansion module A, port number H3) is linked up, time: 19:10:57, host: ID 8.
N/A.

16829141    2020-07-27 19:10:43    0x100F02440006    Event    Informational    --    None    The link between initiator (type FC, identifier 0x100000109b2f6529) of a host and the host port (Engine 0, expansion module B, port number H3) is linked up, time: 19:10:43, host: ID 10.
N/A.

16829140    2020-07-27 19:10:43    0x100F02440006    Event    Informational    --    None    The link between initiator (type FC, identifier 0x100000109b2f6529) of a host and the host port (Engine 0, expansion module A, port number H3) is linked up, time: 19:10:43, host: ID 10.
N/A.

16829139    2020-07-27 19:10:43    0x100F02440006    Event    Informational    --    None    The link between initiator (type FC, identifier 0x100000109b2f6529) of a host and the host port (Engine 0, expansion module B, port number H1) is linked up, time: 19:10:43, host: ID 10.
N/A.

16829138    2020-07-27 19:10:43    0x100F02440006    Event    Informational    --    None    The link between initiator (type FC, identifier 0x100000109b2f6529) of a host and the host port (Engine 0, expansion module A, port number H1) is linked up, time: 19:10:43, host: ID 10.
N/A.

16829120    2020-07-27 19:09:54    0x100F02440006    Event    Informational    --    None    The link between initiator (type FC, identifier 0x100000109b2f6521) of a host and the host port (Engine 0, expansion module A, port number H3) is linked up, time: 19:9:54, host: ID 9.
N/A.

16829119    2020-07-27 19:09:54    0x100F02440006    Event    Informational    --    None    The link between initiator (type FC, identifier 0x100000109b2f6521) of a host and the host port (Engine 0, expansion module B, port number H3) is linked up, time: 19:9:54, host: ID 9.
N/A.

16829118    2020-07-27 19:09:54    0x100F02440006    Event    Informational    --    None    The link between initiator (type FC, identifier 0x100000109b2f6521) of a host and the host port (Engine 0, expansion module B, port number H1) is linked up, time: 19:9:54, host: ID 9.
N/A.

16829117    2020-07-27 19:09:54    0x100F02440006    Event    Informational    --    None    The link between initiator (type FC, identifier 0x100000109b2f6521) of a host and the host port (Engine 0, expansion module A, port number H1) is linked up, time: 19:9:54, host: ID 9.
N/A.

16829107    2020-07-27 19:09:32    0x100F0015001C    Event    Major    --    None    UltraPath push information from host (ID 6) is not received at the preset time point or fails to be processed.
Step1 Install UltraPath of the latest version on the host. If the fault persists=>[Step2]. 
Step2 Collect related information and contact technical support engineers.

16829106    2020-07-27 19:09:32    0x100F0015001C    Event    Major    --    None    UltraPath push information from host (ID 4) is not received at the preset time point or fails to be processed.
Step1 Install UltraPath of the latest version on the host. If the fault persists=>[Step2]. 
Step2 Collect related information and contact technical support engineers.

16829105    2020-07-27 19:09:32    0x100F0015001C    Event    Major    --    None    UltraPath push information from host (ID 5) is not received at the preset time point or fails to be processed.
Step1 Install UltraPath of the latest version on the host. If the fault persists=>[Step2]. 
Step2 Collect related information and contact technical support engineers.

16829104    2020-07-27 19:09:32    0x100F0015001C    Event    Major    --    None    UltraPath push information from host (ID 2) is not received at the preset time point or fails to be processed.
Step1 Install UltraPath of the latest version on the host. If the fault persists=>[Step2]. 
Step2 Collect related information and contact technical support engineers.

16829103    2020-07-27 19:09:32    0x100F0015001C    Event    Major    --    None    UltraPath push information from host (ID 6) is not received at the preset time point or fails to be processed.
Step1 Install UltraPath of the latest version on the host. If the fault persists=>[Step2]. 
Step2 Collect related information and contact technical support engineers.

16829102    2020-07-27 19:09:32    0x100F0015001C    Event    Major    --    None    UltraPath push information from host (ID 4) is not received at the preset time point or fails to be processed.
Step1 Install UltraPath of the latest version on the host. If the fault persists=>[Step2]. 
Step2 Collect related information and contact technical support engineers.

16829101    2020-07-27 19:09:32    0x100F0015001C    Event    Major    --    None    UltraPath push information from host (ID 5) is not received at the preset time point or fails to be processed.
Step1 Install UltraPath of the latest version on the host. If the fault persists=>[Step2]. 
Step2 Collect related information and contact technical support engineers.

16829100    2020-07-27 19:09:32    0x100F0015001C    Event    Major    --    None    UltraPath push information from host (ID 2) is not received at the preset time point or fails to be processed.
Step1 Install UltraPath of the latest version on the host. If the fault persists=>[Step2]. 
Step2 Collect related information and contact technical support engineers.

16829084    2020-07-27 19:08:51    0x100F02440006    Event    Informational    --    None    The link between initiator (type FC, identifier 0x21000024ff1d81d0) of a host and the host port (Engine 0, expansion module B, port number H3) is linked up, time: 19:8:51, host: ID 0.
N/A.

16829083    2020-07-27 19:08:51    0x100F02440006    Event    Informational    --    None    The link between initiator (type FC, identifier 0x21000024ff1d81d0) of a host and the host port (Engine 0, expansion module A, port number H1) is linked up, time: 19:8:51, host: ID 0.
N/A.

16829082    2020-07-27 19:08:51    0x100F02440006    Event    Informational    --    None    The link between initiator (type FC, identifier 0x21000024ff1d81d0) of a host and the host port (Engine 0, expansion module B, port number H1) is linked up, time: 19:8:51, host: ID 0.
N/A.

16829081    2020-07-27 19:08:51    0x100F02440006    Event    Informational    --    None    The link between initiator (type FC, identifier 0x21000024ff1d81d0) of a host and the host port (Engine 0, expansion module A, port number H3) is linked up, time: 19:8:51, host: ID 0.
N/A.

16829062    2020-07-27 19:08:01    0x100F02440006    Event    Informational    --    None    The link between initiator (type FC, identifier 0x21000024ff1da97b) of a host and the host port (Engine 0, expansion module B, port number H1) is linked up, time: 19:8:1, host: ID 12.
N/A.

16829061    2020-07-27 19:08:00    0x100F02440006    Event    Informational    --    None    The link between initiator (type FC, identifier 0x21000024ff1da8eb) of a host and the host port (Engine 0, expansion module B, port number H1) is linked up, time: 19:8:0, host: ID 13.
N/A.

16829060    2020-07-27 19:08:00    0x100F02440006    Event    Informational    --    None    The link between initiator (type FC, identifier 0x21000024ff1cc780) of a host and the host port (Engine 0, expansion module B, port number H1) is linked up, time: 19:8:0, host: ID 4.
N/A.

16829059    2020-07-27 19:08:00    0x100F02440006    Event    Informational    --    None    The link between initiator (type FC, identifier 0x21000024ff1cd3ad) of a host and the host port (Engine 0, expansion module B, port number H1) is linked up, time: 19:8:0, host: ID 5.
N/A.

16829057    2020-07-27 19:07:59    0x100F02440006    Event    Informational    --    None    The link between initiator (type FC, identifier 0x10000090fac0643c) of a host and the host port (Engine 0, expansion module B, port number H1) is linked up, time: 19:7:59, host: ID 2.
N/A.

16829056    2020-07-27 19:07:59    0x100F02440006    Event    Informational    --    None    The link between initiator (type FC, identifier 0x100000109b2f648f) of a host and the host port (Engine 0, expansion module B, port number H1) is linked up, time: 19:7:59, host: ID 6.
N/A.

16829049    2020-07-27 19:07:43    0x100F02440006    Event    Informational    --    None    The link between initiator (type FC, identifier 0x21000024ff1da8eb) of a host and the host port (Engine 0, expansion module B, port number H3) is linked up, time: 19:7:43, host: ID 13.
N/A.

16829048    2020-07-27 19:07:43    0x100F02440006    Event    Informational    --    None    The link between initiator (type FC, identifier 0x21000024ff1cc780) of a host and the host port (Engine 0, expansion module B, port number H3) is linked up, time: 19:7:43, host: ID 4.
N/A.

16829047    2020-07-27 19:07:43    0x100F02440006    Event    Informational    --    None    The link between initiator (type FC, identifier 0x21000024ff1cd3ad) of a host and the host port (Engine 0, expansion module B, port number H3) is linked up, time: 19:7:43, host: ID 5.
N/A.

16829046    2020-07-27 19:07:43    0x100F02440006    Event    Informational    --    None    The link between initiator (type FC, identifier 0x21000024ff1da97b) of a host and the host port (Engine 0, expansion module B, port number H3) is linked up, time: 19:7:43, host: ID 12.
N/A.

16829044    2020-07-27 19:07:42    0x100F02440006    Event    Informational    --    None    The link between initiator (type FC, identifier 0x10000090fac0643c) of a host and the host port (Engine 0, expansion module B, port number H3) is linked up, time: 19:7:42, host: ID 2.
N/A.

16829043    2020-07-27 19:07:42    0x100F02440006    Event    Informational    --    None    The link between initiator (type FC, identifier 0x100000109b2f648f) of a host and the host port (Engine 0, expansion module B, port number H3) is linked up, time: 19:7:42, host: ID 6.
N/A.

16829029    2020-07-27 19:07:09    0x100F02440006    Event    Informational    --    None    The link between initiator (type FC, identifier 0x21000024ff1da8eb) of a host and the host port (Engine 0, expansion module A, port number H1) is linked up, time: 19:7:9, host: ID 13.
N/A.

16829028    2020-07-27 19:07:09    0x100F02440006    Event    Informational    --    None    The link between initiator (type FC, identifier 0x21000024ff1da8eb) of a host and the host port (Engine 0, expansion module A, port number H3) is linked up, time: 19:7:9, host: ID 13.
N/A.

16829010    2020-07-27 19:06:27    0x100F02440006    Event    Informational    --    None    The link between initiator (type FC, identifier 0x21000024ff1da97b) of a host and the host port (Engine 0, expansion module A, port number H3) is linked up, time: 19:6:27, host: ID 12.
N/A.

16829009    2020-07-27 19:06:27    0x100F02440006    Event    Informational    --    None    The link between initiator (type FC, identifier 0x21000024ff1da97b) of a host and the host port (Engine 0, expansion module A, port number H1) is linked up, time: 19:6:27, host: ID 12.
N/A.

16828992    2020-07-27 19:05:45    0x100F02440006    Event    Informational    --    None    The link between initiator (type FC, identifier 0x100000109b2f648f) of a host and the host port (Engine 0, expansion module A, port number H1) is linked up, time: 19:5:45, host: ID 6.
N/A.

16828991    2020-07-27 19:05:45    0x100F02440006    Event    Informational    --    None    The link between initiator (type FC, identifier 0x100000109b2f648f) of a host and the host port (Engine 0, expansion module A, port number H3) is linked up, time: 19:5:45, host: ID 6.
N/A.

16828979    2020-07-27 19:05:14    0x100F02440006    Event    Informational    --    None    The link between initiator (type FC, identifier 0x21000024ff1cc780) of a host and the host port (Engine 0, expansion module A, port number H1) is linked up, time: 19:5:14, host: ID 4.
N/A.

16828978    2020-07-27 19:05:14    0x100F02440006    Event    Informational    --    None    The link between initiator (type FC, identifier 0x21000024ff1cc780) of a host and the host port (Engine 0, expansion module A, port number H3) is linked up, time: 19:5:14, host: ID 4.
N/A.

16828971    2020-07-27 19:04:48    0x100F02440006    Event    Informational    --    None    The link between initiator (type FC, identifier 0x21000024ff1cd3ad) of a host and the host port (Engine 0, expansion module A, port number H1) is linked up, time: 19:4:48, host: ID 5.
N/A.

16828970    2020-07-27 19:04:48    0x100F02440006    Event    Informational    --    None    The link between initiator (type FC, identifier 0x21000024ff1cd3ad) of a host and the host port (Engine 0, expansion module A, port number H3) is linked up, time: 19:4:48, host: ID 5.
N/A.

16828960    2020-07-27 19:04:22    0x100F02440006    Event    Informational    --    None    The link between initiator (type FC, identifier 0x10000090fac0643c) of a host and the host port (Engine 0, expansion module A, port number H1) is linked up, time: 19:4:22, host: ID 2.
N/A.

16828959    2020-07-27 19:04:22    0x100F02440006    Event    Informational    --    None    The link between initiator (type FC, identifier 0x10000090fac0643c) of a host and the host port (Engine 0, expansion module A, port number H3) is linked up, time: 19:4:22, host: ID 2.
N/A.

16828952    2020-07-27 19:04:02    0x100F02440006    Event    Informational    --    None    The link between initiator (type FC, identifier 0x21000024ff1d8163) of a host and the host port (Engine 0, expansion module A, port number H3) is linked up, time: 19:4:2, host: ID 1.
N/A.

16828951    2020-07-27 19:04:02    0x100F02440006    Event    Informational    --    None    The link between initiator (type FC, identifier 0x21000024ff1d8163) of a host and the host port (Engine 0, expansion module A, port number H1) is linked up, time: 19:4:2, host: ID 1.
N/A.

16828885    2020-07-27 19:01:01    0x100F0015001C    Event    Major    --    None    UltraPath push information from host (ID 6) is not received at the preset time point or fails to be processed.
Step1 Install UltraPath of the latest version on the host. If the fault persists=>[Step2]. 
Step2 Collect related information and contact technical support engineers.

16828884    2020-07-27 19:01:01    0x100F0015001C    Event    Major    --    None    UltraPath push information from host (ID 6) is not received at the preset time point or fails to be processed.
Step1 Install UltraPath of the latest version on the host. If the fault persists=>[Step2]. 
Step2 Collect related information and contact technical support engineers.

16828843    2020-07-27 18:59:01    0x100F0015001C    Event    Major    --    None    UltraPath push information from host (ID 6) is not received at the preset time point or fails to be processed.
Step1 Install UltraPath of the latest version on the host. If the fault persists=>[Step2]. 
Step2 Collect related information and contact technical support engineers.

16828842    2020-07-27 18:59:01    0x100F0015001C    Event    Major    --    None    UltraPath push information from host (ID 6) is not received at the preset time point or fails to be processed.
Step1 Install UltraPath of the latest version on the host. If the fault persists=>[Step2]. 
Step2 Collect related information and contact technical support engineers.

16828819    2020-07-27 18:58:02    0xF0060004    Fault    Major    Recovered    2020-07-27 19:08:07    FC host port (controller enclosure CTE0, -- controller B, port number H1) is disconnected.
Step1 Check cable connections.
1.1 If the cable is removed, reinsert it. If the alarm persists=>[1.2]. 
1.2 If the cable is damaged, replace it. If the alarm persists=>[1.3]. 
1.3 If the port has an optical module=>[Step2]. If no=>[1.4]. 
1.4 If no exceptions are detected=>[Step3]. 
Step2 Check whether optical modules of the peer port are damaged. 
2.1 Remove and reinsert optical modules of the peer port and reinsert the cables. If the alarm persists=>[2.2]. 
2.2 Replace the optical module of the peer port one by one and reinsert the cables. If the alarm persists=>[Step3]. 
Step3 Check the port configuration. 
3.1 Check whether the topology mode of the port matches that of its peer port. If no, make adaptation adjustment. If the alarm persists=>[3.2]. 
3.2 Check whether the rate of the port matches that of its peer port. If no, make adaptation adjustment. If the alarm persists=>[Step4]. 
Step4 Check whether the port and interface module of the two ends connected by the cable are faulty. If yes, rectify the faults. If the alarm persists=>[Step5]. 
Step5 Contact technical support engineers.

16828818    2020-07-27 18:58:02    0xF0060004    Fault    Major    Recovered    2020-07-27 19:07:49    FC host port (controller enclosure CTE0, -- controller B, port number H3) is disconnected.
Step1 Check cable connections.
1.1 If the cable is removed, reinsert it. If the alarm persists=>[1.2]. 
1.2 If the cable is damaged, replace it. If the alarm persists=>[1.3]. 
1.3 If the port has an optical module=>[Step2]. If no=>[1.4]. 
1.4 If no exceptions are detected=>[Step3]. 
Step2 Check whether optical modules of the peer port are damaged. 
2.1 Remove and reinsert optical modules of the peer port and reinsert the cables. If the alarm persists=>[2.2]. 
2.2 Replace the optical module of the peer port one by one and reinsert the cables. If the alarm persists=>[Step3]. 
Step3 Check the port configuration. 
3.1 Check whether the topology mode of the port matches that of its peer port. If no, make adaptation adjustment. If the alarm persists=>[3.2]. 
3.2 Check whether the rate of the port matches that of its peer port. If no, make adaptation adjustment. If the alarm persists=>[Step4]. 
Step4 Check whether the port and interface module of the two ends connected by the cable are faulty. If yes, rectify the faults. If the alarm persists=>[Step5]. 
Step5 Contact technical support engineers.

16828817    2020-07-27 18:58:02    0x100F02440004    Event    Informational    --    None    The link between initiator (type FC, identifier 0x100000109b2f6529) of a host and the host port (Engine 0, expansion module B, port number H1) is disconnected, time: 18:58:2, host: ID 10.
N/A.

16828816    2020-07-27 18:58:02    0x100F02440004    Event    Informational    --    None    The link between initiator (type FC, identifier 0x100000109b2f6521) of a host and the host port (Engine 0, expansion module B, port number H1) is disconnected, time: 18:58:2, host: ID 9.
N/A.

16828815    2020-07-27 18:58:02    0x100F02440004    Event    Informational    --    None    The link between initiator (type FC, identifier 0x100000109b10ae0c) of a host and the host port (Engine 0, expansion module B, port number H1) is disconnected, time: 18:58:2, host: ID 8.
N/A.

16828814    2020-07-27 18:58:02    0x100F02440004    Event    Informational    --    None    The link between initiator (type FC, identifier 0x21000024ff1d81d0) of a host and the host port (Engine 0, expansion module B, port number H1) is disconnected, time: 18:58:2, host: ID 0.
N/A.

16828812    2020-07-27 18:57:59    0x100F02440004    Event    Informational    --    None    The link between initiator (type FC, identifier 0x100000109b2f6529) of a host and the host port (Engine 0, expansion module B, port number H3) is disconnected, time: 18:57:59, host: ID 10.
N/A.

16828811    2020-07-27 18:57:59    0x100F02440004    Event    Informational    --    None    The link between initiator (type FC, identifier 0x100000109b2f6521) of a host and the host port (Engine 0, expansion module B, port number H3) is disconnected, time: 18:57:59, host: ID 9.
N/A.

16828810    2020-07-27 18:57:59    0x100F02440004    Event    Informational    --    None    The link between initiator (type FC, identifier 0x100000109b10ae0c) of a host and the host port (Engine 0, expansion module B, port number H3) is disconnected, time: 18:57:59, host: ID 8.
N/A.

16828809    2020-07-27 18:57:59    0x100F02440004    Event    Informational    --    None    The link between initiator (type FC, identifier 0x21000024ff1d81d0) of a host and the host port (Engine 0, expansion module B, port number H3) is disconnected, time: 18:57:59, host: ID 0.
N/A.

16828742    2020-07-27 18:55:10    0x100F02440004    Event    Informational    --    None    The link between initiator (type FC, identifier 0x21000024ff1da8eb) of a host and the host port (Engine 0, expansion module B, port number H1) is disconnected, time: 18:55:10, host: ID 13.
N/A.

16828741    2020-07-27 18:55:10    0x100F02440004    Event    Informational    --    None    The link between initiator (type FC, identifier 0x21000024ff1da8eb) of a host and the host port (Engine 0, expansion module B, port number H3) is disconnected, time: 18:55:10, host: ID 13.
N/A.

16828738    2020-07-27 18:55:07    0x100F02440006    Event    Informational    --    None    The link between initiator (type FC, identifier 0x100000109b2f6492) of a host and the host port (Engine 0, expansion module B, port number H0) is linked up, time: 18:55:7, host: ID 6.
N/A.

16828737    2020-07-27 18:55:07    0x100F02440006    Event    Informational    --    None    The link between initiator (type FC, identifier 0x100000109b2f6492) of a host and the host port (Engine 0, expansion module A, port number H0) is linked up, time: 18:55:7, host: ID 6.
N/A.

16828736    2020-07-27 18:55:07    0x100F02440006    Event    Informational    --    None    The link between initiator (type FC, identifier 0x100000109b2f6492) of a host and the host port (Engine 0, expansion module A, port number H2) is linked up, time: 18:55:7, host: ID 6.
N/A.

16828735    2020-07-27 18:55:07    0x100F02440006    Event    Informational    --    None    The link between initiator (type FC, identifier 0x100000109b2f6492) of a host and the host port (Engine 0, expansion module B, port number H2) is linked up, time: 18:55:7, host: ID 6.
N/A.

16828730    2020-07-27 18:54:57    0x100F02440004    Event    Informational    --    None    The link between initiator (type FC, identifier 0x21000024ff1da97b) of a host and the host port (Engine 0, expansion module B, port number H3) is disconnected, time: 18:54:57, host: ID 12.
N/A.

16828729    2020-07-27 18:54:57    0x100F02440004    Event    Informational    --    None    The link between initiator (type FC, identifier 0x21000024ff1da97b) of a host and the host port (Engine 0, expansion module B, port number H1) is disconnected, time: 18:54:57, host: ID 12.
N/A.

16828719    2020-07-27 18:54:34    0x100F02440004    Event    Informational    --    None    The link between initiator (type FC, identifier 0x21000024ff1cc780) of a host and the host port (Engine 0, expansion module B, port number H1) is disconnected, time: 18:54:34, host: ID 4.
N/A.

16828718    2020-07-27 18:54:34    0x100F02440004    Event    Informational    --    None    The link between initiator (type FC, identifier 0x21000024ff1cc780) of a host and the host port (Engine 0, expansion module B, port number H3) is disconnected, time: 18:54:34, host: ID 4.
N/A.

16828714    2020-07-27 18:54:26    0x100F02440004    Event    Informational    --    None    The link between initiator (type FC, identifier 0x21000024ff1cd3ad) of a host and the host port (Engine 0, expansion module B, port number H1) is disconnected, time: 18:54:26, host: ID 5.
N/A.

16828713    2020-07-27 18:54:26    0x100F02440004    Event    Informational    --    None    The link between initiator (type FC, identifier 0x21000024ff1cd3ad) of a host and the host port (Engine 0, expansion module B, port number H3) is disconnected, time: 18:54:26, host: ID 5.
N/A.

16828709    2020-07-27 18:54:19    0x100F02440004    Event    Informational    --    None    The link between initiator (type FC, identifier 0x10000090fac0643c) of a host and the host port (Engine 0, expansion module B, port number H3) is disconnected, time: 18:54:19, host: ID 2.
N/A.

16828708    2020-07-27 18:54:19    0x100F02440004    Event    Informational    --    None    The link between initiator (type FC, identifier 0x10000090fac0643c) of a host and the host port (Engine 0, expansion module B, port number H1) is disconnected, time: 18:54:19, host: ID 2.
N/A.

16828703    2020-07-27 18:54:10    0x100F02440004    Event    Informational    --    None    The link between initiator (type FC, identifier 0x21000024ff1d8163) of a host and the host port (Engine 0, expansion module B, port number H1) is disconnected, time: 18:54:10, host: ID 1.
N/A.

16828702    2020-07-27 18:54:10    0x100F02440004    Event    Informational    --    None    The link between initiator (type FC, identifier 0x21000024ff1d8163) of a host and the host port (Engine 0, expansion module B, port number H3) is disconnected, time: 18:54:10, host: ID 1.
N/A.

16828694    2020-07-27 18:53:54    0x100F02440004    Event    Informational    --    None    The link between initiator (type FC, identifier 0x21000024ff1da97b) of a host and the host port (Engine 0, expansion module A, port number H1) is disconnected, time: 18:53:54, host: ID 12.
N/A.

16828693    2020-07-27 18:53:54    0x100F02440004    Event    Informational    --    None    The link between initiator (type FC, identifier 0x21000024ff1da8eb) of a host and the host port (Engine 0, expansion module A, port number H1) is disconnected, time: 18:53:54, host: ID 13.
N/A.

16828692    2020-07-27 18:53:54    0x100F02440004    Event    Informational    --    None    The link between initiator (type FC, identifier 0x100000109b2f6529) of a host and the host port (Engine 0, expansion module A, port number H1) is disconnected, time: 18:53:54, host: ID 10.
N/A.

16828691    2020-07-27 18:53:54    0x100F02440004    Event    Informational    --    None    The link between initiator (type FC, identifier 0x100000109b2f6521) of a host and the host port (Engine 0, expansion module A, port number H1) is disconnected, time: 18:53:54, host: ID 9.
N/A.

16828690    2020-07-27 18:53:54    0x100F02440004    Event    Informational    --    None    The link between initiator (type FC, identifier 0x100000109b10ae0c) of a host and the host port (Engine 0, expansion module A, port number H1) is disconnected, time: 18:53:54, host: ID 8.
N/A.

16828689    2020-07-27 18:53:54    0x100F02440004    Event    Informational    --    None    The link between initiator (type FC, identifier 0x21000024ff1cc780) of a host and the host port (Engine 0, expansion module A, port number H1) is disconnected, time: 18:53:54, host: ID 4.
N/A.

16828688    2020-07-27 18:53:54    0x100F02440004    Event    Informational    --    None    The link between initiator (type FC, identifier 0x21000024ff1cd3ad) of a host and the host port (Engine 0, expansion module A, port number H1) is disconnected, time: 18:53:54, host: ID 5.
N/A.

16828687    2020-07-27 18:53:54    0x100F02440004    Event    Informational    --    None    The link between initiator (type FC, identifier 0x21000024ff1d81d0) of a host and the host port (Engine 0, expansion module A, port number H1) is disconnected, time: 18:53:54, host: ID 0.
N/A.

16828686    2020-07-27 18:53:54    0x100F02440004    Event    Informational    --    None    The link between initiator (type FC, identifier 0x10000090fac0643c) of a host and the host port (Engine 0, expansion module A, port number H1) is disconnected, time: 18:53:54, host: ID 2.
N/A.

16828685    2020-07-27 18:53:54    0x100F02440004    Event    Informational    --    None    The link between initiator (type FC, identifier 0x21000024ff1d8163) of a host and the host port (Engine 0, expansion module A, port number H1) is disconnected, time: 18:53:54, host: ID 1.
N/A.

16828684    2020-07-27 18:53:54    0xF0060004    Fault    Major    Recovered    2020-07-27 19:03:56    FC host port (controller enclosure CTE0, -- controller A, port number H1) is disconnected.
Step1 Check cable connections.
1.1 If the cable is removed, reinsert it. If the alarm persists=>[1.2]. 
1.2 If the cable is damaged, replace it. If the alarm persists=>[1.3]. 
1.3 If the port has an optical module=>[Step2]. If no=>[1.4]. 
1.4 If no exceptions are detected=>[Step3]. 
Step2 Check whether optical modules of the peer port are damaged. 
2.1 Remove and reinsert optical modules of the peer port and reinsert the cables. If the alarm persists=>[2.2]. 
2.2 Replace the optical module of the peer port one by one and reinsert the cables. If the alarm persists=>[Step3]. 
Step3 Check the port configuration. 
3.1 Check whether the topology mode of the port matches that of its peer port. If no, make adaptation adjustment. If the alarm persists=>[3.2]. 
3.2 Check whether the rate of the port matches that of its peer port. If no, make adaptation adjustment. If the alarm persists=>[Step4]. 
Step4 Check whether the port and interface module of the two ends connected by the cable are faulty. If yes, rectify the faults. If the alarm persists=>[Step5]. 
Step5 Contact technical support engineers.

16828681    2020-07-27 18:53:49    0x100F02440004    Event    Informational    --    None    The link between initiator (type FC, identifier 0x21000024ff1da97b) of a host and the host port (Engine 0, expansion module A, port number H3) is disconnected, time: 18:53:49, host: ID 12.
N/A.

16828680    2020-07-27 18:53:49    0x100F02440004    Event    Informational    --    None    The link between initiator (type FC, identifier 0x21000024ff1da8eb) of a host and the host port (Engine 0, expansion module A, port number H3) is disconnected, time: 18:53:49, host: ID 13.
N/A.

16828679    2020-07-27 18:53:49    0x100F02440004    Event    Informational    --    None    The link between initiator (type FC, identifier 0x100000109b2f6529) of a host and the host port (Engine 0, expansion module A, port number H3) is disconnected, time: 18:53:49, host: ID 10.
N/A.

16828678    2020-07-27 18:53:49    0x100F02440004    Event    Informational    --    None    The link between initiator (type FC, identifier 0x100000109b2f6521) of a host and the host port (Engine 0, expansion module A, port number H3) is disconnected, time: 18:53:49, host: ID 9.
N/A.

16828677    2020-07-27 18:53:49    0x100F02440004    Event    Informational    --    None    The link between initiator (type FC, identifier 0x100000109b10ae0c) of a host and the host port (Engine 0, expansion module A, port number H3) is disconnected, time: 18:53:49, host: ID 8.
N/A.

16828676    2020-07-27 18:53:49    0x100F02440004    Event    Informational    --    None    The link between initiator (type FC, identifier 0x21000024ff1cc780) of a host and the host port (Engine 0, expansion module A, port number H3) is disconnected, time: 18:53:49, host: ID 4.
N/A.

16828675    2020-07-27 18:53:49    0x100F02440004    Event    Informational    --    None    The link between initiator (type FC, identifier 0x21000024ff1cd3ad) of a host and the host port (Engine 0, expansion module A, port number H3) is disconnected, time: 18:53:49, host: ID 5.
N/A.

16828674    2020-07-27 18:53:49    0x100F02440004    Event    Informational    --    None    The link between initiator (type FC, identifier 0x21000024ff1d81d0) of a host and the host port (Engine 0, expansion module A, port number H3) is disconnected, time: 18:53:49, host: ID 0.
N/A.

16828673    2020-07-27 18:53:49    0x100F02440004    Event    Informational    --    None    The link between initiator (type FC, identifier 0x21000024ff1d8163) of a host and the host port (Engine 0, expansion module A, port number H3) is disconnected, time: 18:53:49, host: ID 1.
N/A.

16828672    2020-07-27 18:53:49    0x100F02440004    Event    Informational    --    None    The link between initiator (type FC, identifier 0x10000090fac0643c) of a host and the host port (Engine 0, expansion module A, port number H3) is disconnected, time: 18:53:49, host: ID 2.
N/A.

16828671    2020-07-27 18:53:49    0xF0060004    Fault    Major    Recovered    2020-07-27 19:03:45    FC host port (controller enclosure CTE0, -- controller A, port number H3) is disconnected.
Step1 Check cable connections.
1.1 If the cable is removed, reinsert it. If the alarm persists=>[1.2]. 
1.2 If the cable is damaged, replace it. If the alarm persists=>[1.3]. 
1.3 If the port has an optical module=>[Step2]. If no=>[1.4]. 
1.4 If no exceptions are detected=>[Step3]. 
Step2 Check whether optical modules of the peer port are damaged. 
2.1 Remove and reinsert optical modules of the peer port and reinsert the cables. If the alarm persists=>[2.2]. 
2.2 Replace the optical module of the peer port one by one and reinsert the cables. If the alarm persists=>[Step3]. 
Step3 Check the port configuration. 
3.1 Check whether the topology mode of the port matches that of its peer port. If no, make adaptation adjustment. If the alarm persists=>[3.2]. 
3.2 Check whether the rate of the port matches that of its peer port. If no, make adaptation adjustment. If the alarm persists=>[Step4]. 
Step4 Check whether the port and interface module of the two ends connected by the cable are faulty. If yes, rectify the faults. If the alarm persists=>[Step5]. 
Step5 Contact technical support engineers.

16828597    2020-07-27 18:50:48    0x100F02440004    Event    Informational    --    None    The link between initiator (type FC, identifier 0x100000109b2f648f) of a host and the host port (Engine 0, expansion module A, port number H3) is disconnected, time: 18:50:48, host: ID 6.
N/A.

16828596    2020-07-27 18:50:48    0x100F02440004    Event    Informational    --    None    The link between initiator (type FC, identifier 0x100000109b2f648f) of a host and the host port (Engine 0, expansion module A, port number H1) is disconnected, time: 18:50:48, host: ID 6.
N/A.

16828595    2020-07-27 18:50:48    0x100F02440004    Event    Informational    --    None    The link between initiator (type FC, identifier 0x100000109b2f648f) of a host and the host port (Engine 0, expansion module B, port number H1) is disconnected, time: 18:50:48, host: ID 6.
N/A.

16828594    2020-07-27 18:50:48    0x100F02440004    Event    Informational    --    None    The link between initiator (type FC, identifier 0x100000109b2f6492) of a host and the host port (Engine 0, expansion module B, port number H2) is disconnected, time: 18:50:48, host: ID 6.
N/A.

16828593    2020-07-27 18:50:48    0x100F02440004    Event    Informational    --    None    The link between initiator (type FC, identifier 0x100000109b2f648f) of a host and the host port (Engine 0, expansion module B, port number H3) is disconnected, time: 18:50:48, host: ID 6.
N/A.

16828316    2020-07-27 18:39:29    0x100F02440006    Event    Informational    --    None    The link between initiator (type FC, identifier 0x21000024ff1da8ed) of a host and the host port (Engine 0, expansion module B, port number H2) is linked up, time: 18:39:29, host: ID 12.
N/A.

16828315    2020-07-27 18:39:29    0x100F02440006    Event    Informational    --    None    The link between initiator (type FC, identifier 0x21000024ff1da8ed) of a host and the host port (Engine 0, expansion module B, port number H0) is linked up, time: 18:39:29, host: ID 12.
N/A.

16828314    2020-07-27 18:39:29    0x100F02440006    Event    Informational    --    None    The link between initiator (type FC, identifier 0x21000024ff1da8ed) of a host and the host port (Engine 0, expansion module A, port number H2) is linked up, time: 18:39:29, host: ID 12.
N/A.

16828313    2020-07-27 18:39:29    0x100F02440006    Event    Informational    --    None    The link between initiator (type FC, identifier 0x21000024ff1da8ed) of a host and the host port (Engine 0, expansion module A, port number H0) is linked up, time: 18:39:29, host: ID 12.
N/A.

16828304    2020-07-27 18:39:09    0x100F02440004    Event    Informational    --    None    The link between initiator (type FC, identifier 0x21000024ff1da8ed) of a host and the host port (Engine 0, expansion module B, port number H0) is disconnected, time: 18:39:9, host: ID 12.
N/A.

16828303    2020-07-27 18:39:09    0x100F02440004    Event    Informational    --    None    The link between initiator (type FC, identifier 0x21000024ff1da8ed) of a host and the host port (Engine 0, expansion module A, port number H0) is disconnected, time: 18:39:9, host: ID 12.
N/A.

16828302    2020-07-27 18:39:09    0x100F02440004    Event    Informational    --    None    The link between initiator (type FC, identifier 0x21000024ff1da8ed) of a host and the host port (Engine 0, expansion module A, port number H2) is disconnected, time: 18:39:9, host: ID 12.
N/A.

16828301    2020-07-27 18:39:09    0x100F02440004    Event    Informational    --    None    The link between initiator (type FC, identifier 0x21000024ff1da8ed) of a host and the host port (Engine 0, expansion module B, port number H2) is disconnected, time: 18:39:9, host: ID 12.
N/A.

16827419    2020-07-27 18:02:54    0x100F0015001C    Event    Major    --    None    UltraPath push information from host (ID 0) is not received at the preset time point or fails to be processed.
Step1 Install UltraPath of the latest version on the host. If the fault persists=>[Step2]. 
Step2 Collect related information and contact technical support engineers.

16827418    2020-07-27 18:02:54    0x100F0015001C    Event    Major    --    None    UltraPath push information from host (ID 1) is not received at the preset time point or fails to be processed.
Step1 Install UltraPath of the latest version on the host. If the fault persists=>[Step2]. 
Step2 Collect related information and contact technical support engineers.

16827417    2020-07-27 18:02:54    0x100F0015001C    Event    Major    --    None    UltraPath push information from host (ID 3) is not received at the preset time point or fails to be processed.
Step1 Install UltraPath of the latest version on the host. If the fault persists=>[Step2]. 
Step2 Collect related information and contact technical support engineers.

16827416    2020-07-27 18:02:54    0x100F0015001C    Event    Major    --    None    UltraPath push information from host (ID 0) is not received at the preset time point or fails to be processed.
Step1 Install UltraPath of the latest version on the host. If the fault persists=>[Step2]. 
Step2 Collect related information and contact technical support engineers.

16827415    2020-07-27 18:02:54    0x100F0015001C    Event    Major    --    None    UltraPath push information from host (ID 1) is not received at the preset time point or fails to be processed.
Step1 Install UltraPath of the latest version on the host. If the fault persists=>[Step2]. 
Step2 Collect related information and contact technical support engineers.

16827414    2020-07-27 18:02:54    0x100F0015001C    Event    Major    --    None    UltraPath push information from host (ID 3) is not received at the preset time point or fails to be processed.
Step1 Install UltraPath of the latest version on the host. If the fault persists=>[Step2]. 
Step2 Collect related information and contact technical support engineers.

16827386    2020-07-27 18:01:45    0x100F02440004    Event    Informational    --    None    The link between initiator (type FC, identifier 0x100000109b10ad9c) of a host and the host port (Engine 0, expansion module B, port number H2) is disconnected, time: 18:1:45, host: ID 7.
N/A.

16827375    2020-07-27 18:01:24    0x100F0015001C    Event    Major    --    None    UltraPath push information from host (ID 0) is not received at the preset time point or fails to be processed.
Step1 Install UltraPath of the latest version on the host. If the fault persists=>[Step2]. 
Step2 Collect related information and contact technical support engineers.

16827374    2020-07-27 18:01:24    0x100F0015001C    Event    Major    --    None    UltraPath push information from host (ID 3) is not received at the preset time point or fails to be processed.
Step1 Install UltraPath of the latest version on the host. If the fault persists=>[Step2]. 
Step2 Collect related information and contact technical support engineers.

16827373    2020-07-27 18:01:24    0x100F0015001C    Event    Major    --    None    UltraPath push information from host (ID 0) is not received at the preset time point or fails to be processed.
Step1 Install UltraPath of the latest version on the host. If the fault persists=>[Step2]. 
Step2 Collect related information and contact technical support engineers.

16827372    2020-07-27 18:01:24    0x100F0015001C    Event    Major    --    None    UltraPath push information from host (ID 1) is not received at the preset time point or fails to be processed.
Step1 Install UltraPath of the latest version on the host. If the fault persists=>[Step2]. 
Step2 Collect related information and contact technical support engineers.

16827371    2020-07-27 18:01:24    0x100F0015001C    Event    Major    --    None    UltraPath push information from host (ID 3) is not received at the preset time point or fails to be processed.
Step1 Install UltraPath of the latest version on the host. If the fault persists=>[Step2]. 
Step2 Collect related information and contact technical support engineers.

16827333    2020-07-27 17:59:50    0x100F02440006    Event    Informational    --    None    The link between initiator (type FC, identifier 0x100000109b2f63a2) of a host and the host port (Engine 0, expansion module B, port number H2) is linked up, time: 17:59:50, host: ID 10.
N/A.

16827332    2020-07-27 17:59:50    0x100F02440006    Event    Informational    --    None    The link between initiator (type FC, identifier 0x100000109b2f63a2) of a host and the host port (Engine 0, expansion module B, port number H0) is linked up, time: 17:59:50, host: ID 10.
N/A.

16827331    2020-07-27 17:59:50    0x100F02440006    Event    Informational    --    None    The link between initiator (type FC, identifier 0x100000109b2f63a2) of a host and the host port (Engine 0, expansion module A, port number H2) is linked up, time: 17:59:50, host: ID 10.
N/A.

16827330    2020-07-27 17:59:50    0x100F02440006    Event    Informational    --    None    The link between initiator (type FC, identifier 0x100000109b2f63a2) of a host and the host port (Engine 0, expansion module A, port number H0) is linked up, time: 17:59:50, host: ID 10.
N/A.

16827309    2020-07-27 17:58:58    0x100F02440004    Event    Informational    --    None    The link between initiator (type FC, identifier 0x100000109b2f63a2) of a host and the host port (Engine 0, expansion module A, port number H2) is disconnected, time: 17:58:58, host: ID 10.
N/A.

16827308    2020-07-27 17:58:58    0x100F02440004    Event    Informational    --    None    The link between initiator (type FC, identifier 0x100000109b2f63a2) of a host and the host port (Engine 0, expansion module B, port number H0) is disconnected, time: 17:58:58, host: ID 10.
N/A.

16827307    2020-07-27 17:58:58    0x100F02440004    Event    Informational    --    None    The link between initiator (type FC, identifier 0x100000109b2f63a2) of a host and the host port (Engine 0, expansion module A, port number H0) is disconnected, time: 17:58:58, host: ID 10.
N/A.

16827306    2020-07-27 17:58:58    0x100F02440004    Event    Informational    --    None    The link between initiator (type FC, identifier 0x100000109b2f63a2) of a host and the host port (Engine 0, expansion module B, port number H2) is disconnected, time: 17:58:58, host: ID 10.
N/A.

16827291    2020-07-27 17:58:25    0x100F02440006    Event    Informational    --    None    The link between initiator (type FC, identifier 0x100000109b10ae38) of a host and the host port (Engine 0, expansion module B, port number H0) is linked up, time: 17:58:25, host: ID 8.
N/A.

16827290    2020-07-27 17:58:25    0x100F02440006    Event    Informational    --    None    The link between initiator (type FC, identifier 0x100000109b10ae38) of a host and the host port (Engine 0, expansion module A, port number H0) is linked up, time: 17:58:25, host: ID 8.
N/A.

16827289    2020-07-27 17:58:25    0x100F02440006    Event    Informational    --    None    The link between initiator (type FC, identifier 0x100000109b10ae38) of a host and the host port (Engine 0, expansion module B, port number H2) is linked up, time: 17:58:25, host: ID 8.
N/A.

16827288    2020-07-27 17:58:25    0x100F02440006    Event    Informational    --    None    The link between initiator (type FC, identifier 0x100000109b10ae38) of a host and the host port (Engine 0, expansion module A, port number H2) is linked up, time: 17:58:25, host: ID 8.
N/A.

16827283    2020-07-27 17:58:15    0x100F02440004    Event    Informational    --    None    The link between initiator (type FC, identifier 0x100000109b10ae38) of a host and the host port (Engine 0, expansion module A, port number H0) is disconnected, time: 17:58:15, host: ID 8.
N/A.

16827282    2020-07-27 17:58:15    0x100F02440004    Event    Informational    --    None    The link between initiator (type FC, identifier 0x100000109b10ae38) of a host and the host port (Engine 0, expansion module B, port number H2) is disconnected, time: 17:58:15, host: ID 8.
N/A.

16827281    2020-07-27 17:58:15    0x100F02440004    Event    Informational    --    None    The link between initiator (type FC, identifier 0x100000109b10ae38) of a host and the host port (Engine 0, expansion module B, port number H0) is disconnected, time: 17:58:15, host: ID 8.
N/A.

16827280    2020-07-27 17:58:15    0x100F02440004    Event    Informational    --    None    The link between initiator (type FC, identifier 0x100000109b10ae38) of a host and the host port (Engine 0, expansion module A, port number H2) is disconnected, time: 17:58:15, host: ID 8.
N/A.

16827271    2020-07-27 17:57:53    0x100F02440006    Event    Informational    --    None    The link between initiator (type FC, identifier 0x21000024ff1da8ed) of a host and the host port (Engine 0, expansion module B, port number H0) is linked up, time: 17:57:53, host: ID 12.
N/A.

16827270    2020-07-27 17:57:53    0x100F02440006    Event    Informational    --    None    The link between initiator (type FC, identifier 0x21000024ff1d813c) of a host and the host port (Engine 0, expansion module B, port number H0) is linked up, time: 17:57:53, host: ID 1.
N/A.

16827268    2020-07-27 17:57:52    0x100F02440006    Event    Informational    --    None    The link between initiator (type FC, identifier 0x21000024ff1da977) of a host and the host port (Engine 0, expansion module B, port number H0) is linked up, time: 17:57:52, host: ID 13.
N/A.

16827267    2020-07-27 17:57:52    0x100F02440006    Event    Informational    --    None    The link between initiator (type FC, identifier 0x21000024ff1d8159) of a host and the host port (Engine 0, expansion module B, port number H0) is linked up, time: 17:57:52, host: ID 0.
N/A.

16827266    2020-07-27 17:57:51    0x100F02440006    Event    Informational    --    None    The link between initiator (type FC, identifier 0x10000090faac6c2f) of a host and the host port (Engine 0, expansion module B, port number H0) is linked up, time: 17:57:51, host: ID 3.
N/A.

16827265    2020-07-27 17:57:51    0x100F02440006    Event    Informational    --    None    The link between initiator (type FC, identifier 0x100000109b10ae38) of a host and the host port (Engine 0, expansion module B, port number H0) is linked up, time: 17:57:51, host: ID 8.
N/A.

16827264    2020-07-27 17:57:51    0x100F02440006    Event    Informational    --    None    The link between initiator (type FC, identifier 0x100000109b2f63a2) of a host and the host port (Engine 0, expansion module B, port number H0) is linked up, time: 17:57:51, host: ID 10.
N/A.

16827263    2020-07-27 17:57:51    0x100F02440006    Event    Informational    --    None    The link between initiator (type FC, identifier 0x100000109b2f6531) of a host and the host port (Engine 0, expansion module B, port number H0) is linked up, time: 17:57:51, host: ID 9.
N/A.

16827262    2020-07-27 17:57:51    0x100F02440006    Event    Informational    --    None    The link between initiator (type FC, identifier 0x100000109b10b340) of a host and the host port (Engine 0, expansion module B, port number H0) is linked up, time: 17:57:51, host: ID 11.
N/A.

16827251    2020-07-27 17:57:26    0xF0060004    Fault    Major    Recovered    2020-07-27 17:57:55    FC host port (controller enclosure CTE0, -- controller B, port number H0) is disconnected.
Step1 Check cable connections.
1.1 If the cable is removed, reinsert it. If the alarm persists=>[1.2]. 
1.2 If the cable is damaged, replace it. If the alarm persists=>[1.3]. 
1.3 If the port has an optical module=>[Step2]. If no=>[1.4]. 
1.4 If no exceptions are detected=>[Step3]. 
Step2 Check whether optical modules of the peer port are damaged. 
2.1 Remove and reinsert optical modules of the peer port and reinsert the cables. If the alarm persists=>[2.2]. 
2.2 Replace the optical module of the peer port one by one and reinsert the cables. If the alarm persists=>[Step3]. 
Step3 Check the port configuration. 
3.1 Check whether the topology mode of the port matches that of its peer port. If no, make adaptation adjustment. If the alarm persists=>[3.2]. 
3.2 Check whether the rate of the port matches that of its peer port. If no, make adaptation adjustment. If the alarm persists=>[Step4]. 
Step4 Check whether the port and interface module of the two ends connected by the cable are faulty. If yes, rectify the faults. If the alarm persists=>[Step5]. 
Step5 Contact technical support engineers.

16827248    2020-07-27 17:57:20    0x100F02440004    Event    Informational    --    None    The link between initiator (type FC, identifier 0x21000024ff1da8ed) of a host and the host port (Engine 0, expansion module B, port number H0) is disconnected, time: 17:57:20, host: ID 12.
N/A.

16827247    2020-07-27 17:57:20    0x100F02440004    Event    Informational    --    None    The link between initiator (type FC, identifier 0x21000024ff1da977) of a host and the host port (Engine 0, expansion module B, port number H0) is disconnected, time: 17:57:20, host: ID 13.
N/A.

16827246    2020-07-27 17:57:20    0x100F02440004    Event    Informational    --    None    The link between initiator (type FC, identifier 0x100000109b10b340) of a host and the host port (Engine 0, expansion module B, port number H0) is disconnected, time: 17:57:20, host: ID 11.
N/A.

16827245    2020-07-27 17:57:20    0x100F02440004    Event    Informational    --    None    The link between initiator (type FC, identifier 0x100000109b2f63a2) of a host and the host port (Engine 0, expansion module B, port number H0) is disconnected, time: 17:57:20, host: ID 10.
N/A.

16827244    2020-07-27 17:57:20    0x100F02440004    Event    Informational    --    None    The link between initiator (type FC, identifier 0x100000109b2f6531) of a host and the host port (Engine 0, expansion module B, port number H0) is disconnected, time: 17:57:20, host: ID 9.
N/A.

16827243    2020-07-27 17:57:20    0x100F02440004    Event    Informational    --    None    The link between initiator (type FC, identifier 0x100000109b10ae38) of a host and the host port (Engine 0, expansion module B, port number H0) is disconnected, time: 17:57:20, host: ID 8.
N/A.

16827242    2020-07-27 17:57:20    0x100F02440004    Event    Informational    --    None    The link between initiator (type FC, identifier 0x100000109b10ad9c) of a host and the host port (Engine 0, expansion module B, port number H0) is disconnected, time: 17:57:20, host: ID 7.
N/A.

16827241    2020-07-27 17:57:20    0x100F02440004    Event    Informational    --    None    The link between initiator (type FC, identifier 0x21000024ff15ace5) of a host and the host port (Engine 0, expansion module B, port number H0) is disconnected, time: 17:57:20, host: ID 4.
N/A.

16827240    2020-07-27 17:57:20    0x100F02440004    Event    Informational    --    None    The link between initiator (type FC, identifier 0x21000024ff1cc7e3) of a host and the host port (Engine 0, expansion module B, port number H0) is disconnected, time: 17:57:20, host: ID 5.
N/A.

16827239    2020-07-27 17:57:20    0x100F02440004    Event    Informational    --    None    The link between initiator (type FC, identifier 0x100000109b2f6492) of a host and the host port (Engine 0, expansion module B, port number H0) is disconnected, time: 17:57:20, host: ID 6.
N/A.

16827238    2020-07-27 17:57:20    0x100F02440004    Event    Informational    --    None    The link between initiator (type FC, identifier 0x10000090faac6c2f) of a host and the host port (Engine 0, expansion module B, port number H0) is disconnected, time: 17:57:20, host: ID 3.
N/A.

16827237    2020-07-27 17:57:20    0x100F02440004    Event    Informational    --    None    The link between initiator (type FC, identifier 0x21000024ff1d813c) of a host and the host port (Engine 0, expansion module B, port number H0) is disconnected, time: 17:57:20, host: ID 1.
N/A.

16827236    2020-07-27 17:57:20    0x100F02440004    Event    Informational    --    None    The link between initiator (type FC, identifier 0x21000024ff1d8159) of a host and the host port (Engine 0, expansion module B, port number H0) is disconnected, time: 17:57:20, host: ID 0.
N/A.

16827235    2020-07-27 17:57:20    0x100F02440004    Event    Informational    --    None    The link between initiator (type FC, identifier 0x10000090fac06423) of a host and the host port (Engine 0, expansion module B, port number H0) is disconnected, time: 17:57:20, host: ID 2.
N/A.

16827231    2020-07-27 17:57:14    0x100F02440006    Event    Informational    --    None    The link between initiator (type FC, identifier 0x21000024ff1da977) of a host and the host port (Engine 0, expansion module A, port number H0) is linked up, time: 17:57:14, host: ID 13.
N/A.

16827230    2020-07-27 17:57:14    0x100F02440006    Event    Informational    --    None    The link between initiator (type FC, identifier 0x21000024ff1d8159) of a host and the host port (Engine 0, expansion module A, port number H0) is linked up, time: 17:57:14, host: ID 0.
N/A.

16827229    2020-07-27 17:57:14    0x100F02440006    Event    Informational    --    None    The link between initiator (type FC, identifier 0x21000024ff1da8ed) of a host and the host port (Engine 0, expansion module A, port number H0) is linked up, time: 17:57:14, host: ID 12.
N/A.

16827228    2020-07-27 17:57:14    0x100F02440006    Event    Informational    --    None    The link between initiator (type FC, identifier 0x21000024ff1d813c) of a host and the host port (Engine 0, expansion module A, port number H0) is linked up, time: 17:57:14, host: ID 1.
N/A.

16827227    2020-07-27 17:57:13    0x100F02440006    Event    Informational    --    None    The link between initiator (type FC, identifier 0x10000090faac6c2f) of a host and the host port (Engine 0, expansion module A, port number H0) is linked up, time: 17:57:13, host: ID 3.
N/A.

16827226    2020-07-27 17:57:13    0x100F02440006    Event    Informational    --    None    The link between initiator (type FC, identifier 0x100000109b10ae38) of a host and the host port (Engine 0, expansion module A, port number H0) is linked up, time: 17:57:13, host: ID 8.
N/A.

16827225    2020-07-27 17:57:13    0x100F02440006    Event    Informational    --    None    The link between initiator (type FC, identifier 0x100000109b2f63a2) of a host and the host port (Engine 0, expansion module A, port number H0) is linked up, time: 17:57:13, host: ID 10.
N/A.

16827224    2020-07-27 17:57:13    0x100F02440006    Event    Informational    --    None    The link between initiator (type FC, identifier 0x100000109b2f6531) of a host and the host port (Engine 0, expansion module A, port number H0) is linked up, time: 17:57:13, host: ID 9.
N/A.

16827223    2020-07-27 17:57:13    0x100F02440006    Event    Informational    --    None    The link between initiator (type FC, identifier 0x100000109b10b340) of a host and the host port (Engine 0, expansion module A, port number H0) is linked up, time: 17:57:13, host: ID 11.
N/A.

16827204    2020-07-27 17:56:31    0xF0060004    Fault    Major    Recovered    2020-07-27 17:57:19    FC host port (controller enclosure CTE0, -- controller A, port number H0) is disconnected.
Step1 Check cable connections.
1.1 If the cable is removed, reinsert it. If the alarm persists=>[1.2]. 
1.2 If the cable is damaged, replace it. If the alarm persists=>[1.3]. 
1.3 If the port has an optical module=>[Step2]. If no=>[1.4]. 
1.4 If no exceptions are detected=>[Step3]. 
Step2 Check whether optical modules of the peer port are damaged. 
2.1 Remove and reinsert optical modules of the peer port and reinsert the cables. If the alarm persists=>[2.2]. 
2.2 Replace the optical module of the peer port one by one and reinsert the cables. If the alarm persists=>[Step3]. 
Step3 Check the port configuration. 
3.1 Check whether the topology mode of the port matches that of its peer port. If no, make adaptation adjustment. If the alarm persists=>[3.2]. 
3.2 Check whether the rate of the port matches that of its peer port. If no, make adaptation adjustment. If the alarm persists=>[Step4]. 
Step4 Check whether the port and interface module of the two ends connected by the cable are faulty. If yes, rectify the faults. If the alarm persists=>[Step5]. 
Step5 Contact technical support engineers.

16827201    2020-07-27 17:56:25    0x100F02440004    Event    Informational    --    None    The link between initiator (type FC, identifier 0x21000024ff1cc7e3) of a host and the host port (Engine 0, expansion module A, port number H0) is disconnected, time: 17:56:25, host: ID 5.
N/A.

16827200    2020-07-27 17:56:25    0x100F02440004    Event    Informational    --    None    The link between initiator (type FC, identifier 0x21000024ff1da8ed) of a host and the host port (Engine 0, expansion module A, port number H0) is disconnected, time: 17:56:25, host: ID 12.
N/A.

16827199    2020-07-27 17:56:25    0x100F02440004    Event    Informational    --    None    The link between initiator (type FC, identifier 0x21000024ff1da977) of a host and the host port (Engine 0, expansion module A, port number H0) is disconnected, time: 17:56:25, host: ID 13.
N/A.

16827198    2020-07-27 17:56:25    0x100F02440004    Event    Informational    --    None    The link between initiator (type FC, identifier 0x100000109b10b340) of a host and the host port (Engine 0, expansion module A, port number H0) is disconnected, time: 17:56:25, host: ID 11.
N/A.

16827197    2020-07-27 17:56:25    0x100F02440004    Event    Informational    --    None    The link between initiator (type FC, identifier 0x100000109b2f63a2) of a host and the host port (Engine 0, expansion module A, port number H0) is disconnected, time: 17:56:25, host: ID 10.
N/A.

16827196    2020-07-27 17:56:25    0x100F02440004    Event    Informational    --    None    The link between initiator (type FC, identifier 0x100000109b2f6531) of a host and the host port (Engine 0, expansion module A, port number H0) is disconnected, time: 17:56:25, host: ID 9.
N/A.

16827195    2020-07-27 17:56:25    0x100F02440004    Event    Informational    --    None    The link between initiator (type FC, identifier 0x100000109b10ae38) of a host and the host port (Engine 0, expansion module A, port number H0) is disconnected, time: 17:56:25, host: ID 8.
N/A.

16827194    2020-07-27 17:56:25    0x100F02440004    Event    Informational    --    None    The link between initiator (type FC, identifier 0x100000109b2f6492) of a host and the host port (Engine 0, expansion module A, port number H0) is disconnected, time: 17:56:25, host: ID 6.
N/A.

16827193    2020-07-27 17:56:25    0x100F02440004    Event    Informational    --    None    The link between initiator (type FC, identifier 0x100000109b10ad9c) of a host and the host port (Engine 0, expansion module A, port number H0) is disconnected, time: 17:56:25, host: ID 7.
N/A.

16827192    2020-07-27 17:56:25    0x100F02440004    Event    Informational    --    None    The link between initiator (type FC, identifier 0x21000024ff15ace5) of a host and the host port (Engine 0, expansion module A, port number H0) is disconnected, time: 17:56:25, host: ID 4.
N/A.

16827191    2020-07-27 17:56:25    0x100F02440004    Event    Informational    --    None    The link between initiator (type FC, identifier 0x10000090faac6c2f) of a host and the host port (Engine 0, expansion module A, port number H0) is disconnected, time: 17:56:25, host: ID 3.
N/A.

16827190    2020-07-27 17:56:25    0x100F02440004    Event    Informational    --    None    The link between initiator (type FC, identifier 0x21000024ff1d813c) of a host and the host port (Engine 0, expansion module A, port number H0) is disconnected, time: 17:56:25, host: ID 1.
N/A.

16827189    2020-07-27 17:56:25    0x100F02440004    Event    Informational    --    None    The link between initiator (type FC, identifier 0x21000024ff1d8159) of a host and the host port (Engine 0, expansion module A, port number H0) is disconnected, time: 17:56:25, host: ID 0.
N/A.

16827188    2020-07-27 17:56:25    0x100F02440004    Event    Informational    --    None    The link between initiator (type FC, identifier 0x10000090fac06423) of a host and the host port (Engine 0, expansion module A, port number H0) is disconnected, time: 17:56:25, host: ID 2.
N/A.

16827184    2020-07-27 17:56:18    0x100F02440006    Event    Informational    --    None    The link between initiator (type FC, identifier 0x21000024ff1da977) of a host and the host port (Engine 0, expansion module A, port number H2) is linked up, time: 17:56:18, host: ID 13.
N/A.

16827183    2020-07-27 17:56:18    0x100F02440006    Event    Informational    --    None    The link between initiator (type FC, identifier 0x21000024ff1d8159) of a host and the host port (Engine 0, expansion module A, port number H2) is linked up, time: 17:56:18, host: ID 0.
N/A.

16827182    2020-07-27 17:56:18    0x100F02440006    Event    Informational    --    None    The link between initiator (type FC, identifier 0x21000024ff1da8ed) of a host and the host port (Engine 0, expansion module A, port number H2) is linked up, time: 17:56:18, host: ID 12.
N/A.

16827181    2020-07-27 17:56:18    0x100F02440006    Event    Informational    --    None    The link between initiator (type FC, identifier 0x21000024ff1d813c) of a host and the host port (Engine 0, expansion module A, port number H2) is linked up, time: 17:56:18, host: ID 1.
N/A.

16827179    2020-07-27 17:56:17    0x100F02440006    Event    Informational    --    None    The link between initiator (type FC, identifier 0x100000109b10ae38) of a host and the host port (Engine 0, expansion module A, port number H2) is linked up, time: 17:56:17, host: ID 8.
N/A.

16827178    2020-07-27 17:56:17    0x100F02440006    Event    Informational    --    None    The link between initiator (type FC, identifier 0x100000109b2f63a2) of a host and the host port (Engine 0, expansion module A, port number H2) is linked up, time: 17:56:17, host: ID 10.
N/A.

16827177    2020-07-27 17:56:17    0x100F02440006    Event    Informational    --    None    The link between initiator (type FC, identifier 0x100000109b2f6531) of a host and the host port (Engine 0, expansion module A, port number H2) is linked up, time: 17:56:17, host: ID 9.
N/A.

16827176    2020-07-27 17:56:17    0x100F02440006    Event    Informational    --    None    The link between initiator (type FC, identifier 0x100000109b10b340) of a host and the host port (Engine 0, expansion module A, port number H2) is linked up, time: 17:56:17, host: ID 11.
N/A.

16827175    2020-07-27 17:56:17    0x100F02440006    Event    Informational    --    None    The link between initiator (type FC, identifier 0x10000090faac6c2f) of a host and the host port (Engine 0, expansion module A, port number H2) is linked up, time: 17:56:17, host: ID 3.
N/A.

16827164    2020-07-27 17:55:52    0xF0060004    Fault    Major    Recovered    2020-07-27 17:56:21    FC host port (controller enclosure CTE0, -- controller A, port number H2) is disconnected.
Step1 Check cable connections.
1.1 If the cable is removed, reinsert it. If the alarm persists=>[1.2]. 
1.2 If the cable is damaged, replace it. If the alarm persists=>[1.3]. 
1.3 If the port has an optical module=>[Step2]. If no=>[1.4]. 
1.4 If no exceptions are detected=>[Step3]. 
Step2 Check whether optical modules of the peer port are damaged. 
2.1 Remove and reinsert optical modules of the peer port and reinsert the cables. If the alarm persists=>[2.2]. 
2.2 Replace the optical module of the peer port one by one and reinsert the cables. If the alarm persists=>[Step3]. 
Step3 Check the port configuration. 
3.1 Check whether the topology mode of the port matches that of its peer port. If no, make adaptation adjustment. If the alarm persists=>[3.2]. 
3.2 Check whether the rate of the port matches that of its peer port. If no, make adaptation adjustment. If the alarm persists=>[Step4]. 
Step4 Check whether the port and interface module of the two ends connected by the cable are faulty. If yes, rectify the faults. If the alarm persists=>[Step5]. 
Step5 Contact technical support engineers.

16827162    2020-07-27 17:55:49    0x100F02440004    Event    Informational    --    None    The link between initiator (type FC, identifier 0x100000109b10ae38) of a host and the host port (Engine 0, expansion module A, port number H2) is disconnected, time: 17:55:49, host: ID 8.
N/A.

16827161    2020-07-27 17:55:49    0x100F02440004    Event    Informational    --    None    The link between initiator (type FC, identifier 0x21000024ff1da8ed) of a host and the host port (Engine 0, expansion module A, port number H2) is disconnected, time: 17:55:49, host: ID 12.
N/A.

16827160    2020-07-27 17:55:49    0x100F02440004    Event    Informational    --    None    The link between initiator (type FC, identifier 0x21000024ff1da977) of a host and the host port (Engine 0, expansion module A, port number H2) is disconnected, time: 17:55:49, host: ID 13.
N/A.

16827159    2020-07-27 17:55:49    0x100F02440004    Event    Informational    --    None    The link between initiator (type FC, identifier 0x100000109b10b340) of a host and the host port (Engine 0, expansion module A, port number H2) is disconnected, time: 17:55:49, host: ID 11.
N/A.

16827158    2020-07-27 17:55:49    0x100F02440004    Event    Informational    --    None    The link between initiator (type FC, identifier 0x100000109b2f63a2) of a host and the host port (Engine 0, expansion module A, port number H2) is disconnected, time: 17:55:49, host: ID 10.
N/A.

16827157    2020-07-27 17:55:49    0x100F02440004    Event    Informational    --    None    The link between initiator (type FC, identifier 0x100000109b2f6531) of a host and the host port (Engine 0, expansion module A, port number H2) is disconnected, time: 17:55:49, host: ID 9.
N/A.

16827156    2020-07-27 17:55:49    0x100F02440004    Event    Informational    --    None    The link between initiator (type FC, identifier 0x21000024ff1cc7e3) of a host and the host port (Engine 0, expansion module A, port number H2) is disconnected, time: 17:55:49, host: ID 5.
N/A.

16827155    2020-07-27 17:55:49    0x100F02440004    Event    Informational    --    None    The link between initiator (type FC, identifier 0x100000109b10ad9c) of a host and the host port (Engine 0, expansion module A, port number H2) is disconnected, time: 17:55:49, host: ID 7.
N/A.

16827154    2020-07-27 17:55:49    0x100F02440004    Event    Informational    --    None    The link between initiator (type FC, identifier 0x100000109b2f6492) of a host and the host port (Engine 0, expansion module A, port number H2) is disconnected, time: 17:55:49, host: ID 6.
N/A.

16827153    2020-07-27 17:55:49    0x100F02440004    Event    Informational    --    None    The link between initiator (type FC, identifier 0x21000024ff15ace5) of a host and the host port (Engine 0, expansion module A, port number H2) is disconnected, time: 17:55:49, host: ID 4.
N/A.

16827152    2020-07-27 17:55:49    0x100F02440004    Event    Informational    --    None    The link between initiator (type FC, identifier 0x10000090faac6c2f) of a host and the host port (Engine 0, expansion module A, port number H2) is disconnected, time: 17:55:49, host: ID 3.
N/A.

16827151    2020-07-27 17:55:49    0x100F02440004    Event    Informational    --    None    The link between initiator (type FC, identifier 0x21000024ff1d813c) of a host and the host port (Engine 0, expansion module A, port number H2) is disconnected, time: 17:55:49, host: ID 1.
N/A.

16827150    2020-07-27 17:55:49    0x100F02440004    Event    Informational    --    None    The link between initiator (type FC, identifier 0x21000024ff1d8159) of a host and the host port (Engine 0, expansion module A, port number H2) is disconnected, time: 17:55:49, host: ID 0.
N/A.

16827149    2020-07-27 17:55:49    0x100F02440004    Event    Informational    --    None    The link between initiator (type FC, identifier 0x10000090fac06423) of a host and the host port (Engine 0, expansion module A, port number H2) is disconnected, time: 17:55:49, host: ID 2.
N/A.

16827145    2020-07-27 17:55:40    0x100F02440006    Event    Informational    --    None    The link between initiator (type FC, identifier 0x21000024ff15ace5) of a host and the host port (Engine 0, expansion module B, port number H2) is linked up, time: 17:55:40, host: ID 4.
N/A.

16827144    2020-07-27 17:55:40    0x100F02440006    Event    Informational    --    None    The link between initiator (type FC, identifier 0x21000024ff1d8159) of a host and the host port (Engine 0, expansion module B, port number H2) is linked up, time: 17:55:40, host: ID 0.
N/A.

16827143    2020-07-27 17:55:40    0x100F02440006    Event    Informational    --    None    The link between initiator (type FC, identifier 0x21000024ff1cc7e3) of a host and the host port (Engine 0, expansion module B, port number H2) is linked up, time: 17:55:40, host: ID 5.
N/A.

16827142    2020-07-27 17:55:40    0x100F02440006    Event    Informational    --    None    The link between initiator (type FC, identifier 0x21000024ff1da8ed) of a host and the host port (Engine 0, expansion module B, port number H2) is linked up, time: 17:55:40, host: ID 12.
N/A.

16827140    2020-07-27 17:55:40    0x100F02440006    Event    Informational    --    None    The link between initiator (type FC, identifier 0x21000024ff1d813c) of a host and the host port (Engine 0, expansion module B, port number H2) is linked up, time: 17:55:40, host: ID 1.
N/A.

16827139    2020-07-27 17:55:39    0x100F02440006    Event    Informational    --    None    The link between initiator (type FC, identifier 0x21000024ff1da977) of a host and the host port (Engine 0, expansion module B, port number H2) is linked up, time: 17:55:39, host: ID 13.
N/A.

16827138    2020-07-27 17:55:38    0x100F02440006    Event    Informational    --    None    The link between initiator (type FC, identifier 0x100000109b10ad9c) of a host and the host port (Engine 0, expansion module B, port number H2) is linked up, time: 17:55:38, host: ID 7.
N/A.

16827137    2020-07-27 17:55:38    0x100F02440006    Event    Informational    --    None    The link between initiator (type FC, identifier 0x100000109b2f6492) of a host and the host port (Engine 0, expansion module B, port number H2) is linked up, time: 17:55:38, host: ID 6.
N/A.

16827136    2020-07-27 17:55:38    0x100F02440006    Event    Informational    --    None    The link between initiator (type FC, identifier 0x100000109b10ae38) of a host and the host port (Engine 0, expansion module B, port number H2) is linked up, time: 17:55:38, host: ID 8.
N/A.

16827135    2020-07-27 17:55:38    0x100F02440006    Event    Informational    --    None    The link between initiator (type FC, identifier 0x10000090faac6c2f) of a host and the host port (Engine 0, expansion module B, port number H2) is linked up, time: 17:55:38, host: ID 3.
N/A.

16827134    2020-07-27 17:55:38    0x100F02440006    Event    Informational    --    None    The link between initiator (type FC, identifier 0x100000109b2f63a2) of a host and the host port (Engine 0, expansion module B, port number H2) is linked up, time: 17:55:38, host: ID 10.
N/A.

16827133    2020-07-27 17:55:38    0x100F02440006    Event    Informational    --    None    The link between initiator (type FC, identifier 0x100000109b2f6531) of a host and the host port (Engine 0, expansion module B, port number H2) is linked up, time: 17:55:38, host: ID 9.
N/A.

16827132    2020-07-27 17:55:38    0x100F02440006    Event    Informational    --    None    The link between initiator (type FC, identifier 0x100000109b10b340) of a host and the host port (Engine 0, expansion module B, port number H2) is linked up, time: 17:55:38, host: ID 11.
N/A.

16827099    2020-07-27 17:54:19    0xF0060004    Fault    Major    Recovered    2020-07-27 17:55:40    FC host port (controller enclosure CTE0, -- controller B, port number H2) is disconnected.
Step1 Check cable connections.
1.1 If the cable is removed, reinsert it. If the alarm persists=>[1.2]. 
1.2 If the cable is damaged, replace it. If the alarm persists=>[1.3]. 
1.3 If the port has an optical module=>[Step2]. If no=>[1.4]. 
1.4 If no exceptions are detected=>[Step3]. 
Step2 Check whether optical modules of the peer port are damaged. 
2.1 Remove and reinsert optical modules of the peer port and reinsert the cables. If the alarm persists=>[2.2]. 
2.2 Replace the optical module of the peer port one by one and reinsert the cables. If the alarm persists=>[Step3]. 
Step3 Check the port configuration. 
3.1 Check whether the topology mode of the port matches that of its peer port. If no, make adaptation adjustment. If the alarm persists=>[3.2]. 
3.2 Check whether the rate of the port matches that of its peer port. If no, make adaptation adjustment. If the alarm persists=>[Step4]. 
Step4 Check whether the port and interface module of the two ends connected by the cable are faulty. If yes, rectify the faults. If the alarm persists=>[Step5]. 
Step5 Contact technical support engineers.

16827097    2020-07-27 17:54:15    0x100F02440004    Event    Informational    --    None    The link between initiator (type FC, identifier 0x21000024ff1da8ed) of a host and the host port (Engine 0, expansion module B, port number H2) is disconnected, time: 17:54:15, host: ID 12.
N/A.

16827096    2020-07-27 17:54:15    0x100F02440004    Event    Informational    --    None    The link between initiator (type FC, identifier 0x21000024ff1da977) of a host and the host port (Engine 0, expansion module B, port number H2) is disconnected, time: 17:54:15, host: ID 13.
N/A.

16827095    2020-07-27 17:54:15    0x100F02440004    Event    Informational    --    None    The link between initiator (type FC, identifier 0x100000109b10b340) of a host and the host port (Engine 0, expansion module B, port number H2) is disconnected, time: 17:54:15, host: ID 11.
N/A.

16827094    2020-07-27 17:54:15    0x100F02440004    Event    Informational    --    None    The link between initiator (type FC, identifier 0x100000109b2f6531) of a host and the host port (Engine 0, expansion module B, port number H2) is disconnected, time: 17:54:15, host: ID 9.
N/A.

16827093    2020-07-27 17:54:15    0x100F02440004    Event    Informational    --    None    The link between initiator (type FC, identifier 0x100000109b2f63a2) of a host and the host port (Engine 0, expansion module B, port number H2) is disconnected, time: 17:54:15, host: ID 10.
N/A.

16827092    2020-07-27 17:54:15    0x100F02440004    Event    Informational    --    None    The link between initiator (type FC, identifier 0x100000109b10ae38) of a host and the host port (Engine 0, expansion module B, port number H2) is disconnected, time: 17:54:15, host: ID 8.
N/A.

16827091    2020-07-27 17:54:15    0x100F02440004    Event    Informational    --    None    The link between initiator (type FC, identifier 0x21000024ff1cc7e3) of a host and the host port (Engine 0, expansion module B, port number H2) is disconnected, time: 17:54:15, host: ID 5.
N/A.

16827090    2020-07-27 17:54:15    0x100F02440004    Event    Informational    --    None    The link between initiator (type FC, identifier 0x100000109b10ad9c) of a host and the host port (Engine 0, expansion module B, port number H2) is disconnected, time: 17:54:15, host: ID 7.
N/A.

16827089    2020-07-27 17:54:15    0x100F02440004    Event    Informational    --    None    The link between initiator (type FC, identifier 0x21000024ff15ace5) of a host and the host port (Engine 0, expansion module B, port number H2) is disconnected, time: 17:54:15, host: ID 4.
N/A.

16827088    2020-07-27 17:54:15    0x100F02440004    Event    Informational    --    None    The link between initiator (type FC, identifier 0x100000109b2f6492) of a host and the host port (Engine 0, expansion module B, port number H2) is disconnected, time: 17:54:15, host: ID 6.
N/A.

16827087    2020-07-27 17:54:15    0x100F02440004    Event    Informational    --    None    The link between initiator (type FC, identifier 0x10000090faac6c2f) of a host and the host port (Engine 0, expansion module B, port number H2) is disconnected, time: 17:54:15, host: ID 3.
N/A.

16827086    2020-07-27 17:54:15    0x100F02440004    Event    Informational    --    None    The link between initiator (type FC, identifier 0x21000024ff1d813c) of a host and the host port (Engine 0, expansion module B, port number H2) is disconnected, time: 17:54:15, host: ID 1.
N/A.

16827085    2020-07-27 17:54:15    0x100F02440004    Event    Informational    --    None    The link between initiator (type FC, identifier 0x21000024ff1d8159) of a host and the host port (Engine 0, expansion module B, port number H2) is disconnected, time: 17:54:15, host: ID 0.
N/A.

16827084    2020-07-27 17:54:15    0x100F02440004    Event    Informational    --    None    The link between initiator (type FC, identifier 0x10000090fac06423) of a host and the host port (Engine 0, expansion module B, port number H2) is disconnected, time: 17:54:15, host: ID 2.
N/A.

