298787    2019-04-09 14:03:55    0x100F0015001C    Event    Major    --    None    UltraPath push information from host (ID 2) is not received at the preset time point or fails to be processed.
Step1 Install UltraPath of the latest version on the host. If the fault persists=>[Step2]. 
Step2 Collect related information and contact technical support engineers.

298786    2019-04-09 14:03:55    0x100F0015001C    Event    Major    --    None    UltraPath push information from host (ID 3) is not received at the preset time point or fails to be processed.
Step1 Install UltraPath of the latest version on the host. If the fault persists=>[Step2]. 
Step2 Collect related information and contact technical support engineers.

298785    2019-04-09 14:03:55    0x100F0015001C    Event    Major    --    None    UltraPath push information from host (ID 2) is not received at the preset time point or fails to be processed.
Step1 Install UltraPath of the latest version on the host. If the fault persists=>[Step2]. 
Step2 Collect related information and contact technical support engineers.

298784    2019-04-09 14:03:55    0x100F0015001C    Event    Major    --    None    UltraPath push information from host (ID 3) is not received at the preset time point or fails to be processed.
Step1 Install UltraPath of the latest version on the host. If the fault persists=>[Step2]. 
Step2 Collect related information and contact technical support engineers.

298783    2019-04-09 14:03:55    0x100F0015001C    Event    Major    --    None    UltraPath push information from host (ID 2) is not received at the preset time point or fails to be processed.
Step1 Install UltraPath of the latest version on the host. If the fault persists=>[Step2]. 
Step2 Collect related information and contact technical support engineers.

298782    2019-04-09 14:03:55    0x100F0015001C    Event    Major    --    None    UltraPath push information from host (ID 3) is not received at the preset time point or fails to be processed.
Step1 Install UltraPath of the latest version on the host. If the fault persists=>[Step2]. 
Step2 Collect related information and contact technical support engineers.

298781    2019-04-09 14:03:55    0x100F0015001C    Event    Major    --    None    UltraPath push information from host (ID 2) is not received at the preset time point or fails to be processed.
Step1 Install UltraPath of the latest version on the host. If the fault persists=>[Step2]. 
Step2 Collect related information and contact technical support engineers.

298780    2019-04-09 14:03:55    0x100F0015001C    Event    Major    --    None    UltraPath push information from host (ID 3) is not received at the preset time point or fails to be processed.
Step1 Install UltraPath of the latest version on the host. If the fault persists=>[Step2]. 
Step2 Collect related information and contact technical support engineers.

298777    2019-04-09 14:03:48    0x100F0015001C    Event    Major    --    None    UltraPath push information from host (ID 2) is not received at the preset time point or fails to be processed.
Step1 Install UltraPath of the latest version on the host. If the fault persists=>[Step2]. 
Step2 Collect related information and contact technical support engineers.

298776    2019-04-09 14:03:48    0x100F0015001C    Event    Major    --    None    UltraPath push information from host (ID 3) is not received at the preset time point or fails to be processed.
Step1 Install UltraPath of the latest version on the host. If the fault persists=>[Step2]. 
Step2 Collect related information and contact technical support engineers.

298775    2019-04-09 14:03:48    0x100F0015001C    Event    Major    --    None    UltraPath push information from host (ID 2) is not received at the preset time point or fails to be processed.
Step1 Install UltraPath of the latest version on the host. If the fault persists=>[Step2]. 
Step2 Collect related information and contact technical support engineers.

298774    2019-04-09 14:03:48    0x100F0015001C    Event    Major    --    None    UltraPath push information from host (ID 3) is not received at the preset time point or fails to be processed.
Step1 Install UltraPath of the latest version on the host. If the fault persists=>[Step2]. 
Step2 Collect related information and contact technical support engineers.

298773    2019-04-09 14:03:48    0x100F0015001C    Event    Major    --    None    UltraPath push information from host (ID 2) is not received at the preset time point or fails to be processed.
Step1 Install UltraPath of the latest version on the host. If the fault persists=>[Step2]. 
Step2 Collect related information and contact technical support engineers.

298772    2019-04-09 14:03:48    0x100F0015001C    Event    Major    --    None    UltraPath push information from host (ID 3) is not received at the preset time point or fails to be processed.
Step1 Install UltraPath of the latest version on the host. If the fault persists=>[Step2]. 
Step2 Collect related information and contact technical support engineers.

298771    2019-04-09 14:03:48    0x100F0015001C    Event    Major    --    None    UltraPath push information from host (ID 2) is not received at the preset time point or fails to be processed.
Step1 Install UltraPath of the latest version on the host. If the fault persists=>[Step2]. 
Step2 Collect related information and contact technical support engineers.

298770    2019-04-09 14:03:48    0x100F0015001C    Event    Major    --    None    UltraPath push information from host (ID 3) is not received at the preset time point or fails to be processed.
Step1 Install UltraPath of the latest version on the host. If the fault persists=>[Step2]. 
Step2 Collect related information and contact technical support engineers.

298665    2019-04-09 13:59:30    0x100F02440006    Event    Informational    --    None    The link between initiator (type FC, identifier 0x10000090fac0643c) of a host and the host port (Engine 0, expansion module B, port number H3) is linked up, time: 13:59:30, host: ID 2.
N/A.

298664    2019-04-09 13:59:30    0x100F02440006    Event    Informational    --    None    The link between initiator (type FC, identifier 0x10000090fac0643c) of a host and the host port (Engine 0, expansion module A, port number H1) is linked up, time: 13:59:30, host: ID 2.
N/A.

298663    2019-04-09 13:59:30    0x100F02440006    Event    Informational    --    None    The link between initiator (type FC, identifier 0x10000090fac0643c) of a host and the host port (Engine 0, expansion module B, port number H1) is linked up, time: 13:59:30, host: ID 2.
N/A.

298662    2019-04-09 13:59:30    0x100F02440006    Event    Informational    --    None    The link between initiator (type FC, identifier 0x10000090fac0643c) of a host and the host port (Engine 0, expansion module A, port number H3) is linked up, time: 13:59:30, host: ID 2.
N/A.

298660    2019-04-09 13:59:28    0x100F02440006    Event    Informational    --    None    The link between initiator (type FC, identifier 0x10000090fac06423) of a host and the host port (Engine 0, expansion module A, port number H0) is linked up, time: 13:59:28, host: ID 2.
N/A.

298659    2019-04-09 13:59:28    0x100F02440006    Event    Informational    --    None    The link between initiator (type FC, identifier 0x10000090fac06423) of a host and the host port (Engine 0, expansion module B, port number H0) is linked up, time: 13:59:28, host: ID 2.
N/A.

298658    2019-04-09 13:59:28    0x100F02440006    Event    Informational    --    None    The link between initiator (type FC, identifier 0x10000090fac06423) of a host and the host port (Engine 0, expansion module B, port number H2) is linked up, time: 13:59:28, host: ID 2.
N/A.

298657    2019-04-09 13:59:28    0x100F02440006    Event    Informational    --    None    The link between initiator (type FC, identifier 0x10000090fac06423) of a host and the host port (Engine 0, expansion module A, port number H2) is linked up, time: 13:59:28, host: ID 2.
N/A.

298651    2019-04-09 13:59:14    0x100F02440006    Event    Informational    --    None    The link between initiator (type FC, identifier 0x10000090faac6c46) of a host and the host port (Engine 0, expansion module A, port number H3) is linked up, time: 13:59:14, host: ID 3.
N/A.

298650    2019-04-09 13:59:14    0x100F02440006    Event    Informational    --    None    The link between initiator (type FC, identifier 0x10000090faac6c46) of a host and the host port (Engine 0, expansion module B, port number H3) is linked up, time: 13:59:14, host: ID 3.
N/A.

298649    2019-04-09 13:59:14    0x100F02440006    Event    Informational    --    None    The link between initiator (type FC, identifier 0x10000090faac6c46) of a host and the host port (Engine 0, expansion module A, port number H1) is linked up, time: 13:59:14, host: ID 3.
N/A.

298648    2019-04-09 13:59:14    0x100F02440006    Event    Informational    --    None    The link between initiator (type FC, identifier 0x10000090faac6c46) of a host and the host port (Engine 0, expansion module B, port number H1) is linked up, time: 13:59:14, host: ID 3.
N/A.

298645    2019-04-09 13:59:10    0x100F02440006    Event    Informational    --    None    The link between initiator (type FC, identifier 0x10000090faac6c2f) of a host and the host port (Engine 0, expansion module A, port number H2) is linked up, time: 13:59:10, host: ID 3.
N/A.

298644    2019-04-09 13:59:10    0x100F02440006    Event    Informational    --    None    The link between initiator (type FC, identifier 0x10000090faac6c2f) of a host and the host port (Engine 0, expansion module B, port number H2) is linked up, time: 13:59:10, host: ID 3.
N/A.

298643    2019-04-09 13:59:10    0x100F02440006    Event    Informational    --    None    The link between initiator (type FC, identifier 0x10000090faac6c2f) of a host and the host port (Engine 0, expansion module A, port number H0) is linked up, time: 13:59:10, host: ID 3.
N/A.

298642    2019-04-09 13:59:10    0x100F02440006    Event    Informational    --    None    The link between initiator (type FC, identifier 0x10000090faac6c2f) of a host and the host port (Engine 0, expansion module B, port number H0) is linked up, time: 13:59:10, host: ID 3.
N/A.

298561    2019-04-09 13:55:46    0x100F02440004    Event    Informational    --    None    The link between initiator (type FC, identifier 0x10000090fac0643c) of a host and the host port (Engine 0, expansion module B, port number H1) is disconnected, time: 13:55:46, host: ID 2.
N/A.

298560    2019-04-09 13:55:46    0x100F02440004    Event    Informational    --    None    The link between initiator (type FC, identifier 0x10000090fac0643c) of a host and the host port (Engine 0, expansion module B, port number H3) is disconnected, time: 13:55:46, host: ID 2.
N/A.

298559    2019-04-09 13:55:46    0x100F02440004    Event    Informational    --    None    The link between initiator (type FC, identifier 0x10000090fac06423) of a host and the host port (Engine 0, expansion module B, port number H0) is disconnected, time: 13:55:46, host: ID 2.
N/A.

298558    2019-04-09 13:55:46    0x100F02440004    Event    Informational    --    None    The link between initiator (type FC, identifier 0x10000090fac06423) of a host and the host port (Engine 0, expansion module A, port number H0) is disconnected, time: 13:55:46, host: ID 2.
N/A.

298557    2019-04-09 13:55:46    0x100F02440004    Event    Informational    --    None    The link between initiator (type FC, identifier 0x10000090fac06423) of a host and the host port (Engine 0, expansion module A, port number H2) is disconnected, time: 13:55:46, host: ID 2.
N/A.

298556    2019-04-09 13:55:45    0x100F02440004    Event    Informational    --    None    The link between initiator (type FC, identifier 0x10000090fac0643c) of a host and the host port (Engine 0, expansion module A, port number H1) is disconnected, time: 13:55:45, host: ID 2.
N/A.

298555    2019-04-09 13:55:45    0x100F02440004    Event    Informational    --    None    The link between initiator (type FC, identifier 0x10000090fac0643c) of a host and the host port (Engine 0, expansion module A, port number H3) is disconnected, time: 13:55:45, host: ID 2.
N/A.

298554    2019-04-09 13:55:45    0x100F02440004    Event    Informational    --    None    The link between initiator (type FC, identifier 0x10000090fac06423) of a host and the host port (Engine 0, expansion module B, port number H2) is disconnected, time: 13:55:45, host: ID 2.
N/A.

298552    2019-04-09 13:55:42    0x100F02440004    Event    Informational    --    None    The link between initiator (type FC, identifier 0x10000090faac6c2f) of a host and the host port (Engine 0, expansion module A, port number H0) is disconnected, time: 13:55:42, host: ID 3.
N/A.

298551    2019-04-09 13:55:42    0x100F02440004    Event    Informational    --    None    The link between initiator (type FC, identifier 0x10000090faac6c46) of a host and the host port (Engine 0, expansion module A, port number H1) is disconnected, time: 13:55:42, host: ID 3.
N/A.

298550    2019-04-09 13:55:42    0x100F02440004    Event    Informational    --    None    The link between initiator (type FC, identifier 0x10000090faac6c46) of a host and the host port (Engine 0, expansion module A, port number H3) is disconnected, time: 13:55:42, host: ID 3.
N/A.

298549    2019-04-09 13:55:42    0x100F02440004    Event    Informational    --    None    The link between initiator (type FC, identifier 0x10000090faac6c2f) of a host and the host port (Engine 0, expansion module B, port number H2) is disconnected, time: 13:55:42, host: ID 3.
N/A.

298548    2019-04-09 13:55:42    0x100F02440004    Event    Informational    --    None    The link between initiator (type FC, identifier 0x10000090faac6c46) of a host and the host port (Engine 0, expansion module B, port number H1) is disconnected, time: 13:55:42, host: ID 3.
N/A.

298547    2019-04-09 13:55:42    0x100F02440004    Event    Informational    --    None    The link between initiator (type FC, identifier 0x10000090faac6c2f) of a host and the host port (Engine 0, expansion module A, port number H2) is disconnected, time: 13:55:42, host: ID 3.
N/A.

298546    2019-04-09 13:55:41    0x100F02440004    Event    Informational    --    None    The link between initiator (type FC, identifier 0x10000090faac6c2f) of a host and the host port (Engine 0, expansion module B, port number H0) is disconnected, time: 13:55:41, host: ID 3.
N/A.

298545    2019-04-09 13:55:41    0x100F02440004    Event    Informational    --    None    The link between initiator (type FC, identifier 0x10000090faac6c46) of a host and the host port (Engine 0, expansion module B, port number H3) is disconnected, time: 13:55:41, host: ID 3.
N/A.

297720    2019-04-09 13:21:21    0xF01080015    Fault    Major    Recovered    2019-04-09 13:23:31    FC host port (controller enclosure CTE0, -- controller B, port ID H0) has too many bit errors. The system performance may be affected.
Step1 Check cables.
    1.1 If any cable is not securely connected, reinsert it. If the alarm persists=>[1.2].
    1.2 Replace the cable. If the alarm persists=>[Step2].
Step2 Check whether optical modules are installed.
    2.1 If yes, replace the optical modules of the local port and its peer port. If the alarm persists=>[Step3].
    2.2 If no=>[Step3].
Step3 Replace the modules where the port and its peer port reside. If the alarm persists=>[Step4].
Step4 If the local and peer ports are ETH/FCoE ports, check whether their MTU values match.
    4.1 If yes=>[Step5].
    4.2 If no, contact technical support engineers to modify the MTU. If the alarm persists=>[Step5].
Step5 Check whether the current network is an FC/FCoE switch network.
    5.1 If yes=>[Step6].
    5.2 If no=>[Step9].
Step6 Check the cable connection of all links from the remote device to the switch.
    6.1 If any cable is not securely connected, reinsert it. If the alarm persists=>[6.2].
    6.2 Replace the cable. If the alarm persists=>[Step7].
Step7 Replace the optical module of the remote device port and switch port. If the alarm persists=>[Step8].
Step8 If the remote device port and switch port are FCoE ports, check whether their MTU values match.
    8.1 If yes=>[Step9].
    8.2 If no, contact technical support engineers to modify the MTU. If the alarm persists=>[Step9].
Step9 Collect related information and contact technical support engineers.

297562    2019-04-09 13:14:49    0x100F0015001C    Event    Major    --    None    UltraPath push information from host (ID 0) is not received at the preset time point or fails to be processed.
Step1 Install UltraPath of the latest version on the host. If the fault persists=>[Step2]. 
Step2 Collect related information and contact technical support engineers.

297561    2019-04-09 13:14:49    0x100F0015001C    Event    Major    --    None    UltraPath push information from host (ID 0) is not received at the preset time point or fails to be processed.
Step1 Install UltraPath of the latest version on the host. If the fault persists=>[Step2]. 
Step2 Collect related information and contact technical support engineers.

297557    2019-04-09 13:14:42    0x100F0015001C    Event    Major    --    None    UltraPath push information from host (ID 0) is not received at the preset time point or fails to be processed.
Step1 Install UltraPath of the latest version on the host. If the fault persists=>[Step2]. 
Step2 Collect related information and contact technical support engineers.

297556    2019-04-09 13:14:42    0x100F0015001C    Event    Major    --    None    UltraPath push information from host (ID 0) is not received at the preset time point or fails to be processed.
Step1 Install UltraPath of the latest version on the host. If the fault persists=>[Step2]. 
Step2 Collect related information and contact technical support engineers.

297482    2019-04-09 13:11:45    0x100F02440006    Event    Informational    --    None    The link between initiator (type FC, identifier 0x21000024ff1d8159) of a host and the host port (Engine 0, expansion module A, port number H0) is linked up, time: 13:11:45, host: ID 0.
N/A.

297481    2019-04-09 13:11:45    0x100F02440006    Event    Informational    --    None    The link between initiator (type FC, identifier 0x21000024ff1d8159) of a host and the host port (Engine 0, expansion module B, port number H0) is linked up, time: 13:11:45, host: ID 0.
N/A.

297480    2019-04-09 13:11:45    0x100F02440006    Event    Informational    --    None    The link between initiator (type FC, identifier 0x21000024ff1d8159) of a host and the host port (Engine 0, expansion module A, port number H2) is linked up, time: 13:11:45, host: ID 0.
N/A.

297479    2019-04-09 13:11:45    0x100F02440006    Event    Informational    --    None    The link between initiator (type FC, identifier 0x21000024ff1d8159) of a host and the host port (Engine 0, expansion module B, port number H2) is linked up, time: 13:11:45, host: ID 0.
N/A.

297471    2019-04-09 13:11:27    0x100F02440004    Event    Informational    --    None    The link between initiator (type FC, identifier 0x21000024ff1d8159) of a host and the host port (Engine 0, expansion module A, port number H0) is disconnected, time: 13:11:27, host: ID 0.
N/A.

297470    2019-04-09 13:11:27    0x100F02440004    Event    Informational    --    None    The link between initiator (type FC, identifier 0x21000024ff1d8159) of a host and the host port (Engine 0, expansion module B, port number H0) is disconnected, time: 13:11:27, host: ID 0.
N/A.

297469    2019-04-09 13:11:27    0x100F02440004    Event    Informational    --    None    The link between initiator (type FC, identifier 0x21000024ff1d8159) of a host and the host port (Engine 0, expansion module A, port number H2) is disconnected, time: 13:11:27, host: ID 0.
N/A.

297468    2019-04-09 13:11:27    0x100F02440004    Event    Informational    --    None    The link between initiator (type FC, identifier 0x21000024ff1d8159) of a host and the host port (Engine 0, expansion module B, port number H2) is disconnected, time: 13:11:27, host: ID 0.
N/A.

297465    2019-04-09 13:11:22    0x100F02440006    Event    Informational    --    None    The link between initiator (type FC, identifier 0x21000024ff1d8159) of a host and the host port (Engine 0, expansion module B, port number H2) is linked up, time: 13:11:22, host: ID 0.
N/A.

297464    2019-04-09 13:11:22    0x100F02440006    Event    Informational    --    None    The link between initiator (type FC, identifier 0x21000024ff1d8159) of a host and the host port (Engine 0, expansion module A, port number H0) is linked up, time: 13:11:22, host: ID 0.
N/A.

297463    2019-04-09 13:11:22    0x100F02440006    Event    Informational    --    None    The link between initiator (type FC, identifier 0x21000024ff1d8159) of a host and the host port (Engine 0, expansion module B, port number H0) is linked up, time: 13:11:22, host: ID 0.
N/A.

297462    2019-04-09 13:11:22    0x100F02440006    Event    Informational    --    None    The link between initiator (type FC, identifier 0x21000024ff1d8159) of a host and the host port (Engine 0, expansion module A, port number H2) is linked up, time: 13:11:22, host: ID 0.
N/A.

297460    2019-04-09 13:11:18    0x100F0015001C    Event    Major    --    None    UltraPath push information from host (ID 1) is not received at the preset time point or fails to be processed.
Step1 Install UltraPath of the latest version on the host. If the fault persists=>[Step2]. 
Step2 Collect related information and contact technical support engineers.

297459    2019-04-09 13:11:18    0x100F0015001C    Event    Major    --    None    UltraPath push information from host (ID 1) is not received at the preset time point or fails to be processed.
Step1 Install UltraPath of the latest version on the host. If the fault persists=>[Step2]. 
Step2 Collect related information and contact technical support engineers.

297456    2019-04-09 13:11:12    0x100F0015001C    Event    Major    --    None    UltraPath push information from host (ID 1) is not received at the preset time point or fails to be processed.
Step1 Install UltraPath of the latest version on the host. If the fault persists=>[Step2]. 
Step2 Collect related information and contact technical support engineers.

297455    2019-04-09 13:11:12    0x100F0015001C    Event    Major    --    None    UltraPath push information from host (ID 1) is not received at the preset time point or fails to be processed.
Step1 Install UltraPath of the latest version on the host. If the fault persists=>[Step2]. 
Step2 Collect related information and contact technical support engineers.

297450    2019-04-09 13:11:02    0x100F02440004    Event    Informational    --    None    The link between initiator (type FC, identifier 0x21000024ff1d8159) of a host and the host port (Engine 0, expansion module B, port number H0) is disconnected, time: 13:11:2, host: ID 0.
N/A.

297449    2019-04-09 13:11:02    0x100F02440004    Event    Informational    --    None    The link between initiator (type FC, identifier 0x21000024ff1d8159) of a host and the host port (Engine 0, expansion module A, port number H2) is disconnected, time: 13:11:2, host: ID 0.
N/A.

297448    2019-04-09 13:11:02    0x100F02440004    Event    Informational    --    None    The link between initiator (type FC, identifier 0x21000024ff1d8159) of a host and the host port (Engine 0, expansion module A, port number H0) is disconnected, time: 13:11:2, host: ID 0.
N/A.

297447    2019-04-09 13:11:02    0x100F02440004    Event    Informational    --    None    The link between initiator (type FC, identifier 0x21000024ff1d8159) of a host and the host port (Engine 0, expansion module B, port number H2) is disconnected, time: 13:11:2, host: ID 0.
N/A.

297437    2019-04-09 13:10:35    0x100F02440006    Event    Informational    --    None    The link between initiator (type FC, identifier 0x21000024ff1d81d0) of a host and the host port (Engine 0, expansion module B, port number H1) is linked up, time: 13:10:35, host: ID 0.
N/A.

297436    2019-04-09 13:10:35    0x100F02440006    Event    Informational    --    None    The link between initiator (type FC, identifier 0x21000024ff1d81d0) of a host and the host port (Engine 0, expansion module A, port number H3) is linked up, time: 13:10:35, host: ID 0.
N/A.

297435    2019-04-09 13:10:35    0x100F02440006    Event    Informational    --    None    The link between initiator (type FC, identifier 0x21000024ff1d81d0) of a host and the host port (Engine 0, expansion module B, port number H3) is linked up, time: 13:10:35, host: ID 0.
N/A.

297434    2019-04-09 13:10:35    0x100F02440006    Event    Informational    --    None    The link between initiator (type FC, identifier 0x21000024ff1d81d0) of a host and the host port (Engine 0, expansion module A, port number H1) is linked up, time: 13:10:35, host: ID 0.
N/A.

297423    2019-04-09 13:10:03    0x100F02440006    Event    Informational    --    None    The link between initiator (type FC, identifier 0x21000024ff1d8159) of a host and the host port (Engine 0, expansion module B, port number H2) is linked up, time: 13:10:3, host: ID 0.
N/A.

297421    2019-04-09 13:10:03    0x100F02440006    Event    Informational    --    None    The link between initiator (type FC, identifier 0x21000024ff1d8159) of a host and the host port (Engine 0, expansion module A, port number H2) is linked up, time: 13:10:3, host: ID 0.
N/A.

297420    2019-04-09 13:10:03    0x100F02440006    Event    Informational    --    None    The link between initiator (type FC, identifier 0x21000024ff1d8159) of a host and the host port (Engine 0, expansion module B, port number H0) is linked up, time: 13:10:3, host: ID 0.
N/A.

297419    2019-04-09 13:10:03    0x100F02440006    Event    Informational    --    None    The link between initiator (type FC, identifier 0x21000024ff1d8159) of a host and the host port (Engine 0, expansion module A, port number H0) is linked up, time: 13:10:3, host: ID 0.
N/A.

297397    2019-04-09 13:09:10    0x100F02440004    Event    Informational    --    None    The link between initiator (type FC, identifier 0x21000024ff1d8159) of a host and the host port (Engine 0, expansion module A, port number H0) is disconnected, time: 13:9:10, host: ID 0.
N/A.

297396    2019-04-09 13:09:10    0x100F02440004    Event    Informational    --    None    The link between initiator (type FC, identifier 0x21000024ff1d8159) of a host and the host port (Engine 0, expansion module B, port number H2) is disconnected, time: 13:9:10, host: ID 0.
N/A.

297395    2019-04-09 13:09:10    0x100F02440004    Event    Informational    --    None    The link between initiator (type FC, identifier 0x21000024ff1d8159) of a host and the host port (Engine 0, expansion module A, port number H2) is disconnected, time: 13:9:10, host: ID 0.
N/A.

297394    2019-04-09 13:09:10    0x100F02440004    Event    Informational    --    None    The link between initiator (type FC, identifier 0x21000024ff1d8159) of a host and the host port (Engine 0, expansion module B, port number H0) is disconnected, time: 13:9:10, host: ID 0.
N/A.

297362    2019-04-09 13:07:48    0x100F0015001C    Event    Major    --    None    UltraPath push information from host (ID 5) is not received at the preset time point or fails to be processed.
Step1 Install UltraPath of the latest version on the host. If the fault persists=>[Step2]. 
Step2 Collect related information and contact technical support engineers.

297361    2019-04-09 13:07:48    0x100F0015001C    Event    Major    --    None    UltraPath push information from host (ID 2) is not received at the preset time point or fails to be processed.
Step1 Install UltraPath of the latest version on the host. If the fault persists=>[Step2]. 
Step2 Collect related information and contact technical support engineers.

297360    2019-04-09 13:07:48    0x100F0015001C    Event    Major    --    None    UltraPath push information from host (ID 3) is not received at the preset time point or fails to be processed.
Step1 Install UltraPath of the latest version on the host. If the fault persists=>[Step2]. 
Step2 Collect related information and contact technical support engineers.

297359    2019-04-09 13:07:48    0x100F0015001C    Event    Major    --    None    UltraPath push information from host (ID 5) is not received at the preset time point or fails to be processed.
Step1 Install UltraPath of the latest version on the host. If the fault persists=>[Step2]. 
Step2 Collect related information and contact technical support engineers.

297358    2019-04-09 13:07:48    0x100F0015001C    Event    Major    --    None    UltraPath push information from host (ID 2) is not received at the preset time point or fails to be processed.
Step1 Install UltraPath of the latest version on the host. If the fault persists=>[Step2]. 
Step2 Collect related information and contact technical support engineers.

297357    2019-04-09 13:07:48    0x100F0015001C    Event    Major    --    None    UltraPath push information from host (ID 3) is not received at the preset time point or fails to be processed.
Step1 Install UltraPath of the latest version on the host. If the fault persists=>[Step2]. 
Step2 Collect related information and contact technical support engineers.

297356    2019-04-09 13:07:48    0x100F0015001C    Event    Major    --    None    UltraPath push information from host (ID 5) is not received at the preset time point or fails to be processed.
Step1 Install UltraPath of the latest version on the host. If the fault persists=>[Step2]. 
Step2 Collect related information and contact technical support engineers.

297355    2019-04-09 13:07:48    0x100F0015001C    Event    Major    --    None    UltraPath push information from host (ID 2) is not received at the preset time point or fails to be processed.
Step1 Install UltraPath of the latest version on the host. If the fault persists=>[Step2]. 
Step2 Collect related information and contact technical support engineers.

297354    2019-04-09 13:07:48    0x100F0015001C    Event    Major    --    None    UltraPath push information from host (ID 3) is not received at the preset time point or fails to be processed.
Step1 Install UltraPath of the latest version on the host. If the fault persists=>[Step2]. 
Step2 Collect related information and contact technical support engineers.

297353    2019-04-09 13:07:48    0x100F0015001C    Event    Major    --    None    UltraPath push information from host (ID 5) is not received at the preset time point or fails to be processed.
Step1 Install UltraPath of the latest version on the host. If the fault persists=>[Step2]. 
Step2 Collect related information and contact technical support engineers.

297352    2019-04-09 13:07:48    0x100F0015001C    Event    Major    --    None    UltraPath push information from host (ID 3) is not received at the preset time point or fails to be processed.
Step1 Install UltraPath of the latest version on the host. If the fault persists=>[Step2]. 
Step2 Collect related information and contact technical support engineers.

297351    2019-04-09 13:07:48    0x100F0015001C    Event    Major    --    None    UltraPath push information from host (ID 2) is not received at the preset time point or fails to be processed.
Step1 Install UltraPath of the latest version on the host. If the fault persists=>[Step2]. 
Step2 Collect related information and contact technical support engineers.

297348    2019-04-09 13:07:41    0x100F0015001C    Event    Major    --    None    UltraPath push information from host (ID 5) is not received at the preset time point or fails to be processed.
Step1 Install UltraPath of the latest version on the host. If the fault persists=>[Step2]. 
Step2 Collect related information and contact technical support engineers.

297347    2019-04-09 13:07:41    0x100F0015001C    Event    Major    --    None    UltraPath push information from host (ID 3) is not received at the preset time point or fails to be processed.
Step1 Install UltraPath of the latest version on the host. If the fault persists=>[Step2]. 
Step2 Collect related information and contact technical support engineers.

297346    2019-04-09 13:07:41    0x100F0015001C    Event    Major    --    None    UltraPath push information from host (ID 2) is not received at the preset time point or fails to be processed.
Step1 Install UltraPath of the latest version on the host. If the fault persists=>[Step2]. 
Step2 Collect related information and contact technical support engineers.

297345    2019-04-09 13:07:41    0x100F0015001C    Event    Major    --    None    UltraPath push information from host (ID 5) is not received at the preset time point or fails to be processed.
Step1 Install UltraPath of the latest version on the host. If the fault persists=>[Step2]. 
Step2 Collect related information and contact technical support engineers.

297344    2019-04-09 13:07:41    0x100F0015001C    Event    Major    --    None    UltraPath push information from host (ID 2) is not received at the preset time point or fails to be processed.
Step1 Install UltraPath of the latest version on the host. If the fault persists=>[Step2]. 
Step2 Collect related information and contact technical support engineers.

297343    2019-04-09 13:07:41    0x100F0015001C    Event    Major    --    None    UltraPath push information from host (ID 3) is not received at the preset time point or fails to be processed.
Step1 Install UltraPath of the latest version on the host. If the fault persists=>[Step2]. 
Step2 Collect related information and contact technical support engineers.

297342    2019-04-09 13:07:41    0x100F0015001C    Event    Major    --    None    UltraPath push information from host (ID 5) is not received at the preset time point or fails to be processed.
Step1 Install UltraPath of the latest version on the host. If the fault persists=>[Step2]. 
Step2 Collect related information and contact technical support engineers.

297341    2019-04-09 13:07:41    0x100F0015001C    Event    Major    --    None    UltraPath push information from host (ID 3) is not received at the preset time point or fails to be processed.
Step1 Install UltraPath of the latest version on the host. If the fault persists=>[Step2]. 
Step2 Collect related information and contact technical support engineers.

297340    2019-04-09 13:07:41    0x100F0015001C    Event    Major    --    None    UltraPath push information from host (ID 2) is not received at the preset time point or fails to be processed.
Step1 Install UltraPath of the latest version on the host. If the fault persists=>[Step2]. 
Step2 Collect related information and contact technical support engineers.

297339    2019-04-09 13:07:41    0x100F0015001C    Event    Major    --    None    UltraPath push information from host (ID 3) is not received at the preset time point or fails to be processed.
Step1 Install UltraPath of the latest version on the host. If the fault persists=>[Step2]. 
Step2 Collect related information and contact technical support engineers.

297338    2019-04-09 13:07:41    0x100F0015001C    Event    Major    --    None    UltraPath push information from host (ID 2) is not received at the preset time point or fails to be processed.
Step1 Install UltraPath of the latest version on the host. If the fault persists=>[Step2]. 
Step2 Collect related information and contact technical support engineers.

297329    2019-04-09 13:07:19    0x100F02440006    Event    Informational    --    None    The link between initiator (type FC, identifier 0x21000024ff1d813c) of a host and the host port (Engine 0, expansion module A, port number H0) is linked up, time: 13:7:19, host: ID 1.
N/A.

297328    2019-04-09 13:07:19    0x100F02440006    Event    Informational    --    None    The link between initiator (type FC, identifier 0x21000024ff1d813c) of a host and the host port (Engine 0, expansion module B, port number H2) is linked up, time: 13:7:19, host: ID 1.
N/A.

297327    2019-04-09 13:07:19    0x100F02440006    Event    Informational    --    None    The link between initiator (type FC, identifier 0x21000024ff1d813c) of a host and the host port (Engine 0, expansion module A, port number H2) is linked up, time: 13:7:19, host: ID 1.
N/A.

297326    2019-04-09 13:07:19    0x100F02440006    Event    Informational    --    None    The link between initiator (type FC, identifier 0x21000024ff1d813c) of a host and the host port (Engine 0, expansion module B, port number H0) is linked up, time: 13:7:19, host: ID 1.
N/A.

297312    2019-04-09 13:06:53    0x100F02440004    Event    Informational    --    None    The link between initiator (type FC, identifier 0x21000024ff1d813c) of a host and the host port (Engine 0, expansion module B, port number H0) is disconnected, time: 13:6:53, host: ID 1.
N/A.

297311    2019-04-09 13:06:53    0x100F02440004    Event    Informational    --    None    The link between initiator (type FC, identifier 0x21000024ff1d813c) of a host and the host port (Engine 0, expansion module A, port number H0) is disconnected, time: 13:6:53, host: ID 1.
N/A.

297310    2019-04-09 13:06:53    0x100F02440004    Event    Informational    --    None    The link between initiator (type FC, identifier 0x21000024ff1d813c) of a host and the host port (Engine 0, expansion module A, port number H2) is disconnected, time: 13:6:53, host: ID 1.
N/A.

297309    2019-04-09 13:06:53    0x100F02440004    Event    Informational    --    None    The link between initiator (type FC, identifier 0x21000024ff1d813c) of a host and the host port (Engine 0, expansion module B, port number H2) is disconnected, time: 13:6:53, host: ID 1.
N/A.

297304    2019-04-09 13:06:42    0x100F02440006    Event    Informational    --    None    The link between initiator (type FC, identifier 0x21000024ff1d813c) of a host and the host port (Engine 0, expansion module A, port number H0) is linked up, time: 13:6:42, host: ID 1.
N/A.

297303    2019-04-09 13:06:42    0x100F02440006    Event    Informational    --    None    The link between initiator (type FC, identifier 0x21000024ff1d813c) of a host and the host port (Engine 0, expansion module B, port number H0) is linked up, time: 13:6:42, host: ID 1.
N/A.

297302    2019-04-09 13:06:42    0x100F02440006    Event    Informational    --    None    The link between initiator (type FC, identifier 0x21000024ff1d813c) of a host and the host port (Engine 0, expansion module A, port number H2) is linked up, time: 13:6:42, host: ID 1.
N/A.

297301    2019-04-09 13:06:42    0x100F02440006    Event    Informational    --    None    The link between initiator (type FC, identifier 0x21000024ff1d813c) of a host and the host port (Engine 0, expansion module B, port number H2) is linked up, time: 13:6:42, host: ID 1.
N/A.

297295    2019-04-09 13:06:29    0x100F02440004    Event    Informational    --    None    The link between initiator (type FC, identifier 0x21000024ff1d813c) of a host and the host port (Engine 0, expansion module B, port number H0) is disconnected, time: 13:6:29, host: ID 1.
N/A.

297294    2019-04-09 13:06:29    0x100F02440004    Event    Informational    --    None    The link between initiator (type FC, identifier 0x21000024ff1d813c) of a host and the host port (Engine 0, expansion module A, port number H0) is disconnected, time: 13:6:29, host: ID 1.
N/A.

297293    2019-04-09 13:06:29    0x100F02440004    Event    Informational    --    None    The link between initiator (type FC, identifier 0x21000024ff1d813c) of a host and the host port (Engine 0, expansion module A, port number H2) is disconnected, time: 13:6:29, host: ID 1.
N/A.

297292    2019-04-09 13:06:29    0x100F02440004    Event    Informational    --    None    The link between initiator (type FC, identifier 0x21000024ff1d813c) of a host and the host port (Engine 0, expansion module B, port number H2) is disconnected, time: 13:6:29, host: ID 1.
N/A.

297281    2019-04-09 13:06:04    0x100F02440006    Event    Informational    --    None    The link between initiator (type FC, identifier 0x21000024ff1d8159) of a host and the host port (Engine 0, expansion module B, port number H0) is linked up, time: 13:6:4, host: ID 0.
N/A.

297280    2019-04-09 13:06:04    0x100F02440006    Event    Informational    --    None    The link between initiator (type FC, identifier 0x21000024ff1d8159) of a host and the host port (Engine 0, expansion module A, port number H2) is linked up, time: 13:6:4, host: ID 0.
N/A.

297279    2019-04-09 13:06:04    0x100F02440006    Event    Informational    --    None    The link between initiator (type FC, identifier 0x21000024ff1d8159) of a host and the host port (Engine 0, expansion module A, port number H0) is linked up, time: 13:6:4, host: ID 0.
N/A.

297278    2019-04-09 13:06:04    0x100F02440006    Event    Informational    --    None    The link between initiator (type FC, identifier 0x21000024ff1d8159) of a host and the host port (Engine 0, expansion module B, port number H2) is linked up, time: 13:6:4, host: ID 0.
N/A.

297268    2019-04-09 13:05:38    0x100F02440004    Event    Informational    --    None    The link between initiator (type FC, identifier 0x21000024ff1d8159) of a host and the host port (Engine 0, expansion module B, port number H0) is disconnected, time: 13:5:38, host: ID 0.
N/A.

297267    2019-04-09 13:05:38    0x100F02440004    Event    Informational    --    None    The link between initiator (type FC, identifier 0x21000024ff1d8159) of a host and the host port (Engine 0, expansion module A, port number H2) is disconnected, time: 13:5:38, host: ID 0.
N/A.

297266    2019-04-09 13:05:38    0x100F02440004    Event    Informational    --    None    The link between initiator (type FC, identifier 0x21000024ff1d8159) of a host and the host port (Engine 0, expansion module B, port number H2) is disconnected, time: 13:5:38, host: ID 0.
N/A.

297265    2019-04-09 13:05:38    0x100F02440004    Event    Informational    --    None    The link between initiator (type FC, identifier 0x21000024ff1d8159) of a host and the host port (Engine 0, expansion module A, port number H0) is disconnected, time: 13:5:38, host: ID 0.
N/A.

297260    2019-04-09 13:05:27    0x100F02440006    Event    Informational    --    None    The link between initiator (type FC, identifier 0x21000024ff1d8159) of a host and the host port (Engine 0, expansion module B, port number H2) is linked up, time: 13:5:27, host: ID 0.
N/A.

297259    2019-04-09 13:05:27    0x100F02440006    Event    Informational    --    None    The link between initiator (type FC, identifier 0x21000024ff1d8159) of a host and the host port (Engine 0, expansion module A, port number H2) is linked up, time: 13:5:27, host: ID 0.
N/A.

297258    2019-04-09 13:05:27    0x100F02440006    Event    Informational    --    None    The link between initiator (type FC, identifier 0x21000024ff1d8159) of a host and the host port (Engine 0, expansion module B, port number H0) is linked up, time: 13:5:27, host: ID 0.
N/A.

297257    2019-04-09 13:05:27    0x100F02440006    Event    Informational    --    None    The link between initiator (type FC, identifier 0x21000024ff1d8159) of a host and the host port (Engine 0, expansion module A, port number H0) is linked up, time: 13:5:27, host: ID 0.
N/A.

297220    2019-04-09 13:03:45    0x100F02440004    Event    Informational    --    None    The link between initiator (type FC, identifier 0x21000024ff1d8159) of a host and the host port (Engine 0, expansion module A, port number H2) is disconnected, time: 13:3:45, host: ID 0.
N/A.

297219    2019-04-09 13:03:45    0x100F02440004    Event    Informational    --    None    The link between initiator (type FC, identifier 0x21000024ff1d8159) of a host and the host port (Engine 0, expansion module B, port number H2) is disconnected, time: 13:3:45, host: ID 0.
N/A.

297218    2019-04-09 13:03:45    0x100F02440004    Event    Informational    --    None    The link between initiator (type FC, identifier 0x21000024ff1d8159) of a host and the host port (Engine 0, expansion module A, port number H0) is disconnected, time: 13:3:45, host: ID 0.
N/A.

297217    2019-04-09 13:03:45    0x100F02440004    Event    Informational    --    None    The link between initiator (type FC, identifier 0x21000024ff1d8159) of a host and the host port (Engine 0, expansion module B, port number H0) is disconnected, time: 13:3:45, host: ID 0.
N/A.

297210    2019-04-09 13:03:27    0x100F02440006    Event    Informational    --    None    The link between initiator (type FC, identifier 0x21000024ff1d8159) of a host and the host port (Engine 0, expansion module A, port number H0) is linked up, time: 13:3:27, host: ID 0.
N/A.

297209    2019-04-09 13:03:27    0x100F02440006    Event    Informational    --    None    The link between initiator (type FC, identifier 0x21000024ff1d8159) of a host and the host port (Engine 0, expansion module A, port number H2) is linked up, time: 13:3:27, host: ID 0.
N/A.

297208    2019-04-09 13:03:27    0x100F02440006    Event    Informational    --    None    The link between initiator (type FC, identifier 0x21000024ff1d8159) of a host and the host port (Engine 0, expansion module B, port number H0) is linked up, time: 13:3:27, host: ID 0.
N/A.

297207    2019-04-09 13:03:27    0x100F02440006    Event    Informational    --    None    The link between initiator (type FC, identifier 0x21000024ff1d8159) of a host and the host port (Engine 0, expansion module B, port number H2) is linked up, time: 13:3:27, host: ID 0.
N/A.

297201    2019-04-09 13:03:13    0x100F02440004    Event    Informational    --    None    The link between initiator (type FC, identifier 0x21000024ff1d8159) of a host and the host port (Engine 0, expansion module B, port number H0) is disconnected, time: 13:3:13, host: ID 0.
N/A.

297200    2019-04-09 13:03:13    0x100F02440004    Event    Informational    --    None    The link between initiator (type FC, identifier 0x21000024ff1d8159) of a host and the host port (Engine 0, expansion module B, port number H2) is disconnected, time: 13:3:13, host: ID 0.
N/A.

297199    2019-04-09 13:03:13    0x100F02440004    Event    Informational    --    None    The link between initiator (type FC, identifier 0x21000024ff1d8159) of a host and the host port (Engine 0, expansion module A, port number H2) is disconnected, time: 13:3:13, host: ID 0.
N/A.

297198    2019-04-09 13:03:13    0x100F02440004    Event    Informational    --    None    The link between initiator (type FC, identifier 0x21000024ff1d8159) of a host and the host port (Engine 0, expansion module A, port number H0) is disconnected, time: 13:3:13, host: ID 0.
N/A.

297188    2019-04-09 13:02:47    0x100F02440006    Event    Informational    --    None    The link between initiator (type FC, identifier 0x21000024ff1d8163) of a host and the host port (Engine 0, expansion module B, port number H3) is linked up, time: 13:2:47, host: ID 1.
N/A.

297187    2019-04-09 13:02:47    0x100F02440006    Event    Informational    --    None    The link between initiator (type FC, identifier 0x21000024ff1cd3ad) of a host and the host port (Engine 0, expansion module B, port number H3) is linked up, time: 13:2:47, host: ID 5.
N/A.

297185    2019-04-09 13:02:46    0x100F02440006    Event    Informational    --    None    The link between initiator (type FC, identifier 0x21000024ff1cc780) of a host and the host port (Engine 0, expansion module B, port number H3) is linked up, time: 13:2:46, host: ID 4.
N/A.

297184    2019-04-09 13:02:46    0x100F02440006    Event    Informational    --    None    The link between initiator (type FC, identifier 0x10000090fac0643c) of a host and the host port (Engine 0, expansion module B, port number H3) is linked up, time: 13:2:46, host: ID 2.
N/A.

297183    2019-04-09 13:02:46    0x100F02440006    Event    Informational    --    None    The link between initiator (type FC, identifier 0x10000090faac6c46) of a host and the host port (Engine 0, expansion module B, port number H3) is linked up, time: 13:2:46, host: ID 3.
N/A.

297180    2019-04-09 13:02:39    0xF0060004    Fault    Major    Recovered    2019-04-09 13:02:49    FC host port (controller enclosure CTE0, -- controller B, port number H3) is disconnected.
Step1 Check cable connections.
1.1 If the cable is removed, reinsert it. If the alarm persists=>[1.2]. 
1.2 If the cable is damaged, replace it. If the alarm persists=>[1.3]. 
1.3 If the port has an optical module=>[Step2]. If no=>[1.4]. 
1.4 If no exceptions are detected=>[Step3]. 
Step2 Check whether optical modules of the peer port are damaged. 
2.1 Remove and reinsert optical modules of the peer port and reinsert the cables. If the alarm persists=>[2.2]. 
2.2 Replace the optical module of the peer port one by one and reinsert the cables. If the alarm persists=>[Step3]. 
Step3 Check the port configuration. 
3.1 Check whether the topology mode of the port matches that of its peer port. If no, make adaptation adjustment. If the alarm persists=>[3.2]. 
3.2 Check whether the rate of the port matches that of its peer port. If no, make adaptation adjustment. If the alarm persists=>[Step4]. 
Step4 Check whether the port and interface module of the two ends connected by the cable are faulty. If yes, rectify the faults. If the alarm persists=>[Step5]. 
Step5 Contact technical support engineers.

297177    2019-04-09 13:02:35    0x100F02440004    Event    Informational    --    None    The link between initiator (type FC, identifier 0x21000024ff1d8163) of a host and the host port (Engine 0, expansion module B, port number H3) is disconnected, time: 13:2:35, host: ID 1.
N/A.

297176    2019-04-09 13:02:35    0x100F02440004    Event    Informational    --    None    The link between initiator (type FC, identifier 0x10000090faac6c46) of a host and the host port (Engine 0, expansion module B, port number H3) is disconnected, time: 13:2:35, host: ID 3.
N/A.

297175    2019-04-09 13:02:35    0x100F02440004    Event    Informational    --    None    The link between initiator (type FC, identifier 0x21000024ff1cc780) of a host and the host port (Engine 0, expansion module B, port number H3) is disconnected, time: 13:2:35, host: ID 4.
N/A.

297174    2019-04-09 13:02:35    0x100F02440004    Event    Informational    --    None    The link between initiator (type FC, identifier 0x21000024ff1cd3ad) of a host and the host port (Engine 0, expansion module B, port number H3) is disconnected, time: 13:2:35, host: ID 5.
N/A.

297173    2019-04-09 13:02:35    0x100F02440004    Event    Informational    --    None    The link between initiator (type FC, identifier 0x10000090fac0643c) of a host and the host port (Engine 0, expansion module B, port number H3) is disconnected, time: 13:2:35, host: ID 2.
N/A.

297171    2019-04-09 13:02:32    0x100F02440006    Event    Informational    --    None    The link between initiator (type FC, identifier 0x21000024ff1d8163) of a host and the host port (Engine 0, expansion module B, port number H1) is linked up, time: 13:2:32, host: ID 1.
N/A.

297170    2019-04-09 13:02:31    0x100F02440006    Event    Informational    --    None    The link between initiator (type FC, identifier 0x21000024ff1cd3ad) of a host and the host port (Engine 0, expansion module B, port number H1) is linked up, time: 13:2:31, host: ID 5.
N/A.

297168    2019-04-09 13:02:31    0x100F02440006    Event    Informational    --    None    The link between initiator (type FC, identifier 0x21000024ff1cc780) of a host and the host port (Engine 0, expansion module B, port number H1) is linked up, time: 13:2:31, host: ID 4.
N/A.

297167    2019-04-09 13:02:31    0x100F02440006    Event    Informational    --    None    The link between initiator (type FC, identifier 0x10000090faac6c46) of a host and the host port (Engine 0, expansion module B, port number H1) is linked up, time: 13:2:31, host: ID 3.
N/A.

297166    2019-04-09 13:02:31    0x100F02440006    Event    Informational    --    None    The link between initiator (type FC, identifier 0x10000090fac0643c) of a host and the host port (Engine 0, expansion module B, port number H1) is linked up, time: 13:2:31, host: ID 2.
N/A.

297165    2019-04-09 13:02:30    0xF0060004    Fault    Major    Recovered    2019-04-09 13:02:39    FC host port (controller enclosure CTE0, -- controller B, port number H1) is disconnected.
Step1 Check cable connections.
1.1 If the cable is removed, reinsert it. If the alarm persists=>[1.2]. 
1.2 If the cable is damaged, replace it. If the alarm persists=>[1.3]. 
1.3 If the port has an optical module=>[Step2]. If no=>[1.4]. 
1.4 If no exceptions are detected=>[Step3]. 
Step2 Check whether optical modules of the peer port are damaged. 
2.1 Remove and reinsert optical modules of the peer port and reinsert the cables. If the alarm persists=>[2.2]. 
2.2 Replace the optical module of the peer port one by one and reinsert the cables. If the alarm persists=>[Step3]. 
Step3 Check the port configuration. 
3.1 Check whether the topology mode of the port matches that of its peer port. If no, make adaptation adjustment. If the alarm persists=>[3.2]. 
3.2 Check whether the rate of the port matches that of its peer port. If no, make adaptation adjustment. If the alarm persists=>[Step4]. 
Step4 Check whether the port and interface module of the two ends connected by the cable are faulty. If yes, rectify the faults. If the alarm persists=>[Step5]. 
Step5 Contact technical support engineers.

297161    2019-04-09 13:02:23    0x100F02440004    Event    Informational    --    None    The link between initiator (type FC, identifier 0x10000090faac6c46) of a host and the host port (Engine 0, expansion module B, port number H1) is disconnected, time: 13:2:23, host: ID 3.
N/A.

297160    2019-04-09 13:02:23    0x100F02440004    Event    Informational    --    None    The link between initiator (type FC, identifier 0x21000024ff1cc780) of a host and the host port (Engine 0, expansion module B, port number H1) is disconnected, time: 13:2:23, host: ID 4.
N/A.

297159    2019-04-09 13:02:23    0x100F02440004    Event    Informational    --    None    The link between initiator (type FC, identifier 0x21000024ff1cd3ad) of a host and the host port (Engine 0, expansion module B, port number H1) is disconnected, time: 13:2:23, host: ID 5.
N/A.

297158    2019-04-09 13:02:23    0x100F02440004    Event    Informational    --    None    The link between initiator (type FC, identifier 0x10000090fac0643c) of a host and the host port (Engine 0, expansion module B, port number H1) is disconnected, time: 13:2:23, host: ID 2.
N/A.

297157    2019-04-09 13:02:23    0x100F02440004    Event    Informational    --    None    The link between initiator (type FC, identifier 0x21000024ff1d8163) of a host and the host port (Engine 0, expansion module B, port number H1) is disconnected, time: 13:2:23, host: ID 1.
N/A.

297155    2019-04-09 13:02:19    0x100F02440006    Event    Informational    --    None    The link between initiator (type FC, identifier 0x21000024ff1cd3ad) of a host and the host port (Engine 0, expansion module A, port number H3) is linked up, time: 13:2:19, host: ID 5.
N/A.

297154    2019-04-09 13:02:19    0x100F02440006    Event    Informational    --    None    The link between initiator (type FC, identifier 0x21000024ff1cc780) of a host and the host port (Engine 0, expansion module A, port number H3) is linked up, time: 13:2:19, host: ID 4.
N/A.

297153    2019-04-09 13:02:19    0x100F02440006    Event    Informational    --    None    The link between initiator (type FC, identifier 0x21000024ff1d8163) of a host and the host port (Engine 0, expansion module A, port number H3) is linked up, time: 13:2:19, host: ID 1.
N/A.

297152    2019-04-09 13:02:18    0x100F02440006    Event    Informational    --    None    The link between initiator (type FC, identifier 0x10000090fac0643c) of a host and the host port (Engine 0, expansion module A, port number H3) is linked up, time: 13:2:18, host: ID 2.
N/A.

297151    2019-04-09 13:02:18    0x100F02440006    Event    Informational    --    None    The link between initiator (type FC, identifier 0x10000090faac6c46) of a host and the host port (Engine 0, expansion module A, port number H3) is linked up, time: 13:2:18, host: ID 3.
N/A.

297149    2019-04-09 13:02:14    0xF0060004    Fault    Major    Recovered    2019-04-09 13:02:24    FC host port (controller enclosure CTE0, -- controller A, port number H3) is disconnected.
Step1 Check cable connections.
1.1 If the cable is removed, reinsert it. If the alarm persists=>[1.2]. 
1.2 If the cable is damaged, replace it. If the alarm persists=>[1.3]. 
1.3 If the port has an optical module=>[Step2]. If no=>[1.4]. 
1.4 If no exceptions are detected=>[Step3]. 
Step2 Check whether optical modules of the peer port are damaged. 
2.1 Remove and reinsert optical modules of the peer port and reinsert the cables. If the alarm persists=>[2.2]. 
2.2 Replace the optical module of the peer port one by one and reinsert the cables. If the alarm persists=>[Step3]. 
Step3 Check the port configuration. 
3.1 Check whether the topology mode of the port matches that of its peer port. If no, make adaptation adjustment. If the alarm persists=>[3.2]. 
3.2 Check whether the rate of the port matches that of its peer port. If no, make adaptation adjustment. If the alarm persists=>[Step4]. 
Step4 Check whether the port and interface module of the two ends connected by the cable are faulty. If yes, rectify the faults. If the alarm persists=>[Step5]. 
Step5 Contact technical support engineers.

297146    2019-04-09 13:02:09    0x100F02440004    Event    Informational    --    None    The link between initiator (type FC, identifier 0x10000090faac6c46) of a host and the host port (Engine 0, expansion module A, port number H3) is disconnected, time: 13:2:9, host: ID 3.
N/A.

297145    2019-04-09 13:02:09    0x100F02440004    Event    Informational    --    None    The link between initiator (type FC, identifier 0x21000024ff1cc780) of a host and the host port (Engine 0, expansion module A, port number H3) is disconnected, time: 13:2:9, host: ID 4.
N/A.

297144    2019-04-09 13:02:09    0x100F02440004    Event    Informational    --    None    The link between initiator (type FC, identifier 0x21000024ff1cd3ad) of a host and the host port (Engine 0, expansion module A, port number H3) is disconnected, time: 13:2:9, host: ID 5.
N/A.

297143    2019-04-09 13:02:09    0x100F02440004    Event    Informational    --    None    The link between initiator (type FC, identifier 0x10000090fac0643c) of a host and the host port (Engine 0, expansion module A, port number H3) is disconnected, time: 13:2:9, host: ID 2.
N/A.

297142    2019-04-09 13:02:09    0x100F02440004    Event    Informational    --    None    The link between initiator (type FC, identifier 0x21000024ff1d8163) of a host and the host port (Engine 0, expansion module A, port number H3) is disconnected, time: 13:2:9, host: ID 1.
N/A.

297139    2019-04-09 13:02:06    0x100F02440006    Event    Informational    --    None    The link between initiator (type FC, identifier 0x21000024ff1cc780) of a host and the host port (Engine 0, expansion module A, port number H1) is linked up, time: 13:2:6, host: ID 4.
N/A.

297138    2019-04-09 13:02:06    0x100F02440006    Event    Informational    --    None    The link between initiator (type FC, identifier 0x21000024ff1d8163) of a host and the host port (Engine 0, expansion module A, port number H1) is linked up, time: 13:2:6, host: ID 1.
N/A.

297137    2019-04-09 13:02:06    0x100F02440006    Event    Informational    --    None    The link between initiator (type FC, identifier 0x21000024ff1cd3ad) of a host and the host port (Engine 0, expansion module A, port number H1) is linked up, time: 13:2:6, host: ID 5.
N/A.

297136    2019-04-09 13:02:05    0x100F02440006    Event    Informational    --    None    The link between initiator (type FC, identifier 0x10000090fac0643c) of a host and the host port (Engine 0, expansion module A, port number H1) is linked up, time: 13:2:5, host: ID 2.
N/A.

297135    2019-04-09 13:02:05    0x100F02440006    Event    Informational    --    None    The link between initiator (type FC, identifier 0x10000090faac6c46) of a host and the host port (Engine 0, expansion module A, port number H1) is linked up, time: 13:2:5, host: ID 3.
N/A.

297130    2019-04-09 13:01:55    0x100F02440004    Event    Informational    --    None    The link between initiator (type FC, identifier 0x10000090faac6c46) of a host and the host port (Engine 0, expansion module A, port number H1) is disconnected, time: 13:1:55, host: ID 3.
N/A.

297129    2019-04-09 13:01:55    0x100F02440004    Event    Informational    --    None    The link between initiator (type FC, identifier 0x21000024ff1cc780) of a host and the host port (Engine 0, expansion module A, port number H1) is disconnected, time: 13:1:55, host: ID 4.
N/A.

297128    2019-04-09 13:01:55    0x100F02440004    Event    Informational    --    None    The link between initiator (type FC, identifier 0x21000024ff1cd3ad) of a host and the host port (Engine 0, expansion module A, port number H1) is disconnected, time: 13:1:55, host: ID 5.
N/A.

297127    2019-04-09 13:01:55    0x100F02440004    Event    Informational    --    None    The link between initiator (type FC, identifier 0x10000090fac0643c) of a host and the host port (Engine 0, expansion module A, port number H1) is disconnected, time: 13:1:55, host: ID 2.
N/A.

297126    2019-04-09 13:01:55    0x100F02440004    Event    Informational    --    None    The link between initiator (type FC, identifier 0x21000024ff1d8163) of a host and the host port (Engine 0, expansion module A, port number H1) is disconnected, time: 13:1:55, host: ID 1.
N/A.

297125    2019-04-09 13:01:55    0xF0060004    Fault    Major    Recovered    2019-04-09 13:02:14    FC host port (controller enclosure CTE0, -- controller A, port number H1) is disconnected.
Step1 Check cable connections.
1.1 If the cable is removed, reinsert it. If the alarm persists=>[1.2]. 
1.2 If the cable is damaged, replace it. If the alarm persists=>[1.3]. 
1.3 If the port has an optical module=>[Step2]. If no=>[1.4]. 
1.4 If no exceptions are detected=>[Step3]. 
Step2 Check whether optical modules of the peer port are damaged. 
2.1 Remove and reinsert optical modules of the peer port and reinsert the cables. If the alarm persists=>[2.2]. 
2.2 Replace the optical module of the peer port one by one and reinsert the cables. If the alarm persists=>[Step3]. 
Step3 Check the port configuration. 
3.1 Check whether the topology mode of the port matches that of its peer port. If no, make adaptation adjustment. If the alarm persists=>[3.2]. 
3.2 Check whether the rate of the port matches that of its peer port. If no, make adaptation adjustment. If the alarm persists=>[Step4]. 
Step4 Check whether the port and interface module of the two ends connected by the cable are faulty. If yes, rectify the faults. If the alarm persists=>[Step5]. 
Step5 Contact technical support engineers.

297122    2019-04-09 13:01:52    0x100F02440006    Event    Informational    --    None    The link between initiator (type FC, identifier 0x21000024ff1cc7e3) of a host and the host port (Engine 0, expansion module B, port number H2) is linked up, time: 13:1:52, host: ID 5.
N/A.

297121    2019-04-09 13:01:51    0x100F02440006    Event    Informational    --    None    The link between initiator (type FC, identifier 0x21000024ff15ace5) of a host and the host port (Engine 0, expansion module B, port number H2) is linked up, time: 13:1:51, host: ID 4.
N/A.

297119    2019-04-09 13:01:51    0x100F02440006    Event    Informational    --    None    The link between initiator (type FC, identifier 0x21000024ff1d8159) of a host and the host port (Engine 0, expansion module B, port number H2) is linked up, time: 13:1:51, host: ID 0.
N/A.

297118    2019-04-09 13:01:51    0x100F02440006    Event    Informational    --    None    The link between initiator (type FC, identifier 0x21000024ff1d813c) of a host and the host port (Engine 0, expansion module B, port number H2) is linked up, time: 13:1:51, host: ID 1.
N/A.

297117    2019-04-09 13:01:50    0x100F02440006    Event    Informational    --    None    The link between initiator (type FC, identifier 0x10000090faac6c2f) of a host and the host port (Engine 0, expansion module B, port number H2) is linked up, time: 13:1:50, host: ID 3.
N/A.

297116    2019-04-09 13:01:50    0x100F02440006    Event    Informational    --    None    The link between initiator (type FC, identifier 0x10000090fac06423) of a host and the host port (Engine 0, expansion module B, port number H2) is linked up, time: 13:1:50, host: ID 2.
N/A.

297112    2019-04-09 13:01:42    0xF0060004    Fault    Major    Recovered    2019-04-09 13:01:52    FC host port (controller enclosure CTE0, -- controller B, port number H2) is disconnected.
Step1 Check cable connections.
1.1 If the cable is removed, reinsert it. If the alarm persists=>[1.2]. 
1.2 If the cable is damaged, replace it. If the alarm persists=>[1.3]. 
1.3 If the port has an optical module=>[Step2]. If no=>[1.4]. 
1.4 If no exceptions are detected=>[Step3]. 
Step2 Check whether optical modules of the peer port are damaged. 
2.1 Remove and reinsert optical modules of the peer port and reinsert the cables. If the alarm persists=>[2.2]. 
2.2 Replace the optical module of the peer port one by one and reinsert the cables. If the alarm persists=>[Step3]. 
Step3 Check the port configuration. 
3.1 Check whether the topology mode of the port matches that of its peer port. If no, make adaptation adjustment. If the alarm persists=>[3.2]. 
3.2 Check whether the rate of the port matches that of its peer port. If no, make adaptation adjustment. If the alarm persists=>[Step4]. 
Step4 Check whether the port and interface module of the two ends connected by the cable are faulty. If yes, rectify the faults. If the alarm persists=>[Step5]. 
Step5 Contact technical support engineers.

297110    2019-04-09 13:01:40    0x100F02440004    Event    Informational    --    None    The link between initiator (type FC, identifier 0x21000024ff15ace5) of a host and the host port (Engine 0, expansion module B, port number H2) is disconnected, time: 13:1:40, host: ID 4.
N/A.

297109    2019-04-09 13:01:40    0x100F02440004    Event    Informational    --    None    The link between initiator (type FC, identifier 0x21000024ff1cc7e3) of a host and the host port (Engine 0, expansion module B, port number H2) is disconnected, time: 13:1:40, host: ID 5.
N/A.

297108    2019-04-09 13:01:40    0x100F02440004    Event    Informational    --    None    The link between initiator (type FC, identifier 0x10000090faac6c2f) of a host and the host port (Engine 0, expansion module B, port number H2) is disconnected, time: 13:1:40, host: ID 3.
N/A.

297107    2019-04-09 13:01:40    0x100F02440004    Event    Informational    --    None    The link between initiator (type FC, identifier 0x21000024ff1d8159) of a host and the host port (Engine 0, expansion module B, port number H2) is disconnected, time: 13:1:40, host: ID 0.
N/A.

297106    2019-04-09 13:01:40    0x100F02440004    Event    Informational    --    None    The link between initiator (type FC, identifier 0x10000090fac06423) of a host and the host port (Engine 0, expansion module B, port number H2) is disconnected, time: 13:1:40, host: ID 2.
N/A.

297105    2019-04-09 13:01:40    0x100F02440004    Event    Informational    --    None    The link between initiator (type FC, identifier 0x21000024ff1d813c) of a host and the host port (Engine 0, expansion module B, port number H2) is disconnected, time: 13:1:40, host: ID 1.
N/A.

297103    2019-04-09 13:01:38    0x100F02440006    Event    Informational    --    None    The link between initiator (type FC, identifier 0x21000024ff1d8159) of a host and the host port (Engine 0, expansion module B, port number H0) is linked up, time: 13:1:38, host: ID 0.
N/A.

297102    2019-04-09 13:01:38    0x100F02440006    Event    Informational    --    None    The link between initiator (type FC, identifier 0x21000024ff1d813c) of a host and the host port (Engine 0, expansion module B, port number H0) is linked up, time: 13:1:38, host: ID 1.
N/A.

297101    2019-04-09 13:01:38    0x100F02440006    Event    Informational    --    None    The link between initiator (type FC, identifier 0x21000024ff1cc7e3) of a host and the host port (Engine 0, expansion module B, port number H0) is linked up, time: 13:1:38, host: ID 5.
N/A.

297100    2019-04-09 13:01:37    0x100F02440006    Event    Informational    --    None    The link between initiator (type FC, identifier 0x21000024ff15ace5) of a host and the host port (Engine 0, expansion module B, port number H0) is linked up, time: 13:1:37, host: ID 4.
N/A.

297099    2019-04-09 13:01:37    0x100F02440006    Event    Informational    --    None    The link between initiator (type FC, identifier 0x10000090faac6c2f) of a host and the host port (Engine 0, expansion module B, port number H0) is linked up, time: 13:1:37, host: ID 3.
N/A.

297098    2019-04-09 13:01:37    0x100F02440006    Event    Informational    --    None    The link between initiator (type FC, identifier 0x10000090fac06423) of a host and the host port (Engine 0, expansion module B, port number H0) is linked up, time: 13:1:37, host: ID 2.
N/A.

297095    2019-04-09 13:01:32    0xF0060004    Fault    Major    Recovered    2019-04-09 13:01:42    FC host port (controller enclosure CTE0, -- controller B, port number H0) is disconnected.
Step1 Check cable connections.
1.1 If the cable is removed, reinsert it. If the alarm persists=>[1.2]. 
1.2 If the cable is damaged, replace it. If the alarm persists=>[1.3]. 
1.3 If the port has an optical module=>[Step2]. If no=>[1.4]. 
1.4 If no exceptions are detected=>[Step3]. 
Step2 Check whether optical modules of the peer port are damaged. 
2.1 Remove and reinsert optical modules of the peer port and reinsert the cables. If the alarm persists=>[2.2]. 
2.2 Replace the optical module of the peer port one by one and reinsert the cables. If the alarm persists=>[Step3]. 
Step3 Check the port configuration. 
3.1 Check whether the topology mode of the port matches that of its peer port. If no, make adaptation adjustment. If the alarm persists=>[3.2]. 
3.2 Check whether the rate of the port matches that of its peer port. If no, make adaptation adjustment. If the alarm persists=>[Step4]. 
Step4 Check whether the port and interface module of the two ends connected by the cable are faulty. If yes, rectify the faults. If the alarm persists=>[Step5]. 
Step5 Contact technical support engineers.

297091    2019-04-09 13:01:25    0x100F02440004    Event    Informational    --    None    The link between initiator (type FC, identifier 0x21000024ff15ace5) of a host and the host port (Engine 0, expansion module B, port number H0) is disconnected, time: 13:1:25, host: ID 4.
N/A.

297090    2019-04-09 13:01:25    0x100F02440004    Event    Informational    --    None    The link between initiator (type FC, identifier 0x21000024ff1cc7e3) of a host and the host port (Engine 0, expansion module B, port number H0) is disconnected, time: 13:1:25, host: ID 5.
N/A.

297089    2019-04-09 13:01:25    0x100F02440004    Event    Informational    --    None    The link between initiator (type FC, identifier 0x10000090faac6c2f) of a host and the host port (Engine 0, expansion module B, port number H0) is disconnected, time: 13:1:25, host: ID 3.
N/A.

297088    2019-04-09 13:01:25    0x100F02440004    Event    Informational    --    None    The link between initiator (type FC, identifier 0x21000024ff1d8159) of a host and the host port (Engine 0, expansion module B, port number H0) is disconnected, time: 13:1:25, host: ID 0.
N/A.

297087    2019-04-09 13:01:25    0x100F02440004    Event    Informational    --    None    The link between initiator (type FC, identifier 0x10000090fac06423) of a host and the host port (Engine 0, expansion module B, port number H0) is disconnected, time: 13:1:25, host: ID 2.
N/A.

297086    2019-04-09 13:01:25    0x100F02440004    Event    Informational    --    None    The link between initiator (type FC, identifier 0x21000024ff1d813c) of a host and the host port (Engine 0, expansion module B, port number H0) is disconnected, time: 13:1:25, host: ID 1.
N/A.

297084    2019-04-09 13:01:23    0x100F02440006    Event    Informational    --    None    The link between initiator (type FC, identifier 0x21000024ff15ace5) of a host and the host port (Engine 0, expansion module A, port number H2) is linked up, time: 13:1:23, host: ID 4.
N/A.

297083    2019-04-09 13:01:22    0x100F02440006    Event    Informational    --    None    The link between initiator (type FC, identifier 0x21000024ff1d8159) of a host and the host port (Engine 0, expansion module A, port number H2) is linked up, time: 13:1:22, host: ID 0.
N/A.

297082    2019-04-09 13:01:22    0x100F02440006    Event    Informational    --    None    The link between initiator (type FC, identifier 0x21000024ff1d813c) of a host and the host port (Engine 0, expansion module A, port number H2) is linked up, time: 13:1:22, host: ID 1.
N/A.

297081    2019-04-09 13:01:22    0x100F02440006    Event    Informational    --    None    The link between initiator (type FC, identifier 0x21000024ff1cc7e3) of a host and the host port (Engine 0, expansion module A, port number H2) is linked up, time: 13:1:22, host: ID 5.
N/A.

297079    2019-04-09 13:01:21    0x100F02440006    Event    Informational    --    None    The link between initiator (type FC, identifier 0x10000090faac6c2f) of a host and the host port (Engine 0, expansion module A, port number H2) is linked up, time: 13:1:21, host: ID 3.
N/A.

297078    2019-04-09 13:01:21    0x100F02440006    Event    Informational    --    None    The link between initiator (type FC, identifier 0x10000090fac06423) of a host and the host port (Engine 0, expansion module A, port number H2) is linked up, time: 13:1:21, host: ID 2.
N/A.

297074    2019-04-09 13:01:12    0x100F02440004    Event    Informational    --    None    The link between initiator (type FC, identifier 0x21000024ff1d8159) of a host and the host port (Engine 0, expansion module A, port number H2) is disconnected, time: 13:1:12, host: ID 0.
N/A.

297073    2019-04-09 13:01:12    0x100F02440004    Event    Informational    --    None    The link between initiator (type FC, identifier 0x21000024ff15ace5) of a host and the host port (Engine 0, expansion module A, port number H2) is disconnected, time: 13:1:12, host: ID 4.
N/A.

297072    2019-04-09 13:01:12    0x100F02440004    Event    Informational    --    None    The link between initiator (type FC, identifier 0x21000024ff1cc7e3) of a host and the host port (Engine 0, expansion module A, port number H2) is disconnected, time: 13:1:12, host: ID 5.
N/A.

297071    2019-04-09 13:01:12    0x100F02440004    Event    Informational    --    None    The link between initiator (type FC, identifier 0x10000090faac6c2f) of a host and the host port (Engine 0, expansion module A, port number H2) is disconnected, time: 13:1:12, host: ID 3.
N/A.

297070    2019-04-09 13:01:12    0x100F02440004    Event    Informational    --    None    The link between initiator (type FC, identifier 0x10000090fac06423) of a host and the host port (Engine 0, expansion module A, port number H2) is disconnected, time: 13:1:12, host: ID 2.
N/A.

297069    2019-04-09 13:01:12    0x100F02440004    Event    Informational    --    None    The link between initiator (type FC, identifier 0x21000024ff1d813c) of a host and the host port (Engine 0, expansion module A, port number H2) is disconnected, time: 13:1:12, host: ID 1.
N/A.

297067    2019-04-09 13:01:11    0xF0060004    Fault    Major    Recovered    2019-04-09 13:01:30    FC host port (controller enclosure CTE0, -- controller A, port number H2) is disconnected.
Step1 Check cable connections.
1.1 If the cable is removed, reinsert it. If the alarm persists=>[1.2]. 
1.2 If the cable is damaged, replace it. If the alarm persists=>[1.3]. 
1.3 If the port has an optical module=>[Step2]. If no=>[1.4]. 
1.4 If no exceptions are detected=>[Step3]. 
Step2 Check whether optical modules of the peer port are damaged. 
2.1 Remove and reinsert optical modules of the peer port and reinsert the cables. If the alarm persists=>[2.2]. 
2.2 Replace the optical module of the peer port one by one and reinsert the cables. If the alarm persists=>[Step3]. 
Step3 Check the port configuration. 
3.1 Check whether the topology mode of the port matches that of its peer port. If no, make adaptation adjustment. If the alarm persists=>[3.2]. 
3.2 Check whether the rate of the port matches that of its peer port. If no, make adaptation adjustment. If the alarm persists=>[Step4]. 
Step4 Check whether the port and interface module of the two ends connected by the cable are faulty. If yes, rectify the faults. If the alarm persists=>[Step5]. 
Step5 Contact technical support engineers.

297064    2019-04-09 13:01:05    0x100F02440006    Event    Informational    --    None    The link between initiator (type FC, identifier 0x21000024ff15ace5) of a host and the host port (Engine 0, expansion module A, port number H0) is linked up, time: 13:1:5, host: ID 4.
N/A.

297063    2019-04-09 13:01:05    0x100F02440006    Event    Informational    --    None    The link between initiator (type FC, identifier 0x21000024ff1d8159) of a host and the host port (Engine 0, expansion module A, port number H0) is linked up, time: 13:1:5, host: ID 0.
N/A.

297062    2019-04-09 13:01:05    0x100F02440006    Event    Informational    --    None    The link between initiator (type FC, identifier 0x21000024ff1d813c) of a host and the host port (Engine 0, expansion module A, port number H0) is linked up, time: 13:1:5, host: ID 1.
N/A.

297061    2019-04-09 13:01:05    0x100F02440006    Event    Informational    --    None    The link between initiator (type FC, identifier 0x21000024ff1cc7e3) of a host and the host port (Engine 0, expansion module A, port number H0) is linked up, time: 13:1:5, host: ID 5.
N/A.

297060    2019-04-09 13:01:04    0x100F02440006    Event    Informational    --    None    The link between initiator (type FC, identifier 0x10000090fac06423) of a host and the host port (Engine 0, expansion module A, port number H0) is linked up, time: 13:1:4, host: ID 2.
N/A.

297059    2019-04-09 13:01:04    0x100F02440006    Event    Informational    --    None    The link between initiator (type FC, identifier 0x10000090faac6c2f) of a host and the host port (Engine 0, expansion module A, port number H0) is linked up, time: 13:1:4, host: ID 3.
N/A.

297054    2019-04-09 13:00:56    0xF0060004    Fault    Major    Recovered    2019-04-09 13:01:06    FC host port (controller enclosure CTE0, -- controller A, port number H0) is disconnected.
Step1 Check cable connections.
1.1 If the cable is removed, reinsert it. If the alarm persists=>[1.2]. 
1.2 If the cable is damaged, replace it. If the alarm persists=>[1.3]. 
1.3 If the port has an optical module=>[Step2]. If no=>[1.4]. 
1.4 If no exceptions are detected=>[Step3]. 
Step2 Check whether optical modules of the peer port are damaged. 
2.1 Remove and reinsert optical modules of the peer port and reinsert the cables. If the alarm persists=>[2.2]. 
2.2 Replace the optical module of the peer port one by one and reinsert the cables. If the alarm persists=>[Step3]. 
Step3 Check the port configuration. 
3.1 Check whether the topology mode of the port matches that of its peer port. If no, make adaptation adjustment. If the alarm persists=>[3.2]. 
3.2 Check whether the rate of the port matches that of its peer port. If no, make adaptation adjustment. If the alarm persists=>[Step4]. 
Step4 Check whether the port and interface module of the two ends connected by the cable are faulty. If yes, rectify the faults. If the alarm persists=>[Step5]. 
Step5 Contact technical support engineers.

297052    2019-04-09 13:00:52    0x100F02440004    Event    Informational    --    None    The link between initiator (type FC, identifier 0x21000024ff15ace5) of a host and the host port (Engine 0, expansion module A, port number H0) is disconnected, time: 13:0:52, host: ID 4.
N/A.

297051    2019-04-09 13:00:52    0x100F02440004    Event    Informational    --    None    The link between initiator (type FC, identifier 0x21000024ff1cc7e3) of a host and the host port (Engine 0, expansion module A, port number H0) is disconnected, time: 13:0:52, host: ID 5.
N/A.

297050    2019-04-09 13:00:52    0x100F02440004    Event    Informational    --    None    The link between initiator (type FC, identifier 0x10000090faac6c2f) of a host and the host port (Engine 0, expansion module A, port number H0) is disconnected, time: 13:0:52, host: ID 3.
N/A.

297049    2019-04-09 13:00:52    0x100F02440004    Event    Informational    --    None    The link between initiator (type FC, identifier 0x21000024ff1d8159) of a host and the host port (Engine 0, expansion module A, port number H0) is disconnected, time: 13:0:52, host: ID 0.
N/A.

297048    2019-04-09 13:00:52    0x100F02440004    Event    Informational    --    None    The link between initiator (type FC, identifier 0x10000090fac06423) of a host and the host port (Engine 0, expansion module A, port number H0) is disconnected, time: 13:0:52, host: ID 2.
N/A.

297047    2019-04-09 13:00:52    0x100F02440004    Event    Informational    --    None    The link between initiator (type FC, identifier 0x21000024ff1d813c) of a host and the host port (Engine 0, expansion module A, port number H0) is disconnected, time: 13:0:52, host: ID 1.
N/A.

297044    2019-04-09 13:00:47    0x100F0015001C    Event    Major    --    None    UltraPath push information from host (ID 3) is not received at the preset time point or fails to be processed.
Step1 Install UltraPath of the latest version on the host. If the fault persists=>[Step2]. 
Step2 Collect related information and contact technical support engineers.

297043    2019-04-09 13:00:47    0x100F0015001C    Event    Major    --    None    UltraPath push information from host (ID 3) is not received at the preset time point or fails to be processed.
Step1 Install UltraPath of the latest version on the host. If the fault persists=>[Step2]. 
Step2 Collect related information and contact technical support engineers.

297042    2019-04-09 13:00:47    0x100F0015001C    Event    Major    --    None    UltraPath push information from host (ID 2) is not received at the preset time point or fails to be processed.
Step1 Install UltraPath of the latest version on the host. If the fault persists=>[Step2]. 
Step2 Collect related information and contact technical support engineers.

297041    2019-04-09 13:00:47    0x100F0015001C    Event    Major    --    None    UltraPath push information from host (ID 2) is not received at the preset time point or fails to be processed.
Step1 Install UltraPath of the latest version on the host. If the fault persists=>[Step2]. 
Step2 Collect related information and contact technical support engineers.

297037    2019-04-09 13:00:40    0x100F0015001C    Event    Major    --    None    UltraPath push information from host (ID 3) is not received at the preset time point or fails to be processed.
Step1 Install UltraPath of the latest version on the host. If the fault persists=>[Step2]. 
Step2 Collect related information and contact technical support engineers.

297036    2019-04-09 13:00:40    0x100F0015001C    Event    Major    --    None    UltraPath push information from host (ID 3) is not received at the preset time point or fails to be processed.
Step1 Install UltraPath of the latest version on the host. If the fault persists=>[Step2]. 
Step2 Collect related information and contact technical support engineers.

297035    2019-04-09 13:00:40    0x100F0015001C    Event    Major    --    None    UltraPath push information from host (ID 2) is not received at the preset time point or fails to be processed.
Step1 Install UltraPath of the latest version on the host. If the fault persists=>[Step2]. 
Step2 Collect related information and contact technical support engineers.

297034    2019-04-09 13:00:40    0x100F0015001C    Event    Major    --    None    UltraPath push information from host (ID 2) is not received at the preset time point or fails to be processed.
Step1 Install UltraPath of the latest version on the host. If the fault persists=>[Step2]. 
Step2 Collect related information and contact technical support engineers.

297017    2019-04-09 12:59:54    0x100F02440006    Event    Informational    --    None    The link between initiator (type FC, identifier 0x21000024ff15ace5) of a host and the host port (Engine 0, expansion module A, port number H0) is linked up, time: 12:59:54, host: ID 4.
N/A.

297016    2019-04-09 12:59:54    0x100F02440006    Event    Informational    --    None    The link between initiator (type FC, identifier 0x21000024ff15ace5) of a host and the host port (Engine 0, expansion module B, port number H0) is linked up, time: 12:59:54, host: ID 4.
N/A.

297015    2019-04-09 12:59:54    0x100F02440006    Event    Informational    --    None    The link between initiator (type FC, identifier 0x21000024ff15ace5) of a host and the host port (Engine 0, expansion module A, port number H2) is linked up, time: 12:59:54, host: ID 4.
N/A.

297014    2019-04-09 12:59:54    0x100F02440006    Event    Informational    --    None    The link between initiator (type FC, identifier 0x21000024ff15ace5) of a host and the host port (Engine 0, expansion module B, port number H2) is linked up, time: 12:59:54, host: ID 4.
N/A.

297011    2019-04-09 12:59:48    0x100F02440004    Event    Informational    --    None    The link between initiator (type FC, identifier 0x21000024ff15ace5) of a host and the host port (Engine 0, expansion module B, port number H2) is disconnected, time: 12:59:48, host: ID 4.
N/A.

297010    2019-04-09 12:59:48    0x100F02440004    Event    Informational    --    None    The link between initiator (type FC, identifier 0x21000024ff15ace5) of a host and the host port (Engine 0, expansion module A, port number H0) is disconnected, time: 12:59:48, host: ID 4.
N/A.

297009    2019-04-09 12:59:48    0x100F02440004    Event    Informational    --    None    The link between initiator (type FC, identifier 0x21000024ff15ace5) of a host and the host port (Engine 0, expansion module B, port number H0) is disconnected, time: 12:59:48, host: ID 4.
N/A.

297008    2019-04-09 12:59:48    0x100F02440004    Event    Informational    --    None    The link between initiator (type FC, identifier 0x21000024ff15ace5) of a host and the host port (Engine 0, expansion module A, port number H2) is disconnected, time: 12:59:48, host: ID 4.
N/A.

297006    2019-04-09 12:59:44    0x100F02440006    Event    Informational    --    None    The link between initiator (type FC, identifier 0x21000024ff1cc7e3) of a host and the host port (Engine 0, expansion module A, port number H2) is linked up, time: 12:59:44, host: ID 5.
N/A.

297005    2019-04-09 12:59:44    0x100F02440006    Event    Informational    --    None    The link between initiator (type FC, identifier 0x21000024ff1cc7e3) of a host and the host port (Engine 0, expansion module B, port number H0) is linked up, time: 12:59:44, host: ID 5.
N/A.

297004    2019-04-09 12:59:44    0x100F02440006    Event    Informational    --    None    The link between initiator (type FC, identifier 0x21000024ff1cc7e3) of a host and the host port (Engine 0, expansion module A, port number H0) is linked up, time: 12:59:44, host: ID 5.
N/A.

297003    2019-04-09 12:59:44    0x100F02440006    Event    Informational    --    None    The link between initiator (type FC, identifier 0x21000024ff1cc7e3) of a host and the host port (Engine 0, expansion module B, port number H2) is linked up, time: 12:59:44, host: ID 5.
N/A.

297000    2019-04-09 12:59:38    0x100F02440004    Event    Informational    --    None    The link between initiator (type FC, identifier 0x21000024ff1cc7e3) of a host and the host port (Engine 0, expansion module A, port number H2) is disconnected, time: 12:59:38, host: ID 5.
N/A.

296999    2019-04-09 12:59:38    0x100F02440004    Event    Informational    --    None    The link between initiator (type FC, identifier 0x21000024ff1cc7e3) of a host and the host port (Engine 0, expansion module B, port number H0) is disconnected, time: 12:59:38, host: ID 5.
N/A.

296998    2019-04-09 12:59:37    0x100F02440004    Event    Informational    --    None    The link between initiator (type FC, identifier 0x21000024ff1cc7e3) of a host and the host port (Engine 0, expansion module A, port number H0) is disconnected, time: 12:59:37, host: ID 5.
N/A.

296997    2019-04-09 12:59:37    0x100F02440004    Event    Informational    --    None    The link between initiator (type FC, identifier 0x21000024ff1cc7e3) of a host and the host port (Engine 0, expansion module B, port number H2) is disconnected, time: 12:59:37, host: ID 5.
N/A.

296993    2019-04-09 12:59:30    0x100F02440006    Event    Informational    --    None    The link between initiator (type FC, identifier 0x10000090faac6c2f) of a host and the host port (Engine 0, expansion module A, port number H0) is linked up, time: 12:59:30, host: ID 3.
N/A.

296992    2019-04-09 12:59:30    0x100F02440006    Event    Informational    --    None    The link between initiator (type FC, identifier 0x10000090faac6c2f) of a host and the host port (Engine 0, expansion module B, port number H0) is linked up, time: 12:59:30, host: ID 3.
N/A.

296991    2019-04-09 12:59:30    0x100F02440006    Event    Informational    --    None    The link between initiator (type FC, identifier 0x10000090faac6c2f) of a host and the host port (Engine 0, expansion module B, port number H2) is linked up, time: 12:59:30, host: ID 3.
N/A.

296990    2019-04-09 12:59:30    0x100F02440006    Event    Informational    --    None    The link between initiator (type FC, identifier 0x10000090faac6c2f) of a host and the host port (Engine 0, expansion module A, port number H2) is linked up, time: 12:59:30, host: ID 3.
N/A.

296984    2019-04-09 12:59:18    0x100F02440004    Event    Informational    --    None    The link between initiator (type FC, identifier 0x10000090faac6c2f) of a host and the host port (Engine 0, expansion module A, port number H2) is disconnected, time: 12:59:18, host: ID 3.
N/A.

296983    2019-04-09 12:59:18    0x100F02440004    Event    Informational    --    None    The link between initiator (type FC, identifier 0x10000090faac6c2f) of a host and the host port (Engine 0, expansion module B, port number H2) is disconnected, time: 12:59:18, host: ID 3.
N/A.

296982    2019-04-09 12:59:18    0x100F02440004    Event    Informational    --    None    The link between initiator (type FC, identifier 0x10000090faac6c2f) of a host and the host port (Engine 0, expansion module A, port number H0) is disconnected, time: 12:59:18, host: ID 3.
N/A.

296981    2019-04-09 12:59:18    0x100F02440004    Event    Informational    --    None    The link between initiator (type FC, identifier 0x10000090faac6c2f) of a host and the host port (Engine 0, expansion module B, port number H0) is disconnected, time: 12:59:18, host: ID 3.
N/A.

296978    2019-04-09 12:59:07    0x100F02440006    Event    Informational    --    None    The link between initiator (type FC, identifier 0x21000024ff1d8159) of a host and the host port (Engine 0, expansion module A, port number H0) is linked up, time: 12:59:7, host: ID 0.
N/A.

296977    2019-04-09 12:59:07    0x100F02440006    Event    Informational    --    None    The link between initiator (type FC, identifier 0x21000024ff1d8159) of a host and the host port (Engine 0, expansion module B, port number H2) is linked up, time: 12:59:7, host: ID 0.
N/A.

296976    2019-04-09 12:59:07    0x100F02440006    Event    Informational    --    None    The link between initiator (type FC, identifier 0x21000024ff1d8159) of a host and the host port (Engine 0, expansion module B, port number H0) is linked up, time: 12:59:7, host: ID 0.
N/A.

296975    2019-04-09 12:59:07    0x100F02440006    Event    Informational    --    None    The link between initiator (type FC, identifier 0x21000024ff1d8159) of a host and the host port (Engine 0, expansion module A, port number H2) is linked up, time: 12:59:7, host: ID 0.
N/A.

296968    2019-04-09 12:58:51    0x100F02440004    Event    Informational    --    None    The link between initiator (type FC, identifier 0x21000024ff1d8159) of a host and the host port (Engine 0, expansion module A, port number H2) is disconnected, time: 12:58:51, host: ID 0.
N/A.

296967    2019-04-09 12:58:51    0x100F02440004    Event    Informational    --    None    The link between initiator (type FC, identifier 0x21000024ff1d8159) of a host and the host port (Engine 0, expansion module B, port number H0) is disconnected, time: 12:58:51, host: ID 0.
N/A.

296966    2019-04-09 12:58:51    0x100F02440004    Event    Informational    --    None    The link between initiator (type FC, identifier 0x21000024ff1d8159) of a host and the host port (Engine 0, expansion module A, port number H0) is disconnected, time: 12:58:51, host: ID 0.
N/A.

296965    2019-04-09 12:58:51    0x100F02440004    Event    Informational    --    None    The link between initiator (type FC, identifier 0x21000024ff1d8159) of a host and the host port (Engine 0, expansion module B, port number H2) is disconnected, time: 12:58:51, host: ID 0.
N/A.

296961    2019-04-09 12:58:42    0x100F02440006    Event    Informational    --    None    The link between initiator (type FC, identifier 0x21000024ff1d8159) of a host and the host port (Engine 0, expansion module B, port number H0) is linked up, time: 12:58:42, host: ID 0.
N/A.

296960    2019-04-09 12:58:42    0x100F02440006    Event    Informational    --    None    The link between initiator (type FC, identifier 0x21000024ff1d8159) of a host and the host port (Engine 0, expansion module A, port number H0) is linked up, time: 12:58:42, host: ID 0.
N/A.

296959    2019-04-09 12:58:42    0x100F02440006    Event    Informational    --    None    The link between initiator (type FC, identifier 0x21000024ff1d8159) of a host and the host port (Engine 0, expansion module B, port number H2) is linked up, time: 12:58:42, host: ID 0.
N/A.

296958    2019-04-09 12:58:42    0x100F02440006    Event    Informational    --    None    The link between initiator (type FC, identifier 0x21000024ff1d8159) of a host and the host port (Engine 0, expansion module A, port number H2) is linked up, time: 12:58:42, host: ID 0.
N/A.

296951    2019-04-09 12:58:26    0x200F002A0019    Event    Informational    --    None    The logout of the user (user name admin) from the source (10.33.34.15) succeeded.
N/A

296948    2019-04-09 12:58:21    0x100F02440004    Event    Informational    --    None    The link between initiator (type FC, identifier 0x21000024ff1d8159) of a host and the host port (Engine 0, expansion module A, port number H0) is disconnected, time: 12:58:21, host: ID 0.
N/A.

296947    2019-04-09 12:58:21    0x100F02440004    Event    Informational    --    None    The link between initiator (type FC, identifier 0x21000024ff1d8159) of a host and the host port (Engine 0, expansion module B, port number H2) is disconnected, time: 12:58:21, host: ID 0.
N/A.

296946    2019-04-09 12:58:21    0x100F02440004    Event    Informational    --    None    The link between initiator (type FC, identifier 0x21000024ff1d8159) of a host and the host port (Engine 0, expansion module A, port number H2) is disconnected, time: 12:58:21, host: ID 0.
N/A.

296945    2019-04-09 12:58:21    0x100F02440004    Event    Informational    --    None    The link between initiator (type FC, identifier 0x21000024ff1d8159) of a host and the host port (Engine 0, expansion module B, port number H0) is disconnected, time: 12:58:21, host: ID 0.
N/A.

296930    2019-04-09 12:57:41    0x100F02440006    Event    Informational    --    None    The link between initiator (type FC, identifier 0x21000024ff1d8159) of a host and the host port (Engine 0, expansion module B, port number H0) is linked up, time: 12:57:41, host: ID 0.
N/A.

296929    2019-04-09 12:57:41    0x100F02440006    Event    Informational    --    None    The link between initiator (type FC, identifier 0x21000024ff1d8159) of a host and the host port (Engine 0, expansion module A, port number H2) is linked up, time: 12:57:41, host: ID 0.
N/A.

296928    2019-04-09 12:57:41    0x100F02440006    Event    Informational    --    None    The link between initiator (type FC, identifier 0x21000024ff1d8159) of a host and the host port (Engine 0, expansion module B, port number H2) is linked up, time: 12:57:41, host: ID 0.
N/A.

296927    2019-04-09 12:57:41    0x100F02440006    Event    Informational    --    None    The link between initiator (type FC, identifier 0x21000024ff1d8159) of a host and the host port (Engine 0, expansion module A, port number H0) is linked up, time: 12:57:41, host: ID 0.
N/A.

296916    2019-04-09 12:57:16    0x100F0015001C    Event    Major    --    None    UltraPath push information from host (ID 4) is not received at the preset time point or fails to be processed.
Step1 Install UltraPath of the latest version on the host. If the fault persists=>[Step2]. 
Step2 Collect related information and contact technical support engineers.

296915    2019-04-09 12:57:16    0x100F0015001C    Event    Major    --    None    UltraPath push information from host (ID 5) is not received at the preset time point or fails to be processed.
Step1 Install UltraPath of the latest version on the host. If the fault persists=>[Step2]. 
Step2 Collect related information and contact technical support engineers.

296914    2019-04-09 12:57:16    0x100F0015001C    Event    Major    --    None    UltraPath push information from host (ID 4) is not received at the preset time point or fails to be processed.
Step1 Install UltraPath of the latest version on the host. If the fault persists=>[Step2]. 
Step2 Collect related information and contact technical support engineers.

296913    2019-04-09 12:57:16    0x100F0015001C    Event    Major    --    None    UltraPath push information from host (ID 5) is not received at the preset time point or fails to be processed.
Step1 Install UltraPath of the latest version on the host. If the fault persists=>[Step2]. 
Step2 Collect related information and contact technical support engineers.

296911    2019-04-09 12:57:11    0x100F02440004    Event    Informational    --    None    The link between initiator (type FC, identifier 0x21000024ff1d8159) of a host and the host port (Engine 0, expansion module A, port number H0) is disconnected, time: 12:57:11, host: ID 0.
N/A.

296910    2019-04-09 12:57:11    0x100F02440004    Event    Informational    --    None    The link between initiator (type FC, identifier 0x21000024ff1d8159) of a host and the host port (Engine 0, expansion module B, port number H0) is disconnected, time: 12:57:11, host: ID 0.
N/A.

296909    2019-04-09 12:57:11    0x100F02440004    Event    Informational    --    None    The link between initiator (type FC, identifier 0x21000024ff1d8159) of a host and the host port (Engine 0, expansion module A, port number H2) is disconnected, time: 12:57:11, host: ID 0.
N/A.

296908    2019-04-09 12:57:11    0x100F02440004    Event    Informational    --    None    The link between initiator (type FC, identifier 0x21000024ff1d8159) of a host and the host port (Engine 0, expansion module B, port number H2) is disconnected, time: 12:57:11, host: ID 0.
N/A.

296907    2019-04-09 12:57:10    0x100F0015001C    Event    Major    --    None    UltraPath push information from host (ID 5) is not received at the preset time point or fails to be processed.
Step1 Install UltraPath of the latest version on the host. If the fault persists=>[Step2]. 
Step2 Collect related information and contact technical support engineers.

296906    2019-04-09 12:57:10    0x100F0015001C    Event    Major    --    None    UltraPath push information from host (ID 2) is not received at the preset time point or fails to be processed.
Step1 Install UltraPath of the latest version on the host. If the fault persists=>[Step2]. 
Step2 Collect related information and contact technical support engineers.

296905    2019-04-09 12:57:10    0x100F0015001C    Event    Major    --    None    UltraPath push information from host (ID 5) is not received at the preset time point or fails to be processed.
Step1 Install UltraPath of the latest version on the host. If the fault persists=>[Step2]. 
Step2 Collect related information and contact technical support engineers.

296904    2019-04-09 12:57:10    0x100F0015001C    Event    Major    --    None    UltraPath push information from host (ID 2) is not received at the preset time point or fails to be processed.
Step1 Install UltraPath of the latest version on the host. If the fault persists=>[Step2]. 
Step2 Collect related information and contact technical support engineers.

296887    2019-04-09 12:56:28    0x100F02440006    Event    Informational    --    None    The link between initiator (type FC, identifier 0x21000024ff1d8159) of a host and the host port (Engine 0, expansion module A, port number H2) is linked up, time: 12:56:28, host: ID 0.
N/A.

296886    2019-04-09 12:56:28    0x100F02440006    Event    Informational    --    None    The link between initiator (type FC, identifier 0x21000024ff1d8159) of a host and the host port (Engine 0, expansion module A, port number H0) is linked up, time: 12:56:28, host: ID 0.
N/A.

296885    2019-04-09 12:56:28    0x100F02440006    Event    Informational    --    None    The link between initiator (type FC, identifier 0x21000024ff1d8159) of a host and the host port (Engine 0, expansion module B, port number H0) is linked up, time: 12:56:28, host: ID 0.
N/A.

296883    2019-04-09 12:56:28    0x100F02440006    Event    Informational    --    None    The link between initiator (type FC, identifier 0x21000024ff1d8159) of a host and the host port (Engine 0, expansion module B, port number H2) is linked up, time: 12:56:28, host: ID 0.
N/A.

296873    2019-04-09 12:56:00    0x100F02440004    Event    Informational    --    None    The link between initiator (type FC, identifier 0x21000024ff1d8159) of a host and the host port (Engine 0, expansion module B, port number H0) is disconnected, time: 12:56:0, host: ID 0.
N/A.

296872    2019-04-09 12:56:00    0x100F02440004    Event    Informational    --    None    The link between initiator (type FC, identifier 0x21000024ff1d8159) of a host and the host port (Engine 0, expansion module A, port number H0) is disconnected, time: 12:56:0, host: ID 0.
N/A.

296871    2019-04-09 12:56:00    0x100F02440004    Event    Informational    --    None    The link between initiator (type FC, identifier 0x21000024ff1d8159) of a host and the host port (Engine 0, expansion module B, port number H2) is disconnected, time: 12:56:0, host: ID 0.
N/A.

296870    2019-04-09 12:56:00    0x100F02440004    Event    Informational    --    None    The link between initiator (type FC, identifier 0x21000024ff1d8159) of a host and the host port (Engine 0, expansion module A, port number H2) is disconnected, time: 12:56:0, host: ID 0.
N/A.

296868    2019-04-09 12:55:53    0x100F02440006    Event    Informational    --    None    The link between initiator (type FC, identifier 0x21000024ff1d8159) of a host and the host port (Engine 0, expansion module B, port number H0) is linked up, time: 12:55:53, host: ID 0.
N/A.

296867    2019-04-09 12:55:53    0x100F02440006    Event    Informational    --    None    The link between initiator (type FC, identifier 0x21000024ff1d8159) of a host and the host port (Engine 0, expansion module A, port number H0) is linked up, time: 12:55:53, host: ID 0.
N/A.

296865    2019-04-09 12:55:53    0x100F02440006    Event    Informational    --    None    The link between initiator (type FC, identifier 0x21000024ff1d8159) of a host and the host port (Engine 0, expansion module B, port number H2) is linked up, time: 12:55:53, host: ID 0.
N/A.

296864    2019-04-09 12:55:53    0x100F02440006    Event    Informational    --    None    The link between initiator (type FC, identifier 0x21000024ff1d8159) of a host and the host port (Engine 0, expansion module A, port number H2) is linked up, time: 12:55:53, host: ID 0.
N/A.

296861    2019-04-09 12:55:44    0x100F02440004    Event    Informational    --    None    The link between initiator (type FC, identifier 0x21000024ff1d8159) of a host and the host port (Engine 0, expansion module A, port number H0) is disconnected, time: 12:55:44, host: ID 0.
N/A.

296860    2019-04-09 12:55:44    0x100F02440004    Event    Informational    --    None    The link between initiator (type FC, identifier 0x21000024ff1d8159) of a host and the host port (Engine 0, expansion module A, port number H2) is disconnected, time: 12:55:44, host: ID 0.
N/A.

296859    2019-04-09 12:55:44    0x100F02440004    Event    Informational    --    None    The link between initiator (type FC, identifier 0x21000024ff1d8159) of a host and the host port (Engine 0, expansion module B, port number H0) is disconnected, time: 12:55:44, host: ID 0.
N/A.

296858    2019-04-09 12:55:44    0x100F02440004    Event    Informational    --    None    The link between initiator (type FC, identifier 0x21000024ff1d8159) of a host and the host port (Engine 0, expansion module B, port number H2) is disconnected, time: 12:55:44, host: ID 0.
N/A.

296853    2019-04-09 12:55:34    0x100F02440006    Event    Informational    --    None    The link between initiator (type FC, identifier 0x21000024ff1d8159) of a host and the host port (Engine 0, expansion module B, port number H0) is linked up, time: 12:55:34, host: ID 0.
N/A.

296852    2019-04-09 12:55:34    0x100F02440006    Event    Informational    --    None    The link between initiator (type FC, identifier 0x21000024ff1d8159) of a host and the host port (Engine 0, expansion module A, port number H2) is linked up, time: 12:55:34, host: ID 0.
N/A.

296851    2019-04-09 12:55:34    0x100F02440006    Event    Informational    --    None    The link between initiator (type FC, identifier 0x21000024ff1d8159) of a host and the host port (Engine 0, expansion module B, port number H2) is linked up, time: 12:55:34, host: ID 0.
N/A.

296850    2019-04-09 12:55:34    0x100F02440006    Event    Informational    --    None    The link between initiator (type FC, identifier 0x21000024ff1d8159) of a host and the host port (Engine 0, expansion module A, port number H0) is linked up, time: 12:55:34, host: ID 0.
N/A.

296841    2019-04-09 12:55:13    0x100F02440004    Event    Informational    --    None    The link between initiator (type FC, identifier 0x21000024ff1d8159) of a host and the host port (Engine 0, expansion module B, port number H0) is disconnected, time: 12:55:13, host: ID 0.
N/A.

296840    2019-04-09 12:55:13    0x100F02440004    Event    Informational    --    None    The link between initiator (type FC, identifier 0x21000024ff1d8159) of a host and the host port (Engine 0, expansion module B, port number H2) is disconnected, time: 12:55:13, host: ID 0.
N/A.

296839    2019-04-09 12:55:13    0x100F02440004    Event    Informational    --    None    The link between initiator (type FC, identifier 0x21000024ff1d8159) of a host and the host port (Engine 0, expansion module A, port number H0) is disconnected, time: 12:55:13, host: ID 0.
N/A.

296838    2019-04-09 12:55:13    0x100F02440004    Event    Informational    --    None    The link between initiator (type FC, identifier 0x21000024ff1d8159) of a host and the host port (Engine 0, expansion module A, port number H2) is disconnected, time: 12:55:13, host: ID 0.
N/A.

296834    2019-04-09 12:55:04    0x100F02440006    Event    Informational    --    None    The link between initiator (type FC, identifier 0x10000090fac06423) of a host and the host port (Engine 0, expansion module B, port number H2) is linked up, time: 12:55:4, host: ID 2.
N/A.

296833    2019-04-09 12:55:04    0x100F02440006    Event    Informational    --    None    The link between initiator (type FC, identifier 0x10000090fac06423) of a host and the host port (Engine 0, expansion module B, port number H0) is linked up, time: 12:55:4, host: ID 2.
N/A.

296832    2019-04-09 12:55:04    0x100F02440006    Event    Informational    --    None    The link between initiator (type FC, identifier 0x10000090fac06423) of a host and the host port (Engine 0, expansion module A, port number H0) is linked up, time: 12:55:4, host: ID 2.
N/A.

296831    2019-04-09 12:55:04    0x100F02440006    Event    Informational    --    None    The link between initiator (type FC, identifier 0x10000090fac06423) of a host and the host port (Engine 0, expansion module A, port number H2) is linked up, time: 12:55:4, host: ID 2.
N/A.

296828    2019-04-09 12:54:56    0x100F02440004    Event    Informational    --    None    The link between initiator (type FC, identifier 0x10000090fac06423) of a host and the host port (Engine 0, expansion module B, port number H2) is disconnected, time: 12:54:56, host: ID 2.
N/A.

296826    2019-04-09 12:54:56    0x100F02440004    Event    Informational    --    None    The link between initiator (type FC, identifier 0x10000090fac06423) of a host and the host port (Engine 0, expansion module A, port number H0) is disconnected, time: 12:54:56, host: ID 2.
N/A.

296825    2019-04-09 12:54:56    0x100F02440004    Event    Informational    --    None    The link between initiator (type FC, identifier 0x10000090fac06423) of a host and the host port (Engine 0, expansion module B, port number H0) is disconnected, time: 12:54:56, host: ID 2.
N/A.

296824    2019-04-09 12:54:56    0x100F02440004    Event    Informational    --    None    The link between initiator (type FC, identifier 0x10000090fac06423) of a host and the host port (Engine 0, expansion module A, port number H2) is disconnected, time: 12:54:56, host: ID 2.
N/A.

296820    2019-04-09 12:54:48    0x100F02440006    Event    Informational    --    None    The link between initiator (type FC, identifier 0x21000024ff1d813c) of a host and the host port (Engine 0, expansion module B, port number H2) is linked up, time: 12:54:48, host: ID 1.
N/A.

296819    2019-04-09 12:54:48    0x100F02440006    Event    Informational    --    None    The link between initiator (type FC, identifier 0x21000024ff1d813c) of a host and the host port (Engine 0, expansion module A, port number H0) is linked up, time: 12:54:48, host: ID 1.
N/A.

296818    2019-04-09 12:54:48    0x100F02440006    Event    Informational    --    None    The link between initiator (type FC, identifier 0x21000024ff1d813c) of a host and the host port (Engine 0, expansion module B, port number H0) is linked up, time: 12:54:48, host: ID 1.
N/A.

296817    2019-04-09 12:54:48    0x100F02440006    Event    Informational    --    None    The link between initiator (type FC, identifier 0x21000024ff1d813c) of a host and the host port (Engine 0, expansion module A, port number H2) is linked up, time: 12:54:48, host: ID 1.
N/A.

296813    2019-04-09 12:54:38    0x100F02440004    Event    Informational    --    None    The link between initiator (type FC, identifier 0x21000024ff1d813c) of a host and the host port (Engine 0, expansion module B, port number H0) is disconnected, time: 12:54:38, host: ID 1.
N/A.

296812    2019-04-09 12:54:38    0x100F02440004    Event    Informational    --    None    The link between initiator (type FC, identifier 0x21000024ff1d813c) of a host and the host port (Engine 0, expansion module A, port number H0) is disconnected, time: 12:54:38, host: ID 1.
N/A.

296811    2019-04-09 12:54:38    0x100F02440004    Event    Informational    --    None    The link between initiator (type FC, identifier 0x21000024ff1d813c) of a host and the host port (Engine 0, expansion module A, port number H2) is disconnected, time: 12:54:38, host: ID 1.
N/A.

296810    2019-04-09 12:54:38    0x100F02440004    Event    Informational    --    None    The link between initiator (type FC, identifier 0x21000024ff1d813c) of a host and the host port (Engine 0, expansion module B, port number H2) is disconnected, time: 12:54:38, host: ID 1.
N/A.

296794    2019-04-09 12:53:51    0x100F02440006    Event    Informational    --    None    The link between initiator (type FC, identifier 0x10000090faac6c46) of a host and the host port (Engine 0, expansion module A, port number H1) is linked up, time: 12:53:51, host: ID 3.
N/A.

296793    2019-04-09 12:53:51    0x100F02440006    Event    Informational    --    None    The link between initiator (type FC, identifier 0x10000090faac6c46) of a host and the host port (Engine 0, expansion module A, port number H3) is linked up, time: 12:53:51, host: ID 3.
N/A.

296792    2019-04-09 12:53:51    0x100F02440006    Event    Informational    --    None    The link between initiator (type FC, identifier 0x10000090faac6c46) of a host and the host port (Engine 0, expansion module B, port number H1) is linked up, time: 12:53:51, host: ID 3.
N/A.

296791    2019-04-09 12:53:51    0x100F02440006    Event    Informational    --    None    The link between initiator (type FC, identifier 0x10000090faac6c46) of a host and the host port (Engine 0, expansion module B, port number H3) is linked up, time: 12:53:51, host: ID 3.
N/A.

296789    2019-04-09 12:53:46    0x100F0015001C    Event    Major    --    None    UltraPath push information from host (ID 2) is not received at the preset time point or fails to be processed.
Step1 Install UltraPath of the latest version on the host. If the fault persists=>[Step2]. 
Step2 Collect related information and contact technical support engineers.

296788    2019-04-09 12:53:46    0x100F0015001C    Event    Major    --    None    UltraPath push information from host (ID 2) is not received at the preset time point or fails to be processed.
Step1 Install UltraPath of the latest version on the host. If the fault persists=>[Step2]. 
Step2 Collect related information and contact technical support engineers.

296781    2019-04-09 12:53:28    0x100F02440004    Event    Informational    --    None    The link between initiator (type FC, identifier 0x10000090faac6c46) of a host and the host port (Engine 0, expansion module B, port number H3) is disconnected, time: 12:53:28, host: ID 3.
N/A.

296780    2019-04-09 12:53:28    0x100F02440004    Event    Informational    --    None    The link between initiator (type FC, identifier 0x10000090faac6c46) of a host and the host port (Engine 0, expansion module A, port number H3) is disconnected, time: 12:53:28, host: ID 3.
N/A.

296779    2019-04-09 12:53:28    0x100F02440004    Event    Informational    --    None    The link between initiator (type FC, identifier 0x10000090faac6c46) of a host and the host port (Engine 0, expansion module B, port number H1) is disconnected, time: 12:53:28, host: ID 3.
N/A.

296778    2019-04-09 12:53:28    0x100F02440004    Event    Informational    --    None    The link between initiator (type FC, identifier 0x10000090faac6c46) of a host and the host port (Engine 0, expansion module A, port number H1) is disconnected, time: 12:53:28, host: ID 3.
N/A.

296751    2019-04-09 12:52:12    0x100F02440006    Event    Informational    --    None    The link between initiator (type FC, identifier 0x21000024ff1cc780) of a host and the host port (Engine 0, expansion module B, port number H1) is linked up, time: 12:52:12, host: ID 4.
N/A.

296750    2019-04-09 12:52:12    0x100F02440006    Event    Informational    --    None    The link between initiator (type FC, identifier 0x21000024ff1d8163) of a host and the host port (Engine 0, expansion module B, port number H1) is linked up, time: 12:52:12, host: ID 1.
N/A.

296749    2019-04-09 12:52:12    0x100F02440006    Event    Informational    --    None    The link between initiator (type FC, identifier 0x21000024ff1cd3ad) of a host and the host port (Engine 0, expansion module B, port number H1) is linked up, time: 12:52:12, host: ID 5.
N/A.

296747    2019-04-09 12:52:11    0x100F02440006    Event    Informational    --    None    The link between initiator (type FC, identifier 0x10000090faac6c46) of a host and the host port (Engine 0, expansion module B, port number H1) is linked up, time: 12:52:11, host: ID 3.
N/A.

296746    2019-04-09 12:52:11    0x100F02440006    Event    Informational    --    None    The link between initiator (type FC, identifier 0x10000090fac0643c) of a host and the host port (Engine 0, expansion module B, port number H1) is linked up, time: 12:52:11, host: ID 2.
N/A.

296735    2019-04-09 12:51:45    0x100F02440004    Event    Informational    --    None    The link between initiator (type FC, identifier 0x21000024ff1cc780) of a host and the host port (Engine 0, expansion module B, port number H1) is disconnected, time: 12:51:45, host: ID 4.
N/A.

296734    2019-04-09 12:51:45    0x100F02440004    Event    Informational    --    None    The link between initiator (type FC, identifier 0x21000024ff1cd3ad) of a host and the host port (Engine 0, expansion module B, port number H1) is disconnected, time: 12:51:45, host: ID 5.
N/A.

296733    2019-04-09 12:51:45    0x100F02440004    Event    Informational    --    None    The link between initiator (type FC, identifier 0x10000090fac0643c) of a host and the host port (Engine 0, expansion module B, port number H1) is disconnected, time: 12:51:45, host: ID 2.
N/A.

296732    2019-04-09 12:51:45    0x100F02440004    Event    Informational    --    None    The link between initiator (type FC, identifier 0x21000024ff1d8163) of a host and the host port (Engine 0, expansion module B, port number H1) is disconnected, time: 12:51:45, host: ID 1.
N/A.

296731    2019-04-09 12:51:45    0x100F02440004    Event    Informational    --    None    The link between initiator (type FC, identifier 0x10000090faac6c46) of a host and the host port (Engine 0, expansion module B, port number H1) is disconnected, time: 12:51:45, host: ID 3.
N/A.

296730    2019-04-09 12:51:44    0xF0060004    Fault    Major    Recovered    2019-04-09 12:52:13    FC host port (controller enclosure CTE0, -- controller B, port number H1) is disconnected.
Step1 Check cable connections.
1.1 If the cable is removed, reinsert it. If the alarm persists=>[1.2]. 
1.2 If the cable is damaged, replace it. If the alarm persists=>[1.3]. 
1.3 If the port has an optical module=>[Step2]. If no=>[1.4]. 
1.4 If no exceptions are detected=>[Step3]. 
Step2 Check whether optical modules of the peer port are damaged. 
2.1 Remove and reinsert optical modules of the peer port and reinsert the cables. If the alarm persists=>[2.2]. 
2.2 Replace the optical module of the peer port one by one and reinsert the cables. If the alarm persists=>[Step3]. 
Step3 Check the port configuration. 
3.1 Check whether the topology mode of the port matches that of its peer port. If no, make adaptation adjustment. If the alarm persists=>[3.2]. 
3.2 Check whether the rate of the port matches that of its peer port. If no, make adaptation adjustment. If the alarm persists=>[Step4]. 
Step4 Check whether the port and interface module of the two ends connected by the cable are faulty. If yes, rectify the faults. If the alarm persists=>[Step5]. 
Step5 Contact technical support engineers.

296725    2019-04-09 12:51:34    0x100F02440006    Event    Informational    --    None    The link between initiator (type FC, identifier 0x21000024ff1d8163) of a host and the host port (Engine 0, expansion module B, port number H3) is linked up, time: 12:51:34, host: ID 1.
N/A.

296724    2019-04-09 12:51:33    0x100F02440006    Event    Informational    --    None    The link between initiator (type FC, identifier 0x21000024ff1cd3ad) of a host and the host port (Engine 0, expansion module B, port number H3) is linked up, time: 12:51:33, host: ID 5.
N/A.

296723    2019-04-09 12:51:33    0x100F02440006    Event    Informational    --    None    The link between initiator (type FC, identifier 0x21000024ff1cc780) of a host and the host port (Engine 0, expansion module B, port number H3) is linked up, time: 12:51:33, host: ID 4.
N/A.

296721    2019-04-09 12:51:33    0x100F02440006    Event    Informational    --    None    The link between initiator (type FC, identifier 0x10000090faac6c46) of a host and the host port (Engine 0, expansion module B, port number H3) is linked up, time: 12:51:33, host: ID 3.
N/A.

296720    2019-04-09 12:51:33    0x100F02440006    Event    Informational    --    None    The link between initiator (type FC, identifier 0x10000090fac0643c) of a host and the host port (Engine 0, expansion module B, port number H3) is linked up, time: 12:51:33, host: ID 2.
N/A.

296713    2019-04-09 12:51:16    0xF0060004    Fault    Major    Recovered    2019-04-09 12:51:35    FC host port (controller enclosure CTE0, -- controller B, port number H3) is disconnected.
Step1 Check cable connections.
1.1 If the cable is removed, reinsert it. If the alarm persists=>[1.2]. 
1.2 If the cable is damaged, replace it. If the alarm persists=>[1.3]. 
1.3 If the port has an optical module=>[Step2]. If no=>[1.4]. 
1.4 If no exceptions are detected=>[Step3]. 
Step2 Check whether optical modules of the peer port are damaged. 
2.1 Remove and reinsert optical modules of the peer port and reinsert the cables. If the alarm persists=>[2.2]. 
2.2 Replace the optical module of the peer port one by one and reinsert the cables. If the alarm persists=>[Step3]. 
Step3 Check the port configuration. 
3.1 Check whether the topology mode of the port matches that of its peer port. If no, make adaptation adjustment. If the alarm persists=>[3.2]. 
3.2 Check whether the rate of the port matches that of its peer port. If no, make adaptation adjustment. If the alarm persists=>[Step4]. 
Step4 Check whether the port and interface module of the two ends connected by the cable are faulty. If yes, rectify the faults. If the alarm persists=>[Step5]. 
Step5 Contact technical support engineers.

296710    2019-04-09 12:51:09    0x100F02440004    Event    Informational    --    None    The link between initiator (type FC, identifier 0x21000024ff1d8163) of a host and the host port (Engine 0, expansion module B, port number H3) is disconnected, time: 12:51:9, host: ID 1.
N/A.

296709    2019-04-09 12:51:09    0x100F02440004    Event    Informational    --    None    The link between initiator (type FC, identifier 0x21000024ff1cc780) of a host and the host port (Engine 0, expansion module B, port number H3) is disconnected, time: 12:51:9, host: ID 4.
N/A.

296708    2019-04-09 12:51:09    0x100F02440004    Event    Informational    --    None    The link between initiator (type FC, identifier 0x21000024ff1cd3ad) of a host and the host port (Engine 0, expansion module B, port number H3) is disconnected, time: 12:51:9, host: ID 5.
N/A.

296707    2019-04-09 12:51:09    0x100F02440004    Event    Informational    --    None    The link between initiator (type FC, identifier 0x10000090fac0643c) of a host and the host port (Engine 0, expansion module B, port number H3) is disconnected, time: 12:51:9, host: ID 2.
N/A.

296706    2019-04-09 12:51:09    0x100F02440004    Event    Informational    --    None    The link between initiator (type FC, identifier 0x10000090faac6c46) of a host and the host port (Engine 0, expansion module B, port number H3) is disconnected, time: 12:51:9, host: ID 3.
N/A.

296702    2019-04-09 12:51:02    0x100F02440006    Event    Informational    --    None    The link between initiator (type FC, identifier 0x21000024ff1cc780) of a host and the host port (Engine 0, expansion module B, port number H3) is linked up, time: 12:51:2, host: ID 4.
N/A.

296701    2019-04-09 12:51:02    0x100F02440006    Event    Informational    --    None    The link between initiator (type FC, identifier 0x21000024ff1cc780) of a host and the host port (Engine 0, expansion module A, port number H3) is linked up, time: 12:51:2, host: ID 4.
N/A.

296700    2019-04-09 12:51:02    0x100F02440006    Event    Informational    --    None    The link between initiator (type FC, identifier 0x21000024ff1cc780) of a host and the host port (Engine 0, expansion module B, port number H1) is linked up, time: 12:51:2, host: ID 4.
N/A.

296699    2019-04-09 12:51:02    0x100F02440006    Event    Informational    --    None    The link between initiator (type FC, identifier 0x21000024ff1cc780) of a host and the host port (Engine 0, expansion module A, port number H1) is linked up, time: 12:51:2, host: ID 4.
N/A.

296686    2019-04-09 12:50:32    0x100F02440004    Event    Informational    --    None    The link between initiator (type FC, identifier 0x21000024ff1cc780) of a host and the host port (Engine 0, expansion module A, port number H1) is disconnected, time: 12:50:32, host: ID 4.
N/A.

296685    2019-04-09 12:50:32    0x100F02440004    Event    Informational    --    None    The link between initiator (type FC, identifier 0x21000024ff1cc780) of a host and the host port (Engine 0, expansion module B, port number H1) is disconnected, time: 12:50:32, host: ID 4.
N/A.

296684    2019-04-09 12:50:32    0x100F02440004    Event    Informational    --    None    The link between initiator (type FC, identifier 0x21000024ff1cc780) of a host and the host port (Engine 0, expansion module A, port number H3) is disconnected, time: 12:50:32, host: ID 4.
N/A.

296683    2019-04-09 12:50:32    0x100F02440004    Event    Informational    --    None    The link between initiator (type FC, identifier 0x21000024ff1cc780) of a host and the host port (Engine 0, expansion module B, port number H3) is disconnected, time: 12:50:32, host: ID 4.
N/A.

296680    2019-04-09 12:50:27    0x100F02440006    Event    Informational    --    None    The link between initiator (type FC, identifier 0x21000024ff1cd3ad) of a host and the host port (Engine 0, expansion module B, port number H3) is linked up, time: 12:50:27, host: ID 5.
N/A.

296679    2019-04-09 12:50:27    0x100F02440006    Event    Informational    --    None    The link between initiator (type FC, identifier 0x21000024ff1cd3ad) of a host and the host port (Engine 0, expansion module A, port number H3) is linked up, time: 12:50:27, host: ID 5.
N/A.

296678    2019-04-09 12:50:27    0x100F02440006    Event    Informational    --    None    The link between initiator (type FC, identifier 0x21000024ff1cd3ad) of a host and the host port (Engine 0, expansion module A, port number H1) is linked up, time: 12:50:27, host: ID 5.
N/A.

296677    2019-04-09 12:50:26    0x100F02440006    Event    Informational    --    None    The link between initiator (type FC, identifier 0x21000024ff1cd3ad) of a host and the host port (Engine 0, expansion module B, port number H1) is linked up, time: 12:50:26, host: ID 5.
N/A.

296667    2019-04-09 12:50:05    0x100F02440004    Event    Informational    --    None    The link between initiator (type FC, identifier 0x21000024ff1cd3ad) of a host and the host port (Engine 0, expansion module B, port number H3) is disconnected, time: 12:50:5, host: ID 5.
N/A.

296666    2019-04-09 12:50:05    0x100F02440004    Event    Informational    --    None    The link between initiator (type FC, identifier 0x21000024ff1cd3ad) of a host and the host port (Engine 0, expansion module A, port number H3) is disconnected, time: 12:50:5, host: ID 5.
N/A.

296665    2019-04-09 12:50:05    0x100F02440004    Event    Informational    --    None    The link between initiator (type FC, identifier 0x21000024ff1cd3ad) of a host and the host port (Engine 0, expansion module B, port number H1) is disconnected, time: 12:50:5, host: ID 5.
N/A.

296664    2019-04-09 12:50:05    0x100F02440004    Event    Informational    --    None    The link between initiator (type FC, identifier 0x21000024ff1cd3ad) of a host and the host port (Engine 0, expansion module A, port number H1) is disconnected, time: 12:50:5, host: ID 5.
N/A.

296657    2019-04-09 12:49:48    0x100F02440006    Event    Informational    --    None    The link between initiator (type FC, identifier 0x10000090fac0643c) of a host and the host port (Engine 0, expansion module B, port number H3) is linked up, time: 12:49:48, host: ID 2.
N/A.

296655    2019-04-09 12:49:48    0x100F02440006    Event    Informational    --    None    The link between initiator (type FC, identifier 0x10000090fac0643c) of a host and the host port (Engine 0, expansion module A, port number H3) is linked up, time: 12:49:48, host: ID 2.
N/A.

296654    2019-04-09 12:49:48    0x100F02440006    Event    Informational    --    None    The link between initiator (type FC, identifier 0x10000090fac0643c) of a host and the host port (Engine 0, expansion module B, port number H1) is linked up, time: 12:49:48, host: ID 2.
N/A.

296653    2019-04-09 12:49:48    0x100F02440006    Event    Informational    --    None    The link between initiator (type FC, identifier 0x10000090fac0643c) of a host and the host port (Engine 0, expansion module A, port number H1) is linked up, time: 12:49:48, host: ID 2.
N/A.

296643    2019-04-09 12:49:25    0x100F02440004    Event    Informational    --    None    The link between initiator (type FC, identifier 0x10000090fac0643c) of a host and the host port (Engine 0, expansion module A, port number H3) is disconnected, time: 12:49:25, host: ID 2.
N/A.

296642    2019-04-09 12:49:25    0x100F02440004    Event    Informational    --    None    The link between initiator (type FC, identifier 0x10000090fac0643c) of a host and the host port (Engine 0, expansion module B, port number H1) is disconnected, time: 12:49:25, host: ID 2.
N/A.

296641    2019-04-09 12:49:25    0x100F02440004    Event    Informational    --    None    The link between initiator (type FC, identifier 0x10000090fac0643c) of a host and the host port (Engine 0, expansion module A, port number H1) is disconnected, time: 12:49:25, host: ID 2.
N/A.

296640    2019-04-09 12:49:25    0x100F02440004    Event    Informational    --    None    The link between initiator (type FC, identifier 0x10000090fac0643c) of a host and the host port (Engine 0, expansion module B, port number H3) is disconnected, time: 12:49:25, host: ID 2.
N/A.

296624    2019-04-09 12:48:47    0x100F02440006    Event    Informational    --    None    The link between initiator (type FC, identifier 0x21000024ff1d8163) of a host and the host port (Engine 0, expansion module B, port number H1) is linked up, time: 12:48:47, host: ID 1.
N/A.

296623    2019-04-09 12:48:47    0x100F02440006    Event    Informational    --    None    The link between initiator (type FC, identifier 0x21000024ff1d8163) of a host and the host port (Engine 0, expansion module B, port number H3) is linked up, time: 12:48:47, host: ID 1.
N/A.

296622    2019-04-09 12:48:47    0x100F02440006    Event    Informational    --    None    The link between initiator (type FC, identifier 0x21000024ff1d8163) of a host and the host port (Engine 0, expansion module A, port number H3) is linked up, time: 12:48:47, host: ID 1.
N/A.

296621    2019-04-09 12:48:47    0x100F02440006    Event    Informational    --    None    The link between initiator (type FC, identifier 0x21000024ff1d8163) of a host and the host port (Engine 0, expansion module A, port number H1) is linked up, time: 12:48:47, host: ID 1.
N/A.

296614    2019-04-09 12:48:28    0x100F02440004    Event    Informational    --    None    The link between initiator (type FC, identifier 0x21000024ff1d8163) of a host and the host port (Engine 0, expansion module A, port number H1) is disconnected, time: 12:48:28, host: ID 1.
N/A.

296613    2019-04-09 12:48:28    0x100F02440004    Event    Informational    --    None    The link between initiator (type FC, identifier 0x21000024ff1d8163) of a host and the host port (Engine 0, expansion module B, port number H3) is disconnected, time: 12:48:28, host: ID 1.
N/A.

296612    2019-04-09 12:48:28    0x100F02440004    Event    Informational    --    None    The link between initiator (type FC, identifier 0x21000024ff1d8163) of a host and the host port (Engine 0, expansion module B, port number H1) is disconnected, time: 12:48:28, host: ID 1.
N/A.

296611    2019-04-09 12:48:28    0x100F02440004    Event    Informational    --    None    The link between initiator (type FC, identifier 0x21000024ff1d8163) of a host and the host port (Engine 0, expansion module A, port number H3) is disconnected, time: 12:48:28, host: ID 1.
N/A.

296600    2019-04-09 12:48:02    0x100F02440006    Event    Informational    --    None    The link between initiator (type FC, identifier 0x21000024ff1d8163) of a host and the host port (Engine 0, expansion module A, port number H1) is linked up, time: 12:48:2, host: ID 1.
N/A.

296599    2019-04-09 12:48:01    0x100F02440006    Event    Informational    --    None    The link between initiator (type FC, identifier 0x21000024ff1cd3ad) of a host and the host port (Engine 0, expansion module A, port number H1) is linked up, time: 12:48:1, host: ID 5.
N/A.

296597    2019-04-09 12:48:01    0x100F02440006    Event    Informational    --    None    The link between initiator (type FC, identifier 0x21000024ff1cc780) of a host and the host port (Engine 0, expansion module A, port number H1) is linked up, time: 12:48:1, host: ID 4.
N/A.

296596    2019-04-09 12:48:01    0x100F02440006    Event    Informational    --    None    The link between initiator (type FC, identifier 0x10000090fac0643c) of a host and the host port (Engine 0, expansion module A, port number H1) is linked up, time: 12:48:1, host: ID 2.
N/A.

296595    2019-04-09 12:48:01    0x100F02440006    Event    Informational    --    None    The link between initiator (type FC, identifier 0x10000090faac6c46) of a host and the host port (Engine 0, expansion module A, port number H1) is linked up, time: 12:48:1, host: ID 3.
N/A.

296589    2019-04-09 12:47:47    0xF0060004    Fault    Major    Recovered    2019-04-09 12:48:06    FC host port (controller enclosure CTE0, -- controller A, port number H1) is disconnected.
Step1 Check cable connections.
1.1 If the cable is removed, reinsert it. If the alarm persists=>[1.2]. 
1.2 If the cable is damaged, replace it. If the alarm persists=>[1.3]. 
1.3 If the port has an optical module=>[Step2]. If no=>[1.4]. 
1.4 If no exceptions are detected=>[Step3]. 
Step2 Check whether optical modules of the peer port are damaged. 
2.1 Remove and reinsert optical modules of the peer port and reinsert the cables. If the alarm persists=>[2.2]. 
2.2 Replace the optical module of the peer port one by one and reinsert the cables. If the alarm persists=>[Step3]. 
Step3 Check the port configuration. 
3.1 Check whether the topology mode of the port matches that of its peer port. If no, make adaptation adjustment. If the alarm persists=>[3.2]. 
3.2 Check whether the rate of the port matches that of its peer port. If no, make adaptation adjustment. If the alarm persists=>[Step4]. 
Step4 Check whether the port and interface module of the two ends connected by the cable are faulty. If yes, rectify the faults. If the alarm persists=>[Step5]. 
Step5 Contact technical support engineers.

296588    2019-04-09 12:47:47    0x100F02440004    Event    Informational    --    None    The link between initiator (type FC, identifier 0x21000024ff1d8163) of a host and the host port (Engine 0, expansion module A, port number H1) is disconnected, time: 12:47:47, host: ID 1.
N/A.

296587    2019-04-09 12:47:47    0x100F02440004    Event    Informational    --    None    The link between initiator (type FC, identifier 0x21000024ff1cc780) of a host and the host port (Engine 0, expansion module A, port number H1) is disconnected, time: 12:47:47, host: ID 4.
N/A.

296586    2019-04-09 12:47:47    0x100F02440004    Event    Informational    --    None    The link between initiator (type FC, identifier 0x21000024ff1cd3ad) of a host and the host port (Engine 0, expansion module A, port number H1) is disconnected, time: 12:47:47, host: ID 5.
N/A.

296585    2019-04-09 12:47:47    0x100F02440004    Event    Informational    --    None    The link between initiator (type FC, identifier 0x10000090faac6c46) of a host and the host port (Engine 0, expansion module A, port number H1) is disconnected, time: 12:47:47, host: ID 3.
N/A.

296584    2019-04-09 12:47:47    0x100F02440004    Event    Informational    --    None    The link between initiator (type FC, identifier 0x10000090fac0643c) of a host and the host port (Engine 0, expansion module A, port number H1) is disconnected, time: 12:47:47, host: ID 2.
N/A.

296577    2019-04-09 12:47:32    0x100F02440006    Event    Informational    --    None    The link between initiator (type FC, identifier 0x21000024ff1cd3ad) of a host and the host port (Engine 0, expansion module A, port number H3) is linked up, time: 12:47:32, host: ID 5.
N/A.

296575    2019-04-09 12:47:31    0x100F02440006    Event    Informational    --    None    The link between initiator (type FC, identifier 0x21000024ff1cc780) of a host and the host port (Engine 0, expansion module A, port number H3) is linked up, time: 12:47:31, host: ID 4.
N/A.

296574    2019-04-09 12:47:31    0x100F02440006    Event    Informational    --    None    The link between initiator (type FC, identifier 0x21000024ff1d8163) of a host and the host port (Engine 0, expansion module A, port number H3) is linked up, time: 12:47:31, host: ID 1.
N/A.

296573    2019-04-09 12:47:30    0x100F02440006    Event    Informational    --    None    The link between initiator (type FC, identifier 0x10000090faac6c46) of a host and the host port (Engine 0, expansion module A, port number H3) is linked up, time: 12:47:30, host: ID 3.
N/A.

296572    2019-04-09 12:47:30    0x100F02440006    Event    Informational    --    None    The link between initiator (type FC, identifier 0x10000090fac0643c) of a host and the host port (Engine 0, expansion module A, port number H3) is linked up, time: 12:47:30, host: ID 2.
N/A.

296571    2019-04-09 12:47:28    0xF01080015    Fault    Major    Recovered    2019-04-09 12:49:43    FC host port (controller enclosure CTE0, -- controller A, port ID H2) has too many bit errors. The system performance may be affected.
Step1 Check cables.
    1.1 If any cable is not securely connected, reinsert it. If the alarm persists=>[1.2].
    1.2 Replace the cable. If the alarm persists=>[Step2].
Step2 Check whether optical modules are installed.
    2.1 If yes, replace the optical modules of the local port and its peer port. If the alarm persists=>[Step3].
    2.2 If no=>[Step3].
Step3 Replace the modules where the port and its peer port reside. If the alarm persists=>[Step4].
Step4 If the local and peer ports are ETH/FCoE ports, check whether their MTU values match.
    4.1 If yes=>[Step5].
    4.2 If no, contact technical support engineers to modify the MTU. If the alarm persists=>[Step5].
Step5 Check whether the current network is an FC/FCoE switch network.
    5.1 If yes=>[Step6].
    5.2 If no=>[Step9].
Step6 Check the cable connection of all links from the remote device to the switch.
    6.1 If any cable is not securely connected, reinsert it. If the alarm persists=>[6.2].
    6.2 Replace the cable. If the alarm persists=>[Step7].
Step7 Replace the optical module of the remote device port and switch port. If the alarm persists=>[Step8].
Step8 If the remote device port and switch port are FCoE ports, check whether their MTU values match.
    8.1 If yes=>[Step9].
    8.2 If no, contact technical support engineers to modify the MTU. If the alarm persists=>[Step9].
Step9 Collect related information and contact technical support engineers.

296562    2019-04-09 12:47:11    0x100F02440004    Event    Informational    --    None    The link between initiator (type FC, identifier 0x21000024ff1d8163) of a host and the host port (Engine 0, expansion module A, port number H3) is disconnected, time: 12:47:11, host: ID 1.
N/A.

296561    2019-04-09 12:47:11    0x100F02440004    Event    Informational    --    None    The link between initiator (type FC, identifier 0x21000024ff1cc780) of a host and the host port (Engine 0, expansion module A, port number H3) is disconnected, time: 12:47:11, host: ID 4.
N/A.

296560    2019-04-09 12:47:11    0x100F02440004    Event    Informational    --    None    The link between initiator (type FC, identifier 0x21000024ff1cd3ad) of a host and the host port (Engine 0, expansion module A, port number H3) is disconnected, time: 12:47:11, host: ID 5.
N/A.

296559    2019-04-09 12:47:11    0x100F02440004    Event    Informational    --    None    The link between initiator (type FC, identifier 0x10000090faac6c46) of a host and the host port (Engine 0, expansion module A, port number H3) is disconnected, time: 12:47:11, host: ID 3.
N/A.

296558    2019-04-09 12:47:11    0x100F02440004    Event    Informational    --    None    The link between initiator (type FC, identifier 0x10000090fac0643c) of a host and the host port (Engine 0, expansion module A, port number H3) is disconnected, time: 12:47:11, host: ID 2.
N/A.

296557    2019-04-09 12:47:09    0xF0060004    Fault    Major    Recovered    2019-04-09 12:47:38    FC host port (controller enclosure CTE0, -- controller A, port number H3) is disconnected.
Step1 Check cable connections.
1.1 If the cable is removed, reinsert it. If the alarm persists=>[1.2]. 
1.2 If the cable is damaged, replace it. If the alarm persists=>[1.3]. 
1.3 If the port has an optical module=>[Step2]. If no=>[1.4]. 
1.4 If no exceptions are detected=>[Step3]. 
Step2 Check whether optical modules of the peer port are damaged. 
2.1 Remove and reinsert optical modules of the peer port and reinsert the cables. If the alarm persists=>[2.2]. 
2.2 Replace the optical module of the peer port one by one and reinsert the cables. If the alarm persists=>[Step3]. 
Step3 Check the port configuration. 
3.1 Check whether the topology mode of the port matches that of its peer port. If no, make adaptation adjustment. If the alarm persists=>[3.2]. 
3.2 Check whether the rate of the port matches that of its peer port. If no, make adaptation adjustment. If the alarm persists=>[Step4]. 
Step4 Check whether the port and interface module of the two ends connected by the cable are faulty. If yes, rectify the faults. If the alarm persists=>[Step5]. 
Step5 Contact technical support engineers.

296438    2019-04-09 12:42:16    0xF01080015    Fault    Major    Recovered    2019-04-09 12:44:31    FC host port (controller enclosure CTE0, -- controller B, port ID H0) has too many bit errors. The system performance may be affected.
Step1 Check cables.
    1.1 If any cable is not securely connected, reinsert it. If the alarm persists=>[1.2].
    1.2 Replace the cable. If the alarm persists=>[Step2].
Step2 Check whether optical modules are installed.
    2.1 If yes, replace the optical modules of the local port and its peer port. If the alarm persists=>[Step3].
    2.2 If no=>[Step3].
Step3 Replace the modules where the port and its peer port reside. If the alarm persists=>[Step4].
Step4 If the local and peer ports are ETH/FCoE ports, check whether their MTU values match.
    4.1 If yes=>[Step5].
    4.2 If no, contact technical support engineers to modify the MTU. If the alarm persists=>[Step5].
Step5 Check whether the current network is an FC/FCoE switch network.
    5.1 If yes=>[Step6].
    5.2 If no=>[Step9].
Step6 Check the cable connection of all links from the remote device to the switch.
    6.1 If any cable is not securely connected, reinsert it. If the alarm persists=>[6.2].
    6.2 Replace the cable. If the alarm persists=>[Step7].
Step7 Replace the optical module of the remote device port and switch port. If the alarm persists=>[Step8].
Step8 If the remote device port and switch port are FCoE ports, check whether their MTU values match.
    8.1 If yes=>[Step9].
    8.2 If no, contact technical support engineers to modify the MTU. If the alarm persists=>[Step9].
Step9 Collect related information and contact technical support engineers.

296437    2019-04-09 12:42:16    0xF01080015    Fault    Major    Recovered    2019-04-09 12:48:56    FC host port (controller enclosure CTE0, -- controller B, port ID H2) has too many bit errors. The system performance may be affected.
Step1 Check cables.
    1.1 If any cable is not securely connected, reinsert it. If the alarm persists=>[1.2].
    1.2 Replace the cable. If the alarm persists=>[Step2].
Step2 Check whether optical modules are installed.
    2.1 If yes, replace the optical modules of the local port and its peer port. If the alarm persists=>[Step3].
    2.2 If no=>[Step3].
Step3 Replace the modules where the port and its peer port reside. If the alarm persists=>[Step4].
Step4 If the local and peer ports are ETH/FCoE ports, check whether their MTU values match.
    4.1 If yes=>[Step5].
    4.2 If no, contact technical support engineers to modify the MTU. If the alarm persists=>[Step5].
Step5 Check whether the current network is an FC/FCoE switch network.
    5.1 If yes=>[Step6].
    5.2 If no=>[Step9].
Step6 Check the cable connection of all links from the remote device to the switch.
    6.1 If any cable is not securely connected, reinsert it. If the alarm persists=>[6.2].
    6.2 Replace the cable. If the alarm persists=>[Step7].
Step7 Replace the optical module of the remote device port and switch port. If the alarm persists=>[Step8].
Step8 If the remote device port and switch port are FCoE ports, check whether their MTU values match.
    8.1 If yes=>[Step9].
    8.2 If no, contact technical support engineers to modify the MTU. If the alarm persists=>[Step9].
Step9 Collect related information and contact technical support engineers.

296425    2019-04-09 12:41:52    0xF01080015    Fault    Major    Recovered    2019-04-09 12:45:13    FC host port (controller enclosure CTE0, -- controller A, port ID H0) has too many bit errors. The system performance may be affected.
Step1 Check cables.
    1.1 If any cable is not securely connected, reinsert it. If the alarm persists=>[1.2].
    1.2 Replace the cable. If the alarm persists=>[Step2].
Step2 Check whether optical modules are installed.
    2.1 If yes, replace the optical modules of the local port and its peer port. If the alarm persists=>[Step3].
    2.2 If no=>[Step3].
Step3 Replace the modules where the port and its peer port reside. If the alarm persists=>[Step4].
Step4 If the local and peer ports are ETH/FCoE ports, check whether their MTU values match.
    4.1 If yes=>[Step5].
    4.2 If no, contact technical support engineers to modify the MTU. If the alarm persists=>[Step5].
Step5 Check whether the current network is an FC/FCoE switch network.
    5.1 If yes=>[Step6].
    5.2 If no=>[Step9].
Step6 Check the cable connection of all links from the remote device to the switch.
    6.1 If any cable is not securely connected, reinsert it. If the alarm persists=>[6.2].
    6.2 Replace the cable. If the alarm persists=>[Step7].
Step7 Replace the optical module of the remote device port and switch port. If the alarm persists=>[Step8].
Step8 If the remote device port and switch port are FCoE ports, check whether their MTU values match.
    8.1 If yes=>[Step9].
    8.2 If no, contact technical support engineers to modify the MTU. If the alarm persists=>[Step9].
Step9 Collect related information and contact technical support engineers.

296424    2019-04-09 12:41:52    0xF01080015    Fault    Major    Recovered    2019-04-09 12:44:06    FC host port (controller enclosure CTE0, -- controller A, port ID H2) has too many bit errors. The system performance may be affected.
Step1 Check cables.
    1.1 If any cable is not securely connected, reinsert it. If the alarm persists=>[1.2].
    1.2 Replace the cable. If the alarm persists=>[Step2].
Step2 Check whether optical modules are installed.
    2.1 If yes, replace the optical modules of the local port and its peer port. If the alarm persists=>[Step3].
    2.2 If no=>[Step3].
Step3 Replace the modules where the port and its peer port reside. If the alarm persists=>[Step4].
Step4 If the local and peer ports are ETH/FCoE ports, check whether their MTU values match.
    4.1 If yes=>[Step5].
    4.2 If no, contact technical support engineers to modify the MTU. If the alarm persists=>[Step5].
Step5 Check whether the current network is an FC/FCoE switch network.
    5.1 If yes=>[Step6].
    5.2 If no=>[Step9].
Step6 Check the cable connection of all links from the remote device to the switch.
    6.1 If any cable is not securely connected, reinsert it. If the alarm persists=>[6.2].
    6.2 Replace the cable. If the alarm persists=>[Step7].
Step7 Replace the optical module of the remote device port and switch port. If the alarm persists=>[Step8].
Step8 If the remote device port and switch port are FCoE ports, check whether their MTU values match.
    8.1 If yes=>[Step9].
    8.2 If no, contact technical support engineers to modify the MTU. If the alarm persists=>[Step9].
Step9 Collect related information and contact technical support engineers.

296374    2019-04-09 12:39:38    0x100F0015001C    Event    Major    --    None    UltraPath push information from host (ID 1) is not received at the preset time point or fails to be processed.
Step1 Install UltraPath of the latest version on the host. If the fault persists=>[Step2]. 
Step2 Collect related information and contact technical support engineers.

296373    2019-04-09 12:39:38    0x100F0015001C    Event    Major    --    None    UltraPath push information from host (ID 1) is not received at the preset time point or fails to be processed.
Step1 Install UltraPath of the latest version on the host. If the fault persists=>[Step2]. 
Step2 Collect related information and contact technical support engineers.

296372    2019-04-09 12:39:38    0x100F0015001C    Event    Major    --    None    UltraPath push information from host (ID 1) is not received at the preset time point or fails to be processed.
Step1 Install UltraPath of the latest version on the host. If the fault persists=>[Step2]. 
Step2 Collect related information and contact technical support engineers.

296371    2019-04-09 12:39:38    0x100F0015001C    Event    Major    --    None    UltraPath push information from host (ID 1) is not received at the preset time point or fails to be processed.
Step1 Install UltraPath of the latest version on the host. If the fault persists=>[Step2]. 
Step2 Collect related information and contact technical support engineers.

296288    2019-04-09 12:36:14    0x100F0015001C    Event    Major    --    None    UltraPath push information from host (ID 1) is not received at the preset time point or fails to be processed.
Step1 Install UltraPath of the latest version on the host. If the fault persists=>[Step2]. 
Step2 Collect related information and contact technical support engineers.

296287    2019-04-09 12:36:14    0x100F0015001C    Event    Major    --    None    UltraPath push information from host (ID 1) is not received at the preset time point or fails to be processed.
Step1 Install UltraPath of the latest version on the host. If the fault persists=>[Step2]. 
Step2 Collect related information and contact technical support engineers.

296286    2019-04-09 12:36:14    0x100F0015001C    Event    Major    --    None    UltraPath push information from host (ID 1) is not received at the preset time point or fails to be processed.
Step1 Install UltraPath of the latest version on the host. If the fault persists=>[Step2]. 
Step2 Collect related information and contact technical support engineers.

296285    2019-04-09 12:36:14    0x100F0015001C    Event    Major    --    None    UltraPath push information from host (ID 1) is not received at the preset time point or fails to be processed.
Step1 Install UltraPath of the latest version on the host. If the fault persists=>[Step2]. 
Step2 Collect related information and contact technical support engineers.

296200    2019-04-09 12:32:41    0x100F02440006    Event    Informational    --    None    The link between initiator (type FC, identifier 0x21000024ff1d813c) of a host and the host port (Engine 0, expansion module B, port number H2) is linked up, time: 12:32:41, host: ID 1.
N/A.

296199    2019-04-09 12:32:41    0x100F02440006    Event    Informational    --    None    The link between initiator (type FC, identifier 0x21000024ff1d813c) of a host and the host port (Engine 0, expansion module A, port number H2) is linked up, time: 12:32:41, host: ID 1.
N/A.

296198    2019-04-09 12:32:41    0x100F02440006    Event    Informational    --    None    The link between initiator (type FC, identifier 0x21000024ff1d813c) of a host and the host port (Engine 0, expansion module A, port number H0) is linked up, time: 12:32:41, host: ID 1.
N/A.

296197    2019-04-09 12:32:41    0x100F02440006    Event    Informational    --    None    The link between initiator (type FC, identifier 0x21000024ff1d813c) of a host and the host port (Engine 0, expansion module B, port number H0) is linked up, time: 12:32:41, host: ID 1.
N/A.

296196    2019-04-09 12:32:39    0x100F02440006    Event    Informational    --    None    The link between initiator (type FC, identifier 0x21000024ff1d8163) of a host and the host port (Engine 0, expansion module A, port number H3) is linked up, time: 12:32:39, host: ID 1.
N/A.

296195    2019-04-09 12:32:39    0x100F02440006    Event    Informational    --    None    The link between initiator (type FC, identifier 0x21000024ff1d8163) of a host and the host port (Engine 0, expansion module B, port number H3) is linked up, time: 12:32:39, host: ID 1.
N/A.

296194    2019-04-09 12:32:39    0x100F02440006    Event    Informational    --    None    The link between initiator (type FC, identifier 0x21000024ff1d8163) of a host and the host port (Engine 0, expansion module B, port number H1) is linked up, time: 12:32:39, host: ID 1.
N/A.

296193    2019-04-09 12:32:39    0x100F02440006    Event    Informational    --    None    The link between initiator (type FC, identifier 0x21000024ff1d8163) of a host and the host port (Engine 0, expansion module A, port number H1) is linked up, time: 12:32:39, host: ID 1.
N/A.

296038    2019-04-09 12:26:24    0x200F002A0015    Event    Informational    --    None    The login of the user (user name admin) from the source (10.33.34.15) succeeded.
N/A

296033    2019-04-09 12:26:14    0xF01080015    Fault    Major    Recovered    2019-04-09 12:35:08    FC host port (controller enclosure CTE0, -- controller A, port ID H2) has too many bit errors. The system performance may be affected.
Step1 Check cables.
    1.1 If any cable is not securely connected, reinsert it. If the alarm persists=>[1.2].
    1.2 Replace the cable. If the alarm persists=>[Step2].
Step2 Check whether optical modules are installed.
    2.1 If yes, replace the optical modules of the local port and its peer port. If the alarm persists=>[Step3].
    2.2 If no=>[Step3].
Step3 Replace the modules where the port and its peer port reside. If the alarm persists=>[Step4].
Step4 If the local and peer ports are ETH/FCoE ports, check whether their MTU values match.
    4.1 If yes=>[Step5].
    4.2 If no, contact technical support engineers to modify the MTU. If the alarm persists=>[Step5].
Step5 Check whether the current network is an FC/FCoE switch network.
    5.1 If yes=>[Step6].
    5.2 If no=>[Step9].
Step6 Check the cable connection of all links from the remote device to the switch.
    6.1 If any cable is not securely connected, reinsert it. If the alarm persists=>[6.2].
    6.2 Replace the cable. If the alarm persists=>[Step7].
Step7 Replace the optical module of the remote device port and switch port. If the alarm persists=>[Step8].
Step8 If the remote device port and switch port are FCoE ports, check whether their MTU values match.
    8.1 If yes=>[Step9].
    8.2 If no, contact technical support engineers to modify the MTU. If the alarm persists=>[Step9].
Step9 Collect related information and contact technical support engineers.

296028    2019-04-09 12:26:04    0x100F0108005B    Event    Informational    --    None    The management network port (Controller Enclosure CTE0, controller A, port number MGMT) has been connected.
N/A

295982    2019-04-09 12:24:12    0x100F02440004    Event    Informational    --    None    The link between initiator (type FC, identifier 0x21000024ff1d813c) of a host and the host port (Engine 0, expansion module A, port number H2) is disconnected, time: 12:24:12, host: ID 1.
N/A.

295981    2019-04-09 12:24:12    0x100F02440004    Event    Informational    --    None    The link between initiator (type FC, identifier 0x21000024ff1d813c) of a host and the host port (Engine 0, expansion module B, port number H2) is disconnected, time: 12:24:12, host: ID 1.
N/A.

295980    2019-04-09 12:24:12    0x100F02440004    Event    Informational    --    None    The link between initiator (type FC, identifier 0x21000024ff1d8163) of a host and the host port (Engine 0, expansion module A, port number H1) is disconnected, time: 12:24:12, host: ID 1.
N/A.

295979    2019-04-09 12:24:12    0x100F02440004    Event    Informational    --    None    The link between initiator (type FC, identifier 0x21000024ff1d813c) of a host and the host port (Engine 0, expansion module B, port number H0) is disconnected, time: 12:24:12, host: ID 1.
N/A.

295978    2019-04-09 12:24:12    0x100F02440004    Event    Informational    --    None    The link between initiator (type FC, identifier 0x21000024ff1d8163) of a host and the host port (Engine 0, expansion module B, port number H1) is disconnected, time: 12:24:12, host: ID 1.
N/A.

295977    2019-04-09 12:24:12    0x100F02440004    Event    Informational    --    None    The link between initiator (type FC, identifier 0x21000024ff1d813c) of a host and the host port (Engine 0, expansion module A, port number H0) is disconnected, time: 12:24:12, host: ID 1.
N/A.

295976    2019-04-09 12:24:12    0x100F02440004    Event    Informational    --    None    The link between initiator (type FC, identifier 0x21000024ff1d8163) of a host and the host port (Engine 0, expansion module A, port number H3) is disconnected, time: 12:24:12, host: ID 1.
N/A.

295975    2019-04-09 12:24:11    0x100F02440004    Event    Informational    --    None    The link between initiator (type FC, identifier 0x21000024ff1d8163) of a host and the host port (Engine 0, expansion module B, port number H3) is disconnected, time: 12:24:11, host: ID 1.
N/A.

295969    2019-04-09 12:23:58    0xF01080015    Fault    Major    Recovered    2019-04-09 12:36:15    FC host port (controller enclosure CTE0, -- controller A, port ID H0) has too many bit errors. The system performance may be affected.
Step1 Check cables.
    1.1 If any cable is not securely connected, reinsert it. If the alarm persists=>[1.2].
    1.2 Replace the cable. If the alarm persists=>[Step2].
Step2 Check whether optical modules are installed.
    2.1 If yes, replace the optical modules of the local port and its peer port. If the alarm persists=>[Step3].
    2.2 If no=>[Step3].
Step3 Replace the modules where the port and its peer port reside. If the alarm persists=>[Step4].
Step4 If the local and peer ports are ETH/FCoE ports, check whether their MTU values match.
    4.1 If yes=>[Step5].
    4.2 If no, contact technical support engineers to modify the MTU. If the alarm persists=>[Step5].
Step5 Check whether the current network is an FC/FCoE switch network.
    5.1 If yes=>[Step6].
    5.2 If no=>[Step9].
Step6 Check the cable connection of all links from the remote device to the switch.
    6.1 If any cable is not securely connected, reinsert it. If the alarm persists=>[6.2].
    6.2 Replace the cable. If the alarm persists=>[Step7].
Step7 Replace the optical module of the remote device port and switch port. If the alarm persists=>[Step8].
Step8 If the remote device port and switch port are FCoE ports, check whether their MTU values match.
    8.1 If yes=>[Step9].
    8.2 If no, contact technical support engineers to modify the MTU. If the alarm persists=>[Step9].
Step9 Collect related information and contact technical support engineers.

295950    2019-04-09 12:23:15    0xF01080015    Fault    Major    Recovered    2019-04-09 12:35:33    FC host port (controller enclosure CTE0, -- controller B, port ID H0) has too many bit errors. The system performance may be affected.
Step1 Check cables.
    1.1 If any cable is not securely connected, reinsert it. If the alarm persists=>[1.2].
    1.2 Replace the cable. If the alarm persists=>[Step2].
Step2 Check whether optical modules are installed.
    2.1 If yes, replace the optical modules of the local port and its peer port. If the alarm persists=>[Step3].
    2.2 If no=>[Step3].
Step3 Replace the modules where the port and its peer port reside. If the alarm persists=>[Step4].
Step4 If the local and peer ports are ETH/FCoE ports, check whether their MTU values match.
    4.1 If yes=>[Step5].
    4.2 If no, contact technical support engineers to modify the MTU. If the alarm persists=>[Step5].
Step5 Check whether the current network is an FC/FCoE switch network.
    5.1 If yes=>[Step6].
    5.2 If no=>[Step9].
Step6 Check the cable connection of all links from the remote device to the switch.
    6.1 If any cable is not securely connected, reinsert it. If the alarm persists=>[6.2].
    6.2 Replace the cable. If the alarm persists=>[Step7].
Step7 Replace the optical module of the remote device port and switch port. If the alarm persists=>[Step8].
Step8 If the remote device port and switch port are FCoE ports, check whether their MTU values match.
    8.1 If yes=>[Step9].
    8.2 If no, contact technical support engineers to modify the MTU. If the alarm persists=>[Step9].
Step9 Collect related information and contact technical support engineers.

295949    2019-04-09 12:23:15    0xF01080015    Fault    Major    Recovered    2019-04-09 12:35:33    FC host port (controller enclosure CTE0, -- controller B, port ID H2) has too many bit errors. The system performance may be affected.
Step1 Check cables.
    1.1 If any cable is not securely connected, reinsert it. If the alarm persists=>[1.2].
    1.2 Replace the cable. If the alarm persists=>[Step2].
Step2 Check whether optical modules are installed.
    2.1 If yes, replace the optical modules of the local port and its peer port. If the alarm persists=>[Step3].
    2.2 If no=>[Step3].
Step3 Replace the modules where the port and its peer port reside. If the alarm persists=>[Step4].
Step4 If the local and peer ports are ETH/FCoE ports, check whether their MTU values match.
    4.1 If yes=>[Step5].
    4.2 If no, contact technical support engineers to modify the MTU. If the alarm persists=>[Step5].
Step5 Check whether the current network is an FC/FCoE switch network.
    5.1 If yes=>[Step6].
    5.2 If no=>[Step9].
Step6 Check the cable connection of all links from the remote device to the switch.
    6.1 If any cable is not securely connected, reinsert it. If the alarm persists=>[6.2].
    6.2 Replace the cable. If the alarm persists=>[Step7].
Step7 Replace the optical module of the remote device port and switch port. If the alarm persists=>[Step8].
Step8 If the remote device port and switch port are FCoE ports, check whether their MTU values match.
    8.1 If yes=>[Step9].
    8.2 If no, contact technical support engineers to modify the MTU. If the alarm persists=>[Step9].
Step9 Collect related information and contact technical support engineers.

295561    2019-04-09 12:06:51    0x200F002A0019    Event    Informational    --    None    The logout of the user (user name mm_user) from the source (127.0.0.1) succeeded.
N/A

295535    2019-04-09 12:05:44    0x200F002A0019    Event    Informational    --    None    The logout of the user (user name admin) from the source (10.33.34.15) succeeded.
N/A

295450    2019-04-09 12:02:06    0x200F002A0015    Event    Informational    --    None    The login of the user (user name mm_user) from the source (127.0.0.1) succeeded.
N/A

295266    2019-04-09 11:54:04    0xF01080015    Fault    Major    Recovered    2019-04-09 11:56:19    FC host port (controller enclosure CTE0, -- controller B, port ID H0) has too many bit errors. The system performance may be affected.
Step1 Check cables.
    1.1 If any cable is not securely connected, reinsert it. If the alarm persists=>[1.2].
    1.2 Replace the cable. If the alarm persists=>[Step2].
Step2 Check whether optical modules are installed.
    2.1 If yes, replace the optical modules of the local port and its peer port. If the alarm persists=>[Step3].
    2.2 If no=>[Step3].
Step3 Replace the modules where the port and its peer port reside. If the alarm persists=>[Step4].
Step4 If the local and peer ports are ETH/FCoE ports, check whether their MTU values match.
    4.1 If yes=>[Step5].
    4.2 If no, contact technical support engineers to modify the MTU. If the alarm persists=>[Step5].
Step5 Check whether the current network is an FC/FCoE switch network.
    5.1 If yes=>[Step6].
    5.2 If no=>[Step9].
Step6 Check the cable connection of all links from the remote device to the switch.
    6.1 If any cable is not securely connected, reinsert it. If the alarm persists=>[6.2].
    6.2 Replace the cable. If the alarm persists=>[Step7].
Step7 Replace the optical module of the remote device port and switch port. If the alarm persists=>[Step8].
Step8 If the remote device port and switch port are FCoE ports, check whether their MTU values match.
    8.1 If yes=>[Step9].
    8.2 If no, contact technical support engineers to modify the MTU. If the alarm persists=>[Step9].
Step9 Collect related information and contact technical support engineers.

295257    2019-04-09 11:53:45    0xF01080015    Fault    Major    Recovered    2019-04-09 11:55:56    FC host port (controller enclosure CTE0, -- controller A, port ID H0) has too many bit errors. The system performance may be affected.
Step1 Check cables.
    1.1 If any cable is not securely connected, reinsert it. If the alarm persists=>[1.2].
    1.2 Replace the cable. If the alarm persists=>[Step2].
Step2 Check whether optical modules are installed.
    2.1 If yes, replace the optical modules of the local port and its peer port. If the alarm persists=>[Step3].
    2.2 If no=>[Step3].
Step3 Replace the modules where the port and its peer port reside. If the alarm persists=>[Step4].
Step4 If the local and peer ports are ETH/FCoE ports, check whether their MTU values match.
    4.1 If yes=>[Step5].
    4.2 If no, contact technical support engineers to modify the MTU. If the alarm persists=>[Step5].
Step5 Check whether the current network is an FC/FCoE switch network.
    5.1 If yes=>[Step6].
    5.2 If no=>[Step9].
Step6 Check the cable connection of all links from the remote device to the switch.
    6.1 If any cable is not securely connected, reinsert it. If the alarm persists=>[6.2].
    6.2 Replace the cable. If the alarm persists=>[Step7].
Step7 Replace the optical module of the remote device port and switch port. If the alarm persists=>[Step8].
Step8 If the remote device port and switch port are FCoE ports, check whether their MTU values match.
    8.1 If yes=>[Step9].
    8.2 If no, contact technical support engineers to modify the MTU. If the alarm persists=>[Step9].
Step9 Collect related information and contact technical support engineers.

295254    2019-04-09 11:53:40    0xF01080015    Fault    Major    Recovered    2019-04-09 11:57:03    FC host port (controller enclosure CTE0, -- controller A, port ID H2) has too many bit errors. The system performance may be affected.
Step1 Check cables.
    1.1 If any cable is not securely connected, reinsert it. If the alarm persists=>[1.2].
    1.2 Replace the cable. If the alarm persists=>[Step2].
Step2 Check whether optical modules are installed.
    2.1 If yes, replace the optical modules of the local port and its peer port. If the alarm persists=>[Step3].
    2.2 If no=>[Step3].
Step3 Replace the modules where the port and its peer port reside. If the alarm persists=>[Step4].
Step4 If the local and peer ports are ETH/FCoE ports, check whether their MTU values match.
    4.1 If yes=>[Step5].
    4.2 If no, contact technical support engineers to modify the MTU. If the alarm persists=>[Step5].
Step5 Check whether the current network is an FC/FCoE switch network.
    5.1 If yes=>[Step6].
    5.2 If no=>[Step9].
Step6 Check the cable connection of all links from the remote device to the switch.
    6.1 If any cable is not securely connected, reinsert it. If the alarm persists=>[6.2].
    6.2 Replace the cable. If the alarm persists=>[Step7].
Step7 Replace the optical module of the remote device port and switch port. If the alarm persists=>[Step8].
Step8 If the remote device port and switch port are FCoE ports, check whether their MTU values match.
    8.1 If yes=>[Step9].
    8.2 If no, contact technical support engineers to modify the MTU. If the alarm persists=>[Step9].
Step9 Collect related information and contact technical support engineers.

295237    2019-04-09 11:52:58    0xF01080015    Fault    Major    Recovered    2019-04-09 11:56:19    FC host port (controller enclosure CTE0, -- controller B, port ID H2) has too many bit errors. The system performance may be affected.
Step1 Check cables.
    1.1 If any cable is not securely connected, reinsert it. If the alarm persists=>[1.2].
    1.2 Replace the cable. If the alarm persists=>[Step2].
Step2 Check whether optical modules are installed.
    2.1 If yes, replace the optical modules of the local port and its peer port. If the alarm persists=>[Step3].
    2.2 If no=>[Step3].
Step3 Replace the modules where the port and its peer port reside. If the alarm persists=>[Step4].
Step4 If the local and peer ports are ETH/FCoE ports, check whether their MTU values match.
    4.1 If yes=>[Step5].
    4.2 If no, contact technical support engineers to modify the MTU. If the alarm persists=>[Step5].
Step5 Check whether the current network is an FC/FCoE switch network.
    5.1 If yes=>[Step6].
    5.2 If no=>[Step9].
Step6 Check the cable connection of all links from the remote device to the switch.
    6.1 If any cable is not securely connected, reinsert it. If the alarm persists=>[6.2].
    6.2 Replace the cable. If the alarm persists=>[Step7].
Step7 Replace the optical module of the remote device port and switch port. If the alarm persists=>[Step8].
Step8 If the remote device port and switch port are FCoE ports, check whether their MTU values match.
    8.1 If yes=>[Step9].
    8.2 If no, contact technical support engineers to modify the MTU. If the alarm persists=>[Step9].
Step9 Collect related information and contact technical support engineers.

294835    2019-04-09 11:35:47    0xF01080015    Fault    Major    Recovered    2019-04-09 11:38:02    FC host port (controller enclosure CTE0, -- controller A, port ID H0) has too many bit errors. The system performance may be affected.
Step1 Check cables.
    1.1 If any cable is not securely connected, reinsert it. If the alarm persists=>[1.2].
    1.2 Replace the cable. If the alarm persists=>[Step2].
Step2 Check whether optical modules are installed.
    2.1 If yes, replace the optical modules of the local port and its peer port. If the alarm persists=>[Step3].
    2.2 If no=>[Step3].
Step3 Replace the modules where the port and its peer port reside. If the alarm persists=>[Step4].
Step4 If the local and peer ports are ETH/FCoE ports, check whether their MTU values match.
    4.1 If yes=>[Step5].
    4.2 If no, contact technical support engineers to modify the MTU. If the alarm persists=>[Step5].
Step5 Check whether the current network is an FC/FCoE switch network.
    5.1 If yes=>[Step6].
    5.2 If no=>[Step9].
Step6 Check the cable connection of all links from the remote device to the switch.
    6.1 If any cable is not securely connected, reinsert it. If the alarm persists=>[6.2].
    6.2 Replace the cable. If the alarm persists=>[Step7].
Step7 Replace the optical module of the remote device port and switch port. If the alarm persists=>[Step8].
Step8 If the remote device port and switch port are FCoE ports, check whether their MTU values match.
    8.1 If yes=>[Step9].
    8.2 If no, contact technical support engineers to modify the MTU. If the alarm persists=>[Step9].
Step9 Collect related information and contact technical support engineers.

294834    2019-04-09 11:35:47    0xF01080015    Fault    Major    Recovered    2019-04-09 11:38:02    FC host port (controller enclosure CTE0, -- controller A, port ID H2) has too many bit errors. The system performance may be affected.
Step1 Check cables.
    1.1 If any cable is not securely connected, reinsert it. If the alarm persists=>[1.2].
    1.2 Replace the cable. If the alarm persists=>[Step2].
Step2 Check whether optical modules are installed.
    2.1 If yes, replace the optical modules of the local port and its peer port. If the alarm persists=>[Step3].
    2.2 If no=>[Step3].
Step3 Replace the modules where the port and its peer port reside. If the alarm persists=>[Step4].
Step4 If the local and peer ports are ETH/FCoE ports, check whether their MTU values match.
    4.1 If yes=>[Step5].
    4.2 If no, contact technical support engineers to modify the MTU. If the alarm persists=>[Step5].
Step5 Check whether the current network is an FC/FCoE switch network.
    5.1 If yes=>[Step6].
    5.2 If no=>[Step9].
Step6 Check the cable connection of all links from the remote device to the switch.
    6.1 If any cable is not securely connected, reinsert it. If the alarm persists=>[6.2].
    6.2 Replace the cable. If the alarm persists=>[Step7].
Step7 Replace the optical module of the remote device port and switch port. If the alarm persists=>[Step8].
Step8 If the remote device port and switch port are FCoE ports, check whether their MTU values match.
    8.1 If yes=>[Step9].
    8.2 If no, contact technical support engineers to modify the MTU. If the alarm persists=>[Step9].
Step9 Collect related information and contact technical support engineers.

294830    2019-04-09 11:35:39    0x100F0108005A    Event    Informational    --    None    The management network port (Controller Enclosure CTE0, controller A, port number MGMT) has been disconnected.
N/A

294815    2019-04-09 11:35:04    0xF01080015    Fault    Major    Recovered    2019-04-09 11:38:26    FC host port (controller enclosure CTE0, -- controller B, port ID H0) has too many bit errors. The system performance may be affected.
Step1 Check cables.
    1.1 If any cable is not securely connected, reinsert it. If the alarm persists=>[1.2].
    1.2 Replace the cable. If the alarm persists=>[Step2].
Step2 Check whether optical modules are installed.
    2.1 If yes, replace the optical modules of the local port and its peer port. If the alarm persists=>[Step3].
    2.2 If no=>[Step3].
Step3 Replace the modules where the port and its peer port reside. If the alarm persists=>[Step4].
Step4 If the local and peer ports are ETH/FCoE ports, check whether their MTU values match.
    4.1 If yes=>[Step5].
    4.2 If no, contact technical support engineers to modify the MTU. If the alarm persists=>[Step5].
Step5 Check whether the current network is an FC/FCoE switch network.
    5.1 If yes=>[Step6].
    5.2 If no=>[Step9].
Step6 Check the cable connection of all links from the remote device to the switch.
    6.1 If any cable is not securely connected, reinsert it. If the alarm persists=>[6.2].
    6.2 Replace the cable. If the alarm persists=>[Step7].
Step7 Replace the optical module of the remote device port and switch port. If the alarm persists=>[Step8].
Step8 If the remote device port and switch port are FCoE ports, check whether their MTU values match.
    8.1 If yes=>[Step9].
    8.2 If no, contact technical support engineers to modify the MTU. If the alarm persists=>[Step9].
Step9 Collect related information and contact technical support engineers.

294814    2019-04-09 11:35:04    0xF01080015    Fault    Major    Recovered    2019-04-09 11:38:26    FC host port (controller enclosure CTE0, -- controller B, port ID H2) has too many bit errors. The system performance may be affected.
Step1 Check cables.
    1.1 If any cable is not securely connected, reinsert it. If the alarm persists=>[1.2].
    1.2 Replace the cable. If the alarm persists=>[Step2].
Step2 Check whether optical modules are installed.
    2.1 If yes, replace the optical modules of the local port and its peer port. If the alarm persists=>[Step3].
    2.2 If no=>[Step3].
Step3 Replace the modules where the port and its peer port reside. If the alarm persists=>[Step4].
Step4 If the local and peer ports are ETH/FCoE ports, check whether their MTU values match.
    4.1 If yes=>[Step5].
    4.2 If no, contact technical support engineers to modify the MTU. If the alarm persists=>[Step5].
Step5 Check whether the current network is an FC/FCoE switch network.
    5.1 If yes=>[Step6].
    5.2 If no=>[Step9].
Step6 Check the cable connection of all links from the remote device to the switch.
    6.1 If any cable is not securely connected, reinsert it. If the alarm persists=>[6.2].
    6.2 Replace the cable. If the alarm persists=>[Step7].
Step7 Replace the optical module of the remote device port and switch port. If the alarm persists=>[Step8].
Step8 If the remote device port and switch port are FCoE ports, check whether their MTU values match.
    8.1 If yes=>[Step9].
    8.2 If no, contact technical support engineers to modify the MTU. If the alarm persists=>[Step9].
Step9 Collect related information and contact technical support engineers.

294542    2019-04-09 11:23:52    0xF01080015    Fault    Major    Recovered    2019-04-09 11:27:14    FC host port (controller enclosure CTE0, -- controller B, port ID H0) has too many bit errors. The system performance may be affected.
Step1 Check cables.
    1.1 If any cable is not securely connected, reinsert it. If the alarm persists=>[1.2].
    1.2 Replace the cable. If the alarm persists=>[Step2].
Step2 Check whether optical modules are installed.
    2.1 If yes, replace the optical modules of the local port and its peer port. If the alarm persists=>[Step3].
    2.2 If no=>[Step3].
Step3 Replace the modules where the port and its peer port reside. If the alarm persists=>[Step4].
Step4 If the local and peer ports are ETH/FCoE ports, check whether their MTU values match.
    4.1 If yes=>[Step5].
    4.2 If no, contact technical support engineers to modify the MTU. If the alarm persists=>[Step5].
Step5 Check whether the current network is an FC/FCoE switch network.
    5.1 If yes=>[Step6].
    5.2 If no=>[Step9].
Step6 Check the cable connection of all links from the remote device to the switch.
    6.1 If any cable is not securely connected, reinsert it. If the alarm persists=>[6.2].
    6.2 Replace the cable. If the alarm persists=>[Step7].
Step7 Replace the optical module of the remote device port and switch port. If the alarm persists=>[Step8].
Step8 If the remote device port and switch port are FCoE ports, check whether their MTU values match.
    8.1 If yes=>[Step9].
    8.2 If no, contact technical support engineers to modify the MTU. If the alarm persists=>[Step9].
Step9 Collect related information and contact technical support engineers.

294541    2019-04-09 11:23:52    0xF01080015    Fault    Major    Recovered    2019-04-09 11:27:14    FC host port (controller enclosure CTE0, -- controller B, port ID H2) has too many bit errors. The system performance may be affected.
Step1 Check cables.
    1.1 If any cable is not securely connected, reinsert it. If the alarm persists=>[1.2].
    1.2 Replace the cable. If the alarm persists=>[Step2].
Step2 Check whether optical modules are installed.
    2.1 If yes, replace the optical modules of the local port and its peer port. If the alarm persists=>[Step3].
    2.2 If no=>[Step3].
Step3 Replace the modules where the port and its peer port reside. If the alarm persists=>[Step4].
Step4 If the local and peer ports are ETH/FCoE ports, check whether their MTU values match.
    4.1 If yes=>[Step5].
    4.2 If no, contact technical support engineers to modify the MTU. If the alarm persists=>[Step5].
Step5 Check whether the current network is an FC/FCoE switch network.
    5.1 If yes=>[Step6].
    5.2 If no=>[Step9].
Step6 Check the cable connection of all links from the remote device to the switch.
    6.1 If any cable is not securely connected, reinsert it. If the alarm persists=>[6.2].
    6.2 Replace the cable. If the alarm persists=>[Step7].
Step7 Replace the optical module of the remote device port and switch port. If the alarm persists=>[Step8].
Step8 If the remote device port and switch port are FCoE ports, check whether their MTU values match.
    8.1 If yes=>[Step9].
    8.2 If no, contact technical support engineers to modify the MTU. If the alarm persists=>[Step9].
Step9 Collect related information and contact technical support engineers.

294537    2019-04-09 11:23:44    0x200F002A0015    Event    Informational    --    None    The login of the user (user name admin) from the source (10.33.34.15) succeeded.
N/A

294529    2019-04-09 11:23:28    0xF01080015    Fault    Major    Recovered    2019-04-09 11:27:56    FC host port (controller enclosure CTE0, -- controller A, port ID H0) has too many bit errors. The system performance may be affected.
Step1 Check cables.
    1.1 If any cable is not securely connected, reinsert it. If the alarm persists=>[1.2].
    1.2 Replace the cable. If the alarm persists=>[Step2].
Step2 Check whether optical modules are installed.
    2.1 If yes, replace the optical modules of the local port and its peer port. If the alarm persists=>[Step3].
    2.2 If no=>[Step3].
Step3 Replace the modules where the port and its peer port reside. If the alarm persists=>[Step4].
Step4 If the local and peer ports are ETH/FCoE ports, check whether their MTU values match.
    4.1 If yes=>[Step5].
    4.2 If no, contact technical support engineers to modify the MTU. If the alarm persists=>[Step5].
Step5 Check whether the current network is an FC/FCoE switch network.
    5.1 If yes=>[Step6].
    5.2 If no=>[Step9].
Step6 Check the cable connection of all links from the remote device to the switch.
    6.1 If any cable is not securely connected, reinsert it. If the alarm persists=>[6.2].
    6.2 Replace the cable. If the alarm persists=>[Step7].
Step7 Replace the optical module of the remote device port and switch port. If the alarm persists=>[Step8].
Step8 If the remote device port and switch port are FCoE ports, check whether their MTU values match.
    8.1 If yes=>[Step9].
    8.2 If no, contact technical support engineers to modify the MTU. If the alarm persists=>[Step9].
Step9 Collect related information and contact technical support engineers.

294528    2019-04-09 11:23:28    0xF01080015    Fault    Major    Recovered    2019-04-09 11:27:56    FC host port (controller enclosure CTE0, -- controller A, port ID H2) has too many bit errors. The system performance may be affected.
Step1 Check cables.
    1.1 If any cable is not securely connected, reinsert it. If the alarm persists=>[1.2].
    1.2 Replace the cable. If the alarm persists=>[Step2].
Step2 Check whether optical modules are installed.
    2.1 If yes, replace the optical modules of the local port and its peer port. If the alarm persists=>[Step3].
    2.2 If no=>[Step3].
Step3 Replace the modules where the port and its peer port reside. If the alarm persists=>[Step4].
Step4 If the local and peer ports are ETH/FCoE ports, check whether their MTU values match.
    4.1 If yes=>[Step5].
    4.2 If no, contact technical support engineers to modify the MTU. If the alarm persists=>[Step5].
Step5 Check whether the current network is an FC/FCoE switch network.
    5.1 If yes=>[Step6].
    5.2 If no=>[Step9].
Step6 Check the cable connection of all links from the remote device to the switch.
    6.1 If any cable is not securely connected, reinsert it. If the alarm persists=>[6.2].
    6.2 Replace the cable. If the alarm persists=>[Step7].
Step7 Replace the optical module of the remote device port and switch port. If the alarm persists=>[Step8].
Step8 If the remote device port and switch port are FCoE ports, check whether their MTU values match.
    8.1 If yes=>[Step9].
    8.2 If no, contact technical support engineers to modify the MTU. If the alarm persists=>[Step9].
Step9 Collect related information and contact technical support engineers.

294510    2019-04-09 11:22:43    0x100F0108005B    Event    Informational    --    None    The management network port (Controller Enclosure CTE0, controller A, port number MGMT) has been connected.
N/A

294335    2019-04-09 11:15:34    0x100F0015001C    Event    Major    --    None    UltraPath push information from host (ID 4) is not received at the preset time point or fails to be processed.
Step1 Install UltraPath of the latest version on the host. If the fault persists=>[Step2]. 
Step2 Collect related information and contact technical support engineers.

294334    2019-04-09 11:15:34    0x100F0015001C    Event    Major    --    None    UltraPath push information from host (ID 4) is not received at the preset time point or fails to be processed.
Step1 Install UltraPath of the latest version on the host. If the fault persists=>[Step2]. 
Step2 Collect related information and contact technical support engineers.

294330    2019-04-09 11:15:27    0x100F0015001C    Event    Major    --    None    UltraPath push information from host (ID 4) is not received at the preset time point or fails to be processed.
Step1 Install UltraPath of the latest version on the host. If the fault persists=>[Step2]. 
Step2 Collect related information and contact technical support engineers.

294329    2019-04-09 11:15:27    0x100F0015001C    Event    Major    --    None    UltraPath push information from host (ID 5) is not received at the preset time point or fails to be processed.
Step1 Install UltraPath of the latest version on the host. If the fault persists=>[Step2]. 
Step2 Collect related information and contact technical support engineers.

294328    2019-04-09 11:15:27    0x100F0015001C    Event    Major    --    None    UltraPath push information from host (ID 4) is not received at the preset time point or fails to be processed.
Step1 Install UltraPath of the latest version on the host. If the fault persists=>[Step2]. 
Step2 Collect related information and contact technical support engineers.

294327    2019-04-09 11:15:27    0x100F0015001C    Event    Major    --    None    UltraPath push information from host (ID 5) is not received at the preset time point or fails to be processed.
Step1 Install UltraPath of the latest version on the host. If the fault persists=>[Step2]. 
Step2 Collect related information and contact technical support engineers.

294245    2019-04-09 11:12:03    0x100F0015001C    Event    Major    --    None    UltraPath push information from host (ID 5) is not received at the preset time point or fails to be processed.
Step1 Install UltraPath of the latest version on the host. If the fault persists=>[Step2]. 
Step2 Collect related information and contact technical support engineers.

294244    2019-04-09 11:12:03    0x100F0015001C    Event    Major    --    None    UltraPath push information from host (ID 3) is not received at the preset time point or fails to be processed.
Step1 Install UltraPath of the latest version on the host. If the fault persists=>[Step2]. 
Step2 Collect related information and contact technical support engineers.

294243    2019-04-09 11:12:03    0x100F0015001C    Event    Major    --    None    UltraPath push information from host (ID 5) is not received at the preset time point or fails to be processed.
Step1 Install UltraPath of the latest version on the host. If the fault persists=>[Step2]. 
Step2 Collect related information and contact technical support engineers.

294242    2019-04-09 11:12:03    0x100F0015001C    Event    Major    --    None    UltraPath push information from host (ID 3) is not received at the preset time point or fails to be processed.
Step1 Install UltraPath of the latest version on the host. If the fault persists=>[Step2]. 
Step2 Collect related information and contact technical support engineers.

294238    2019-04-09 11:11:57    0x100F0015001C    Event    Major    --    None    UltraPath push information from host (ID 3) is not received at the preset time point or fails to be processed.
Step1 Install UltraPath of the latest version on the host. If the fault persists=>[Step2]. 
Step2 Collect related information and contact technical support engineers.

294237    2019-04-09 11:11:57    0x100F0015001C    Event    Major    --    None    UltraPath push information from host (ID 3) is not received at the preset time point or fails to be processed.
Step1 Install UltraPath of the latest version on the host. If the fault persists=>[Step2]. 
Step2 Collect related information and contact technical support engineers.

294200    2019-04-09 11:10:24    0xF01080015    Fault    Major    Recovered    2019-04-09 11:12:38    FC host port (controller enclosure CTE0, -- controller B, port ID H2) has too many bit errors. The system performance may be affected.
Step1 Check cables.
    1.1 If any cable is not securely connected, reinsert it. If the alarm persists=>[1.2].
    1.2 Replace the cable. If the alarm persists=>[Step2].
Step2 Check whether optical modules are installed.
    2.1 If yes, replace the optical modules of the local port and its peer port. If the alarm persists=>[Step3].
    2.2 If no=>[Step3].
Step3 Replace the modules where the port and its peer port reside. If the alarm persists=>[Step4].
Step4 If the local and peer ports are ETH/FCoE ports, check whether their MTU values match.
    4.1 If yes=>[Step5].
    4.2 If no, contact technical support engineers to modify the MTU. If the alarm persists=>[Step5].
Step5 Check whether the current network is an FC/FCoE switch network.
    5.1 If yes=>[Step6].
    5.2 If no=>[Step9].
Step6 Check the cable connection of all links from the remote device to the switch.
    6.1 If any cable is not securely connected, reinsert it. If the alarm persists=>[6.2].
    6.2 Replace the cable. If the alarm persists=>[Step7].
Step7 Replace the optical module of the remote device port and switch port. If the alarm persists=>[Step8].
Step8 If the remote device port and switch port are FCoE ports, check whether their MTU values match.
    8.1 If yes=>[Step9].
    8.2 If no, contact technical support engineers to modify the MTU. If the alarm persists=>[Step9].
Step9 Collect related information and contact technical support engineers.

294187    2019-04-09 11:09:54    0x100F02440006    Event    Informational    --    None    The link between initiator (type FC, identifier 0x21000024ff1cc780) of a host and the host port (Engine 0, expansion module B, port number H1) is linked up, time: 11:9:54, host: ID 4.
N/A.

294186    2019-04-09 11:09:54    0x100F02440006    Event    Informational    --    None    The link between initiator (type FC, identifier 0x21000024ff1cc780) of a host and the host port (Engine 0, expansion module A, port number H3) is linked up, time: 11:9:54, host: ID 4.
N/A.

294185    2019-04-09 11:09:54    0x100F02440006    Event    Informational    --    None    The link between initiator (type FC, identifier 0x21000024ff1cc780) of a host and the host port (Engine 0, expansion module B, port number H3) is linked up, time: 11:9:54, host: ID 4.
N/A.

294184    2019-04-09 11:09:54    0x100F02440006    Event    Informational    --    None    The link between initiator (type FC, identifier 0x21000024ff1cc780) of a host and the host port (Engine 0, expansion module A, port number H1) is linked up, time: 11:9:54, host: ID 4.
N/A.

294159    2019-04-09 11:08:43    0x100F02440004    Event    Informational    --    None    The link between initiator (type FC, identifier 0x21000024ff1cc780) of a host and the host port (Engine 0, expansion module A, port number H1) is disconnected, time: 11:8:43, host: ID 4.
N/A.

294158    2019-04-09 11:08:43    0x100F02440004    Event    Informational    --    None    The link between initiator (type FC, identifier 0x21000024ff1cc780) of a host and the host port (Engine 0, expansion module B, port number H3) is disconnected, time: 11:8:43, host: ID 4.
N/A.

294157    2019-04-09 11:08:43    0x100F02440004    Event    Informational    --    None    The link between initiator (type FC, identifier 0x21000024ff1cc780) of a host and the host port (Engine 0, expansion module A, port number H3) is disconnected, time: 11:8:43, host: ID 4.
N/A.

294156    2019-04-09 11:08:43    0x100F02440004    Event    Informational    --    None    The link between initiator (type FC, identifier 0x21000024ff1cc780) of a host and the host port (Engine 0, expansion module B, port number H1) is disconnected, time: 11:8:43, host: ID 4.
N/A.

294151    2019-04-09 11:08:33    0x100F0015001C    Event    Major    --    None    UltraPath push information from host (ID 2) is not received at the preset time point or fails to be processed.
Step1 Install UltraPath of the latest version on the host. If the fault persists=>[Step2]. 
Step2 Collect related information and contact technical support engineers.

294150    2019-04-09 11:08:33    0x100F0015001C    Event    Major    --    None    UltraPath push information from host (ID 2) is not received at the preset time point or fails to be processed.
Step1 Install UltraPath of the latest version on the host. If the fault persists=>[Step2]. 
Step2 Collect related information and contact technical support engineers.

294148    2019-04-09 11:08:29    0x100F02440006    Event    Informational    --    None    The link between initiator (type FC, identifier 0x21000024ff1cd3ad) of a host and the host port (Engine 0, expansion module A, port number H3) is linked up, time: 11:8:29, host: ID 5.
N/A.

294147    2019-04-09 11:08:29    0x100F02440006    Event    Informational    --    None    The link between initiator (type FC, identifier 0x21000024ff1cd3ad) of a host and the host port (Engine 0, expansion module A, port number H1) is linked up, time: 11:8:29, host: ID 5.
N/A.

294146    2019-04-09 11:08:29    0x100F02440006    Event    Informational    --    None    The link between initiator (type FC, identifier 0x21000024ff1cd3ad) of a host and the host port (Engine 0, expansion module B, port number H1) is linked up, time: 11:8:29, host: ID 5.
N/A.

294145    2019-04-09 11:08:29    0x100F02440006    Event    Informational    --    None    The link between initiator (type FC, identifier 0x21000024ff1cd3ad) of a host and the host port (Engine 0, expansion module B, port number H3) is linked up, time: 11:8:29, host: ID 5.
N/A.

294143    2019-04-09 11:08:26    0x100F0015001C    Event    Major    --    None    UltraPath push information from host (ID 2) is not received at the preset time point or fails to be processed.
Step1 Install UltraPath of the latest version on the host. If the fault persists=>[Step2]. 
Step2 Collect related information and contact technical support engineers.

294142    2019-04-09 11:08:26    0x100F0015001C    Event    Major    --    None    UltraPath push information from host (ID 2) is not received at the preset time point or fails to be processed.
Step1 Install UltraPath of the latest version on the host. If the fault persists=>[Step2]. 
Step2 Collect related information and contact technical support engineers.

294105    2019-04-09 11:06:57    0x100F02440004    Event    Informational    --    None    The link between initiator (type FC, identifier 0x21000024ff1cd3ad) of a host and the host port (Engine 0, expansion module A, port number H1) is disconnected, time: 11:6:57, host: ID 5.
N/A.

294104    2019-04-09 11:06:57    0x100F02440004    Event    Informational    --    None    The link between initiator (type FC, identifier 0x21000024ff1cd3ad) of a host and the host port (Engine 0, expansion module B, port number H1) is disconnected, time: 11:6:57, host: ID 5.
N/A.

294103    2019-04-09 11:06:57    0x100F02440004    Event    Informational    --    None    The link between initiator (type FC, identifier 0x21000024ff1cd3ad) of a host and the host port (Engine 0, expansion module A, port number H3) is disconnected, time: 11:6:57, host: ID 5.
N/A.

294102    2019-04-09 11:06:57    0x100F02440004    Event    Informational    --    None    The link between initiator (type FC, identifier 0x21000024ff1cd3ad) of a host and the host port (Engine 0, expansion module B, port number H3) is disconnected, time: 11:6:57, host: ID 5.
N/A.

294096    2019-04-09 11:06:51    0x100F02440006    Event    Informational    --    None    The link between initiator (type FC, identifier 0x10000090faac6c46) of a host and the host port (Engine 0, expansion module B, port number H3) is linked up, time: 11:6:51, host: ID 3.
N/A.

294095    2019-04-09 11:06:51    0x100F02440006    Event    Informational    --    None    The link between initiator (type FC, identifier 0x10000090faac6c46) of a host and the host port (Engine 0, expansion module B, port number H1) is linked up, time: 11:6:51, host: ID 3.
N/A.

294094    2019-04-09 11:06:51    0x100F02440006    Event    Informational    --    None    The link between initiator (type FC, identifier 0x10000090faac6c46) of a host and the host port (Engine 0, expansion module A, port number H1) is linked up, time: 11:6:51, host: ID 3.
N/A.

294093    2019-04-09 11:06:51    0x100F02440006    Event    Informational    --    None    The link between initiator (type FC, identifier 0x10000090faac6c46) of a host and the host port (Engine 0, expansion module A, port number H3) is linked up, time: 11:6:51, host: ID 3.
N/A.

294071    2019-04-09 11:05:50    0x100F02440004    Event    Informational    --    None    The link between initiator (type FC, identifier 0x10000090faac6c46) of a host and the host port (Engine 0, expansion module B, port number H1) is disconnected, time: 11:5:50, host: ID 3.
N/A.

294070    2019-04-09 11:05:50    0x100F02440004    Event    Informational    --    None    The link between initiator (type FC, identifier 0x10000090faac6c46) of a host and the host port (Engine 0, expansion module A, port number H1) is disconnected, time: 11:5:50, host: ID 3.
N/A.

294069    2019-04-09 11:05:50    0x100F02440004    Event    Informational    --    None    The link between initiator (type FC, identifier 0x10000090faac6c46) of a host and the host port (Engine 0, expansion module A, port number H3) is disconnected, time: 11:5:50, host: ID 3.
N/A.

294068    2019-04-09 11:05:50    0x100F02440004    Event    Informational    --    None    The link between initiator (type FC, identifier 0x10000090faac6c46) of a host and the host port (Engine 0, expansion module B, port number H3) is disconnected, time: 11:5:50, host: ID 3.
N/A.

294049    2019-04-09 11:05:05    0x100F02440004    Event    Informational    --    None    The link between initiator (type FC, identifier 0x21000024ff1d81d0) of a host and the host port (Engine 0, expansion module B, port number H3) is disconnected, time: 11:5:5, host: ID 0.
N/A.

294048    2019-04-09 11:05:05    0x100F02440004    Event    Informational    --    None    The link between initiator (type FC, identifier 0x21000024ff1d81d0) of a host and the host port (Engine 0, expansion module B, port number H1) is disconnected, time: 11:5:5, host: ID 0.
N/A.

294047    2019-04-09 11:05:05    0x100F02440004    Event    Informational    --    None    The link between initiator (type FC, identifier 0x21000024ff1d81d0) of a host and the host port (Engine 0, expansion module A, port number H3) is disconnected, time: 11:5:5, host: ID 0.
N/A.

294046    2019-04-09 11:05:05    0x100F02440004    Event    Informational    --    None    The link between initiator (type FC, identifier 0x21000024ff1d81d0) of a host and the host port (Engine 0, expansion module A, port number H1) is disconnected, time: 11:5:5, host: ID 0.
N/A.

294041    2019-04-09 11:04:54    0x100F02440006    Event    Informational    --    None    The link between initiator (type FC, identifier 0x10000090fac0643c) of a host and the host port (Engine 0, expansion module A, port number H1) is linked up, time: 11:4:54, host: ID 2.
N/A.

294040    2019-04-09 11:04:54    0x100F02440006    Event    Informational    --    None    The link between initiator (type FC, identifier 0x10000090fac0643c) of a host and the host port (Engine 0, expansion module B, port number H3) is linked up, time: 11:4:54, host: ID 2.
N/A.

294039    2019-04-09 11:04:54    0x100F02440006    Event    Informational    --    None    The link between initiator (type FC, identifier 0x10000090fac0643c) of a host and the host port (Engine 0, expansion module B, port number H1) is linked up, time: 11:4:54, host: ID 2.
N/A.

294038    2019-04-09 11:04:54    0x100F02440006    Event    Informational    --    None    The link between initiator (type FC, identifier 0x10000090fac0643c) of a host and the host port (Engine 0, expansion module A, port number H3) is linked up, time: 11:4:54, host: ID 2.
N/A.

293990    2019-04-09 11:02:52    0x100F02440004    Event    Informational    --    None    The link between initiator (type FC, identifier 0x10000090fac0643c) of a host and the host port (Engine 0, expansion module B, port number H1) is disconnected, time: 11:2:52, host: ID 2.
N/A.

293989    2019-04-09 11:02:52    0x100F02440004    Event    Informational    --    None    The link between initiator (type FC, identifier 0x10000090fac0643c) of a host and the host port (Engine 0, expansion module A, port number H3) is disconnected, time: 11:2:52, host: ID 2.
N/A.

293988    2019-04-09 11:02:52    0x100F02440004    Event    Informational    --    None    The link between initiator (type FC, identifier 0x10000090fac0643c) of a host and the host port (Engine 0, expansion module B, port number H3) is disconnected, time: 11:2:52, host: ID 2.
N/A.

293987    2019-04-09 11:02:52    0x100F02440004    Event    Informational    --    None    The link between initiator (type FC, identifier 0x10000090fac0643c) of a host and the host port (Engine 0, expansion module A, port number H1) is disconnected, time: 11:2:52, host: ID 2.
N/A.

293982    2019-04-09 11:02:39    0x100F02440006    Event    Informational    --    None    The link between initiator (type FC, identifier 0x21000024ff1d81d0) of a host and the host port (Engine 0, expansion module A, port number H3) is linked up, time: 11:2:39, host: ID 0.
N/A.

293981    2019-04-09 11:02:39    0x100F02440006    Event    Informational    --    None    The link between initiator (type FC, identifier 0x21000024ff1d81d0) of a host and the host port (Engine 0, expansion module B, port number H1) is linked up, time: 11:2:39, host: ID 0.
N/A.

293980    2019-04-09 11:02:39    0x100F02440006    Event    Informational    --    None    The link between initiator (type FC, identifier 0x21000024ff1d81d0) of a host and the host port (Engine 0, expansion module A, port number H1) is linked up, time: 11:2:39, host: ID 0.
N/A.

293979    2019-04-09 11:02:39    0x100F02440006    Event    Informational    --    None    The link between initiator (type FC, identifier 0x21000024ff1d81d0) of a host and the host port (Engine 0, expansion module B, port number H3) is linked up, time: 11:2:39, host: ID 0.
N/A.

293951    2019-04-09 11:01:25    0xF01080015    Fault    Major    Recovered    2019-04-09 11:04:46    FC host port (controller enclosure CTE0, -- controller B, port ID H0) has too many bit errors. The system performance may be affected.
Step1 Check cables.
    1.1 If any cable is not securely connected, reinsert it. If the alarm persists=>[1.2].
    1.2 Replace the cable. If the alarm persists=>[Step2].
Step2 Check whether optical modules are installed.
    2.1 If yes, replace the optical modules of the local port and its peer port. If the alarm persists=>[Step3].
    2.2 If no=>[Step3].
Step3 Replace the modules where the port and its peer port reside. If the alarm persists=>[Step4].
Step4 If the local and peer ports are ETH/FCoE ports, check whether their MTU values match.
    4.1 If yes=>[Step5].
    4.2 If no, contact technical support engineers to modify the MTU. If the alarm persists=>[Step5].
Step5 Check whether the current network is an FC/FCoE switch network.
    5.1 If yes=>[Step6].
    5.2 If no=>[Step9].
Step6 Check the cable connection of all links from the remote device to the switch.
    6.1 If any cable is not securely connected, reinsert it. If the alarm persists=>[6.2].
    6.2 Replace the cable. If the alarm persists=>[Step7].
Step7 Replace the optical module of the remote device port and switch port. If the alarm persists=>[Step8].
Step8 If the remote device port and switch port are FCoE ports, check whether their MTU values match.
    8.1 If yes=>[Step9].
    8.2 If no, contact technical support engineers to modify the MTU. If the alarm persists=>[Step9].
Step9 Collect related information and contact technical support engineers.

293932    2019-04-09 11:00:40    0x100F02440004    Event    Informational    --    None    The link between initiator (type FC, identifier 0x21000024ff1d81d0) of a host and the host port (Engine 0, expansion module A, port number H3) is disconnected, time: 11:0:40, host: ID 0.
N/A.

293931    2019-04-09 11:00:40    0x100F02440004    Event    Informational    --    None    The link between initiator (type FC, identifier 0x21000024ff1d81d0) of a host and the host port (Engine 0, expansion module A, port number H1) is disconnected, time: 11:0:40, host: ID 0.
N/A.

293930    2019-04-09 11:00:40    0x100F02440004    Event    Informational    --    None    The link between initiator (type FC, identifier 0x21000024ff1d81d0) of a host and the host port (Engine 0, expansion module B, port number H3) is disconnected, time: 11:0:40, host: ID 0.
N/A.

293929    2019-04-09 11:00:40    0x100F02440004    Event    Informational    --    None    The link between initiator (type FC, identifier 0x21000024ff1d81d0) of a host and the host port (Engine 0, expansion module B, port number H1) is disconnected, time: 11:0:40, host: ID 0.
N/A.

293919    2019-04-09 11:00:18    0x100F02440006    Event    Informational    --    None    The link between initiator (type FC, identifier 0x21000024ff1d8163) of a host and the host port (Engine 0, expansion module B, port number H3) is linked up, time: 11:0:18, host: ID 1.
N/A.

293918    2019-04-09 11:00:18    0x100F02440006    Event    Informational    --    None    The link between initiator (type FC, identifier 0x21000024ff1d8163) of a host and the host port (Engine 0, expansion module A, port number H3) is linked up, time: 11:0:18, host: ID 1.
N/A.

293917    2019-04-09 11:00:18    0x100F02440006    Event    Informational    --    None    The link between initiator (type FC, identifier 0x21000024ff1d8163) of a host and the host port (Engine 0, expansion module A, port number H1) is linked up, time: 11:0:18, host: ID 1.
N/A.

293916    2019-04-09 11:00:17    0x100F02440006    Event    Informational    --    None    The link between initiator (type FC, identifier 0x21000024ff1d8163) of a host and the host port (Engine 0, expansion module B, port number H1) is linked up, time: 11:0:17, host: ID 1.
N/A.

293910    2019-04-09 11:00:04    0x100F02440004    Event    Informational    --    None    The link between initiator (type FC, identifier 0x21000024ff1d8163) of a host and the host port (Engine 0, expansion module B, port number H3) is disconnected, time: 11:0:4, host: ID 1.
N/A.

293909    2019-04-09 11:00:04    0x100F02440004    Event    Informational    --    None    The link between initiator (type FC, identifier 0x21000024ff1d8163) of a host and the host port (Engine 0, expansion module A, port number H1) is disconnected, time: 11:0:4, host: ID 1.
N/A.

293908    2019-04-09 11:00:04    0x100F02440004    Event    Informational    --    None    The link between initiator (type FC, identifier 0x21000024ff1d8163) of a host and the host port (Engine 0, expansion module B, port number H1) is disconnected, time: 11:0:4, host: ID 1.
N/A.

293907    2019-04-09 11:00:04    0x100F02440004    Event    Informational    --    None    The link between initiator (type FC, identifier 0x21000024ff1d8163) of a host and the host port (Engine 0, expansion module A, port number H3) is disconnected, time: 11:0:4, host: ID 1.
N/A.

293901    2019-04-09 10:59:52    0x100F02440006    Event    Informational    --    None    The link between initiator (type FC, identifier 0x21000024ff1d8163) of a host and the host port (Engine 0, expansion module A, port number H1) is linked up, time: 10:59:52, host: ID 1.
N/A.

293900    2019-04-09 10:59:52    0x100F02440006    Event    Informational    --    None    The link between initiator (type FC, identifier 0x21000024ff1d8163) of a host and the host port (Engine 0, expansion module B, port number H1) is linked up, time: 10:59:52, host: ID 1.
N/A.

293899    2019-04-09 10:59:52    0x100F02440006    Event    Informational    --    None    The link between initiator (type FC, identifier 0x21000024ff1d8163) of a host and the host port (Engine 0, expansion module A, port number H3) is linked up, time: 10:59:52, host: ID 1.
N/A.

293898    2019-04-09 10:59:52    0x100F02440006    Event    Informational    --    None    The link between initiator (type FC, identifier 0x21000024ff1d8163) of a host and the host port (Engine 0, expansion module B, port number H3) is linked up, time: 10:59:52, host: ID 1.
N/A.

293840    2019-04-09 10:57:26    0x100F02440004    Event    Informational    --    None    The link between initiator (type FC, identifier 0x21000024ff1d8163) of a host and the host port (Engine 0, expansion module A, port number H3) is disconnected, time: 10:57:26, host: ID 1.
N/A.

293839    2019-04-09 10:57:25    0x100F02440004    Event    Informational    --    None    The link between initiator (type FC, identifier 0x21000024ff1d8163) of a host and the host port (Engine 0, expansion module B, port number H1) is disconnected, time: 10:57:25, host: ID 1.
N/A.

293838    2019-04-09 10:57:25    0x100F02440004    Event    Informational    --    None    The link between initiator (type FC, identifier 0x21000024ff1d8163) of a host and the host port (Engine 0, expansion module B, port number H3) is disconnected, time: 10:57:25, host: ID 1.
N/A.

293837    2019-04-09 10:57:25    0x100F02440004    Event    Informational    --    None    The link between initiator (type FC, identifier 0x21000024ff1d8163) of a host and the host port (Engine 0, expansion module A, port number H1) is disconnected, time: 10:57:25, host: ID 1.
N/A.

293557    2019-04-09 10:45:46    0xF01080015    Fault    Major    Recovered    2019-04-09 10:48:01    FC host port (controller enclosure CTE0, -- controller B, port ID H2) has too many bit errors. The system performance may be affected.
Step1 Check cables.
    1.1 If any cable is not securely connected, reinsert it. If the alarm persists=>[1.2].
    1.2 Replace the cable. If the alarm persists=>[Step2].
Step2 Check whether optical modules are installed.
    2.1 If yes, replace the optical modules of the local port and its peer port. If the alarm persists=>[Step3].
    2.2 If no=>[Step3].
Step3 Replace the modules where the port and its peer port reside. If the alarm persists=>[Step4].
Step4 If the local and peer ports are ETH/FCoE ports, check whether their MTU values match.
    4.1 If yes=>[Step5].
    4.2 If no, contact technical support engineers to modify the MTU. If the alarm persists=>[Step5].
Step5 Check whether the current network is an FC/FCoE switch network.
    5.1 If yes=>[Step6].
    5.2 If no=>[Step9].
Step6 Check the cable connection of all links from the remote device to the switch.
    6.1 If any cable is not securely connected, reinsert it. If the alarm persists=>[6.2].
    6.2 Replace the cable. If the alarm persists=>[Step7].
Step7 Replace the optical module of the remote device port and switch port. If the alarm persists=>[Step8].
Step8 If the remote device port and switch port are FCoE ports, check whether their MTU values match.
    8.1 If yes=>[Step9].
    8.2 If no, contact technical support engineers to modify the MTU. If the alarm persists=>[Step9].
Step9 Collect related information and contact technical support engineers.

293546    2019-04-09 10:45:17    0xF01080015    Fault    Major    Recovered    2019-04-09 10:47:32    FC host port (controller enclosure CTE0, -- controller A, port ID H0) has too many bit errors. The system performance may be affected.
Step1 Check cables.
    1.1 If any cable is not securely connected, reinsert it. If the alarm persists=>[1.2].
    1.2 Replace the cable. If the alarm persists=>[Step2].
Step2 Check whether optical modules are installed.
    2.1 If yes, replace the optical modules of the local port and its peer port. If the alarm persists=>[Step3].
    2.2 If no=>[Step3].
Step3 Replace the modules where the port and its peer port reside. If the alarm persists=>[Step4].
Step4 If the local and peer ports are ETH/FCoE ports, check whether their MTU values match.
    4.1 If yes=>[Step5].
    4.2 If no, contact technical support engineers to modify the MTU. If the alarm persists=>[Step5].
Step5 Check whether the current network is an FC/FCoE switch network.
    5.1 If yes=>[Step6].
    5.2 If no=>[Step9].
Step6 Check the cable connection of all links from the remote device to the switch.
    6.1 If any cable is not securely connected, reinsert it. If the alarm persists=>[6.2].
    6.2 Replace the cable. If the alarm persists=>[Step7].
Step7 Replace the optical module of the remote device port and switch port. If the alarm persists=>[Step8].
Step8 If the remote device port and switch port are FCoE ports, check whether their MTU values match.
    8.1 If yes=>[Step9].
    8.2 If no, contact technical support engineers to modify the MTU. If the alarm persists=>[Step9].
Step9 Collect related information and contact technical support engineers.

293531    2019-04-09 10:44:39    0xF01080015    Fault    Major    Recovered    2019-04-09 10:48:01    FC host port (controller enclosure CTE0, -- controller B, port ID H0) has too many bit errors. The system performance may be affected.
Step1 Check cables.
    1.1 If any cable is not securely connected, reinsert it. If the alarm persists=>[1.2].
    1.2 Replace the cable. If the alarm persists=>[Step2].
Step2 Check whether optical modules are installed.
    2.1 If yes, replace the optical modules of the local port and its peer port. If the alarm persists=>[Step3].
    2.2 If no=>[Step3].
Step3 Replace the modules where the port and its peer port reside. If the alarm persists=>[Step4].
Step4 If the local and peer ports are ETH/FCoE ports, check whether their MTU values match.
    4.1 If yes=>[Step5].
    4.2 If no, contact technical support engineers to modify the MTU. If the alarm persists=>[Step5].
Step5 Check whether the current network is an FC/FCoE switch network.
    5.1 If yes=>[Step6].
    5.2 If no=>[Step9].
Step6 Check the cable connection of all links from the remote device to the switch.
    6.1 If any cable is not securely connected, reinsert it. If the alarm persists=>[6.2].
    6.2 Replace the cable. If the alarm persists=>[Step7].
Step7 Replace the optical module of the remote device port and switch port. If the alarm persists=>[Step8].
Step8 If the remote device port and switch port are FCoE ports, check whether their MTU values match.
    8.1 If yes=>[Step9].
    8.2 If no, contact technical support engineers to modify the MTU. If the alarm persists=>[Step9].
Step9 Collect related information and contact technical support engineers.

293041    2019-04-09 10:23:58    0xF01080015    Fault    Major    Recovered    2019-04-09 10:26:13    FC host port (controller enclosure CTE0, -- controller A, port ID H2) has too many bit errors. The system performance may be affected.
Step1 Check cables.
    1.1 If any cable is not securely connected, reinsert it. If the alarm persists=>[1.2].
    1.2 Replace the cable. If the alarm persists=>[Step2].
Step2 Check whether optical modules are installed.
    2.1 If yes, replace the optical modules of the local port and its peer port. If the alarm persists=>[Step3].
    2.2 If no=>[Step3].
Step3 Replace the modules where the port and its peer port reside. If the alarm persists=>[Step4].
Step4 If the local and peer ports are ETH/FCoE ports, check whether their MTU values match.
    4.1 If yes=>[Step5].
    4.2 If no, contact technical support engineers to modify the MTU. If the alarm persists=>[Step5].
Step5 Check whether the current network is an FC/FCoE switch network.
    5.1 If yes=>[Step6].
    5.2 If no=>[Step9].
Step6 Check the cable connection of all links from the remote device to the switch.
    6.1 If any cable is not securely connected, reinsert it. If the alarm persists=>[6.2].
    6.2 Replace the cable. If the alarm persists=>[Step7].
Step7 Replace the optical module of the remote device port and switch port. If the alarm persists=>[Step8].
Step8 If the remote device port and switch port are FCoE ports, check whether their MTU values match.
    8.1 If yes=>[Step9].
    8.2 If no, contact technical support engineers to modify the MTU. If the alarm persists=>[Step9].
Step9 Collect related information and contact technical support engineers.

292997    2019-04-09 10:22:13    0xF01080015    Fault    Major    Recovered    2019-04-09 10:25:35    FC host port (controller enclosure CTE0, -- controller B, port ID H0) has too many bit errors. The system performance may be affected.
Step1 Check cables.
    1.1 If any cable is not securely connected, reinsert it. If the alarm persists=>[1.2].
    1.2 Replace the cable. If the alarm persists=>[Step2].
Step2 Check whether optical modules are installed.
    2.1 If yes, replace the optical modules of the local port and its peer port. If the alarm persists=>[Step3].
    2.2 If no=>[Step3].
Step3 Replace the modules where the port and its peer port reside. If the alarm persists=>[Step4].
Step4 If the local and peer ports are ETH/FCoE ports, check whether their MTU values match.
    4.1 If yes=>[Step5].
    4.2 If no, contact technical support engineers to modify the MTU. If the alarm persists=>[Step5].
Step5 Check whether the current network is an FC/FCoE switch network.
    5.1 If yes=>[Step6].
    5.2 If no=>[Step9].
Step6 Check the cable connection of all links from the remote device to the switch.
    6.1 If any cable is not securely connected, reinsert it. If the alarm persists=>[6.2].
    6.2 Replace the cable. If the alarm persists=>[Step7].
Step7 Replace the optical module of the remote device port and switch port. If the alarm persists=>[Step8].
Step8 If the remote device port and switch port are FCoE ports, check whether their MTU values match.
    8.1 If yes=>[Step9].
    8.2 If no, contact technical support engineers to modify the MTU. If the alarm persists=>[Step9].
Step9 Collect related information and contact technical support engineers.

292776    2019-04-09 10:12:45    0xF01080015    Fault    Major    Recovered    2019-04-09 10:26:13    FC host port (controller enclosure CTE0, -- controller A, port ID H0) has too many bit errors. The system performance may be affected.
Step1 Check cables.
    1.1 If any cable is not securely connected, reinsert it. If the alarm persists=>[1.2].
    1.2 Replace the cable. If the alarm persists=>[Step2].
Step2 Check whether optical modules are installed.
    2.1 If yes, replace the optical modules of the local port and its peer port. If the alarm persists=>[Step3].
    2.2 If no=>[Step3].
Step3 Replace the modules where the port and its peer port reside. If the alarm persists=>[Step4].
Step4 If the local and peer ports are ETH/FCoE ports, check whether their MTU values match.
    4.1 If yes=>[Step5].
    4.2 If no, contact technical support engineers to modify the MTU. If the alarm persists=>[Step5].
Step5 Check whether the current network is an FC/FCoE switch network.
    5.1 If yes=>[Step6].
    5.2 If no=>[Step9].
Step6 Check the cable connection of all links from the remote device to the switch.
    6.1 If any cable is not securely connected, reinsert it. If the alarm persists=>[6.2].
    6.2 Replace the cable. If the alarm persists=>[Step7].
Step7 Replace the optical module of the remote device port and switch port. If the alarm persists=>[Step8].
Step8 If the remote device port and switch port are FCoE ports, check whether their MTU values match.
    8.1 If yes=>[Step9].
    8.2 If no, contact technical support engineers to modify the MTU. If the alarm persists=>[Step9].
Step9 Collect related information and contact technical support engineers.

292760    2019-04-09 10:12:07    0xF01080015    Fault    Major    Recovered    2019-04-09 10:17:44    FC host port (controller enclosure CTE0, -- controller B, port ID H0) has too many bit errors. The system performance may be affected.
Step1 Check cables.
    1.1 If any cable is not securely connected, reinsert it. If the alarm persists=>[1.2].
    1.2 Replace the cable. If the alarm persists=>[Step2].
Step2 Check whether optical modules are installed.
    2.1 If yes, replace the optical modules of the local port and its peer port. If the alarm persists=>[Step3].
    2.2 If no=>[Step3].
Step3 Replace the modules where the port and its peer port reside. If the alarm persists=>[Step4].
Step4 If the local and peer ports are ETH/FCoE ports, check whether their MTU values match.
    4.1 If yes=>[Step5].
    4.2 If no, contact technical support engineers to modify the MTU. If the alarm persists=>[Step5].
Step5 Check whether the current network is an FC/FCoE switch network.
    5.1 If yes=>[Step6].
    5.2 If no=>[Step9].
Step6 Check the cable connection of all links from the remote device to the switch.
    6.1 If any cable is not securely connected, reinsert it. If the alarm persists=>[6.2].
    6.2 Replace the cable. If the alarm persists=>[Step7].
Step7 Replace the optical module of the remote device port and switch port. If the alarm persists=>[Step8].
Step8 If the remote device port and switch port are FCoE ports, check whether their MTU values match.
    8.1 If yes=>[Step9].
    8.2 If no, contact technical support engineers to modify the MTU. If the alarm persists=>[Step9].
Step9 Collect related information and contact technical support engineers.

292759    2019-04-09 10:12:07    0xF01080015    Fault    Major    Recovered    2019-04-09 10:17:44    FC host port (controller enclosure CTE0, -- controller B, port ID H2) has too many bit errors. The system performance may be affected.
Step1 Check cables.
    1.1 If any cable is not securely connected, reinsert it. If the alarm persists=>[1.2].
    1.2 Replace the cable. If the alarm persists=>[Step2].
Step2 Check whether optical modules are installed.
    2.1 If yes, replace the optical modules of the local port and its peer port. If the alarm persists=>[Step3].
    2.2 If no=>[Step3].
Step3 Replace the modules where the port and its peer port reside. If the alarm persists=>[Step4].
Step4 If the local and peer ports are ETH/FCoE ports, check whether their MTU values match.
    4.1 If yes=>[Step5].
    4.2 If no, contact technical support engineers to modify the MTU. If the alarm persists=>[Step5].
Step5 Check whether the current network is an FC/FCoE switch network.
    5.1 If yes=>[Step6].
    5.2 If no=>[Step9].
Step6 Check the cable connection of all links from the remote device to the switch.
    6.1 If any cable is not securely connected, reinsert it. If the alarm persists=>[6.2].
    6.2 Replace the cable. If the alarm persists=>[Step7].
Step7 Replace the optical module of the remote device port and switch port. If the alarm persists=>[Step8].
Step8 If the remote device port and switch port are FCoE ports, check whether their MTU values match.
    8.1 If yes=>[Step9].
    8.2 If no, contact technical support engineers to modify the MTU. If the alarm persists=>[Step9].
Step9 Collect related information and contact technical support engineers.

292745    2019-04-09 10:11:39    0xF01080015    Fault    Major    Recovered    2019-04-09 10:17:15    FC host port (controller enclosure CTE0, -- controller A, port ID H2) has too many bit errors. The system performance may be affected.
Step1 Check cables.
    1.1 If any cable is not securely connected, reinsert it. If the alarm persists=>[1.2].
    1.2 Replace the cable. If the alarm persists=>[Step2].
Step2 Check whether optical modules are installed.
    2.1 If yes, replace the optical modules of the local port and its peer port. If the alarm persists=>[Step3].
    2.2 If no=>[Step3].
Step3 Replace the modules where the port and its peer port reside. If the alarm persists=>[Step4].
Step4 If the local and peer ports are ETH/FCoE ports, check whether their MTU values match.
    4.1 If yes=>[Step5].
    4.2 If no, contact technical support engineers to modify the MTU. If the alarm persists=>[Step5].
Step5 Check whether the current network is an FC/FCoE switch network.
    5.1 If yes=>[Step6].
    5.2 If no=>[Step9].
Step6 Check the cable connection of all links from the remote device to the switch.
    6.1 If any cable is not securely connected, reinsert it. If the alarm persists=>[6.2].
    6.2 Replace the cable. If the alarm persists=>[Step7].
Step7 Replace the optical module of the remote device port and switch port. If the alarm persists=>[Step8].
Step8 If the remote device port and switch port are FCoE ports, check whether their MTU values match.
    8.1 If yes=>[Step9].
    8.2 If no, contact technical support engineers to modify the MTU. If the alarm persists=>[Step9].
Step9 Collect related information and contact technical support engineers.

292619    2019-04-09 10:06:31    0xF01080015    Fault    Major    Recovered    2019-04-09 10:08:44    FC host port (controller enclosure CTE0, -- controller B, port ID H0) has too many bit errors. The system performance may be affected.
Step1 Check cables.
    1.1 If any cable is not securely connected, reinsert it. If the alarm persists=>[1.2].
    1.2 Replace the cable. If the alarm persists=>[Step2].
Step2 Check whether optical modules are installed.
    2.1 If yes, replace the optical modules of the local port and its peer port. If the alarm persists=>[Step3].
    2.2 If no=>[Step3].
Step3 Replace the modules where the port and its peer port reside. If the alarm persists=>[Step4].
Step4 If the local and peer ports are ETH/FCoE ports, check whether their MTU values match.
    4.1 If yes=>[Step5].
    4.2 If no, contact technical support engineers to modify the MTU. If the alarm persists=>[Step5].
Step5 Check whether the current network is an FC/FCoE switch network.
    5.1 If yes=>[Step6].
    5.2 If no=>[Step9].
Step6 Check the cable connection of all links from the remote device to the switch.
    6.1 If any cable is not securely connected, reinsert it. If the alarm persists=>[6.2].
    6.2 Replace the cable. If the alarm persists=>[Step7].
Step7 Replace the optical module of the remote device port and switch port. If the alarm persists=>[Step8].
Step8 If the remote device port and switch port are FCoE ports, check whether their MTU values match.
    8.1 If yes=>[Step9].
    8.2 If no, contact technical support engineers to modify the MTU. If the alarm persists=>[Step9].
Step9 Collect related information and contact technical support engineers.

292607    2019-04-09 10:06:02    0xF01080015    Fault    Major    Recovered    2019-04-09 10:08:16    FC host port (controller enclosure CTE0, -- controller A, port ID H0) has too many bit errors. The system performance may be affected.
Step1 Check cables.
    1.1 If any cable is not securely connected, reinsert it. If the alarm persists=>[1.2].
    1.2 Replace the cable. If the alarm persists=>[Step2].
Step2 Check whether optical modules are installed.
    2.1 If yes, replace the optical modules of the local port and its peer port. If the alarm persists=>[Step3].
    2.2 If no=>[Step3].
Step3 Replace the modules where the port and its peer port reside. If the alarm persists=>[Step4].
Step4 If the local and peer ports are ETH/FCoE ports, check whether their MTU values match.
    4.1 If yes=>[Step5].
    4.2 If no, contact technical support engineers to modify the MTU. If the alarm persists=>[Step5].
Step5 Check whether the current network is an FC/FCoE switch network.
    5.1 If yes=>[Step6].
    5.2 If no=>[Step9].
Step6 Check the cable connection of all links from the remote device to the switch.
    6.1 If any cable is not securely connected, reinsert it. If the alarm persists=>[6.2].
    6.2 Replace the cable. If the alarm persists=>[Step7].
Step7 Replace the optical module of the remote device port and switch port. If the alarm persists=>[Step8].
Step8 If the remote device port and switch port are FCoE ports, check whether their MTU values match.
    8.1 If yes=>[Step9].
    8.2 If no, contact technical support engineers to modify the MTU. If the alarm persists=>[Step9].
Step9 Collect related information and contact technical support engineers.

292606    2019-04-09 10:06:02    0xF01080015    Fault    Major    Recovered    2019-04-09 10:08:16    FC host port (controller enclosure CTE0, -- controller A, port ID H2) has too many bit errors. The system performance may be affected.
Step1 Check cables.
    1.1 If any cable is not securely connected, reinsert it. If the alarm persists=>[1.2].
    1.2 Replace the cable. If the alarm persists=>[Step2].
Step2 Check whether optical modules are installed.
    2.1 If yes, replace the optical modules of the local port and its peer port. If the alarm persists=>[Step3].
    2.2 If no=>[Step3].
Step3 Replace the modules where the port and its peer port reside. If the alarm persists=>[Step4].
Step4 If the local and peer ports are ETH/FCoE ports, check whether their MTU values match.
    4.1 If yes=>[Step5].
    4.2 If no, contact technical support engineers to modify the MTU. If the alarm persists=>[Step5].
Step5 Check whether the current network is an FC/FCoE switch network.
    5.1 If yes=>[Step6].
    5.2 If no=>[Step9].
Step6 Check the cable connection of all links from the remote device to the switch.
    6.1 If any cable is not securely connected, reinsert it. If the alarm persists=>[6.2].
    6.2 Replace the cable. If the alarm persists=>[Step7].
Step7 Replace the optical module of the remote device port and switch port. If the alarm persists=>[Step8].
Step8 If the remote device port and switch port are FCoE ports, check whether their MTU values match.
    8.1 If yes=>[Step9].
    8.2 If no, contact technical support engineers to modify the MTU. If the alarm persists=>[Step9].
Step9 Collect related information and contact technical support engineers.

292590    2019-04-09 10:05:23    0xF01080015    Fault    Major    Recovered    2019-04-09 10:08:44    FC host port (controller enclosure CTE0, -- controller B, port ID H2) has too many bit errors. The system performance may be affected.
Step1 Check cables.
    1.1 If any cable is not securely connected, reinsert it. If the alarm persists=>[1.2].
    1.2 Replace the cable. If the alarm persists=>[Step2].
Step2 Check whether optical modules are installed.
    2.1 If yes, replace the optical modules of the local port and its peer port. If the alarm persists=>[Step3].
    2.2 If no=>[Step3].
Step3 Replace the modules where the port and its peer port reside. If the alarm persists=>[Step4].
Step4 If the local and peer ports are ETH/FCoE ports, check whether their MTU values match.
    4.1 If yes=>[Step5].
    4.2 If no, contact technical support engineers to modify the MTU. If the alarm persists=>[Step5].
Step5 Check whether the current network is an FC/FCoE switch network.
    5.1 If yes=>[Step6].
    5.2 If no=>[Step9].
Step6 Check the cable connection of all links from the remote device to the switch.
    6.1 If any cable is not securely connected, reinsert it. If the alarm persists=>[6.2].
    6.2 Replace the cable. If the alarm persists=>[Step7].
Step7 Replace the optical module of the remote device port and switch port. If the alarm persists=>[Step8].
Step8 If the remote device port and switch port are FCoE ports, check whether their MTU values match.
    8.1 If yes=>[Step9].
    8.2 If no, contact technical support engineers to modify the MTU. If the alarm persists=>[Step9].
Step9 Collect related information and contact technical support engineers.

292457    2019-04-09 09:59:46    0xF01080015    Fault    Major    Recovered    2019-04-09 10:02:01    FC host port (controller enclosure CTE0, -- controller B, port ID H0) has too many bit errors. The system performance may be affected.
Step1 Check cables.
    1.1 If any cable is not securely connected, reinsert it. If the alarm persists=>[1.2].
    1.2 Replace the cable. If the alarm persists=>[Step2].
Step2 Check whether optical modules are installed.
    2.1 If yes, replace the optical modules of the local port and its peer port. If the alarm persists=>[Step3].
    2.2 If no=>[Step3].
Step3 Replace the modules where the port and its peer port reside. If the alarm persists=>[Step4].
Step4 If the local and peer ports are ETH/FCoE ports, check whether their MTU values match.
    4.1 If yes=>[Step5].
    4.2 If no, contact technical support engineers to modify the MTU. If the alarm persists=>[Step5].
Step5 Check whether the current network is an FC/FCoE switch network.
    5.1 If yes=>[Step6].
    5.2 If no=>[Step9].
Step6 Check the cable connection of all links from the remote device to the switch.
    6.1 If any cable is not securely connected, reinsert it. If the alarm persists=>[6.2].
    6.2 Replace the cable. If the alarm persists=>[Step7].
Step7 Replace the optical module of the remote device port and switch port. If the alarm persists=>[Step8].
Step8 If the remote device port and switch port are FCoE ports, check whether their MTU values match.
    8.1 If yes=>[Step9].
    8.2 If no, contact technical support engineers to modify the MTU. If the alarm persists=>[Step9].
Step9 Collect related information and contact technical support engineers.

292445    2019-04-09 09:59:17    0xF01080015    Fault    Major    Recovered    2019-04-09 10:01:32    FC host port (controller enclosure CTE0, -- controller A, port ID H0) has too many bit errors. The system performance may be affected.
Step1 Check cables.
    1.1 If any cable is not securely connected, reinsert it. If the alarm persists=>[1.2].
    1.2 Replace the cable. If the alarm persists=>[Step2].
Step2 Check whether optical modules are installed.
    2.1 If yes, replace the optical modules of the local port and its peer port. If the alarm persists=>[Step3].
    2.2 If no=>[Step3].
Step3 Replace the modules where the port and its peer port reside. If the alarm persists=>[Step4].
Step4 If the local and peer ports are ETH/FCoE ports, check whether their MTU values match.
    4.1 If yes=>[Step5].
    4.2 If no, contact technical support engineers to modify the MTU. If the alarm persists=>[Step5].
Step5 Check whether the current network is an FC/FCoE switch network.
    5.1 If yes=>[Step6].
    5.2 If no=>[Step9].
Step6 Check the cable connection of all links from the remote device to the switch.
    6.1 If any cable is not securely connected, reinsert it. If the alarm persists=>[6.2].
    6.2 Replace the cable. If the alarm persists=>[Step7].
Step7 Replace the optical module of the remote device port and switch port. If the alarm persists=>[Step8].
Step8 If the remote device port and switch port are FCoE ports, check whether their MTU values match.
    8.1 If yes=>[Step9].
    8.2 If no, contact technical support engineers to modify the MTU. If the alarm persists=>[Step9].
Step9 Collect related information and contact technical support engineers.

292444    2019-04-09 09:59:17    0xF01080015    Fault    Major    Recovered    2019-04-09 10:01:32    FC host port (controller enclosure CTE0, -- controller A, port ID H2) has too many bit errors. The system performance may be affected.
Step1 Check cables.
    1.1 If any cable is not securely connected, reinsert it. If the alarm persists=>[1.2].
    1.2 Replace the cable. If the alarm persists=>[Step2].
Step2 Check whether optical modules are installed.
    2.1 If yes, replace the optical modules of the local port and its peer port. If the alarm persists=>[Step3].
    2.2 If no=>[Step3].
Step3 Replace the modules where the port and its peer port reside. If the alarm persists=>[Step4].
Step4 If the local and peer ports are ETH/FCoE ports, check whether their MTU values match.
    4.1 If yes=>[Step5].
    4.2 If no, contact technical support engineers to modify the MTU. If the alarm persists=>[Step5].
Step5 Check whether the current network is an FC/FCoE switch network.
    5.1 If yes=>[Step6].
    5.2 If no=>[Step9].
Step6 Check the cable connection of all links from the remote device to the switch.
    6.1 If any cable is not securely connected, reinsert it. If the alarm persists=>[6.2].
    6.2 Replace the cable. If the alarm persists=>[Step7].
Step7 Replace the optical module of the remote device port and switch port. If the alarm persists=>[Step8].
Step8 If the remote device port and switch port are FCoE ports, check whether their MTU values match.
    8.1 If yes=>[Step9].
    8.2 If no, contact technical support engineers to modify the MTU. If the alarm persists=>[Step9].
Step9 Collect related information and contact technical support engineers.

